comment_id,event_id,text,llm_emotion,is_trash,verified_label,notes
cmt_showbiz_033_1941_r07,showbiz_033,Tuấn Con vậy à kk sin lỗi,,True,,
cmt_showbiz019_0025_r11,showbiz_019,Nguyễn Sin chú em vui tính quá đi,,True,,
cmt_showbiz019_0186_r08,showbiz_019,Pham Ha moá cái cf này uống thử 1 ngụm t ám ảnh tới h luôn 😳,Trung lập,False,,
cmt_showbiz004_0011_r05,showbiz_004,"Phòng, chống ma túy - Công an TP. Hồ Chí Minh thôi cán bộ để chỉ xây xong cái rì sọt ở Nha Trang đã cán bộ, nghe nói cái rì sọt chỉ xây xong là nhà em vô rì sọt á cán bộ 🥹",,True,,
cmt_showbiz_020_0860,showbiz_020,Ra là ông này đăng ảnh AI sai sự thật :))),Trung lập,False,,
cmt_showbiz_044_1808,showbiz_034,Gió đông có rồi dùng hỏa công đốt cháy Shark thôi. Viết tiếp câu chuyện Hoà Bình,Trung lập,False,,
cmt_showbiz_018_0019,showbiz_018,Truyền thông bẩn ít thôi nha,Phẫn nộ,False,,
cmt_showbiz_012_0095,showbiz_012,Tiền tài tù tội hối k kịp góp gạo thổi cơm chung với ngân 98 .?,Cà khịa,False,,
cmt_showbiz_044_0058,showbiz_034,"Ngộ thật, tiền của thiên hạ mà mình cứ muốn gạt lấy rồi xài đc bao nhiêu mà lấy nhiều thế, lấy cho nhiều xong cứ để vô tủ, mua nhà nhiều cứ để đó có ở ko? Ở tù thì mua nhà nhiều làm gì, tiền nhiều thì ăn gì?",Phẫn nộ,False,,
cmt_showbiz004_0013_r01,showbiz_004,Mei Mei hại cl gì chổ nào bán detox ko có hại thì giới thiệu hộ,Cà khịa,False,,
cmt_showbiz_033_1940_r218,showbiz_033,Tuyền Văn Hóa Hồng Sến mẹ này,,True,,
cmt_showbiz015_0001_r10,showbiz_015,Bao Tran thuốc lá nó thuế đầy đủ cấm cái gì . mấy đồ lậu chả cấm,Trung lập,False,,
cmt_showbiz021_0034_r03,showbiz_021,Phan Nhat Khang :)) khiêm tốn tý đi đka :)),,True,,
cmt_showbiz_044_1448,showbiz_034,Gọi là cầm Cu cho thằng khác đái thì đúng hơn ... Chúng nó cũng 1 phường Tà lưa cả thôi mà ...?!,Trung lập,False,,
cmt_showbiz020_1973_r01,showbiz_020,Như Quỳnh mang vào túi của quan haha,,True,,
cmt_showbiz_009_0135,showbiz_009,,,True,,
cmt_showbiz_020_2291,showbiz_020,Yến Nhi,,True,,
cmt_showbiz_004_0147,showbiz_004,Cho bọn fan u mê nó mua 😂,Cà khịa,False,,
cmt_showbiz_020_3265,showbiz_020,Thằng viết bài chịu khó ra nghĩa trang nhiều vào. Như này chưa là gì đâu. Cũng BT thôi mà.,Cà khịa,False,,
cmt_showbiz_020_3204,showbiz_020,Ko cần phải phô trương như vậy đâu . Tự mình lại hại mình thôi,Trung lập,False,,
cmt_showbiz_044_0056,showbiz_034,Lớp trẻ chứa muốn lấy v . Vì ko có tiền mua nhà . Thằng mấy chục nhà ở . Sang cả tất tật .  Người có chuyên môn,Phẫn nộ,False,,
cmt_showbiz_033_1940_r100,showbiz_033,Nguyễn Khánh đi vài năm về tiêu k hết tiền,,True,,
cmt_showbiz_033_0001_r92,showbiz_033,"Vũ Văn Hùng thua, dlv trung bình vẫn hay bịp dân kiểu vậy à",Cà khịa,False,,
cmt_showbiz_012_0145,showbiz_012,"Tất cả là ở lòng tham vô đáy. Nếu xây dựng một thế giới có kiểm soát chặt chẽ như Triều Tiên cộng với quan chức liêm khiết theo gương bác Hồ thì không còn tham nhũng tiêu cực , lừa đảo, trộm cắp ,lưu manh,cờ bạc, mãi dâm. V. V",Phẫn nộ,False,,
cmt_showbiz_020_2710,showbiz_020,Nguyen Hang,,True,,
cmt_showbiz_044_2031,showbiz_034,,,True,,
cmt_showbiz023_0068_r28,showbiz_023,"Phạm Duyên trước mắt thấy m phát ngôn ngu rồi đấy . Khôn hơn ai mà chửi ta ngu này nọ 
Có chắc mình đẻ được không mà thấy người khác đẻ thì lại nói mấy lời khó nghe vậy
Coi chừng vô sinh đó má",Trung lập,False,,
cmt_showbiz_011_0197,showbiz_011,Ô virus xấu thật ma nhiều ng bị lừa ta,Cà khịa,False,,
cmt_showbiz_008_0359,showbiz_008,Vừa lòng non,Trung lập,False,,
cmt_showbiz_004_0004,showbiz_004,Ngân 98  ảo tưởng mình là Hoàng Hậu bị còng cả tay & chân mới ghê á,Cà khịa,False,,
cmt_showbiz_044_0239,showbiz_034,Quá khủng. Dân đầu tư phá sản. Cá mập thì giàu không kể hết,Trung lập,False,,
cmt_showbiz032_0008_r02,showbiz_032,"Lank Ng dị khỏi mời đi tr, ai mượn mời đâu",Trung lập,False,,
cmt_showbiz_034_0431_r01,showbiz_034,Trần Hiếu,,True,,
cmt_showbiz011_0045_r05,showbiz_011,Huỳnh Thảo thì nhóm bạn bên nữ chơi chung vơi nhóm bên 16 tỏi mà.  Nên làm rầm rộ lên chạy bài các kiểu để che đi vụ kia đó,Cà khịa,False,,
cmt_showbiz_006_0035,showbiz_006,Kiện bằng cùi chỏ hả. Giờ chứng mình được bé sol k phải là con của thằng tuấn. Hoặc thằng tuấn chú cấp lớn hơn 5tr/1th hay k. Hay là vin vào hai cái thai nhi chưa kịp chào đời kia để kiên con an tội bôi nhọ.,Trung lập,False,,
cmt_showbiz_021_0022,showbiz_021,"Đúng nghề luôn còn gì, kinh doanh sắc đẹp :))",Cà khịa,False,,
cmt_showbiz_020_1325,showbiz_020,nó,,True,,
cmt_showbiz_033_1940_r119,showbiz_033,Thân Nguyễn tin đầy là đăng lại,,True,,
cmt_showbiz_020_0299,showbiz_020,Gio măt niem tin qua troi nguoj can nôi tieng thi mua bán j moi nguoi nhân nen căn nhăc cãn thân khi mua ve sai hoat tieu dùn,Trung lập,False,,
cmt_showbiz_044_1256,showbiz_034,Đến lúc săn cá mập rồi,Trung lập,False,,
cmt_showbiz_012_0032,showbiz_012,Bắt.lại thả như trò đùa cho co việc tôn gạo,Cà khịa,False,,
cmt_showbiz_004_0187,showbiz_004,"Ủa, sao cán bộ tranh hot search vs hình sự vậy, 😂😅",Cà khịa,False,,
cmt_showbiz016_0015_r01,showbiz_016,Lương Xuân Chiến,,True,,
cmt_showbiz_019_0392,showbiz_019,"Đọc comment mấy má, t cười con chim t chè hẻ luôn",Trung lập,False,,
cmt_showbiz_034_0006_r09,showbiz_034,"Đỗ Tuấn Kha ko bắt thì nhà đầu tư ko mất tiền, bắt rồi lấy sạch tiền của nhà đầu tư luôn, ai lấy thì chúng ta đã biết rồi",Phẫn nộ,False,,
cmt_showbiz018_0036_r01,showbiz_018,Thiên Thanh liên quan gì hả thằng ngu?? Nó là ba mẹ m hả?? Não có bị sao ko con trai😏😏,Trung lập,False,,
cmt_showbiz_004_0062,showbiz_004,Loại này đáng lẽ phải xúc từ lâu rồi. Nó tồn tại chỉ làm ô uế xã hội,Phẫn nộ,False,,
cmt_showbiz_043_1564,showbiz_033,Mong con nayd đừng về nữa,Trung lập,False,,
cmt_showbiz_033_1969_r01,showbiz_033,"Hà Thuý bảo sao bà ấy lắm tiền nhờ 
Lấy của dân rồi lại mag đi ủng hộ",Trung lập,False,,
cmt_showbiz008_0031_r04,showbiz_008,"Nguyen Huyen tổ chức họp báo để nói xấu, quân tử vcl",Trung lập,False,,
cmt_showbiz_011_0101,showbiz_011,Nhảm nhí!,Cà khịa,False,,
cmt_showbiz004_0009_r21,showbiz_004,Yan Yuu Lê Táo,,True,,
cmt_showbiz004_0001_r15,showbiz_004,Thanh Sơn Út Đẹt,Phẫn nộ,False,,
cmt_showbiz_020_1991,showbiz_020,Trường Xuân Trường,,True,,
cmt_showbiz015_0010_r08,showbiz_015,Đình Đồng mặt cầy nói rất thông minh,,True,,
cmt_showbiz020_0003_r02,showbiz_020,Hung Yen tôi đã dự đón từ trước,,True,,
cmt_showbiz011_0037_r01,showbiz_011,Nguyễn Thanh Anh Quân JACK phải gọi bằng đt luôn =)),,True,,
cmt_showbiz009_0029_r02,showbiz_009,Nhẫn Nhẫn 130k cho 18 phút live 🤣🤣🤣,,True,,
cmt_showbiz_020_0826,showbiz_020,Me toan bon tao lao bat ma chung no biet co ma loan ak,Trung lập,False,,
cmt_showbiz_020_1757,showbiz_020,Gì tr:)),,True,,
cmt_showbiz018_0001_r25,showbiz_018,"Inside the Box Hồi tụi nó còn quen là mình còn chê luôn ấy
Nói thẳng ra là mình ko thích mấy thằng xộn lào triết lý cho cố vô xong kết quả như 💩💩💩 🤣🤣🤣
Bản thân mình có vợ con, gia đình 3 người vẫn hạnh phúc mặc dù chẳng cần phải nghe lời dăm ba cái triết lý xộn lào trên mạng. Cái gì thực tế thì làm thôi",Cà khịa,False,,
cmt_showbiz_009_0078,showbiz_009,,,True,,
cmt_showbiz_043_1437,showbiz_033,Thì trốn thuế chứ có phải giết người đâu mà làm dữ vậy,Trung lập,False,,
cmt_showbiz_034_0942_r03,showbiz_034,Phạm Thị Bích Yến shark Yến cũng liệu hồn,,True,,
cmt_showbiz_043_0120,showbiz_033,"Địt cụ bay chơ ns thẳng là bay cứ sân si ỉ ôi , cứ chờ ng khác sụp hố sâu mà cười chứ họ có trốn thuế nhà nước họ có đi tò họ cũng đang giúp đc cả hàng nghàn , hàng tỷ ng khi khó khăn . Năg hơn loại bay chưa lm đc cc chi cho xã hội lên rên như tù rên ỉa đây .",Trung lập,False,,
cmt_showbiz_021_0108,showbiz_021,"Cài này là bị gài chắc luôn, chứ nhiều người làm tại sao em bắt có em nó.",Trung lập,False,,
cmt_showbiz011_0046_r05,showbiz_011,"Du Chu nói chuyện là phải nói lan man, sang sảng chứ ko dc nhắc mốc thời gian và chuyện tài chính nhé! Anh nhắc em 🫵",Cà khịa,False,,
cmt_showbiz_009_0087,showbiz_009,Van Anh Nguyen tóm tắt đây,,True,,
cmt_showbiz_020_2716,showbiz_020,Hoàng Ân 😱😱😱,,True,,
cmt_showbiz_030_0034,showbiz_030,Con quỷ dương chứ dương ái mẹ gì😂,Trung lập,False,,
cmt_showbiz023_0005_r04,showbiz_023,Hang Nguyen ba hang xom nha m gan de ma van di danh bong  chuyen day .minh nhin chi biet phuc thoi,Trung lập,False,,
cmt_showbiz019_0002_r22,showbiz_019,"Bí Mật Showbiz  miss giấy nợ k thích ăn rau, chỉ thích ăn bố đường",Cà khịa,False,,
cmt_showbiz_021_0139,showbiz_021,Linh Trần í là,,True,,
cmt_showbiz_044_1942,showbiz_034,"Chủ trại gà đấy, bị nó lùa thì chỉ cao nước chờ ngày lên thớt",Trung lập,False,,
cmt_showbiz004_0001_r08,showbiz_004,Hoang Nguyen Pham đọc để phòng tránh nha bà.,Phẫn nộ,False,,
cmt_showbiz_020_0439,showbiz_020,Thấy nhiều số O mà  choáng,Trung lập,False,,
cmt_showbiz_033_1438_r03,showbiz_033,Dương Quỳnh Tâm cho lên thế gian có câu lưới trời lồng lộng Tuy thưa nhưng khó lọt là không sai,Trung lập,False,,
cmt_showbiz_043_1465,showbiz_033,Lê Như Hoa 🥜 quan ghê,,True,,
cmt_showbiz_004_0036,showbiz_004,Đáng lẽ bắt lâu rồi mới phải,Phẫn nộ,False,,
cmt_showbiz020_0131_r04,showbiz_020,Trần Ngọc Hiền đọc kiểu gì ra triệu vậy 😅😅😅,,True,,
cmt_showbiz024_0004_r04,showbiz_024,Cương Ngọc Nguyễn nổi tiếng luôn mà bạn,,True,,
cmt_showbiz_033_1942_r59,showbiz_033,Dõan Đại Hiệp ô nói vậy bọn hắn bỏ nghề hết giờ 😬,Trung lập,False,,
cmt_showbiz_006_0040,showbiz_006,". tệ bạc quá cổ  mới ko cho gặp con ,còn đòi kiện ngược .Vãi cô nương",Trung lập,False,,
cmt_showbiz_044_2035,showbiz_034,,,True,,
cmt_showbiz_044_1774,showbiz_034,Chúc mừng shark,Trung lập,False,,
cmt_showbiz_019_0002,showbiz_019,"Chả có đâu, bán thực phẩm chức năng thì giàu rất nhanh, vì phải dùng thường xuyên mà hết thì phải mua nhu cầu thì rất lớn, ở Việt Nam chạy quảng cáo về mấy cái này rất nhiều với đa dạng, chủ yếu là chúng nó chế ra hay làm giả một cái sản phẩm nào đó, rồi thuê nghệ sỹ, koL Pr như thần dược dùng 2-5 ngày thôi đã khỏe hay giảm cân, rồi lên bài chạy chủ yếu là FB,Yt.Bán chán chê một thời gian người dùng hầu như hoặc tất cả chả có tác dụng gì( nếu có thì ai mua nữa) sau đó chúng sẽ dừng quảng cáo lại. Rồi kiếm sản phẩm khác rồi bán y chang cái cũ người mua cứ vướng vào cái vòng luẩn quẩn ấy",,True,,
cmt_showbiz_004_0235,showbiz_004,Tử hình là chinh xác,Phẫn nộ,False,,
cmt_showbiz_043_0787,showbiz_033,Không ai cho không ai cái gì đâu,Trung lập,False,,
cmt_showbiz_020_0879,showbiz_020,2700 tỉ chỉ là nhỏ thôi. 1 căn nhà ở Trụ Tâm Sài Gòn cả vài trăm tỉ 1 căn rồi. mình tiền đất bả mua cả 10k tỉ,Trung lập,False,,
cmt_showbiz_020_2429,showbiz_020,Chỉ có những người có tiền mới vào tham mỹ viện Mailysa thôi nông thôn làm gì có tiền mà vào đó,Trung lập,False,,
cmt_showbiz_020_0293,showbiz_020,Nuôi mập  rồi,Trung lập,False,,
cmt_showbiz011_0046_r04,showbiz_011,Vi Thuy Linh ảnh hỏi thì Pháo trả lời chứ hồi trách Pháo lôi chuyện tiền bạc. Mệt l với nó thiệt chớ,Phẫn nộ,False,,
cmt_showbiz_044_0286,showbiz_034,Giàu quá mà đi lừa đi lùa nên nghiệp quật thôi 😄,Trung lập,False,,
cmt_showbiz_005_0045,showbiz_005,Giống mẹ kinh,Trung lập,False,,
cmt_showbiz_004_0090,showbiz_004,"Vụ bão lũ ngập lụt ko biết giải quyết, thì p chọn ra vài đứa để thí điểm, đánh lạc dư luận. Cũng có cái tài ✌️👍😁",Cà khịa,False,,
cmt_showbiz_033_1940_r18,showbiz_033,Tuyền Văn Hóa top một server KOL_KOC việt nam,Trung lập,False,,
cmt_showbiz_020_1109,showbiz_020,Mình làm cách đây mấy năm rồi về mặt sưng như ong chích giờ đâu còn hoá đoen,Trung lập,False,,
cmt_showbiz023_0004_r16,showbiz_023,"Hoàng Lylàm gì biết, yêu nhau chắc đi thông báo với hàng xóm. Nghĩ từ mình là biết chứ gì, t với ck t lúc yêu nhau cũng đâu báo hàng xóm",Trung lập,False,,
cmt_showbiz018_0001_r19,showbiz_018,Inside the Box Ê t ko có khen chúc mừng nha ghét vcl ko fl ko gì hết mà hiện quài ghét vc,Cà khịa,False,,
cmt_showbiz020_2833_r01,showbiz_020,Thi Mao VU chuẩn,,True,,
cmt_showbiz004_0005_r01,showbiz_004,Dương Quỳnh Tâm đúng bài phải điều tra cả,Cà khịa,False,,
cmt_showbiz_008_0293,showbiz_008,Ko ăn thua.muỗi đốt inox,,True,,
cmt_showbiz_033_1940_r131,showbiz_033,Dương Nguyễn Huy Thủy hôm qua hôm nay mà,,True,,
cmt_showbiz004_0001_r12,showbiz_004,"J.ul ngu cũng phải biết trong thuốc giảm cân có chất cấm thì mới giảm được cân, biết bao nhiêu vụ rồi. Ngu, lừoi tập mà thích gầy đẹp thì chịu thôi",Trung lập,False,,
cmt_showbiz009_0027_r11,showbiz_009,Ngô Khánh Huyền ruồi mà có con một lằn vẫn quan tâm vào chửi. Còn mặt thì xấuvcccc vẫn nghĩ mình xinh thì bó tay,Cà khịa,False,,
cmt_showbiz012_0011_r02,showbiz_012,"Nguyễn Tuấn thì đó, thoát dc đâu😜",Cà khịa,False,,
cmt_showbiz_004_0037,showbiz_004,"Giàu mà giàu thật thì khoe, giàu mà kiểu lừa dối mà hô hào 10 người hết 10 người bóc lịch 😂. Đảng và nhà nước Việt Nam muôn năm 🥰",Cà khịa,False,,
cmt_showbiz_043_0786,showbiz_033,Đó là thần thái,Trung lập,False,,
cmt_showbiz_019_0243,showbiz_019,Sau này bán sản phẩm hay quảng cáo nữa ai mà tin ai mà mua. Làm tôi mua het mấy chai kẹo,,True,,
cmt_showbiz_020_3633,showbiz_020,"K có tiền mà xây thôi có xây tất lang mộ xanh sạch đẹp tô tiên phụ hộ có gì đâu,còn làm việc sai trái có pháp luật.",Trung lập,False,,
cmt_showbiz_018_0162,showbiz_018,Giỡn mặt tao hả🙂🤣🤣,Trung lập,False,,
cmt_showbiz_043_0081,showbiz_033,Đùa t à:)),Trung lập,False,,
cmt_showbiz_011_0246,showbiz_011,Wtf báo lại đăng hana lên,,True,,
cmt_showbiz_020_2827,showbiz_020,"Dậu đổ bìm leo, ăn cứt luôn",Trung lập,False,,
cmt_showbiz_004_0023,showbiz_004,Cá mập lẹ quá thì thít sớm thôi .. thể chế nầy là vậy !!!,Cà khịa,False,,
cmt_showbiz_034_1793_r01,showbiz_034,"Hix,",Trung lập,False,,
cmt_showbiz_011_0223,showbiz_011,Anh giỏi thề thế,Cà khịa,False,,
cmt_showbiz_020_0909,showbiz_020,Rồi Mai Đi Xa luôn,,True,,
cmt_showbiz_033_0001_r101,showbiz_033,Hùng Mộc có tiền năm điều hòa em ak,,True,,
cmt_showbiz_020_1779,showbiz_020,Lên thớt🔪,,True,,
cmt_showbiz_011_0082,showbiz_011,Cái bệnh dịch đang nhiễm vào một bộ phận giới trẻ … khó tìm ra thuốc chữa,Phẫn nộ,False,,
cmt_showbiz004_0005_r13,showbiz_004,Dương Quỳnh Tâm càng lam vậy C.A ng ta càng ghét càng làm thẳng tay k nhượng bộ cúng k đc giảm án luôn,Trung lập,False,,
cmt_showbiz_004_0120,showbiz_004,"Đó là chiêu trò của tụi việt cộng từ xưa tới giờ. Có gì mới đâu, đó là cái giá phải trả của tụi ngu dốt với bưng bô.",Phẫn nộ,False,,
cmt_showbiz015_0001_r04,showbiz_015,Văn Hoàng tầm này lọc fan group ok này 😂,Trung lập,False,,
cmt_showbiz004_0005_r25,showbiz_004,"Á Tiên 🔥mới semm vjd Iời khaii của N98. 'CAM của mấy Chú CA đỉnh. Tí thì k nhận ra N98 luôn á 😂 semm bênn ➡️  Hóng Hớt Đường Phố

😅",Cà khịa,False,,
cmt_showbiz_007_0259,showbiz_007,Quan trọng là “Jack bỏ con” chứ kh qtam “Jack bắt cá”,Trung lập,False,,
cmt_showbiz020_1001_r20,showbiz_020,Phan Tuan công nhận chuẩn,,True,,
cmt_showbiz_011_0233,showbiz_011,cho mình hỏi cái thg quần què này lm gì mà mn thích nó z🤣,Cà khịa,False,,
cmt_showbiz_033_0058_r21,showbiz_033,Hông Trương nói chung. Sai đã có pháp luật.   Còn việc ng ta từ thiện là tốt. Là đúng b ê.,Trung lập,False,,
cmt_showbiz_020_2452,showbiz_020,Mạng xã hội là cái thứ nhanh g.i.ế.t chết 1 con người. Sẵn sàng tung hô và hạ bệ những người mà mình chưa bao giờ tiếp xúc. Thấy sợ thật,Trung lập,False,,
cmt_showbiz009_0035_r22,showbiz_009,Hiền Văn Đoàn cái chóa j cũng lôi a t dô :),,True,,
cmt_showbiz_018_0051,showbiz_018,ủa thiệt hả,,True,,
cmt_showbiz004_0001_r11,showbiz_004,Trang Trang  cảm on bn😅,Cà khịa,False,,
cmt_showbiz_011_0144,showbiz_011,Mẹ tôi tên linh anh💀☠️,,True,,
cmt_showbiz_044_1707,showbiz_034,nhất lé nhì lùn các cụ nc k sai,Trung lập,False,,
cmt_showbiz020_2829_r15,showbiz_020,Mèo Nghếch báo hiếu là một văn hóa một đạo lý ngàn đời của người Việt nhưng làm như nào lại là một vấn đề phải biết bố thích gì làm gì khi còn sống đâu cứ phải là xây lăng mộ to đã là tốt,Trung lập,False,,
cmt_showbiz016_0002_r16,showbiz_016,"Đặng Hưng xàm lz à, anti thì cũng có não chứ, cái này sử dụng thì cũng chỉ phạt hành chính, chưa có chế tài cụ thể đòi án điểm",Trung lập,False,,
cmt_showbiz_020_0733,showbiz_020,giau trên cac loai giau,Trung lập,False,,
cmt_showbiz032_0009_r01,showbiz_032,Solucky Nguyen cháu ở ngoài cũng đep bạn a,,True,,
cmt_showbiz019_0001_r02,showbiz_019,Bí Mật Showbiz cbi lấy vụ thèn ck cũ Tôn Bằng đánh chửi rồi tẩy trắng vụ này k,Phẫn nộ,False,,
cmt_showbiz_020_0972,showbiz_020,Này ko tâu  hết cho người khó  .để Này ko biết đi đâu nhỉ,Trung lập,False,,
cmt_showbiz005_0003_r32,showbiz_005,Mie Victorya m thỳ đẹp lắm :)),,True,,
cmt_showbiz_020_2584,showbiz_020,Hồng Hạnh còn xin ứng tuyển ko,,True,,
cmt_showbiz_012_0183,showbiz_012,". . .  KHÔNG PHẢI MỘT MÌNH TÔI. 

- DOANH NGHIỆP NÀO Ở VIỆT NAM Trước đây,  và hiện nay (  Muốn GIÀU NHANH  )  CŨNG  Đã từng và Đang làm NHƯ TÔI  MÀ THÔI  :",Trung lập,False,,
cmt_showbiz_033_1848_r02,showbiz_033,"Nguyễn Thị Thu Phương từ qua giờ mấy ng nhắn chị ""chị gái ruột bị bắt rồi kìa""🤣",Trung lập,False,,
cmt_showbiz005_0003_r05,showbiz_005,Mie Victorya coi chừng bị cắn 🤣,,True,,
cmt_showbiz020_2468_r01,showbiz_020,Huỳnh Mỹ Trà tha :))) hên ch làm,,True,,
cmt_showbiz_011_0247,showbiz_011,Jack hơn vr đứa con. 😄,Cà khịa,False,,
cmt_showbiz019_0028_r03,showbiz_019,Hậu Quốc Nguyễn mình xin video đc ko ạ,,True,,
cmt_showbiz018_0022_r07,showbiz_018,Phương Nhi tu tập là nằm trong nhà tu =))),Trung lập,False,,
cmt_showbiz_018_0040,showbiz_018,"Ông dừng ở chỗ ""Ac dừng lại rồi"" là được rồi mà, lại còn ""kì lứm"" là sao cha",,True,,
cmt_showbiz009_0003_r02,showbiz_009,My My Nguyen ê nha haha,,True,,
cmt_showbiz_019_0222,showbiz_019,"phẻ, thế là có người hứng đạn giùm, tổ chức A nào đó k làm tròn vai trò quản lý, kiểm định sản phẩm để nó chui lọt tới bước bày bán công khai. K có livestream chắc tổ chức A vẫn sáng tới vp bấm dt, chiều về 🥴",Trung lập,False,,
cmt_showbiz_044_0910,showbiz_034,Hiền Thư tiền số này phải ki c,,True,,
cmt_showbiz_034_1032_r01,showbiz_034,Đức Đỗ Tĩnh q b  sớm  b,,True,,
cmt_showbiz_044_1107,showbiz_034,Nhìn ánh mắt của shark trông tù tội lắm:)),Trung lập,False,,
cmt_showbiz004_0001_r06,showbiz_004,Diên Vĩ thật chả hiểu sao có đứa n bênh đc cũng hay. Bị bắt còng cả tay cả chân vẫn cứ là thương chảy nc mắt buồn cười thế 🤣,Cà khịa,False,,
cmt_showbiz_044_0040,showbiz_034,giết hết đi cho người khác ko giám làm nữa,Phẫn nộ,False,,
cmt_showbiz_033_1946_r49,showbiz_033,Thuỷ Nguyễn kkkkkk,,True,,
cmt_showbiz_033_0001_r26,showbiz_033,Nguyễn Việt Tùng Nó vào tù thực ra là để trốn nợ thôi vì bị các con nợ đe dọa vào tù vẫn là an toàn nhất.,Cà khịa,False,,
cmt_showbiz_021_0209,showbiz_021,"Phãi chi bác của các bạn còn thì đỡ chờ các em biết bao nhiêu, nhưng hạt giống thì còn đó... Nông Đút Mạnh",Trung lập,False,,
cmt_showbiz_020_3225,showbiz_020,"Thành phần k có tiền,k bằng họ luôn đi soi mói.",Trung lập,False,,
cmt_showbiz020_0132_r21,showbiz_020,Tâm An 2k7 được rồi,,True,,
cmt_showbiz_033_1437_r25,showbiz_033,Hường Nguyễn Thị trời cô ơi,,True,,
cmt_showbiz_033_1940_r477,showbiz_033,Phuong Nguyen mẹ cho bố xem nè mẹ,,True,,
cmt_showbiz_033_0002_r03,showbiz_033,Hayr Mai tham ô lừa đảo như thằng quyết còi kia đóng đủ tiền còn dc về nói gì trốn ít tiền thuế?,Phẫn nộ,False,,
cmt_showbiz_033_0003_r23,showbiz_033,Trung ÊTô biết cái đéo gì đâu cũng cách mạng màu,Trung lập,False,,
cmt_showbiz_033_1940_r153,showbiz_033,Tuyền Văn Hóa hoàng hường giàu thật.,,True,,
cmt_showbiz_033_0001_r71,showbiz_033,"Hồng Chill đấy là cải tạo má ạ có tiền thì sướng đt dùng toé loe, chứ má đi toò mà đk dùng đt hả ra kaangteen nạp tiền mà gọi về cho ng nhà tiếp tế nhé 🥴",Cà khịa,False,,
cmt_showbiz018_0042_r02,showbiz_018,"Thiên Thanh thay vì cmt dài vậy thì cmt “tôi bị ngu” là được nhé t theo dõi đôi này cũng 5-6 năm rồi và t đ nói sai chữ nào cả nếu cảm thấy đọc hiểu tiếng Việt khó quá thì nên chuyển qua học tiếng Trung đi, nó k giúp m bớt chậm hiểu đâu nhưng ít ra m cmt bằng tiếng Trung trông sẽ nguy hiểm hơn đấy. Thân ái.",Trung lập,False,,
cmt_showbiz_043_0121,showbiz_033,Vì nó lừa được nhiều người nên nghĩ trên cơ,Trung lập,False,,
cmt_showbiz_008_0226,showbiz_008,Thiếu chữ “tổ” rồi sốp ơi.,Trung lập,False,,
cmt_showbiz020_2626_r02,showbiz_020,"Quang Hiển  Ôi zời bên đấy chết nhiều vậy à, bên nghệ an vẫn rộng mênh mông",Trung lập,False,,
cmt_showbiz_020_3035,showbiz_020,"Xấu tánh lại ganh tị,kg sợ xh họ cười khinh cho",Trung lập,False,,
cmt_showbiz019_0180_r10,showbiz_019,Đinh Quang Khánh Quảng cáo lố là xảy ra trước khi bị lộ. Sau khi đội kia lộ bị b.ắt thì e này tính ve sầu thoát xác bằng bản hđ quảnh cáo thay vì để thông tin góp vốn. Nó là 2 vấn đề-2 động cơ ở 2 khía cạnh khác nhau mà bác. Giống như là cướ.p của rồi-sợ bị lộ nên g.iết người b.ịt đầu mối ấy. Thì nó phải là 2 tội chứ?,,True,,
cmt_showbiz014_0003_r03,showbiz_014,Hương Trà kkk không kịp hả :v,,True,,
cmt_showbiz_034_0005_r05,showbiz_034,Ly Ngo  900 tỷ sao mà giàu vậy ! Giàu thế có đc hưởng đâu nhỉ ? Sao ko  đem đi làm từ thiện bớt  cho ng nghèo,Phẫn nộ,False,,
cmt_showbiz_020_2134,showbiz_020,Hương Hươngg,,True,,
cmt_showbiz020_2832_r07,showbiz_020,Tran Minh Chau vô văn hóa,,True,,
cmt_showbiz_018_0004,showbiz_018,Dị ứng vs mấy video của cặp này lâu r hêh =))))))))))),Cà khịa,False,,
cmt_showbiz_021_0250,showbiz_021,"LỜI KHAI CỦA Á KHÔI CUỘC THI SẮC ĐẸP KIÊM MÔI GIỚI MẠI D*M TẠI HÀ NỘI: “ĐI CHƠI” ĐƯỢC HIỂU LÀ BÁN D*M 😳

https://www.facebook.com/vietnamnet.vn/posts/pfbid0oFFthhtSoWTFJfcUZRvbeAn8XGmHJQydYgjs7t5m82vhgpfGZQpTvqbWijZgGgGRl",,True,,
cmt_showbiz_020_3546,showbiz_020,Ngta có tiền ngta xây mộ bố ngta hoành tráng kệ ngta,Trung lập,False,,
cmt_showbiz021_0003_r05,showbiz_021,"Hoàng Nghiêm Đây là môi giới thì chắc gì bọn nó đã là á hậu các kiểu, có khi chất lượng thật k bằng quán hát chứ =))",Cà khịa,False,,
cmt_showbiz_004_0224,showbiz_004,"Luật pháp Việt Nam không có tính răn đe cho nên tội phạm các loại từ người dân hiền lành làm nghề chân chính như chăn nuôi,trồng trọt cũng đã tham lam là dùng thuốc độc hại cây chóng ra trái, con giống nhanh lớn để bán, doanh nhân thì buôn bán hàng giả lừa khách hàng để kiếm lời, cán bộ lãnh đạo thì tham nhũng, bắt tay với tội phạm để làm giàu cho bản thân, gia đình, giáo dục thì không quan tâm đến giáo dục đến nhận cách, đến lịch sử, nếu không sớm đi quan tâm đến những điều này thì không biết rồi đất nước sẽ đi về đâu.",Trung lập,False,,
cmt_showbiz021_0007_r02,showbiz_021,"Bảo Bảo Á khôi chắc cuộc thi sắc đẹp làng, xã tổ chức 🤣🤣",Cà khịa,False,,
cmt_showbiz011_0047_r05,showbiz_011,Khải Nguyên 13.12.21 hoặc 13.1.22 - xem thời gian thay avatar là thấy. Pháo mới tròn 18 đã tà lưa luôn đm,Phẫn nộ,False,,
cmt_showbiz_020_1784,showbiz_020,Truốt,,True,,
cmt_showbiz005_0003_r22,showbiz_005,Huyền Jimmy hơn bạn là đc 🫶,,True,,
cmt_showbiz_020_1605,showbiz_020,Chuc Lien Tran còn mỹ phẩm dùng k kkk,,True,,
cmt_showbiz018_0028_r03,showbiz_018,Thủy Tiên năng lượng chị em :)),,True,,
cmt_showbiz_033_1949_r48,showbiz_033,"Ngọc Trâm về vận động bà con dòng họ gom tiền đưa mình, hứa danh dự 1 tỷ làm từ thiện 300tr.",Trung lập,False,,
cmt_showbiz_020_2016,showbiz_020,Phương Thảo,,True,,
cmt_showbiz_033_1949_r17,showbiz_033,"Ngọc Trâm   nếu nó tốt mà vào tù hả e, e nhìn vào tù vì lí do gì ko ? e nghĩ tự nhiên ngta mừng vì nó bị bắt ah",Trung lập,False,,
cmt_showbiz_044_1799,showbiz_034,Xác ăn vậy mà không thấy nghẹn nhỉ,Trung lập,False,,
cmt_showbiz_001_0010,showbiz_001,Rác mạng chứ idol gì. Cần nghiêm trị đối tượng này - 1 tư tưởng lệch lạc và lối sống sa đọa.,Phẫn nộ,False,,
cmt_showbiz_044_1935,showbiz_034,Quỳnh Nhi nhót nha em,,True,,
cmt_showbiz_018_0455,showbiz_018,Cãi nhau thì cãi mà gỡ nhẫn ra là không được nhé 👌,Trung lập,False,,
cmt_showbiz_043_1582,showbiz_033,Vch.. cô thoa 🥲🥲🥲,Trung lập,False,,
cmt_showbiz020_2829_r55,showbiz_020,Kimchon Quân thật ra người có tiền như nó trước khi làm nó cũng nhờ thầy soi hướng cả rồi bạn ơi. Xem Phong thuỷ đủ rồi nó mới làm. Đầu nó có sạn cả chứ ko tự nhiên đâu. Với lại làm lăng mộ đá như kia cũng bình thường chứ ko phải dạng hoành tráng hay độc đáo gì cả.mình làm bên đá mỹ nghệ nên mình biết. Khu này thuộc dạng thường mà.,Trung lập,False,,
cmt_showbiz023_0003_r32,showbiz_023,Hoa Nguyen m tuổi gì mà đòi thích nta,,True,,
cmt_showbiz_020_2684,showbiz_020,Nong Thu Nguyet sắp bị bế,,True,,
cmt_showbiz_033_1978_r40,showbiz_033,Hà Nguyên 👍,,True,,
cmt_showbiz_018_0098,showbiz_018,Kệcụchúngmày,,True,,
cmt_showbiz004_0013_r03,showbiz_004,Mei Mei công nhận toàn chúa ôn chúa ngục .bênh bất chấp bà ơi,Cà khịa,False,,
cmt_showbiz_012_0124,showbiz_012,"Dạo này Diễn viên ,DJ , ca sĩ, người mẫu , hoa hậu gì rủ nhau đi tù hết",Cà khịa,False,,
cmt_showbiz009_0009_r14,showbiz_009,"accis điển hình của mấy tk dở chứ ngọc kem chả đầy job ra thiếu qq j mà sự vs chả nghiệp, ngồi nhà chơi game mà cứ lm như thời gian làm của tk đó hết cả ngày vậy, hãm cành cạch",Cà khịa,False,,
cmt_showbiz_033_1160_r03,showbiz_033,Thanh Thanh Nhàn à ra thế 😆. Bạn nợ dai nhỉ,,True,,
cmt_showbiz_019_0054,showbiz_019,Thông tin: https://dantri.com.vn/phap-luat/do-quai-cua-hoa-hau-thuy-tien-trong-vu-ban-keo-kera-20250907233804514.htm,,True,,
cmt_showbiz_012_0107,showbiz_012,Lừa đảo từ năm 2008 đến giờ mới bắt quá muộn,Phẫn nộ,False,,
cmt_showbiz019_0008_r09,showbiz_019,"Vân Tít dùng hình ảnh dân cp thì phải trả lại cái gì đó cho dân họ, chứ ủng hộ cái gì? Thử ko trả gì cho dân thì dân có cho quay không? 2 bênh giúp nhau mà mỗi mình ql hưởng vinh quang?",Cà khịa,False,,
cmt_showbiz_018_0409,showbiz_018,Mấy ng thường dạy đạo lý yêu thì thấy hay chia tay và cãi nhau dữ lắm,Trung lập,False,,
cmt_showbiz004_0001_r01,showbiz_004,Bich Ngoc Nguyen có tài mà không có đức,Cà khịa,False,,
cmt_showbiz_024_0134,showbiz_024,Tòa Ko chơi nên tòa Ko hiểu dc đâu,,True,,
cmt_showbiz_020_2305,showbiz_020,Nguyễn Thị Loan,,True,,
cmt_showbiz_004_0002,showbiz_004,"Nuôi cho thật béo rồi thịt, còn rất nhiều con béo béo khác sắp vào lò mổ! 😁",Cà khịa,False,,
cmt_showbiz020_1370_r04,showbiz_020,Hương Lan may chưa có tiền mà theo em ạ,,True,,
cmt_showbiz_033_1952_r27,showbiz_033,Hoài Thanh phải bị bắt thật không ạ?,,True,,
cmt_showbiz_034_0008_r01,showbiz_034,Thuy Nguyen vì họ có tiền.chứ bắt nghèo lắm j cho chặt chỗ. Tốn cơm nhà nước,Phẫn nộ,False,,
cmt_showbiz_020_0421,showbiz_020,K bjt đọc ntn,Trung lập,False,,
cmt_showbiz011_0014_r01,showbiz_011,Quang Nguyen dơ cái néc lên xem có thâm k nào 🤣,Cà khịa,False,,
cmt_showbiz_019_0342,showbiz_019,Con này hay lên game show giả ngu giả khờ giả nai đồ nà 😂,Trung lập,False,,
cmt_showbiz_044_0711,showbiz_034,Uh hết cho miền bắc khắc phục bão lũ🤣,Trung lập,False,,
cmt_showbiz_034_0651_r02,showbiz_034,Thuỳ Trang  gieo nhân nào gặt quả đó thôi em. Ko tránh đc Luật nhân quả,Trung lập,False,,
cmt_showbiz021_0003_r10,showbiz_021,Thanh Nam người ta bán cái mác là chính chứ cl có loz ấy :)),Cà khịa,False,,
cmt_showbiz_018_0123,showbiz_018,"Mình thì vốn ko thích cặp này. Nhưng vài người châm biếm hay cười trên nỗi đau của người ta thì cũng chả tốt lành gì. Người ta yêu nhau là thật, kết thúc cũng là thật. Mưa đến đâu mát mặt đến đó, chúng ta ko cần hâm mộ, cũng ko cần bĩu môi lên chê bai khi người ta kết thúc, tại nhân quả tuần hoàn đấy. Lo sống tốt cuộc đời mình, lúc còn yêu ai thì tử tế hết lòng là được, chuyện tương lai đừng nói trước chi cho vội.",Trung lập,False,,
cmt_showbiz_020_3329,showbiz_020,"k nói về cái khác, nói về việc đối xử với nhân viên, anh em họ hàng dâu con trong nhà cô này quá tốt, còn việc khác trong kinh doanh tôi k bàn đến, giờ ai mà chẳng gian lận😌. đi làm công nhân may phế con hàng sợ bị chửi đang còn đi hàng lậu kìa.",Trung lập,False,,
cmt_showbiz_043_1785,showbiz_033,Giờ nếu liên quan đến thuế thì cứ khắc phục là xong ko phải đi tù nhé trừ khi hàng giả.,Trung lập,False,,
cmt_showbiz_020_0941,showbiz_020,"Ai Zàaa,quá chời chuỵ mai",,True,,
cmt_showbiz_043_1004,showbiz_033,Vẫn nghĩ là có Ô To,Trung lập,False,,
cmt_showbiz_018_0342,showbiz_018,Nhìn mặt th này t ko thẩm nổi á,Trung lập,False,,
cmt_showbiz_043_0547,showbiz_033,Vì nó biết trước sẽ có ngày này,Trung lập,False,,
cmt_showbiz_033_0021_r18,showbiz_033,"Lê Hồng Nhung đúng rồi b, với có cơ to mà",,True,,
cmt_showbiz_043_1614,showbiz_033,"Bị bắt mà tươi thế, chắc nó biết án nhẹ đi mấy năm là về thôi",Trung lập,False,,
cmt_showbiz_019_0319,showbiz_019,"Xong rồi thì thôi ... Được đồng nào thì hay đồng ấy, thế thôi ... Không bị phạt tiền là may rồi (!!!).",Trung lập,False,,
cmt_showbiz019_0002_r19,showbiz_019,Bí Mật Showbiz hoa hậu bận đi xé giấy nợ rồi 😂,Cà khịa,False,,
cmt_showbiz_034_0970_r01,showbiz_034,Trangg Nguyễn t 1 ngàn cũg k coá.kkkk,,True,,
cmt_showbiz_030_0199,showbiz_030,"Mua vĩnh viễn rồi thì cầm giấy tờ ra toà nói chuyện chị nha, lên đây ai mà giải quyết cho chị được, con chị DAV là cái chị có mấy bài không làm mà muốn có ăn phải không mọi người, con đó là con hàm lừa chứ ca sĩ gì",Trung lập,False,,
cmt_showbiz_020_2200,showbiz_020,Heo Béo Phì,,True,,
cmt_showbiz_033_0001_r29,showbiz_033,Hồng Chill thế thì ai cũng mong có tiền rồi vào tù nhỉ? :))),Cà khịa,False,,
cmt_showbiz_020_0269,showbiz_020,Cánh tay nối dài Long Trần ở Ohio Mỹ giúp rửa tiền và giữ tiền dùm vc Mailisa https://www.facebook.com/share/p/1QSsUtFZn5/?mibextid=wwXIfr,,True,,
cmt_showbiz_013_0111,showbiz_013,Cho con này không đúng chỗ rồi môi người khác tìm hiểu nó cho kỉ rồi bây giờ nhà còn giàu gấn mấy những người khác luôn đó,Trung lập,False,,
cmt_showbiz_004_0149,showbiz_004,Vừa rồi tự nhiên cứ cố tẩy trắng bằng mấy cái trò cosplay búp bê ăn mặc kín đáo chụp ảnh khắp nơi là t thấy có điềm rồi.,Cà khịa,False,,
cmt_showbiz018_0016_r01,showbiz_018,Thanh Quí Tăng jz bà:)))),Trung lập,False,,
cmt_showbiz021_0001_r03,showbiz_021,TOP Comments Nguyễn Trọng Nam,,True,,
cmt_showbiz_021_0109,showbiz_021,Rẻ rách vl :)))),Trung lập,False,,
cmt_showbiz_043_1616,showbiz_033,Sao tấm nào em HH cũng cười tươi thế nhỉ???,Trung lập,False,,
cmt_showbiz_005_0069,showbiz_005,Thạch Thảo mê liền,,True,,
cmt_showbiz014_0020_r01,showbiz_014,Mai Nguyễn ngũ hổ đập đá,,True,,
cmt_showbiz_021_0033,showbiz_021,Thế hoá ra là toàn kave à =)))),Cà khịa,False,,
cmt_showbiz011_0040_r10,showbiz_011,"Sống như đóa hoa Chắc do tâm lý yếu nên mới bị thao túng chứ ô kia éo đẹp trai xong lại toàn bạo lực lạnh,đi hẹn hò lần đầu còn nhờ trả tiền.Còn nói thật với đứa con gái trải đời thì cái hào nhoáng của ô Virus éo mài ra ăn được còn mắc nợ ấy.Chả được cái vẹo gì mà các bà đâm đầu vào",Cà khịa,False,,
cmt_showbiz009_0019_r07,showbiz_009,Uyn Phạm haha mk cũng phải tua để nghe lại,Trung lập,False,,
cmt_showbiz_017_0014,showbiz_017,,,True,,
cmt_showbiz_020_2448,showbiz_020,Hễ ai nhanh giàu là nhanh ăn cơm nhà nước thê.,Trung lập,False,,
cmt_showbiz_034_2150_r01,showbiz_034,Nguyễn Hoa ẹp chai dễ nhìn hơn á em 🤭🤭,,True,,
cmt_showbiz_034_1090_r21,showbiz_034,Phạm Tố Nga Tôi không đồng ý với bác nói thế đâu vì mặt lờ đẹp gấp vạn mặt Bình .,Trung lập,False,,
cmt_showbiz_043_1009,showbiz_033,Tuoi cươi la lm mây chuc nặm tiền nhiểu rồi thi cươi thối .,Trung lập,False,,
cmt_showbiz_020_1648,showbiz_020,Đức Mạnh,,True,,
cmt_showbiz_019_0304,showbiz_019,"Ai đi xin con nhỏ mặt chuột này cũng sợ

Từ lúc nghe tin xé giấy nợ công khai với dính dáng đường dây gái gọi là nên tước vương miệng được rồi 

Cộng thêm mấy cái chiêu trò bằng đại học nhảm nhí nữa",Trung lập,False,,
cmt_showbiz_020_2272,showbiz_020,Đỗ Hồng,,True,,
cmt_showbiz_014_0013,showbiz_014,"Đúng là Ngũ Hổ Lốn 
Lũ Ngủ Nướng 😂😂",Trung lập,False,,
cmt_showbiz_033_1948_r26,showbiz_033,Hoàng Long cùng họ mà nó vẫn lừa à,,True,,
cmt_showbiz008_0114_r03,showbiz_008,Nguyễn Ngọc Linh cũng tôi bà ơi bà,,True,,
cmt_showbiz_020_1693,showbiz_020,😘,,True,,
cmt_showbiz_033_1964_r02,showbiz_033,"Nguyễn Hạnh Cũng chỉ mượn hoa cúng Phật thôi, sản phẩm thì giả, pháp luật thì trốn thuế, tính bằng ngàn tỏi luôn. Rồi nó lừa được 10 cho 1, rồi tạo ra hình ảnh ""doanh nhân"" thành đạt nhưng có lòng tốt để lừa tiếp.",Trung lập,False,,
cmt_showbiz_011_0236,showbiz_011,"Hoàng không bao,giờ giống Rách :))",Cà khịa,False,,
cmt_showbiz_033_1792_r02,showbiz_033,Quang Anh Nguyễn quá nhiều tiền e nhỉ,,True,,
cmt_showbiz020_0852_r03,showbiz_020,Bánh Bao lụm xong mua acc lq 1000 skin:)),,True,,
cmt_showbiz_005_0053,showbiz_005,Đoàn  mình di chuyển lên núi dùm e,Trung lập,False,,
cmt_showbiz024_0003_r01,showbiz_024,"Hồ Bảo Longbie Video lúc ông an ập vào bắt nè, trông tã dã man Hóng Nhanh",Trung lập,False,,
cmt_showbiz_020_0011,showbiz_020,"hồi 2016 qua bã làm cặp phun mày mà làm xấu qắc,tới khi BH làm khó khách hàng,chỉ dc cái sedding giỏi",Trung lập,False,,
cmt_showbiz004_0009_r12,showbiz_004,"Thành Vịnh coi mấy má kia bảo đoạn cuối nhìn chú quanh sợ hãi ai đó ở ngoài nhìn thấy tội, nhà chú quang ai dô được??? Ai có thể khiến chú quang sợ hãi mà vội tắt live???",Cà khịa,False,,
cmt_showbiz_033_0021_r01,showbiz_033,Lê Hồng Nhung chuẩn,,True,,
cmt_showbiz_033_1957_r07,showbiz_033,Tân Trân Nhât ít chữ thì đừng bi bô.,,True,,
cmt_showbiz_034_1434_r01,showbiz_034,Phạm Huy Hoàng Đào hố cho 1 viên như myanma,,True,,
cmt_showbiz018_0042_r04,showbiz_018,"Tư Đồ Mạt tôi nói nghe rất nông cạn nhưng tôi ko thích tướng bạn nam này ngay từ đầu. nhìn cứ nham hiểu kiểu gì ý. đàn ông mặt quắt tai dơi, người thì gầy gò ốm yếu.",Cà khịa,False,,
cmt_showbiz_020_1653,showbiz_020,Phạm Hà,,True,,
cmt_showbiz_020_2080,showbiz_020,Yêu Lại Từ Đầu Nguyễn Quyên,,True,,
cmt_showbiz_009_0276,showbiz_009,"ông tổ ngành gaslight, thuần drift tổ lái, trả lời đ đúng trọng tâm clj bất kì câu hỏi nào, méo hiểu sao các chị em vẫn ngồi coi live được, t xem đoạn đồ lót nó bảo em thấy khó chịu là anh sửa luôn, clm thế là anh nhún ngta xong em thấy khó chịu nói với anh mai anh ko nhún chỗ đó nữa là đc à =))) dcm đ giải thích đồ lót đấy là của ai, có mqh như nào cứ vòng vo nhà anh bừa bãi mọi ng cứ vào cứ ra thoải mái... dm nhà m là nhà chứa à mà đồ cá nhân phụ nữ ko phải ny mà cũng phơi nhiễm cả ngày
Mai tao lên clip khoá mõm ông này như cách ngày xưa t cắt tiết thg Chưa biết",Trung lập,False,,
cmt_showbiz004_0005_r02,showbiz_004,"Phòng, chống ma túy - Công an TP. Hồ Chí Minh nhưng mà tốc độ rep cmt của cán bộ thì quá nhanh rồiiiii 😂😂😂",Cà khịa,False,,
cmt_showbiz016_0002_r24,showbiz_016,"Thịnh Bị Zucc xem thằng này nhìn cái mặt nó đã đ thấy có cảm tình, từ trc đến h xem đúng 1 thằng stream là thằng pew pew hồi còn đánh dota và chưa nổi tiếng, nhưng rồi dần dần cũng thể hiện rồi trong stream cũng chửi bới các kiểu nên là thôi",Trung lập,False,,
cmt_showbiz_043_1020,showbiz_033,"dù đúng hay sai đều có pháp luật và luật nhân quả hết , mình cũng cảm ơn chị ấy làm từ thiện rất nhiều cho bà con trong lúc khó khăn.",Trung lập,False,,
cmt_showbiz012_0007_r05,showbiz_012,"Thien Chaleunsouk rất hay , quá thâm thuý … ! 👍",,True,,
cmt_showbiz_044_1278,showbiz_034,Có vẻ shark ngu dần rồi,Trung lập,False,,
cmt_showbiz018_0019_r05,showbiz_018,"Trần Văn An đúng rồi, chỉ có kẻ ganh ăn tức ở mới muôn đời nát. Bạn may mắn đó, nên gắng giữ nha",Ủng hộ,False,,
cmt_showbiz_033_1975_r09,showbiz_033,Dũng Trần Hề hề...Hài...kém một chút ???một chút là hao nhiêu???chỉ là tập đầu thôi nhé.Còn nhiều tập nữa.,Trung lập,False,,
cmt_showbiz011_0037_r17,showbiz_011,Nguyễn Thanh Anh Quân Jack said: đ j cũng gọi hồn tao zậy,Cà khịa,False,,
cmt_showbiz_018_0147,showbiz_018,Đạo lý cho lắm 🙏🏻,Trung lập,False,,
cmt_showbiz018_0012_r16,showbiz_018,Nữ NHi phụ nữ giờ qua hay bàn tay vẫn chưa xác dc dc bến đỗ cuối,Cà khịa,False,,
cmt_showbiz011_0013_r01,showbiz_011,Phuoc Nguyen má coi mà muốn xé đcuong luôn ak,Phẫn nộ,False,,
cmt_showbiz_020_2078,showbiz_020,Trang Kpah,,True,,
cmt_showbiz_018_0199,showbiz_018,Tới bỏ nhau mà cũng phải đạo lý mới chịu.,Trung lập,False,,
cmt_showbiz_021_0006,showbiz_021,Chỉ là lộ trước với sao thôi chưa hết đâu 🤣🤣🤣🤣,Cà khịa,False,,
cmt_showbiz_010_0064,showbiz_010,😂,,True,,
cmt_showbiz_010_0260,showbiz_010,Đức Hiếu trợ lí,,True,,
cmt_showbiz_033_0001_r190,showbiz_033,Nguyễn Việt Tùng nếu chọn 1000ty đi tù nghĩ duỡng và 100ty đi nghĩ duỡng resort. T chọn cái thứ2,Cà khịa,False,,
cmt_showbiz_030_0066,showbiz_030,Lòi sỷ,Trung lập,False,,
cmt_showbiz020_2829_r75,showbiz_020,Kimchon Quân nta giàu nta trước khi xây nta cũng xem xét chán r b ơi. còn buôn hàng giả hàng nhái thì sớm hay muộn cũng sẽ bị bắt thôi đừng đổ tại di mộ vs xây mộ to mà bị phạm. mộ này nta cũng xây lâu r kp ms xây ngày 1 ngày 2 song bị bắt. 😊,Trung lập,False,,
cmt_showbiz009_0022_r01,showbiz_009,Hà Th Quyết  vác b đi khắp hn,Trung lập,False,,
cmt_showbiz011_0036_r08,showbiz_011,Lê Thị Mỹ Huyền Lê Thị Mỹ Huyền,,True,,
cmt_showbiz_033_1976_r11,showbiz_033,"Hải An Home chuẩn luôn, bà cô nhà tôi tin hh lắm rất là tích cực xem live, mua hàng toàn tiền triệu , tôi nói còn không tin nữa 😂",Trung lập,False,,
cmt_showbiz019_0025_r01,showbiz_019,Hoàng Tuấn Minhthế m có tin 1 lọ dầu tràm bằng 20 cây tràm không???  1 lọ dầu dừa bằng mấy trái dừa??  Rồi m ăn 1 bó rau m lấy được tất cả chất dinh dưỡng trong rau đó không hay chỉ bao nhiêu % còn lại là xuất ra ngoài theo đường ruột già??. Bán cho m 1 kg gương sen chỉ 20k nhưng bán cho m 1 lạng tim sen tới 150k đó .m hãy tự tìm hiểu,Trung lập,False,,
cmt_showbiz011_0045_r02,showbiz_011,Huỳnh Thảo không quên nhé phải lên tiếng chứ,Ủng hộ,False,,
cmt_showbiz018_0010_r01,showbiz_018,Như Quỳnh đọc lại vẫn thấy ko hiểu 😳,Cà khịa,False,,
cmt_showbiz_044_0680,showbiz_034,Thôi làm từ thiên cho người nghèo khô đi mal lây phước cho con cháu chêt cũng có mang đuoc đi đâu,Trung lập,False,,
cmt_showbiz_033_0001_r140,showbiz_033,Hồng Chill tiền núi. Chưa đi thì đừng phán như mình trải qua vậy :))) trong tò bao thuốc thăng long 100k biết k,Cà khịa,False,,
cmt_showbiz022_0008_r01,showbiz_022,Đỗ Ngọc y chang. Đóng cửa xin lỗi vợ trước rồi hãy nói. Đây đi xin lỗi cộng đồng thôi. Thằng mất dạy. Tội vợ với đứa con,Trung lập,False,,
cmt_showbiz_043_0635,showbiz_033,Mẹ t cũng vẫn cố chấp lắm,Trung lập,False,,
cmt_showbiz020_1001_r21,showbiz_020,Thanh Rose,,True,,
cmt_showbiz_033_1942_r38,showbiz_033,Văn Quang im thì k giàu dc🤣🤣,,True,,
cmt_showbiz_034_1092_r09,showbiz_034,Văn Tiến khác gì Ck của Quyết FLC đâu cùng 1 hình thức mà thôi. Quả này Bình Nhợn ko đi tù hơi phí!,Trung lập,False,,
cmt_showbiz_010_0224,showbiz_010,Hoa hồng ảo thuật Bảo Trâm,Trung lập,False,,
cmt_showbiz_044_0022,showbiz_034,Chia hết cho dân,Cà khịa,False,,
cmt_showbiz_007_0053,showbiz_007,Kiện con thúy vy. Làm 5 năm nay ido t bị oan ức. Kiện nó cái là nó khai ta con t.a liền,Trung lập,False,,
cmt_showbiz_020_2884,showbiz_020,Ngọc Maii,,True,,
cmt_showbiz_020_1949,showbiz_020,Diệu Ly,,True,,
cmt_showbiz_020_1764,showbiz_020,Nhìn ớn,,True,,
cmt_showbiz_044_0023,showbiz_034,Hèn gì búp bê phải bắt cho bằng được,Cà khịa,False,,
cmt_showbiz018_0042_r11,showbiz_018,"Tư Đồ Mạt ừ thì quan điểm cá nhân đó là của bạn, còn quan điểm cá nhân của mình là bạn phiến diện. Bạn nêu được thì mình cũng nêu được, z thôi :)))",Cà khịa,False,,
cmt_showbiz012_0005_r01,showbiz_012,Này ngày xưa mới 20t,Trung lập,False,,
cmt_showbiz_043_1657,showbiz_033,Liên Hoan idol của mẹ,,True,,
cmt_showbiz_032_0252,showbiz_032,,,True,,
cmt_showbiz021_0034_r01,showbiz_021,Lee Anh Tú 11 chứ sót đâu được mà bảo 9🤣,,True,,
cmt_showbiz004_0004_r06,showbiz_004,"Cẩm Tú Nguyễn bán hàng giả gây giảm sức khoẻ của ng khác,rồi lấy tiền đó đi thiện nguyện thì cái tiền dơ đó nó có đc tính là có côg đức ko nhỉ",Phẫn nộ,False,,
cmt_showbiz_033_1437_r22,showbiz_033,Hường Nguyễn Thị thì đi tù chứ sao nữa,,True,,
cmt_showbiz_033_1940_r93,showbiz_033,Nguyễn Hiếu tiền nhiều cơ to 😆,,True,,
cmt_showbiz_033_1940_r175,showbiz_033,Tuyền Văn Hóa,,True,,
cmt_showbiz_033_0007_r15,showbiz_033,Cao Xuân Huy cháu cùn rồi à 🤣,,True,,
cmt_showbiz_044_0868,showbiz_034,Tiền lừa đảo mà có,Trung lập,False,,
cmt_showbiz_012_0019,showbiz_012,Lai nua boi vậy chi Hang cuon tuong ra nuoc ngoai,Phẫn nộ,False,,
cmt_showbiz_034_2070_r47,showbiz_034,"Duy Son Nguyen cái câu khôn mới giầu chưa hẳn đúng rồi thì lại câu giầu quá mất khôn lại càng ko đúng chẳng thà nói thằng này nó ngáo thì đúng hơn, những kẻ giầu chả ai thật cả đôi khi có cả sự lưu manh trong đấy nữa mới làm giầu, giờ lộ ra là lừa đảo thì đặt câu hỏi nếu thật thà anh có giầu được thế này ko",Trung lập,False,,
cmt_showbiz_043_1266,showbiz_033,Vì tao là số 1 không phải sợ ai,Trung lập,False,,
cmt_showbiz_008_0344,showbiz_008,Thuyên Thuyên mới phát sáng được tí lại tắt,,True,,
cmt_showbiz_033_1940_r149,showbiz_033,Trâm Lê Từ thiện để PR cho thương hiệu của nó đó. Kiểu mượn hoa hiến phật. Dùng tiền kêu gọi làm tự thiện để tự PR.,Trung lập,False,,
cmt_showbiz018_0001_r20,showbiz_018,Inside the Box con nít chưa trải sự đời thích nghe đạo lý vào khen thôi 🤣,Cà khịa,False,,
cmt_showbiz_012_0117,showbiz_012,Phai quet sach tui co bi x,Phẫn nộ,False,,
cmt_showbiz011_0037_r13,showbiz_011,"Win Nhu ch..chưa đủ wow, cần wow hơn xíu nữa 😀",Cà khịa,False,,
cmt_showbiz_020_0001,showbiz_020,"Qua công tác nắm tình hình, Cục Cảnh sát điều tra tội phạm về tham nhũng, kinh tế, buôn lậu (Cơ quan Cảnh sát điều tra Bộ Công an) phát hiện dấu hiệu sai phạm trong hoạt động kinh doanh mỹ phẩm của các Công ty trong Hệ sinh thái Mailisa do Phan Thị Mai và Hoàng Kim Khánh điều hành.",Trung lập,False,,
cmt_showbiz_034_2075_r13,showbiz_034,Nguyen Hu  nhà nước có câu đó từ khi nào vậy.,Trung lập,False,,
cmt_showbiz_008_0220,showbiz_008,Sao k phạt 5tr cho đủ 1 jack 🙂,Trung lập,False,,
cmt_showbiz009_0038_r08,showbiz_009,Nguyễn Tô Ngọc Thương Huệ Chi,,True,,
cmt_showbiz012_0006_r13,showbiz_012,"Bi Bo giờ muốn bắt ai cũng đc mà, ít bữa nữa showbit có đứa nào tài sản lên 1000 tỷ là lụm 😅",,True,,
cmt_showbiz_004_0079,showbiz_004,Cty ZuBu là Zú Bự à 😂,Cà khịa,False,,
cmt_showbiz_030_0048,showbiz_030,Kiện,Trung lập,False,,
cmt_showbiz_012_0084,showbiz_012,Lừa đảo mọi nơi mọi cấp ￼,Phẫn nộ,False,,
cmt_showbiz_020_0348,showbiz_020,2 nghìn 700tỷ,Trung lập,False,,
cmt_showbiz_020_1711,showbiz_020,"𝓚𝐇𝓤̛̛𝓝 𝓜𝓐̃𝐈 đ𝐚̣̆𝐂 𝐁𝐈𝐄̣̂𝐓
https://78winlive.com
Vũ Vân",,True,,
cmt_showbiz_019_0215,showbiz_019,1 cô hoa hậu 1 ông đại biểu..... đi cả nút đến nơi r 😅😅😅😅,Trung lập,False,,
cmt_showbiz009_0009_r04,showbiz_009,"Page chuyên cmt dạo nín, nhắm yêu được thì yêu, không yêu được thì đừng giày vò, lên mạng mà so đo từng chút với nyc là thấy như cc rồi",Cà khịa,False,,
cmt_showbiz_023_0061,showbiz_023,Ban tổ chức mà không làm ngày hai là có lỗi với tình yêu của anh Cương và chị Hòa lắm đó nha 💯,Trung lập,False,,
cmt_showbiz004_0012_r04,showbiz_004,"Phòng, chống ma túy - Công an TP. Hồ Chí Minh mà nói về ngáo thì bên anh ngáo thì đúng hơn ý phòng chóng mai thúy lại nhảy sang kinh tế làm chi 😂😂",Cà khịa,False,,
cmt_showbiz_033_1982_r01,showbiz_033,Nguyễn Vũ Quân cứ từ từ khác ra,,True,,
cmt_showbiz_020_2547,showbiz_020,Trần Thị Như Quyền tới r nè,,True,,
cmt_showbiz_024_0245,showbiz_024,dư âm tvhk mang kem đánh răng còn lâu và dài quá,Trung lập,False,,
cmt_showbiz009_0036_r03,showbiz_009,Tien Tai ngta gọi là gió chiều nào mình theo chiều đấy :))),Trung lập,False,,
cmt_showbiz015_0016_r09,showbiz_015,"Nguyễn BU  có cả tăng hưng phấn khi hút shisa à. :))
Biết thì thưa thốt",Trung lập,False,,
cmt_showbiz_020_2947,showbiz_020,Khinh Bỉ vc nhà này,,True,,
cmt_showbiz_034_1078_r50,showbiz_034,"Dây treo nhãn mác, tem nhãn, tag quần áo Phúc Gia   nói như ông làm gì có tín dụng với f88 ?  nói cho đúng là cho vay nhưng kiểm soát được dòng tiền , còn như chơi hụi , cho mượn không đối chứng thì hên xui.",,True,,
cmt_showbiz009_0030_r08,showbiz_009,Trịnh Trung kiểu ăn món chính xong thấy mấy món phụ rườm rà vê à thôi,Trung lập,False,,
cmt_showbiz021_0004_r02,showbiz_021,Trần Mạnh Ninh khách sộp nó còn muốn đi tiếp lần sau nên nó kèn cẩn thận luôn,Cà khịa,False,,
cmt_showbiz_034_2068_r157,showbiz_034,"Tifosi Chúng mày có não đâu mà đòi có quan điểm, Bố khỉ chúng mày",Trung lập,False,,
cmt_showbiz018_0001_r26,showbiz_018,Inside the Box ai khen thì khen chứ t chê ngay từ đầu r nha sốp. Nhất là team đến từ TBT,Cà khịa,False,,
cmt_showbiz_025_0021,showbiz_025,Ko có tiền nhưng muốn đi nước ngoài nên chơi chiêu này ý mà. 🤔,Cà khịa,False,,
cmt_showbiz021_0038_r03,showbiz_021,Nguyễn Văn Nghĩa  e cho a theo với,,True,,
cmt_showbiz009_0037_r04,showbiz_009,Nguyễn Văn Công công đức vô lượng!!!,,True,,
cmt_showbiz019_0002_r08,showbiz_019,Vu Khanh Hoa về xong linh angola gọi điện giả vờ không quen luôn 🥹 thuyền này chìm rồi.,Cà khịa,False,,
cmt_showbiz_020_1952,showbiz_020,Chiến Dolly,,True,,
cmt_showbiz013_0049_r02,showbiz_013,Hứa Thị Mỹ Duyên,,True,,
cmt_showbiz_011_0016,showbiz_011,"Lèm bà lèm bèm lè nhà lè nhè . Càng xem càng tức,càng đau đầu",Phẫn nộ,False,,
cmt_showbiz_012_0080,showbiz_012,Dương Hướng Hoa Nguyễn Nguyễn gòy,,True,,
cmt_showbiz_023_0119,showbiz_023,Xem thêm: https://r.vgt.tv/pIiq,,True,,
cmt_showbiz_044_1999,showbiz_034,.,,True,,
cmt_showbiz018_0006_r01,showbiz_018,Thúy Vy sống chung nhìu năm cưới về thì cũng sống chung cuộc sống cx 2 người mà sao ngộ quá. Cuộc đời vô thường,Đồng cảm,False,,
cmt_showbiz_020_1675,showbiz_020,Nguyễn Thị Hương,,True,,
cmt_showbiz_010_0020,showbiz_010,Lê Hồng Ngọc bạn này ghen,,True,,
cmt_showbiz_023_0092,showbiz_023,Mỹ Trâm Trần thương he,,True,,
cmt_showbiz_033_1940_r235,showbiz_033,Hồ Minh Trang,,True,,
cmt_showbiz_020_0594,showbiz_020,Siêu giỏi,Trung lập,False,,
cmt_showbiz_009_0026,showbiz_009,Văn của mấy thằng gia trưởng 🤣,Cà khịa,False,,
cmt_showbiz_020_3514,showbiz_020,Giàu thì ganh tị thói xấu nhất của kẻ tiểu nhân...  mình ko làm được như họ ..nên chúc.phúc cho họ ...  ai cũng muốn giàu nhưng dễ gì làm được vậy,Trung lập,False,,
cmt_showbiz032_0041_r07,showbiz_032,Thanh Trọng kkkkk Hoa hậu trái đất  đi làm người mẫu cho NTk kkkk,Trung lập,False,,
cmt_showbiz013_0015_r03,showbiz_013,Nguyễn Hòa ăn vụng nó ngon bn ơi,,True,,
cmt_showbiz025_0023_r01,showbiz_025,Viet Hung Ma quỷ sợ ánh sáng .,,True,,
cmt_showbiz_043_1589,showbiz_033,Tươi như kia. Nụ cười của kẻ chiến thắng,Trung lập,False,,
cmt_showbiz_034_0633_r02,showbiz_034,Báo Phùng,,True,,
cmt_showbiz_020_1037,showbiz_020,Quá đẳng cấp.,Trung lập,False,,
cmt_showbiz_020_0780,showbiz_020,ad cho hỏi tg huấn bgio đi vậy :)),Trung lập,False,,
cmt_showbiz_015_0061,showbiz_015,Bao nhiêu việc tốt làm mấy ai biết 1 lần phạm lỗi cả nước hay đúng là con người thật đáng sợ khi chỉ biết dìm nhau xuống,Trung lập,False,,
cmt_showbiz_034_1092_r10,showbiz_034,"Văn Tiến Vn  đang  dần  đẩy  về  sàn việt  giao dịch kìa  ,  lớ ngớ làm án  điểm thị uy 🤣🤣",Trung lập,False,,
cmt_showbiz015_0005_r21,showbiz_015,Hiếu Trần đây nhắc nhở th mà bạn chứ có chửi nó đâu mà bảo giang hồ ko phân biệt dc đúng sai à bạn,Trung lập,False,,
cmt_showbiz_020_1710,showbiz_020,Tr Thị Hoa Cúc Sếp em Mailisa la la la,,True,,
cmt_showbiz020_2732_r02,showbiz_020,Nam Nguyen đụng vô tiền nong khó cưỡng,,True,,
cmt_showbiz_012_0115,showbiz_012,Cam thường vẫn đẹp!,,True,,
cmt_showbiz018_0012_r10,showbiz_018,Billy Tran Đàn ông 50 tuổi còn lấy vợ được đàn bà 50 tuổi có ma nó thèm 😪,Cà khịa,False,,
cmt_showbiz_043_1254,showbiz_033,Nghĩ có tiền lo được het,Trung lập,False,,
cmt_showbiz020_0189_r01,showbiz_020,Diệp Quỳnh 2000 & 700 tỏi,,True,,
cmt_showbiz007_0031_r11,showbiz_007,Khánh Hoàng Hay 🤣,,True,,
cmt_showbiz_043_0366,showbiz_033,Hoàng hường cũng giúp được nhiều người mà,Trung lập,False,,
cmt_showbiz008_0003_r12,showbiz_008,Quang Văn người nhà m bị vu khống vụ bài vị suốt 5năm xem m có nhảy dựng lên ko ở đó mà đúng sai hay m câm luôn,Trung lập,False,,
cmt_showbiz008_0002_r16,showbiz_008,Trang Anh chứ jack còn cần kéo anti à mà khéo lo,Trung lập,False,,
cmt_showbiz_034_0941_r02,showbiz_034,Banh Djbmt kkk,,True,,
cmt_showbiz019_0354_r01,showbiz_019,Đặng Đức Hoàng a cũng ngóng 2 chị đó lắm á,,True,,
cmt_showbiz011_0046_r04,showbiz_011,Linh Anh nhận cha đi b,Phẫn nộ,False,,
cmt_showbiz_011_0190,showbiz_011,Tưởng virus cứu Kim So Hyun hóa ra là cứu Jack,Cà khịa,False,,
cmt_showbiz_021_0190,showbiz_021,"đi thi sắc đẹp để dễ bán dâm hơn,,",Trung lập,False,,
cmt_showbiz_016_0035,showbiz_016,do ộ i i mà cả 1 thế hệ mồm bát hương ra đời đấy🤣,Trung lập,False,,
cmt_showbiz015_0013_r04,showbiz_015,Nguyên Đỗ thằng khốn gặp thời thôi bạn,,True,,
cmt_showbiz_020_2812,showbiz_020,Sếp em malisa. Sếp em đi 1 mình,Trung lập,False,,
cmt_showbiz018_0045_r04,showbiz_018,"Đặng Kim Hương 
Thật ra là có tin bà Tizi ngoại tình với quản lý, xong hai người kết thúc. Gòi ổng để bả cùng dàn nhân viên + nhà. Nhưng nhân viên lại chọn đi theo ổng á. Còn ông này có vụ ngoại tình mà là lúc iu.",Cà khịa,False,,
cmt_showbiz030_0005_r02,showbiz_030,Đừg để dụ này chỳmm,Trung lập,False,,
cmt_showbiz_011_0154,showbiz_011,"T như ng tối cổ, mấy nay ko phốt thằng này đến giờ t còn k biết nó là ai",Phẫn nộ,False,,
cmt_showbiz_033_0001_r197,showbiz_033,Phan D. Anh ở đó mà người giàu có tiếng .bây giờ về nói ai nghe bán hàng toàn đi bịp mấy người ở vùng sâu xa chứ ở tp ai thèm mua,Cà khịa,False,,
cmt_showbiz_020_2218,showbiz_020,Pham Lien,,True,,
cmt_showbiz018_0045_r03,showbiz_018,"Tôi cũng thấy thú vị ㅋㅋㅋㅋㅋㅋㅋㅋ thiệt á bà, yêu lâu rồi k muốn cưới đâu, có cưới cũng dễ li hôn á. Xưa mình quen ck mình cũng bị ng lớn 2 bên giục suốt, bảo k nên yêu lâu, thấy ổn ổn thì cưới luôn đi, 2 vc quen đc năm rưỡi thì cưới, tới giờ tính cả thời gian quen yêu lẫn cưới là hơn 4 năm, ck vẫn yêu thương chiều chuộng giống hồi mới yêu á",Trung lập,False,,
cmt_showbiz008_0017_r01,showbiz_008,Nghiệp nó quật.. thế lúc chúng nó dìm ng khác thì sao??,Trung lập,False,,
cmt_showbiz_004_0201,showbiz_004,Làm ăn thức đức thì cũng có ngày lòi mặt ra thôi,Phẫn nộ,False,,
cmt_showbiz020_0079_r01,showbiz_020,Chang Chít nhìn vẫn đẹp trai phết 🤣,,True,,
cmt_showbiz_044_0787,showbiz_034,Cho xin 1 chỉ đi,Trung lập,False,,
cmt_showbiz_043_0899,showbiz_033,Vì biết trước sẽ có ngày này nên đã chuẩn bị tâm lý.,Trung lập,False,,
cmt_showbiz_021_0091,showbiz_021,Đã bảo đi thi chỉ để nâng giá mà lị. K có gì mà phải bất ngờ cả,Cà khịa,False,,
cmt_showbiz020_2143_r04,showbiz_020,😢😢 Facb00k bả lên tieg rồi nà Mai Lisa,Trung lập,False,,
cmt_showbiz011_0026_r06,showbiz_011,Ngọc Hương đẹp trai cỡ KSH còn chưa chắc đã tẩy đc thì đằng này sớm muộn gì cũng ấy thôi :))),Cà khịa,False,,
cmt_showbiz020_2277_r01,showbiz_020,Chinh Kiều Nguyễn có bà ơi =))),,True,,
cmt_showbiz_043_0809,showbiz_033,Cơ bản là tội đang nêu là quá nhẹ so với nhưng gì nó làm và nó đã suy tính đổ hết lên đầu người khác rồi.,Trung lập,False,,
cmt_showbiz_011_0025,showbiz_011,"Nhìn tướng đã hãm l r, sao ce lại yêu nó được giỏi thật🙏🙏🙏",Cà khịa,False,,
cmt_showbiz020_1007_r03,showbiz_020,Hương Lê gần đấy để ý chị gái Chi cái Hương nhá. K lại khổ ra😆,Trung lập,False,,
cmt_showbiz_009_0269,showbiz_009,"Cái ông này rất giỏi thao túng tâm lý người nghe. Nếu chỉ nghe qua thì sẽ nghĩ à ô này yêu bà kia, đã làm tất cả vì bà kia, theo ý bà kia, yêu và luôn nghĩ cho bà kia. Nhưng nghe sâu, hiểu kĩ thì k hề giải thích, hay lý giải rằng vì sao lại xảy ra, chuyện đó có đúng k, trong khi yêu có chuyện đó k 🤡
Nghe 1 hồi mà nhứk cái đầu liền, nhưng xin lối, tao quách tỉnh lắm hi",Trung lập,False,,
cmt_showbiz007_0045_r01,showbiz_007,Trần Minh Nhật K ngờ luôn 🤣,,True,,
cmt_showbiz_020_1870,showbiz_020,Thu Sương kk,,True,,
cmt_showbiz_033_1940_r564,showbiz_033,Tuyền Văn Hóa  vẫn cười chắc không sao rồi 😂,,True,,
cmt_showbiz020_2833_r12,showbiz_020,"Chuẩn, đi qua nhà thì thấp bé nhuv đi dọc khu mộ thì tuyệt đẹp",Trung lập,False,,
cmt_showbiz013_0022_r02,showbiz_013,Trần Duy :))),,True,,
cmt_showbiz_021_0086,showbiz_021,Á Khôi còn được 6tr...còn t biết con kia ảo giá mỗi lần đi 8-10-20 không đó bâyyy,Cà khịa,False,,
cmt_showbiz_044_1710,showbiz_034,Shark    tanh  rồi,Trung lập,False,,
cmt_showbiz_023_0087,showbiz_023,Lê Thảo 😗,,True,,
cmt_showbiz_020_0140,showbiz_020,…,,True,,
cmt_showbiz_043_0557,showbiz_033,Vì biết trước sẽ có ngày như này thì chờ đón thôi.,Trung lập,False,,
cmt_showbiz018_0045_r11,showbiz_018,"Sương Trà control ý, nó đọc là cần trô thì t viết y si vô!!!",Cà khịa,False,,
cmt_showbiz032_0004_r06,showbiz_032,Kyoh Cường ng ta thi lần đầu :) vậy là thắng TH rồi đó,Trung lập,False,,
cmt_showbiz009_0004_r02,showbiz_009,"Kiều Kiều ôi k sai 1 từ nào lun:)))) thao túng, im lặng, tâm lý nạn nhân đổ lỗi ngược lại và nói do mình là người phản ứng thái quá. Tính mamaboy và còn mặc váy nữa:)) nó đổ lỗi lun cho bạn là có ngkhca trong khi nó mới là đứa ngoại tình đang bị phát hiện .ghê tởm thật chứ 🤣",Trung lập,False,,
cmt_showbiz_034_1240_r02,showbiz_034,"Vũ Minh Thuận mình k dính DA nào của thằng này, nhưng mình thích cái cách nó lấy tự lấy mảnh sành đâm vào đít nó :))",Trung lập,False,,
cmt_showbiz_011_0268,showbiz_011,Bé đỏ là sao vậy m.n,,True,,
cmt_showbiz_044_0050,showbiz_034,Thằng này thẻo nó từng miếng thịt cũng chưa vừa lòng với những người bị nó hại nó lừa cho người ta tan gia bại sản rồi người ta khốn đốn tiền bạc rồi người ta còn phải bị ở.tù..tội ác nó gây ra như vậy..phải bằm nó ra từng mảnh mới vừa lòng .người bị nó hại..,Phẫn nộ,False,,
cmt_showbiz_033_1940_r02,showbiz_033,Mai Mai,,True,,
cmt_showbiz_033_1789_r04,showbiz_033,Hà Văn Sỹ nhắc nhở rồi mà,,True,,
cmt_showbiz_011_0031,showbiz_011,Trả tiền xem phim cho nó chưa th đàn bà,Phẫn nộ,False,,
cmt_showbiz_020_3653,showbiz_020,T chỉ biết bả xây nhà cho ng nghèo bị mất nhà thôi.còn đời sống cá nhân của bất cứ ai t ko để ý,Trung lập,False,,
cmt_showbiz_020_1090,showbiz_020,Mấy chị nhà giàu hơi bị cay... Mua hàng thật.mà dùng phải hàng giả....tội nghiệp .,Trung lập,False,,
cmt_showbiz018_0050_r03,showbiz_018,Trương Bích Loan Yêu ít thôi nghe chưa,Cà khịa,False,,
cmt_showbiz_020_0664,showbiz_020,Tôi sợ gấp 10 lần như này ý,Trung lập,False,,
cmt_showbiz_033_1940_r392,showbiz_033,"Tuyền Văn Hóa phú thọ ko đọ dc đâu,toàn cao thủ phù tang..kkk",Trung lập,False,,
cmt_showbiz_011_0183,showbiz_011,"Có dám kiện ko, con kia nắm bằng chứng ko đưa ra đó, cho nó kiện rồi ra tòa mới đưa, virus mới tan tành",Phẫn nộ,False,,
cmt_showbiz_034_2070_r31,showbiz_034,Duy Son Nguyen giờ nói ai nghe?,,True,,
cmt_showbiz_020_0829,showbiz_020,Qá tham lam!,Trung lập,False,,
cmt_showbiz_007_0076,showbiz_007,,,True,,
cmt_showbiz_029_0032,showbiz_029,Cỡ này vô hát kara lấy tiền bo đc rồi,Trung lập,False,,
cmt_showbiz_020_2462,showbiz_020,Thôi quả này toang rồi,Trung lập,False,,
cmt_showbiz009_0026_r01,showbiz_009,Nguyễnn Thảoo m để quên ở nhà viruss hả ?,Trung lập,False,,
cmt_showbiz014_0001_r09,showbiz_014,5 hổ giấy chuẩn bị đi ngủ,Trung lập,False,,
cmt_showbiz_043_0819,showbiz_033,Cứ cười đi khi còn có thể   Hồi sau sẽ rõ,Trung lập,False,,
cmt_showbiz019_0046_r06,showbiz_019,Hải Đăng dí tận cùng ;),,True,,
cmt_showbiz019_0025_r20,showbiz_019,Hoàng Đức nín,,True,,
cmt_showbiz_033_1941_r22,showbiz_033,Xôi Lạc chỉ có bọn ngu như tụi mày mới ủng hộ cho nhà con HH làm giàu bất chính chứ ai ủng hộ nó mà mày bảo toàn dân. Đi làm ăn  bất chisnh rồi bỏ vài đồng lẻ làm từ thiện để che đậy hành vi mà bọn mày xem nó như cha như mẹ,Trung lập,False,,
cmt_showbiz_004_0094,showbiz_004,"Đặt cái tên Công ty là đã thấy thiếu nghiêm túc rồi, y như cái Chị em rọt",Cà khịa,False,,
cmt_showbiz_033_1949_r24,showbiz_033,Ngọc Trâm ngu như mày hay mày là đồng phạm,Trung lập,False,,
cmt_showbiz_010_0054,showbiz_010,,,True,,
cmt_showbiz018_0049_r06,showbiz_018,V Phuong Nhu giống e nè :)))),,True,,
cmt_showbiz_004_0098,showbiz_004,Xuân này con không về…???,,True,,
cmt_showbiz018_0039_r03,showbiz_018,Lý Phương a yêu bản thân nhưng a tỏ ra cao thượng 🤭,Trung lập,False,,
cmt_showbiz_034_0009_r17,showbiz_034,Lê Thị Nguyệt lấy tiền của người khác làm của mình sao Ko giàu,Phẫn nộ,False,,
cmt_showbiz_034_2071_r25,showbiz_034,"Doãn Trí Bình Đại hiệp hình như sai trính tả rồi. ""Chí"" chứ ko phải ""Trí""",Trung lập,False,,
cmt_showbiz_044_1259,showbiz_034,Tôi nhìn bạn bình này không co chut cảm tình mà sao PO mê nó thế nhỉ loại co tien la bỏ vợ con chay theo gái là loại gì nhỉ PO thi vi tiền đã rõ,Trung lập,False,,
cmt_showbiz008_0031_r06,showbiz_008,"Nguyen Huyen trl cơ quan nhà nước thế nào xong họp báo nói 1 nẻo, hèn thế",Trung lập,False,,
cmt_showbiz_006_0091,showbiz_006,Hạnh Nguyễn tưởng mình KSH hay gì,,True,,
cmt_showbiz_030_0179,showbiz_030,Vll trả bài hát lại cho ngta đi nhỏ ơi có tiền thì mua độc quyền mà hát,Trung lập,False,,
cmt_showbiz_009_0351,showbiz_009,Khi tình yêu kết thúc thì sự khốn nạn lên ngôi,Trung lập,False,,
cmt_showbiz015_0001_r11,showbiz_015,Bao Tran nhưng shiasha ko nộp thuế :))),Trung lập,False,,
cmt_showbiz_043_1773,showbiz_033,Vẫn tươi cười lắm,Trung lập,False,,
cmt_showbiz_020_3346,showbiz_020,"chỉ có mày mới có ý kiến thôi ad ạ, lắm chuyện, ngta có tiền thì kệ ngta chứ",Trung lập,False,,
cmt_showbiz_013_0115,showbiz_013,Mắt sáng long lanh và k hề có 1 lời cảm ơn những người đã chuyển khoản cho tặng😊,Trung lập,False,,
cmt_showbiz023_0003_r16,showbiz_023,Hoa Nguyen mở mồm ra lgi cho mùi thối bay ra!chắc nhiều ng ỉa vào mồm m lắm nên mở ra cái mới bốc mùi nvay🥴,Trung lập,False,,
cmt_showbiz011_0028_r02,showbiz_011,"Huyền Trang thật sự á :))) sao nó k họp báo ta, tui ko cần nó cãi tay đôi nữa, nó lòi cái mặt nó ra đời thiệt đi tui xé miệng nó là đc =)))))",Phẫn nộ,False,,
cmt_showbiz_020_1073,showbiz_020,Tôi cũng hết nhiều tiền vói chi mai giò lo quá tròi về da của tôi,Trung lập,False,,
cmt_showbiz_033_0001_r86,showbiz_033,"Phan D. Anh Ngắn gì ,ít thì 5 năm .Mà 1 ngày trong tù bằng nghìn thu ở ngoài .Mất tự do là mất tất cả cmnr .Chờ đc ra tù thì cũng già rồi .",Phẫn nộ,False,,
cmt_showbiz_043_0100,showbiz_033,Nhà nước mình lên thu hồi hết tài sản của hoàng hường,Trung lập,False,,
cmt_showbiz016_0011_r03,showbiz_016,Điều Hoà t cóp trên mạng th chứ t cx chả rảnh đâu mà viết🗿,Cà khịa,False,,
cmt_showbiz_007_0131,showbiz_007,Nhìn mặt biết hãm,Trung lập,False,,
cmt_showbiz_020_1469,showbiz_020,Âu là số lừa đảo,Trung lập,False,,
cmt_showbiz018_0010_r01,showbiz_018,Nữ NHi phụ nữ là thanh xuân còn đàn ông chắc thanh trà :))),Cà khịa,False,,
cmt_showbiz_008_0142,showbiz_008,"Trái thuần phong mỹ tục thì cả rổ ca sĩ, phạt hết t mới nể",Trung lập,False,,
cmt_showbiz019_0003_r06,showbiz_019,"Phan Việt Anh nói thế thì Linh lại thành kẻ đáng thương à bác. Vì đồng tiền mà bào đồng bào thì đâu còn đáng thương. Nó thừa biết nguồn gốc những sản phẩm gán mác nó mà. Trước giờ cách xử lý truyền thông của nó vẫn là im lặng trước thông tin xấu xong để đội truyền thông đẩy những bánh tốt lên phủ lại rồi nó mới lên tiếng kiểu vô tri không quan tâm: mình làm mình biết...
Sở dĩ không cần lên tiếng luôn, bởi hiện tại nó không dính tới nhãn hàng nào to tới cỡ quyết định sống còn... còn Tiên thì khác, mới trúng được nhãn hàng to bự nên phải bảo vệ hợp đồng thôi.
Ncl nổi lên bằng mác tử tế thì nên làm điều tử tế chứ quay về bào đồng bào thế thì lại không tử tế lắm...",Phẫn nộ,False,,
cmt_showbiz_021_0053,showbiz_021,Có khi nào các cuộc thi hoa hậu đều ....🫣🫣,Cà khịa,False,,
cmt_showbiz_020_2440,showbiz_020,"Ai nhắm mắt làm ngơ nv,hay đúng kiểu con voi chui qua lỗ kim",Trung lập,False,,
cmt_showbiz_044_1784,showbiz_034,Lộ Long mạch rồi sác ơi 😂,,True,,
cmt_showbiz_034_2070_r16,showbiz_034,"Duy Son Nguyen tôi gọi thằng Tiểu Nhân thì đúng hơn.
Hoạn nạn biết nhau ngay. Bts mõm vcc mà nhiều đứa vẫn tung hô thằng tiểu nhân Mõm đấy.",Trung lập,False,,
cmt_showbiz_011_0053,showbiz_011,Tôi bắt đầu quý J97 hơn sau phiên live này r vì a J97 tệ nhưng ảnh k lèm bèm như thằng này :))),Cà khịa,False,,
cmt_showbiz_044_1154,showbiz_034,"😭😭😭 Ngày này cuối cùng cũng đã đến. Thằng này có mấy dự án công nghệ toàn đi lừa nhà đầu tư. Trước đó tôi cũng bị lừa tham gia cái dự án cho vay ngang hàng p2p do nó hô hào, may mà không mất tiền gốc, nhưng không được tý lợi nhuận nào, trước đó app p2p của nó cam kết lợi nhuận 18%/năm, nhưng đến ngày đáo hạn thì không rút được lãi.app tên là tienngay.vn . Cầu trời cho nó phải trả giá.",,True,,
cmt_showbiz_033_0001_r85,showbiz_033,Nguyễn Việt Tùng một con vịt béo rơi vào đầm cá sấu đói lâu ngày mà lại toàn cá sấu chuyên môn nghiệp vụ cao thì liệu vịt còn béo được không? E rằng xương cũng không còn😄,Cà khịa,False,,
cmt_showbiz020_2829_r63,showbiz_020,"Mèo Nghếch đúng rồi a ạ. Các cụ có câu tiền mất phật biết. Ko biết đốt tiền, làm mâm cao cỗ đầy, xây lăng to mộ đẹp các cụ có được hưởng hay ko. Nhưng đấy là tấm lòng thành của con cháu. Chắc chắn các cụ sẽ tự hào và đón nhận.",Trung lập,False,,
cmt_showbiz005_0003_r18,showbiz_005,Mie Victorya zack bị m cắn ai cắn bà,,True,,
cmt_showbiz_009_0264,showbiz_009,"nhận xét về 2 bạn này thì mình thấy đều thông minh kiếm tiền giỏi. Ý kiến cá nhân là cơ bản ngay từ đầu 2 bạn đã ko hợp tuổi. Xem qua vài đoạn thì thấy VR có vẻ ko trả lời đúng trọng tâm đang né tránh điều gì, nhưng cũng có một số mình cho là thật. Còn NK thì mình xin lỗi nếu là mình thì mình sẽ có chút cảnh giác thông qua cách bạn ấy nói. 2 bạn đều thành công trong cv của mình tốt nhất là dừng lại êm đẹp nên kiếm ai khác hiền lành đừng làm chung ngành chắc sẽ tốt hơn",Trung lập,False,,
cmt_showbiz020_0125_r01,showbiz_020,Nguyễn Kỳ Châu hehe,,True,,
cmt_showbiz_044_1512,showbiz_034,"Tiền lừa đảo ăn chơi phè phỡn ..liệu đã đi hết 5 châu ..
Câu lạc bộ Juvetut đang chờ 
Giờ là Xác chứ không phải shark nữa .",Trung lập,False,,
cmt_showbiz_043_1514,showbiz_033,Vẫn cười tươi lắm.,Trung lập,False,,
cmt_showbiz_011_0277,showbiz_011,vẫn là thề :)),,True,,
cmt_showbiz023_0068_r16,showbiz_023,Nhung Phạm ê đúng suy nghĩ nha 🤣🤣,,True,,
cmt_showbiz007_0029_r18,showbiz_007,"Quyên Trần nói thẳng ra cô này cũng muốn bám vào th này. Chứ người bth dĩnh bẫy lần đầu thì lo chạy rồi. Ăn ko được phá cho banh hết. Khố.n như nhau.
Cô này tạo đk cho th kia càng khố.n ch.ó. Chứ nếu cổ là ny chính thức thì khi phát hiện có con trà chen vào cổ lại bình tĩnh tâm sự tỉ tê với nhau. Cả 3 kh.ốn nạn như nhau. Chỉ có con bé nhỏ là tội nhất, gánh chịu hết những gì cha mẹ nó tạo ra",Trung lập,False,,
cmt_showbiz007_0029_r26,showbiz_007,"Trng Ngoc Anh thì đúng rồi. Mà ý t nói là kỳ kinh hậu sản nó kéo dài cả nửa tháng. Và nữa, huyết dư đã hết cũng đâu có nghĩa tử cung b sẳn sàng qh. Qh như vậy cho lên máu sản hậu chếc à? Bs nói ít nhất sau 4- 6tuần. Vậy b trừ từ ngày phá đến thêm 4 tuần đi, thì sao đến th5 lòi ra thai 3 tháng?
Th J nó có ch.ó cỡ nào cũng ko thể qh với ng đang dưỡng thai sản và người phụ nữ cũng ko thể thè.m khát để cho ch!t đc. Vì dễ co giật, thậm chí thăng thiên.",Trung lập,False,,
cmt_showbiz021_0004_r04,showbiz_021,Trần Mạnh Ninh 4 đến 6 củ thì chắc chỉ trừ lỗ đjt' =))),Cà khịa,False,,
cmt_showbiz030_0002_r01,showbiz_030,Trịnh Tấn Sum kiếm mớ view trước đã,,True,,
cmt_showbiz_008_0117,showbiz_008,Trần Thành Được khó lói =))),,True,,
cmt_showbiz_043_0314,showbiz_033,Chỉ có con bị thần kinh nó mới mỉm cười khi vào tù…,Trung lập,False,,
cmt_showbiz018_0045_r12,showbiz_018,"Đặng Kim Hương 
Ừa mình nghĩ Rumor ngoại tình là đúng á. Mà đang có hai phe, bà Tizi cũng im lìm nên khó phân biệt ai thui.",Cà khịa,False,,
cmt_showbiz_043_0364,showbiz_033,Ôi. Mai mốt họ cho tại ngoại ấy mà,,True,,
cmt_showbiz020_1543_r14,showbiz_020,Lê Hoà,,True,,
cmt_showbiz_044_0933,showbiz_034,Kinh khủng￼,Trung lập,False,,
cmt_showbiz_033_0001_r52,showbiz_033,"Hồng Chill giờ ăn uống gia đình đóng tiền Theo quy định nên đi tù béo hú, ở chỗ nhà mình gần trại giam nên thấy tù nhân được ra tù béo hỏi họ họ bảo như vậy",Cà khịa,False,,
cmt_showbiz_034_0017_r02,showbiz_034,"Lê Sơn kkk , coi thời sự ít thôi",,True,,
cmt_showbiz_020_3520,showbiz_020,"Kinh dịch online à ? Xem vận nước thế nào mà dân khổ quá trời hết thiên tai từ bắc vô nam … bố mẹ thì ăn uống toàn thức ăn tăng trọng, dầu giả , trẻ sinh ra uống sữa giả  .. nhớn tí thì tắm sữa giả , ốm đi viện gặp thuốc giả …",Trung lập,False,,
cmt_showbiz019_0184_r03,showbiz_019,Page này lập ra để nhắc mọi người cắt đầu moi ê t đang kiếm nhỏ Duyên năm xưa mà tìm k ra nhỏ đó m ơi,Trung lập,False,,
cmt_showbiz020_2842_r01,showbiz_020,Duc Hanh đúng vậy,,True,,
cmt_showbiz004_0013_r06,showbiz_004,"Phòng, chống ma túy - Công an TP. Hồ Chí Minh nhà cán bộ làm thêm nghề tay trái là bán muối đúng ko",Cà khịa,False,,
cmt_showbiz009_0039_r02,showbiz_009,"Gia Nhi Nhi nhưng mà ở chung thì sao nó có cơ hội ngoại tình nhỉ, bộ bà ko check đt nó hay sao, hay nó giấu con bb3 chỗ nào. ý là tui ko biết thật vì tui cũng đang ở chung với ny, mong bà có thể chia sẻ để tui có thêm kinh nghiệm 🥹",Trung lập,False,,
cmt_showbiz_012_0072,showbiz_012,Mới có hàng chục tỷ đồng thôi à . Thế mấy cái liên quan hàng ngàn tỷ đồng sao thấy im ắng quá ta .,Cà khịa,False,,
cmt_showbiz_033_1940_r216,showbiz_033,Tuyền Văn Hóa  Đi giữa hai hàng lính. Chị ung dung mỉm cười ( 😂),Trung lập,False,,
cmt_showbiz_033_1940_r20,showbiz_033,Tuyền Văn Hóa đại gia phú thọ Nguyễn Hoan,,True,,
cmt_showbiz_033_1700_r01,showbiz_033,Thái Hoàng béo mới bắt,,True,,
cmt_showbiz_044_0277,showbiz_034,Nguyễn Mai tiếp nè,,True,,
cmt_showbiz_034_2069_r05,showbiz_034,Boo Nhi bé nhỏ chuẩn lắm lun,,True,,
cmt_showbiz_020_1527,showbiz_020,Ae mình cứ trốn thuế r đi tù thôi. Hẹ hẹ 🐧🐧🐧,Trung lập,False,,
cmt_showbiz_020_0572,showbiz_020,Viết luôn 2.700 tỷ cho dễ đọc đi,Trung lập,False,,
cmt_showbiz_033_0001_r43,showbiz_033,"Nguyễn Việt Tùng nói ko thể nào đúng hơn, chỉ có chuẩn",Ủng hộ,False,,
cmt_showbiz020_2841_r69,showbiz_020,Ngọc Việt Nam bạn lại tay nhanh hơn não rồi. Đọc và nghĩ thật kỹ.,Trung lập,False,,
cmt_showbiz_023_0064,showbiz_023,Truong Tuyet,,True,,
cmt_showbiz_033_1942_r47,showbiz_033,Dõan Đại Hiệp nghiên ko đi tù mấy đâu nó đi chung tâm cai nghiện thôi hình như vẫn được bỏ phiếu hay sao ý,Trung lập,False,,
cmt_showbiz_033_0001_r119,showbiz_033,"Phan D. Anh vào vài ngày đã thấy eo thon thả rồi ra tù nhà mạng ai cho chạy quảng cáo , nói ai nghe  lúc ý chỉ có tiếng là lừa đảo",,True,,
cmt_showbiz_044_1934,showbiz_034,Đưa tiền cho Shark 😂😂😂,Trung lập,False,,
cmt_showbiz_024_0086,showbiz_024,Tò lâu đấy,Trung lập,False,,
cmt_showbiz004_0014_r02,showbiz_004,"Phòng, chống ma túy - Công an TP. Hồ Chí Minh đốt bể nước thì phải đổ xăng vào để đốt ạ? Hay đổ dầu ạ? Hay chỉ cần cho rơm vào là đốt đc ạ?",Trung lập,False,,
cmt_showbiz_021_0197,showbiz_021,"Hoa càng thơm càng nhiều ong bướm nó bâu, và sẽ đem đến nhiều nấm độc",Trung lập,False,,
cmt_showbiz_043_1568,showbiz_033,bà hường này tươi nhit,Trung lập,False,,
cmt_showbiz_033_1955_r07,showbiz_033,Dũng Nguyễn bạn này nói quá đúng,,True,,
cmt_showbiz020_0066_r02,showbiz_020,Dũng Văn Võ cấy ảnh tặng quà đạ chán,,True,,
cmt_showbiz_005_0057,showbiz_005,Ngn Kim Anh ảnh tổng tài quá nè,,True,,
cmt_showbiz_033_0003_r02,showbiz_033,Trung ÊTô ông có mần chuyện nghĩ dưỡng chưa rành thế 😆😆😆,,True,,
cmt_showbiz_044_2204,showbiz_034,"Làm sai thì bị bắt là đương nhiên, không có gì lạ",Trung lập,False,,
cmt_showbiz_009_0289,showbiz_009,Xem live mà k thấy sao anh giải thích nhân viên mang ddvs lên nhà xếp -))))),Trung lập,False,,
cmt_showbiz019_0304_r21,showbiz_019,"Tram Nguyen người ngang là má :)) dẫn chứng tào lao thiên địa, má đọc hết cmt reply cmt má chưa🤣mỗi má tào lao thôi đó",Trung lập,False,,
cmt_showbiz_021_0017,showbiz_021,Ủa rẻ vậy sao :) cố gắng bỏ lợn 200k 1 ngày chỉ tháng trời là có được các em á hậu luôn à 🤣🤣,Cà khịa,False,,
cmt_showbiz014_0040_r01,showbiz_014,😂😂😂,,True,,
cmt_showbiz_033_1946_r59,showbiz_033,Trung Nguyên ngu còn lỳ không từ thiện sao đi lừa được mà tốt với xấu,Trung lập,False,,
cmt_showbiz_020_1507,showbiz_020,"Hoan hô, hốt hết lũ đào lửa cho nhẹ nhàng đất nước",Trung lập,False,,
cmt_showbiz_033_0001_r72,showbiz_033,Nguyen Anh Tuấn đúng vậy bạn,,True,,
cmt_showbiz016_0028_r04,showbiz_016,Luna ăn bánh đa🌙 tôi ở tầng riêng mà có mình tôi thôi 🐧,Trung lập,False,,
cmt_showbiz_012_0188,showbiz_012,Tôi giờ toàn dung luật mới ra thôi. Chứ chiếu theo thời điểm đó họ có vi phạm nhưng ko đến mức. Nhà nước cần khoanh vùng tội và các quy định luật pháp từng thời điểm giai đoạn.,Trung lập,False,,
cmt_showbiz_020_1551,showbiz_020,Oanh Tran ơi,,True,,
cmt_showbiz_007_0267,showbiz_007,A Jack của t mãi đỉnh😒❤️❤️,,True,,
cmt_showbiz_044_1816,showbiz_034,Chú lùn lấy phải em tai lộ ván thiên kkk đáng đời thằng phản bội vk cũ,Trung lập,False,,
cmt_showbiz021_0019_r04,showbiz_021,Quyến Nidalee còn éo bằng thằng bạn anh bo tiếp viên nữa chứ thị trường dạo bão hoà về giá cả quá tàn khốc :)),Cà khịa,False,,
cmt_showbiz011_0046_r10,showbiz_011,Nguyen Thu Ngan đi ăn với Tiên Ngân đã phải trả tiền lần nào chưa. Rồi,Cà khịa,False,,
cmt_showbiz_020_0964,showbiz_020,giau ko đôi thu,Trung lập,False,,
cmt_showbiz018_0008_r01,showbiz_018,Trà Mi Đoàn gồng cũng lâu,Cà khịa,False,,
cmt_showbiz_020_0680,showbiz_020,Thêm 3 số 0 nữa là thành Vạn à,Trung lập,False,,
cmt_showbiz_033_0001_r46,showbiz_033,"Hùng Mộc v a chưa nghe r,vào tò toàn ăn tôm hùm,cua hoàng đế,dùng đt như bthg,đi tập gym,chỉ tội k đc ra khỏi trại thôi a ạ",Trung lập,False,,
cmt_showbiz_020_1672,showbiz_020,Quốc Tùng,,True,,
cmt_showbiz_043_0633,showbiz_033,"Thể hiện một gương mặt coi thường phát luật, loại này phải kịch khung khoản 3 = 20 năm tò. Và bới thêm vài tội nữa tổng hợp cho em tròn 30 năm.",Trung lập,False,,
cmt_showbiz_033_1940_r60,showbiz_033,Bảo Nam Ngô theo bạn gọi là gì,,True,,
cmt_showbiz_034_0500_r01,showbiz_034,Kim Đông Trần shark Đông,,True,,
cmt_showbiz_044_2004,showbiz_034,🥰🥰🥰,,True,,
cmt_showbiz_033_1940_r125,showbiz_033,Nhà nươc để họ tồn tại thì họ tồn tai chứ sao bạn phải thắc măc,Trung lập,False,,
cmt_showbiz_033_0001_r128,showbiz_033,"Nguyễn Việt Tùng chính xác! Chỉ mất danh dự thôi, còn vẫn cười vui không có gì phải buồn hết đâu, tất cả vẫn bình chân như vại",Cà khịa,False,,
cmt_showbiz_034_2080_r06,showbiz_034,Nguyễn Viết Thắng cho hỏi nồi cơm điện bị tội gì vậy???hay mấy thằng tiktoker bú fame kiếm tiền làm phiền?,Trung lập,False,,
cmt_showbiz011_0010_r01,showbiz_011,Xuân Anh Trịnh Trần 629 ng mỗi ng 130k 🤣,,True,,
cmt_showbiz_020_1814,showbiz_020,Huỳnh Thy idol kìa,,True,,
cmt_showbiz_044_0114,showbiz_034,"Đã là người nổi tiếng, nay càng nổ tiếng hơn!! Đúng nhà giàu cũng khóc!!",Trung lập,False,,
cmt_showbiz013_0043_r02,showbiz_013,Trần Chí Hiếu ￼🤧,,True,,
cmt_showbiz024_0060_r01,showbiz_024,Uhy Rc LN hả bạn?,,True,,
cmt_showbiz_022_0058,showbiz_022,Lần này thì thua rồi Thắng ơi https://vietnamnet.vn/sau-on-ao-bao-hanh-tiktoker-thang-khong-kip-bi-nhan-hang-cham-dut-hop-tac-2492321.html,,True,,
cmt_showbiz_011_0181,showbiz_011,Thế là = jack r,,True,,
cmt_showbiz018_0012_r08,showbiz_018,Nữ NHi phụ nữ giờ qua hay bàn tay vẫn chưa xác dc dc bến đỗ cuối,Cà khịa,False,,
cmt_showbiz_034_1078_r51,showbiz_034,"Dây treo nhãn mác, tem nhãn, tag quần áo Phúc Gia góp hụi , cho vay … không thể ăn cướp tiền của những người dân đóng góp nhé mặc dù nói mình là nạn nhân nhưng nhiều lần ( 2 lần lấy tên 2 cty khác nhau  ) lặp lại thủ đoạn tương tự đó chính là có mục đích lừa đảo chiếm đoạt tài sản của nhiều người dân lành khác nhau nhé … các cơ quan chức năng có thẩm quyền sẽ điều tra rõ và trừng phạt nghiêm kẻ lừa đảo chiếm đoạt tài sản của người dân lành theo luật pháp)",,True,,
cmt_showbiz_008_0076,showbiz_008,Thùy Linh chồng m sao kì quá dị,,True,,
cmt_showbiz020_2145_r04,showbiz_020,Hóng Hớt VE88 Mai đi xa.kkk,,True,,
cmt_showbiz_033_1510_r01,showbiz_033,Linh Nguyễn nói ròi mà,,True,,
cmt_showbiz020_1004_r13,showbiz_020,"Vu Doan Tram Anh vụ hoàng hường bị bắt cả tuần rồi, các bà xóm tôi vẫn cứ bảo đang đi từ thiện,, báo nói láo 🤣🤣🤣🤣",Trung lập,False,,
cmt_showbiz_020_0408,showbiz_020,Con số này đọc ntn vậy mn 😅,Trung lập,False,,
cmt_showbiz019_0018_r02,showbiz_019,So Ko :)) 2 ông bà kia ngốc quá đang nổi tiếng ăn nên làm ra nhất là QL sau ổng là cả trăm ng đang đc ổng giúp mà lại tin tưởng rồi lại tham thêm để giờ như này 🙏🏻,Trung lập,False,,
cmt_showbiz_033_1953_r26,showbiz_033,Nguyễn Trãi thất học à,,True,,
cmt_showbiz_030_0155,showbiz_030,"Tranh luận qq gi mua vv thì kiện thôi, sợ cc hay contenr câu view câu like haizzz",Trung lập,False,,
cmt_showbiz020_2838_r01,showbiz_020,Huỳnh Trúc chắc ba mẹ thằng nói bần nông chắc cha mẹ nó bần hèn mới sinh ra bần hèn như nó🫤🫤🫤🫤ko có bần nông nó ăn cứt chứ cơm đâu mà ăn,Trung lập,False,,
cmt_showbiz004_0004_r03,showbiz_004,"Phan Thanh : cá mập chỉ làm ng ta mất tiền thôi, còn cái này là mạng người đấy. Đi phát quà cho trẻ em mồ côi nhưng lại khiến nhiều đứa trẻ khác thành nguy cơ mồ côi mẹ. Sai rõ rồi nhận đi mà sửa, chứ nói ngang thế này ai nghe đc.",Cà khịa,False,,
cmt_showbiz_010_0029,showbiz_010,Hài hước,Trung lập,False,,
cmt_showbiz_044_0018,showbiz_034,"Tịch thu vì đã giàu sướng quá mà, làm đường cho dân đi ah",Cà khịa,False,,
cmt_showbiz032_0040_r01,showbiz_032,Tường Vi nghe ứng xử của tân hh chx bn,,True,,
cmt_showbiz021_0001_r02,showbiz_021,TOP Comments 18 củ có ít quá ko 🤣,,True,,
cmt_showbiz_033_1952_r14,showbiz_033,Nguyễn Thị Thu Trang mẹ t đây trời ơi nói bà không nghe nhà còn chắc 10 túi nước giặt đồ . Nó tặng gì bà cũng mua,Trung lập,False,,
cmt_showbiz_022_0003,showbiz_022,Nhìn mặt thằng này là thấy hai chữ Vũ Phu trên mặt rồi,Trung lập,False,,
cmt_showbiz_004_0067,showbiz_004,Lừa  người ta bao nhiêu vô t,Phẫn nộ,False,,
cmt_showbiz_034_2089_r01,showbiz_034,Anh Huy giờ nó xấu hổ không đám mở mắt đâu,Trung lập,False,,
cmt_showbiz_012_0058,showbiz_012,Cô nàng đẹp nhờ,,True,,
cmt_showbiz_020_1008,showbiz_020,Ôi giờ mất hết rồi đau khổ quá,Trung lập,False,,
cmt_showbiz022_0006_r01,showbiz_022,Nó còn uy hiếm đăng của 2 vợ chồng kìa…chị vợ có đăng đây mn Vân Vani,Trung lập,False,,
cmt_showbiz020_1003_r06,showbiz_020,Tuấn Lang mặt mày như cái lồn vậy chó nó nhận mà xin vào làm,Trung lập,False,,
cmt_showbiz011_0027_r05,showbiz_011,Ngọc Hoa mỗi ngày kiếm hàng trăm triệu.đầu có sỏi của người ta đấy,Cà khịa,False,,
cmt_showbiz_004_0137,showbiz_004,"Vào các post đó đọc cmt mới thấy đáng sợ, đáng lo... Toàn bênh với thương cảm thôi...",Đồng cảm,False,,
cmt_showbiz_044_0259,showbiz_034,Nhiều tiền để làm gì cuối cùng cũng không được hưởng,Trung lập,False,,
cmt_showbiz_034_2084_r02,showbiz_034,Hoàng Đức Troi không cho an.,,True,,
cmt_showbiz_043_0903,showbiz_033,coi thường Pháp Luật,Trung lập,False,,
cmt_showbiz016_0009_r18,showbiz_016,Minh Hiếu có ai nhắc gì đến đẳng cấp ở đây à :)),Trung lập,False,,
cmt_showbiz_034_1077_r02,showbiz_034,Giang Nguyen nhập kho chưa,,True,,
cmt_showbiz_017_0011,showbiz_017,",,,,,",,True,,
cmt_showbiz_033_1598_r01,showbiz_033,Đàm Công Bằng vl. Anh cũng vậy luôn à :))),,True,,
cmt_showbiz011_0028_r03,showbiz_011,Nguyễn Vân Quỳnh chac tại nó vẫn mún kiém tiền tren tiktok :)))) đã xấu còn tệ mà lại lèm bèm nữa 🙂‍↔️,Cà khịa,False,,
cmt_showbiz_011_0201,showbiz_011,í là nếu có con tht mà chối còn đào hoa như v nghiệp chắc chồng đống :)),Cà khịa,False,,
cmt_showbiz_034_2080_r11,showbiz_034,Bui Duc Thiet tìm hiểu thì bạn sẽ hiểu,,True,,
cmt_showbiz_044_0495,showbiz_034,Tài quá tài,Trung lập,False,,
cmt_showbiz_044_2140,showbiz_034,Ếch chết cái miệng,Trung lập,False,,
cmt_showbiz_043_0280,showbiz_033,Trùm cuối,Trung lập,False,,
cmt_showbiz_019_0432,showbiz_019,Kim Ngân đọc vụ này chưa 2,,True,,
cmt_showbiz_044_2079,showbiz_034,"Vào tầm ngắm rồi, chứ chả có gì tự nhiên cả",Trung lập,False,,
cmt_showbiz_044_2226,showbiz_034,"Chả có gig tự nhiên cả .ăn ở thất đức ,lừa đảo nhân quả đến ngay",Trung lập,False,,
cmt_showbiz009_0019_r01,showbiz_009,"Uyn Phạm ủa, tôi cũng để ý đoạn đó 😮",Trung lập,False,,
cmt_showbiz_020_0543,showbiz_020,Nguyễn Bạch Hiền bùn quá kb đọc luôn :)))),,True,,
cmt_showbiz004_0001_r15,showbiz_004,"J.ul thằng mày khôn y như thằng Tiến trong vụ Quang linh, phúc hưởng họa kệ mẹ mày 🥴",Phẫn nộ,False,,
cmt_showbiz006_0027_r04,showbiz_006,Thảo Phương ? Ảnh đâu có liêm :(,,True,,
cmt_showbiz_020_1638,showbiz_020,Mỹ Nhanh,,True,,
cmt_showbiz020_0492_r01,showbiz_020,Nguyễn Bảo Ngọc chính xác.,,True,,
cmt_showbiz_020_1826,showbiz_020,Lủm,,True,,
cmt_showbiz_033_0001_r153,showbiz_033,Hồng Chill V nhìn ô Quyết đi vài tháng tưởng chết ở trổng k đấy,Cà khịa,False,,
cmt_showbiz_033_1940_r389,showbiz_033,Hue Phan chuẩn nhé,,True,,
cmt_showbiz019_0182_r12,showbiz_019,Nguyễn Đồng Không nên xài Châu Phi mà nên xài hàng Việt,Trung lập,False,,
cmt_showbiz009_0040_r20,showbiz_009,"Sạp hàng xinh lớn quá he, đã he",Trung lập,False,,
cmt_showbiz_033_0001_r56,showbiz_033,Nguyễn Việt Tùng tiền phải sạch cơ. Chứ tiền bửn thì các bác lại để cho mà tiêu cơ á 😁,Cà khịa,False,,
cmt_showbiz_044_2158,showbiz_034,Ngồi trong trại không được ngậm ti xilicon của con ca ve nữa thì mới hết được ngu muội. Bỏ vợ bỏ con lấy con ca ve thích nhiều tiền lên làm liều .,Trung lập,False,,
cmt_showbiz_024_0217,showbiz_024,Nhờ chơi ma túy nên mới có được sự sáng tạo phong phú.,Trung lập,False,,
cmt_showbiz025_0029_r08,showbiz_025,"Thái Hồng

Bạn là người Việt Nam lịch sự và có văn hóa phải không! Bạn đang đại diện cho dân tộc nào vậy!
Khi giao tiếp, tôn trọng người khác là tôn trọng chính mình. Tiên học lễ, hậu học văn. 

Bạn có khả năng và trình độ để phản biện ôn hòa một tý được không!

Khi giao tiếp trên mạng xã hội, người khác không nhìn thấy bạn và không biết bạn là ai, nhưng họ biết được bạn là hạng người như thế nào trong xã hội này.

Đất nước mình cần có thêm nhiều người biết giao tiếp có giáo dục, có văn hóa, và có tình người.
Buồn lắm thay, còn có quá nhiều người như bạn vậy. 

Thiếu tình người, thiếu văn hóa!
Lũ giặc Nội Xâm là đây!",Trung lập,False,,
cmt_showbiz018_0013_r05,showbiz_018,Nguyễn Hòa gian gian díu díu mập mờ mới hạnh phúc á😂😂,Cà khịa,False,,
cmt_showbiz020_1632_r01,showbiz_020,Kiều Trinh k makeup,,True,,
cmt_showbiz008_0011_r04,showbiz_008,Trịnh Gia nào k cay,,True,,
cmt_showbiz_018_0488,showbiz_018,Lẹ,,True,,
cmt_showbiz_007_0302,showbiz_007,Chích Bông Đóm Nhỏ idol mày nè:)) ,,True,,
cmt_showbiz_030_0228,showbiz_030,Hết cứu,Trung lập,False,,
cmt_showbiz_033_1949_r68,showbiz_033,Ngọc Trâm làm từ thiện màu🤣,,True,,
cmt_showbiz018_0035_r12,showbiz_018,Thuỳ Linh ngta thường kêu huấn luyện viên thì không ra sân 🤣,Cà khịa,False,,
cmt_showbiz_020_3353,showbiz_020,Ko có gì để soi nữa hay sao mà mang cả mồ mã dòng họ của người khác ra để bàn luận sân si họ có đất có tiền muốn xây thế nào là quyền của họ miễn ko phạm pháp là dc,Trung lập,False,,
cmt_showbiz_044_1115,showbiz_034,"nó tuyên bố gia đình có đủ 150 tỉ là đủ sống khỏe re. Do nó lùa dc tầm đó, nó khỏe lắm 😃",Trung lập,False,,
cmt_showbiz_033_1981_r08,showbiz_033,Chẩu Duẩn thật rồi về tội quảng cáo quá sản phẩm và chốn thuế,,True,,
cmt_showbiz020_2832_r01,showbiz_020,Hương Phan thê moi bi bat,,True,,
cmt_showbiz_034_1090_r25,showbiz_034,Hàng Nhật nội địa  chính hãng Bình mồm lông nha,Trung lập,False,,
cmt_showbiz_018_0078,showbiz_018,Show ân ái thường out rất nhanh😂,Cà khịa,False,,
cmt_showbiz_032_0243,showbiz_032,Hahaa,,True,,
cmt_showbiz_008_0103,showbiz_008,zo cứu ck em kìa Nhi Huỳnh,Trung lập,False,,
cmt_showbiz015_0003_r09,showbiz_015,"Phạm Dũng ghê z, xem nó hút giải trí phết",Trung lập,False,,
cmt_showbiz_034_0036_r03,showbiz_034,"Tina Pham ông này mà phụ bạc j vk cũ nữa, vk cũ cũng đc chia bn tiền rồi. Trong đó có cả tiền ông đi lừa đảo cũng nên, giờ thì bả ấm túi.",Cà khịa,False,,
cmt_showbiz020_0151_r01,showbiz_020,Đời Vẫn Thế 2 ngàn 700 tỉ,,True,,
cmt_showbiz_004_0111,showbiz_004,"👁️👁️Khi nào Dân V bớt u mê, cảm tính gia truyền,thì mới hết bị đám kền kền nó lùa gà... 🤷🤷🤷",Cà khịa,False,,
cmt_showbiz_044_1405,showbiz_034,Ngạo mãn dạy dời nữa đi Bình cả nước ủng hộ cho Thằng này lên thớt..,Trung lập,False,,
cmt_showbiz_020_1841,showbiz_020,Quéo queo quèo,Trung lập,False,,
cmt_showbiz_018_0113,showbiz_018,Hay làm content về hôn nhân lắm sao giờ chia tay kì z,Cà khịa,False,,
cmt_showbiz_020_0197,showbiz_020,"Đọc tin Anh vừa hay vừa vui !.
Úi da...
""Chẳng biết tay ai làm lá sen""....",Trung lập,False,,
cmt_showbiz020_2729_r02,showbiz_020,Phan Thị Thanh Hiền rồi chị đổi được làn da nào chưa,Trung lập,False,,
cmt_showbiz_008_0038,showbiz_008,Sao Sở k cấm luôn cả Negav luôn nhỉ? Nói về lệch lạc thì Jack nó còn gọi thg này bằng sư phụ,Trung lập,False,,
cmt_showbiz_034_2080_r03,showbiz_034,"Nguyễn Viết Thắng À, tin chuẩn rồi thì ok",,True,,
cmt_showbiz_033_1940_r508,showbiz_033,Dương Nguyễn Huy Thủy tích xanh thỳ ít có sai lắm,,True,,
cmt_showbiz_020_0097,showbiz_020,Tại sao dưới camera của CA lại hiện nguyên hình thế nhỉ,Trung lập,False,,
cmt_showbiz_033_1437_r17,showbiz_033,Hường Nguyễn Thị án điểm,,True,,
cmt_showbiz_023_0138,showbiz_023,Xem thêm: https://f.vgt.tv/8ypZ,,True,,
cmt_showbiz004_0011_r02,showbiz_004,"Trần Thị Ngọc Dung bọn nó ngu thì chịu fan con 98 với thằng này toàn óc bò, truyền bá đồi trụy, tư tưởng lệch lạc…",Phẫn nộ,False,,
cmt_showbiz_033_1940_r22,showbiz_033,Tuyền Văn Hóa trời ơi.trách gì mà nó làm màu nhiều tiền đến thế....ôi.được mấy người hết bệnh khi uống hàng khủng của nó đây....,Trung lập,False,,
cmt_showbiz_044_0880,showbiz_034,Lám😀ăn. Toàn gian dối lừa đảo mới giầu,,True,,
cmt_showbiz_043_1472,showbiz_033,"Chắc xem cụ hàm fe nhiều quá,, có bị bắt vẫn phải cười",Trung lập,False,,
cmt_showbiz019_0046_r02,showbiz_019,"Hải Đăng thứ mặt dày vô sỉ, nó đi ăn xin mà xin 4 tỏi, 6 tỏi như kiểu 4triệu 6 triệu ấy nhể 🙄",Trung lập,False,,
cmt_showbiz_043_1351,showbiz_033,Al đó😆,Trung lập,False,,
cmt_showbiz_011_0248,showbiz_011,h vi rút chỉ thua rách ở 2 đứa con,Phẫn nộ,False,,
cmt_showbiz_009_0065,showbiz_009,Y  Như con  virut tiêu chảy,,True,,
cmt_showbiz_020_0397,showbiz_020,Nhiều số 0 quá,Trung lập,False,,
cmt_showbiz009_0027_r09,showbiz_009,Page này giúp phục hồi nhân cách con người t đẹp hơn con mẹ mày là đc mà. Biết thế hồi xưa t bảo con mẹ mày đừng đẻ ra mày luộc quả trứng ăn cho nó còn hơn giờ đau l ồn núp ẩn mà comment ẩn danh🤧 đúng là fan của một tk ruồi chỗ l nào cũng bâu nói 🐶,Phẫn nộ,False,,
cmt_showbiz_044_2159,showbiz_034,Đánh tiếc cho nhân tài đất nước chĩ vì một sơ suất nhõ mà giờ phải vào vòng lao lý,Trung lập,False,,
cmt_showbiz_044_0317,showbiz_034,Phải nói là Shark B này quá giỏi và hiểu biết về Thương mại điện tử mới đứng lên làm điều hành dc. Giờ thì gặp áo xanh ngoan như gì luôn.,Trung lập,False,,
cmt_showbiz012_0005_r09,showbiz_012,Nguyễn Phước Thành nó ị lên bàn thờ nhà mày à?,,True,,
cmt_showbiz015_0005_r16,showbiz_015,Đạt Tóc Kira trung bình mộ con,Trung lập,False,,
cmt_showbiz004_0002_r17,showbiz_004,Vân Gấu chả hiur nos thấy tội ở đâu . T là t lại k ghét HH nha. Mà tụi nó bênh riết thấy ghét. Nó bjk hết vẫn bán mà bảo vo toi,Phẫn nộ,False,,
cmt_showbiz007_0004_r09,showbiz_007,Ngọc Phan rồi con ruòi im mẹ đi,,True,,
cmt_showbiz_033_1946_r09,showbiz_033,Trần Lâm Hùng cái đó ko quan trọng ai phong bạt ko quan trọng! Quan trọng là những ai được nhận giúp đỡ từ họ? Chưa biết a học hàm học vị đến đâu chớ a nói câu trên là đủ hiểu anh như nào? Chắc gì a đã giúp đỡ được ai trên cuộc đời này mà nói họ này kia,Trung lập,False,,
cmt_showbiz004_0017_r02,showbiz_004,"Phòng, chống ma túy - Công an TP. Hồ Chí Minh 😆, hỉu luôn nhé!",Cà khịa,False,,
cmt_showbiz_012_0048,showbiz_012,"Nếu sự thật là như vậy …
Ôi… ở đời bởi nhìn đẹp, có tài. Bề ngoài thôi…
Bên trong thì “CHƯA CHẮC”. 😳🙂‍↔️

Đẹp & tài phải đi luôn với chữ ĐỨC mới được 🫥.
Đẹp + tài nhưng hình như “chưa thông minh”. Vì thông minh thì sẽ không tù tội & NỢ . 🫣",Đồng cảm,False,,
cmt_showbiz_012_0138,showbiz_012,một thời nổi tiếng,,True,,
cmt_showbiz_020_2899,showbiz_020,"giờ t mới thấy sự lợi hại của Thầy Minh Tuệ , làm từ thiện hàng tỷ cũng ko = giữ giới 1 ngày , nếu mà bị bớ thật thì cũng ko biết nói sao luôn 🤐",Trung lập,False,,
cmt_showbiz_012_0130,showbiz_012,Tham thì thâm,Phẫn nộ,False,,
cmt_showbiz004_0009_r25,showbiz_004,Thành Vịnh hong Hồng Hạnh,,True,,
cmt_showbiz_020_0044,showbiz_020,Các đối tượng lày quảng cáo khắp các trang mạng,,True,,
cmt_showbiz_023_0177,showbiz_023,Sinh thì càng tốt có gì mà phải lo cho họ  hả các bác,Trung lập,False,,
cmt_showbiz019_0188_r03,showbiz_019,Chinh Chinh hong có khịa bạn🤣🤣,,True,,
cmt_showbiz004_0015_r02,showbiz_004,Giác Ngộ 1 đêm được bn mà tiền tiêu thả cửa,Trung lập,False,,
cmt_showbiz_033_1940_r444,showbiz_033,Tracy Tran mày với bố mày loạnluan à,,True,,
cmt_showbiz_011_0002,showbiz_011,Quốc Đông,,True,,
cmt_showbiz_043_1211,showbiz_033,"đúng câu nói "" lấy của người giàu chia cho người nghèo"" 8đ",Cà khịa,False,,
cmt_showbiz012_0006_r15,showbiz_012,"Van Le ko phải hàng ngàn hàng triệu người hiện nay đều thanh toán khác với tiền ghi trên hợp đồng, và đó là dân sự, k phải hình sự. Nhắm bắt hết ko.",Trung lập,False,,
cmt_showbiz_018_0169,showbiz_018,Đặng Thanh Trúc sao t thấy quài v m,,True,,
cmt_showbiz018_0125_r01,showbiz_018,Linh Huynh đúng z bà ơi 🤣🤣🤣,,True,,
cmt_showbiz_034_1080_r44,showbiz_034,"Nguyen Hoa Binh sao lại chỉ dừng ở bài học hả chú, mình phải dừng ở chịu hậu quả cơ",Trung lập,False,,
cmt_showbiz018_0039_r01,showbiz_018,Helena Phạm tuấn dương đẹp trai hơn mà bà 🤣,Trung lập,False,,
cmt_showbiz_011_0107,showbiz_011,"Chính xác, riết lướt để tìm thông tin bổ ích đọc cũng ko có, mấy trang cứ toàn đu theo đăng để câu view. Mà vấn đề hết sức nhảm nhí",Cà khịa,False,,
cmt_showbiz_043_0432,showbiz_033,"Nụ cười sẽ tắt thôi , hàng ngàn tỉ cơ mà ko thể án treo đc … idol của mẹ tao , mẹ tao nói nó vẫn đi từ thiện kìa chắc là ghép hình thôi 😆🐧",Trung lập,False,,
cmt_showbiz_006_0001,showbiz_006,"Vụ bê bối tình cảm giữa Jack và Thiên An mãi không đi đến hồi kết. Trong buổi gặp gỡ truyền thông để ""tố"" những góc khuất trong mối quan hệ với diễn viên Thiên An, Jack cho biết muốn thực hiện nghĩa vụ làm cha với con gái chung của cả hai, đồng thời đã nhờ Pháp luật vào cuộc giải quyết. Suốt thời gian qua, Thiên An không nhắc đến sự việc này, hạn chế xuất hiện trên MXH hay sự kiện showbiz.

Đến tối 19/12, trên fanpage chính thức của Jack có đăng tải thông báo cập nhật diễn biến mới nhất. Phía Jack cho biết nam ca sĩ đã đến cơ quan chức năng để phối hợp xử lý vụ ồn ào với Thiên An nhưng nữ diễn viên lại tiếp tục vắng mặt. Trong bài đăng này, phía đại diện Jack mong muốn Thiên An cùng phối hợp để sự việc được giải quyết.

Cụ thể, thông báo từ công ty Jack như sau:

Công ty J97 Promotion xin trân trọng thông tin đến quý khán giả, đối tác và người hâm mộ:

Vào lúc 14 giờ 00 phút, ngày 19/12/2025, nghệ sỹ của chúng tôi là ông Trịnh Trần Phương Tuấn ( Jack - J97 ) đã có mặt tại Tòa án Nhân dân Khu vực 2 – Thành phố Hồ Chí Minh để tham gia đối chất theo giấy triệu tập của toà án, liên quan đến vụ kiện "" Tranh chấp về xác định cha cho con "" giữa ông Trịnh Trần Phương Tuấn và bà Trần Nguyễn Thiên An.

Tuy nhiên trong buổi triệu tập lần này, không có mặt bà Trần Nguyễn Thiên An cũng như không có người đại diện để cùng tham gia làm việc.

Hôm nay, trong buổi làm việc với cơ quan chức năng, phía nghệ sỹ chúng tôi cùng gia đình và luật sư đại diện tham dự phiên tòa với tinh thần thượng tôn pháp luật, đồng thời mong muốn sự việc sớm được giải quyết đúng trình tự và thực hiện trách nhiệm như thông báo ban đầu của nghệ sỹ, nhằm hạn chế những thông tin sai lệch từ một phía làm ảnh hưởng suốt nhiều năm qua. Chúng tôi hy vọng trong quá trình xử lý tiếp theo sẽ nhận được sự phối hợp của các bên liên quan để vụ việc nhanh chóng kết thúc.

Mọi thông tin chính thức tiếp theo (nếu có) sẽ được cập nhật thông qua các kênh truyền thông chính thống của Công ty J97 Promotion.

Rất mong nhận được sự công tâm, thấu hiểu và chờ đợi từ quý khán giả. Xin chân thành cảm ơn.

Hồi tháng 7/2025, Jack mở họp báo lên tiếng về ồn ào cũng như thông báo tái xuất. Trong gần 2 tiếng, Jack và mẹ không giới thiệu sản phẩm âm nhạc như mong đợi, mà chủ yếu dành thời gian nói về mối quan hệ với Thiên An, chuyện chu cấp, quyền làm cha và những áp lực tinh thần nặng nề mà họ từng phải chịu đựng. Mẹ Jack nhiều lần bật khóc, bênh vực con trai và kể xấu về Thiên An. Jack trải lòng về việc từng nghĩ quẩn, xưng hô là ""ba"" và có lời nhắc nhủ trực tiếp đến bé Sol. Nam ca sĩ cho biết sẽ nhờ pháp luật can thiệp để làm rõ trách nhiệm.

Đến tháng 8/2025, TAND Khu vực 2 (TP.HCM) đã tiếp nhận bản tự khai của bà Trần Nguyễn Thiên An (SN 1998, TP.HCM) - bị đơn trong vụ án hôn nhân và gia đình số 152/2025/TLST-HNGĐ liên quan đến ""tranh chấp về xác định cha cho con"" với nguyên đơn là ca sĩ Trịnh Trần Phương Tuấn (Jack/J97). Trong bản tự khai, Thiên An nêu rõ quan điểm không đồng ý toàn bộ yêu cầu khởi kiện của Jack. Theo cô, phía nguyên đơn đưa ra yêu cầu thì phải có trách nhiệm cung cấp đầy đủ chứng cứ để chứng minh, cụ thể là việc xác định cháu bé Đ. có phải là con ruột của Jack hay không.

Khi đó, Thiên An cũng xin vắng mặt trong toàn bộ quá trình giải quyết vụ án, bởi bản thân không phải là người phát sinh tranh chấp trực tiếp. Cô khẳng định không có nhu cầu hòa giải hay thương lượng với Jack và đề nghị tòa án xem xét không tiến hành thủ tục hòa giải.

Trong bảng tự khai, Thiên An viết: ""Tôi phải dành nhiều thời gian để chăm sóc, gần gũi, thương yêu con tôi. Tôi phải dành nhiều thời gian để tập trung vào công việc, để có điều kiện chăm sóc con và gia đình được tốt nhất. Tôi không thể tham gia toàn bộ quá trình tố tụng tòa án giải quyết vụ án. Do vậy tôi xin quý tòa cho tôi được vắng mặt trong suốt quá trình tố tụng (vắng mặt tất cả các buổi làm việc, hòa giải, công khai chứng cứ, xét xử vụ án). Trong quá trình giải quyết vụ án, khi tôi vắng mặt, những vấn đề liên quan tới tôi, tòa án có thể làm việc với phía luật sư bảo vệ quyền và lợi ích hợp pháp cho tôi hoặc người ủy quyền của tôi"".

Theo Đời sống Pháp luật",,True,,
cmt_showbiz_020_1868,showbiz_020,Vu Anh Nguyen,,True,,
cmt_showbiz_007_0164,showbiz_007,Truyền thông bẩn câu like rẻ mạt,Trung lập,False,,
cmt_showbiz_012_0101,showbiz_012,Ma ma phật phật không biết đường mô mà lần!,Cà khịa,False,,
cmt_showbiz_034_0006_r02,showbiz_034,Hương Phạm Nguyen có ko bạn..,,True,,
cmt_showbiz019_0093_r01,showbiz_019,"Ha Thu Tran quyền Linh, cát tường,... trước đây quảng cáo cho thuốc - thực phẩm chức năng ảnh hưởng sk còn tệ hơn. Mấy viên kẹo này ko có gì đáng nói.  No FB vì tạo trang và họ nóiqc  quá dễ. Cần thì Google search và website cho chắc.",,True,,
cmt_showbiz018_0019_r02,showbiz_018,Trần Văn An mưa tới đâu mát tới đó … ít nhất 2 bạn ấy có 11 năm còn hơn ai đó muôn đời nát,Ủng hộ,False,,
cmt_showbiz_020_2434,showbiz_020,Ở Việt Nam ko làm phi pháp thì làm cái méo gì giàu nhanh dữ vậy 🙄,Trung lập,False,,
cmt_showbiz_012_0118,showbiz_012,Mang mác nghệ sĩ ra nên dễ đào lửa 😆,Cà khịa,False,,
cmt_showbiz_004_0231,showbiz_004,Xử lý nghiêm loại mặt người dạ t.hú này,Phẫn nộ,False,,
cmt_showbiz_020_2870,showbiz_020,Mai Đi Xa là có thật :(,,True,,
cmt_showbiz_021_0024,showbiz_021,"Làm gì có bông tuyết nào là trong sạch 
🫩",Cà khịa,False,,
cmt_showbiz_020_2185,showbiz_020,Oanh Nguyen,,True,,
cmt_showbiz_033_1952_r17,showbiz_033,Tuan Tran Minh hah năm ngoái xem n đi từ thiện ở làng nủ tôi nói luôn là đm tôi mà lừa đảo bán hàng giả các thứ đc 1000 tỏi tôi cũng đi từ thiện 100 tỏi .mục đích n đi từ thiện chg qua là để đánh bóng tên tuổi nhằm mục đích bán hàng chứ có cái lol mà từ tâm .nhưng sợ những ng mù quáng vào chửi kêu đã lm j giúp đc dân như chưa .cmn m.n chỉ nhìn thấy n giúp đc một số ng nhận từ thiện từ các MTQ nhưng đm n số ng n giúp chỉ bằng 1/1000 thậm chí là 1triệu ng bị n lừa .,Trung lập,False,,
cmt_showbiz_033_0001_r160,showbiz_033,"Hùng Mộc nhớ đợt bà Hằng ko, có người giặt đồ, quạt cho ngủ luôn kìa.",Cà khịa,False,,
cmt_showbiz004_0001_r14,showbiz_004,"Phòng, chống ma túy - Công an TP. Hồ Chí Minh nào xích xủng cả chân thế cán bộ ! nhìn như tội mai thuý :)))",Cà khịa,False,,
cmt_showbiz_009_0291,showbiz_009,Giải thích cồng kềnh nguỵ biện v,Trung lập,False,,
cmt_showbiz_033_1940_r299,showbiz_033,Trung Hải cái nên nói vẫn phải nói hh,,True,,
cmt_showbiz_012_0102,showbiz_012,"Vàng trong dân còn nhiều, lấy vậy cho nhanh khỏi phải nghĩ cách chi cho mệt.",Cà khịa,False,,
cmt_showbiz016_0040_r03,showbiz_016,Kheng Lê xin tên game,,True,,
cmt_showbiz004_0001_r02,showbiz_004,"Phòng, chống ma túy - Công an TP. Hồ Chí Minh xích quả chất lượng thế cán bộ.",Cà khịa,False,,
cmt_showbiz_033_1940_r147,showbiz_033,Nguyễn Tĩnh tin vịt câu viu,,True,,
cmt_showbiz_033_1941_r70,showbiz_033,Mai Hương ko phải sai lầm mà là cố tình làm  sai trốn thuế biết sai mà còn làm thì sửa kiểu gì ai cũng làm sai thì sửa như bạn thì tham ô hối lộ khắp nước thì cái xã hội này coi như bỏ,Trung lập,False,,
cmt_showbiz_020_3630,showbiz_020,"Bố chị lên làm sao được như từ cầm thành  ,chúc gd sớm nhận ra",Trung lập,False,,
cmt_showbiz_020_3673,showbiz_020,"Tổ sư bố thằng chủ kênh, hãm lol thế, viết quả stt mà ko biết nghĩ à",Trung lập,False,,
cmt_showbiz_044_1210,showbiz_034,"Chỉ có làm ăn phi pháp lừa đảo mới giàu ,đề nghị pháp luật vào cuộc",Trung lập,False,,
cmt_showbiz004_0008_r03,showbiz_004,Hải Yến kkk,Cà khịa,False,,
cmt_showbiz_030_0263,showbiz_030,Mới bây lớn mà lươn lẹo vậy rồi mai mốt khỏi ngóc đầuuu,Trung lập,False,,
cmt_showbiz_009_0025,showbiz_009,Ê là có bằng chứng nào chứng minh ông này ngoại tình không mấy ông mấy bà,Trung lập,False,,
cmt_showbiz_025_0016,showbiz_025,Chỉ biết cầu mong cho bạn ấy mau về nhà để lo cho đứa trẻ bị thiệt thòi nhất.,Trung lập,False,,
cmt_showbiz020_2841_r10,showbiz_020,"Ngọc Minh Minh gia đình e là trưởng tộc à, cái này nó cũng là nhân quả của từng người nên c cũng không thể can thiệp sâu",Trung lập,False,,
cmt_showbiz_033_1943_r03,showbiz_033,Ni Han Ni giống nhà em ạ,,True,,
cmt_showbiz_044_1895,showbiz_034,"Ở Vn toàn làm ăn chộp dựt phi vụ chứ làm bài bản có án cám, mà cám đéo có mà ăn
Làm ăn tử tế mà cống nộp ít, k đủ mồm bọn abcxyz thì nó cũng nhẹ thì hành cho bạc mặt lú người nặng thì có thể cho vào bẫy vi phạm PL",Trung lập,False,,
cmt_showbiz_020_2745,showbiz_020,Nhật Sơn,,True,,
cmt_showbiz009_0021_r06,showbiz_009,KY Le đúng rùi. Xưa tui cũng tg ny có ng t3. Hoá ra là ái kỷ đấy😆.,Đồng cảm,False,,
cmt_showbiz_021_0015,showbiz_021,Vãi tưởng phải vài nghìn đô chứ nhỉ,Cà khịa,False,,
cmt_showbiz_034_1080_r01,showbiz_034,"Nguyen Hoa Binh điếm, thất đức.",,True,,
cmt_showbiz008_0003_r07,showbiz_008,Robin Sang  tr má có phải lời bài hát là óc l..ồ....n giống m đâu =))))  mà bày đặt hát hát lên nữa.  hài vaiz kkkkkkk,Trung lập,False,,
cmt_showbiz_018_0390,showbiz_018,màu mè cho cố,Trung lập,False,,
cmt_showbiz020_2614_r05,showbiz_020,Saw Moo Ler xem con mẹ M đi,,True,,
cmt_showbiz_004_0168,showbiz_004,"Camera của mấy chú CA hơn là kính chiếu yêu, ng ta chụp nhìn như búp bê lung linh là thế, mà qua tay các chú chụp yêu quái còn thua 😆",Cà khịa,False,,
cmt_showbiz024_0019_r01,showbiz_024,Trung Nguyễn và phải có “sức hút”,,True,,
cmt_showbiz_011_0138,showbiz_011,Điều tốt đẹp giường như đang bị bỏ quên,Đồng cảm,False,,
cmt_showbiz_020_3746,showbiz_020,"Bth thôi, cũng đâu thiếu mịe gì vua xuất thân bần cố nông, xuất thân hoàng tộc rồi thì cũng bán nước chứ hay ho gì.",Trung lập,False,,
cmt_showbiz_033_0001_r151,showbiz_033,Dưỡng Bình Giang vào đấy cho các anh quản trại dưỡng cc ấy bro😆😆,Cà khịa,False,,
cmt_showbiz009_0002_r07,showbiz_009,Nguyễn Ngọc Thái Vy,,True,,
cmt_showbiz_007_0197,showbiz_007,,,True,,
cmt_showbiz012_0010_r01,showbiz_012,Nguyễn Tuyến,,True,,
cmt_showbiz025_0001_r09,showbiz_025,Nguyễn Hào suy nghi là cái gì thế =)),,True,,
cmt_showbiz_043_0303,showbiz_033,"Kinh nghiệm cho thấy nhiều người bị tóm tỏ vẽ buồn bã vào hình sẽ xấu nên ta phải cười thì hình mới đẹp,",Trung lập,False,,
cmt_showbiz_016_0019,showbiz_016,Ko nhầm ảnh này ông Độ tự lên mà :))) dc mấy hôm rồi,Trung lập,False,,
cmt_showbiz_020_2415,showbiz_020,Quá hay,Trung lập,False,,
cmt_showbiz016_0009_r10,showbiz_016,Phan Khanh Phát huy gì cơ? Nói nhảm gì thế?,,True,,
cmt_showbiz_033_1978_r44,showbiz_033,Hà Nguyên Ngu thì nói bé thôi,,True,,
cmt_showbiz_033_0001_r172,showbiz_033,Hùng Mộc  Vụ Trương Mỹ Lan sao rồi ông. Bố của án điểm luôn chứ con này ăn nhằm gì?,Cà khịa,False,,
cmt_showbiz011_0040_r03,showbiz_011,Mei Hario thì mấy con kia toàn ngoo mà :))) khôn đeo' ai dây cả cưt'. Mấy con đấy thích ăn cưt thì cno đc như ý mà,Cà khịa,False,,
cmt_showbiz_011_0273,showbiz_011,"😏 hôm trước vừa thấy chửi Đóm Chúa kinh lắm, giờ thì bể ra cũng dơ k khác gì",Cà khịa,False,,
cmt_showbiz_020_1118,showbiz_020,"Tin giả thôi, bắt đâu mà bắt",Trung lập,False,,
cmt_showbiz_004_0069,showbiz_004,Tui nói r mà k lâu đâi,Trung lập,False,,
cmt_showbiz_013_0091,showbiz_013,"Xem cái biểu cảm của nó khi nghe năm tỷ sáu kìa, nó khoái gì đâu 😂",Trung lập,False,,
cmt_showbiz015_0011_r07,showbiz_015,Thái Văn Lâm xây bằng tiền của tụi bêy á. Thạm chí bằng 1 phần của tụi bây thôi,Trung lập,False,,
cmt_showbiz018_0037_r06,showbiz_018,"Cái văn đểu , ngụy công tử 🤣🤣😂",Trung lập,False,,
cmt_showbiz_011_0204,showbiz_011,Khứa phá thai cầu siêu vcc thật,Phẫn nộ,False,,
cmt_showbiz_020_1398,showbiz_020,"Làm sạch thị trường để xã hội tạo ra giá trị thật, để những doanh nghiệp làm ăn đoàng hoàng có cửa phát triển",Trung lập,False,,
cmt_showbiz_043_0702,showbiz_033,"Vì chả ảnh hưởng, tiền đầy 😆",Trung lập,False,,
cmt_showbiz021_0015_r02,showbiz_021,Duy Oppa 6tr đô/lần thì mấy bố tỉ phú cũng thua :)),Cà khịa,False,,
cmt_showbiz020_0020_r01,showbiz_020,Hà Hà Thị Huyền lên mạng như thiên thần ở đồn công an như bà nhặt bìa chai kkk,Trung lập,False,,
cmt_showbiz_044_0019,showbiz_034,Tết này chia hết cho dân,Cà khịa,False,,
cmt_showbiz_033_0705_r01,showbiz_033,Trường Shady Càng đăng càng....lộ...😅,,True,,
cmt_showbiz_044_1509,showbiz_034,Cuối Cùng cũng chỉ là Mèo vặt lừa gạt,,True,,
cmt_showbiz_033_1940_r19,showbiz_033,"Tuyền Văn Hóa Từ thiện để phông bạc ư, để nổi tiếng nhằm bán được nhiều hàng giả hàng kém chất lượng siêu lợi nhuận, bà con dùng nhẹ thì mất tiền còn nặng thì sinh bệnh, đây mới là điều gây phẫn nộ nè",Trung lập,False,,
cmt_showbiz004_0002_r03,showbiz_004,"Phòng, chống ma túy - Công an TP. Hồ Chí Minh cán bộ ơi sao phải xích cả chân thế ạ? E hỏi thật vì e k biết ạ",Trung lập,False,,
cmt_showbiz011_0020_r01,showbiz_011,Trang Heli Trang Heli k mấy m nhét quả pháo vào mõm nó đc k:)))),Cà khịa,False,,
cmt_showbiz_033_1940_r534,showbiz_033,Xinh Vũ kk cũng từng chải chứ chị,,True,,
cmt_showbiz_020_2430,showbiz_020,Quá tuyệt vời,Trung lập,False,,
cmt_showbiz020_0136_r12,showbiz_020,Quang Thịnh  2 ngàn 700 tỏi Vnd,,True,,
cmt_showbiz_033_1404_r07,showbiz_033,Minh Khôi 2k tỏi + thêm mở rộng điều tra thì chắc ko còn cơ hội mà về tiêu đâu,Trung lập,False,,
cmt_showbiz023_0004_r03,showbiz_023,Bác Sĩ Leoo nhưng mà bãtheo đạo công giáo á,Trung lập,False,,
cmt_showbiz015_0007_r01,showbiz_015,"Thiên Trúc đã là người có sức ảnh hưởng tới giới trẻ mà phát ngôn thế sao
Thử hỏi có bao giờ sơn tùng chửi địt địt ko",Trung lập,False,,
cmt_showbiz_044_2322,showbiz_034,Vk cũ. Ngồi cười hả hê :(,Trung lập,False,,
cmt_showbiz_033_1993_r01,showbiz_033,Cường Bk Chia cho GĐ bn xíu,,True,,
cmt_showbiz020_2829_r94,showbiz_020,Mèo Nghếch đr,,True,,
cmt_showbiz004_0001_r01,showbiz_004,J.ul cùng ý kiến,Cà khịa,False,,
cmt_showbiz020_1510_r01,showbiz_020,năm nay juventus chiêu mộ toàn hảo thủ,Trung lập,False,,
cmt_showbiz_043_0279,showbiz_033,Chắc có chuẩn bị tâm lý trước và để lên hình cho đẹp.,Trung lập,False,,
cmt_showbiz_020_2458,showbiz_020,Sếp mai 1975. Đề hnay về 50. Có ae nào về bờ ko,Trung lập,False,,
cmt_showbiz_044_1993,showbiz_034,https://s.shopee.vn/8fJH1Vkesk,,True,,
cmt_showbiz_033_1941_r02,showbiz_033,Xôi Lạc 🤣🤣🤣🤣,,True,,
cmt_showbiz_033_0007_r19,showbiz_033,Hưng Mục nhưng bên trong là bể rộng🐧,,True,,
cmt_showbiz_020_3008,showbiz_020,Ken Vu,,True,,
cmt_showbiz_012_0020,showbiz_012,Đúng là “Đồng tiền xương máo” 😂,Cà khịa,False,,
cmt_showbiz_007_0199,showbiz_007,Mai Hà Linh chắc đây,,True,,
cmt_showbiz_033_0001_r224,showbiz_033,Hùng Mộc vô tỏ có tiền vẩn thỏa mái . Gập chồng con bt ma .,Cà khịa,False,,
cmt_showbiz022_0015_r08,showbiz_022,"Lương Linh ko hề nhé, do con vk mặc cả.m tự t.i rồi gen bóg gen gió khiến ngta mệt mỏi thôi",Trung lập,False,,
cmt_showbiz_024_0103,showbiz_024,Còn ông bà nào trong showbic thì lòi ra nốt đi cho nó sạch sẽ.,Trung lập,False,,
cmt_showbiz_011_0057,showbiz_011,Lèm bèm ít thôi Đặng Tiến Hoàng,Cà khịa,False,,
cmt_showbiz020_2841_r53,showbiz_020,Duy Hung thế hả thằng culi đáy xã hội :))) chăm dắt xe cho khách còn có cái bỏ vào mồm,Trung lập,False,,
cmt_showbiz_033_1940_r145,showbiz_033,Tuyền Văn Hóa quá siêu luôn,,True,,
cmt_showbiz007_0016_r03,showbiz_007,Diệp Hải Quỳnh tật ở mồm :V,,True,,
cmt_showbiz016_0011_r04,showbiz_016,Điều Hoà bài này độ ngu cao bằng nào ông nhỉ,Cà khịa,False,,
cmt_showbiz020_0132_r15,showbiz_020,Tâm An viết đúng mà. 😂😂😂,,True,,
cmt_showbiz_020_0881,showbiz_020,Ui,,True,,
cmt_showbiz_020_3021,showbiz_020,chắc bọn rửa tiền nó mới giàu vậy chứ buôn bán mà lắm tìền thế,Trung lập,False,,
cmt_showbiz024_0004_r07,showbiz_024,Nguyễn Đăng Long chuẩn đét a ơi kaak,Trung lập,False,,
cmt_showbiz004_0008_r01,showbiz_004,Sophia Phan có cái giả là thật…haha,Cà khịa,False,,
cmt_showbiz_034_1079_r14,showbiz_034,Đào Thị Bích Thủy bình mặt lol đấy,,True,,
cmt_showbiz018_0035_r14,showbiz_018,Thuỳ Linh https://s.shopee.vn/4AlbrIY82r,,True,,
cmt_showbiz_020_2734,showbiz_020,Hoàng Thịnh,,True,,
cmt_showbiz009_0025_r04,showbiz_009,Thùy Vy cần gì bằng chứng =))))) từ đầu đã nhiều người k ưa thì giờ chỉ cần nhìn là ngta ngứa mắt r :)),Cà khịa,False,,
cmt_showbiz_009_0030,showbiz_009,"Thôi ai cũng là nạn nhân hếtt, là tại taooo",Trung lập,False,,
cmt_showbiz_034_1090_r12,showbiz_034,"Quan Giáo dạ dạ, chắc ai cũng mê bác nhỉ",Trung lập,False,,
cmt_showbiz007_0034_r04,showbiz_007,Châu Châu,,True,,
cmt_showbiz_034_0154_r06,showbiz_034,Trần Kim Ngân nghe mồm mấy thằng xạo lol này có ngày bán nhà. Nó xạo lol giỏi quá mới úp bô húp được 1 mớ đấy 😂,Trung lập,False,,
cmt_showbiz020_0028_r01,showbiz_020,Khuyến Minh chưa kể sẽ bị ung thư nhé,,True,,
cmt_showbiz007_0066_r03,showbiz_007,Trần Thanh Thảo đúng dồi đúng dồi 5 củuu,,True,,
cmt_showbiz_020_1457,showbiz_020,bao nhiêu ng thất nghiệp,Trung lập,False,,
cmt_showbiz_034_2072_r04,showbiz_034,,,True,,
cmt_showbiz_020_1796,showbiz_020,Woa,,True,,
cmt_showbiz_043_0935,showbiz_033,Nó biết án kinh tế thì chỉ cần dùng tiền để khắc phục và đi mất 1 vài năm là xong,Trung lập,False,,
cmt_showbiz_008_0389,showbiz_008,"Buổi họp báo của Jack diễn ra vào ngày 16/7 tại TPHCM, đánh dấu lần đầu tiên nam ca sĩ xuất hiện trước truyền thông sau những ồn ào về đời tư và sự nghiệp:

https://vietnamnet.vn/jack-bi-xu-phat-vi-to-chuc-hop-bao-ke-chuyen-doi-tu-2450880.html",,True,,
cmt_showbiz007_0002_r02,showbiz_007,Ta H Sam nhan cách nó còn méo chứ mồm méo là đúng r,Trung lập,False,,
cmt_showbiz032_0004_r05,showbiz_032,Anh Minh chuẩn dữ bạn,Trung lập,False,,
cmt_showbiz_023_0242,showbiz_023,"Ck vì ham của lạ mà đi Húp Sò Ca Ve …. Vk vì Tiếc Tiền làm đẹp dẫn đến hôn nhân đỗ vỡ 😭Các bà ơi đừng tin những lời đường mật của đàn ông kiểu như “ dù em có tn a vẫn yêu , nhưng các bà cứ đầu bù tóc rối , Bí.m Thâm , Rộng , Lông lá xum xuê .. nó chán ngay 
Ko tin các bà thử tân trang cô bé , tẩy lông sạch sẽ… Rồi dùng nước rửa Bí.m giúp Bí.m Thơm , Hồng , Khít các ông lại cưng như hồi mới yêu cho xem . Shop này có Kem Tẩy Lông tui tẩy mà u mê luôn phải gọi mướt mườn mượt  ck u mê luôn🙃kèm Nước rửa Bí. m THẦN THÁNH  bà nào cần ib shop này tư vấn nha... 
(Zalo: 0385815006) Huyền Phi Chính Hãng",Trung lập,False,,
cmt_showbiz020_2735_r02,showbiz_020,Bùi Huyền nhập 20k bán 2-3tr 1 lọ đó,,True,,
cmt_showbiz_020_3471,showbiz_020,Xoi lủng khu họ á nha ad,Trung lập,False,,
cmt_showbiz_044_0045,showbiz_034,Của thiên phải chả cho địa có tài mà ko có đức vất đi,Cà khịa,False,,
cmt_showbiz011_0031_r01,showbiz_011,Nguyen Viet Bao Trung nghi cái gì mà nghi? Lấy vk chưa nhanh nhanh còn đi ăn cưới,Cà khịa,False,,
cmt_showbiz008_0037_r02,showbiz_008,"Lý Huyền vu khống gì m, bắt phá thai kìa đào mộ mà xét nghiệm adn",Trung lập,False,,
cmt_showbiz_012_0100,showbiz_012,"Hèn chi ẻm kinh doanh sao giàu  dữ thần,  xuất  hiện sang trọng. Thì  ra đào  lửa mà  có",Cà khịa,False,,
cmt_showbiz_034_1281_r01,showbiz_034,Táo Rụng Sân Đình  kkkk,,True,,
cmt_showbiz030_0014_r01,showbiz_030,Phat Le ngta nghỉ đẻ má ơi :),,True,,
cmt_showbiz_033_1947_r78,showbiz_033,Phạm Nga mong bạn sớm vào trại gặp HH 🤣,Trung lập,False,,
cmt_showbiz_020_1733,showbiz_020,Nuốt,,True,,
cmt_showbiz_043_1994,showbiz_033,"hh làm từ thiện k ai  phủi k đâu. Nhưng hh livetr  bán hàng quảng cáo tpcn đi quá câu từ của nganh y t ê .nhiều phát ngôn gây bưc xúc dư luận, PL nên mạnh tay với hh.răn đe trước pluât .lừa cư dân mạng truyền thông bán tpcn giá trên trời chai nươc súc miệng 200k. Thao túbg tâm lý dân mạng mình là người luôn tìm conten bẩn bu. Bám vào
Nganh dược bao nhiêu CTY DN LÀM chuẩn quy trình còn bị này kia. Mà hh ỷ tiền nên làm quá",,True,,
cmt_showbiz_020_1765,showbiz_020,Lên dĩa =)))),,True,,
cmt_showbiz_020_2172,showbiz_020,Tống Thị Diệu Hà,,True,,
cmt_showbiz004_0004_r15,showbiz_004,"Cuong Nguyen tui ko bàn việc nó làm sai nhưng nó có làm từ thiện vẫn tốt hơn mấy đứa ko làm mà, còn việc nó làm sai thì để luật pháp xử, cái nào nó làm tốt vẫn nên công nhận",Ủng hộ,False,,
cmt_showbiz_044_1130,showbiz_034,"Mọi thứ vẫn còn nằm trên chain không thoát khỏi đâu mà lo. Trước sau gì mọi thứ sẽ được phơi bày, quan trọng là bao lâu nữa thôi.",Trung lập,False,,
cmt_showbiz_044_0005,showbiz_034,Má ơi sao họ giàu giữ,Cà khịa,False,,
cmt_showbiz_033_1950_r02,showbiz_033,Trần Xuân Tĩnh trốn thuế thôi. =)) ng ta cungz giúp nhiều ng đó b,Trung lập,False,,
cmt_showbiz009_0027_r04,showbiz_009,Page này giúp phục hồi nhân cách con người nó trả mày bao tiền 😂,Trung lập,False,,
cmt_showbiz_044_1290,showbiz_034,Chân shark đi lạnh toát,Trung lập,False,,
cmt_showbiz_034_1080_r07,showbiz_034,Nguyen Hoa Binh Đê hèn,,True,,
cmt_showbiz_033_0001_r08,showbiz_033,Nguyễn Việt Tùng Đi tù chưa mà phát biểu hay d ba. haha,Cà khịa,False,,
cmt_showbiz019_0181_r51,showbiz_019,Annie Nguyễn dm ác :))),,True,,
cmt_showbiz016_0028_r11,showbiz_016,"Choi Minjun also trong hội chơi nhựa thì ae mới biết tôi là thk nào thôi 🐧 còn trong sinh hoạt đời thường thì tôi cũng chỉ là người bình thường như bao con người khác 🐧👍bro không cần đặt nặng vấn đề ""nổi tiếng"" thì mới lo ""ăn phốt"" đâu",Trung lập,False,,
cmt_showbiz_020_2509,showbiz_020,Muốn hốt thì trăm ngàn lí do chạy đâu cho thoát,Trung lập,False,,
cmt_showbiz_044_0331,showbiz_034,"Ui  chu choa sao mà giàu  giữ  vậy trời,  cho tui  bớt  100 tr cũng  được  để  tui mưu sinh  trang trải cuộc sống  với  chứ  để chị mà kẻ ăn không  hết  người  mần  không  ra  rứa  trời  thật là  bất công",Trung lập,False,,
cmt_showbiz014_0001_r17,showbiz_014,Marx's Helmet - Shop mũ Bảo Hiểm chính hãng vào vc luôn,Trung lập,False,,
cmt_showbiz_044_0011,showbiz_034,Năm nay quốc khổ lại được ăn no tết chúng mình cũng được 1.000.000,,True,,
cmt_showbiz_004_0223,showbiz_004,"Làm ăn thất đức ,nhân quả sẽ không chừa một ai",Phẫn nộ,False,,
cmt_showbiz_032_0241,showbiz_032,Bác Sĩ Sản Khoa,,True,,
cmt_showbiz_004_0070,showbiz_004,Con ranh lừa đảo nhìn cái mặt là đặc tên,Phẫn nộ,False,,
cmt_showbiz_004_0140,showbiz_004,Đang đọc thì công an zô à :)) chú Quang,,True,,
cmt_showbiz019_0004_r07,showbiz_019,Hóng Biến Đường Phố video shopee à,,True,,
cmt_showbiz_011_0252,showbiz_011,Nghe bạn ấy kể chuyện bỗng dưng thấy IQ lao đao gơm!,Cà khịa,False,,
cmt_showbiz025_0020_r02,showbiz_025,"Nguyên Nguyễn
Không ai sợ quân địch quá đông, nhưng ai cũng sợ đồng đội thiếu văn hóa và thiếu tình người!",Phẫn nộ,False,,
cmt_showbiz_033_1958_r15,showbiz_033,Hoà Lê Quang Ngu,,True,,
cmt_showbiz_011_0269,showbiz_011,Thằng ni hết thuốc chữa.,Phẫn nộ,False,,
cmt_showbiz_033_1940_r173,showbiz_033,Tuyền Văn Hóa hoàng hường bắt vì tội gi zay a,Trung lập,False,,
cmt_showbiz009_0047_r01,showbiz_009,Đặng Quốc Bình =)) ê,Trung lập,False,,
cmt_showbiz020_2614_r03,showbiz_020,Nàng Vui Nàng Đẹp Minh cũng như bạn. Gd con cái an học mấy ngàn nhân viên,Trung lập,False,,
cmt_showbiz_044_1658,showbiz_034,Lừa đảo mới nhanh giầu,Trung lập,False,,
cmt_showbiz018_0048_r13,showbiz_018,"Trần Loan đọc thấy mùi đổ lỗi, ng bị bệnh trầm cảm hay gì họ trách bản thân dữ lắm, chả dám quy trách nhiệm cho ai chứ ai như thằng này??? Đấy, chắc tại con vợ del cần trô dc nó đấy nên nó bị bệnh🤣",Trung lập,False,,
cmt_showbiz_043_0370,showbiz_033,bởi buồn cũng giải quyết đk mẹ gì đâu:)),Trung lập,False,,
cmt_showbiz_044_1073,showbiz_034,Kkkkk,,True,,
cmt_showbiz_020_1721,showbiz_020,hot https://ok999.me/nvctv,,True,,
cmt_showbiz_044_1537,showbiz_034,Ai mà tin cái thằng Lùn mã tử này!,Trung lập,False,,
cmt_showbiz_020_3675,showbiz_020,Tư tưởng giai cấp vcl,Trung lập,False,,
cmt_showbiz_009_0102,showbiz_009,sena là ng duoc lợi,Trung lập,False,,
cmt_showbiz009_0047_r07,showbiz_009,Phương Phương chắc seeding chứ t chả thấy ưa em này,Trung lập,False,,
cmt_showbiz_020_2210,showbiz_020,Hy Khôi,,True,,
cmt_showbiz_020_2905,showbiz_020,Juventus +1 bom tấn chăng???,Trung lập,False,,
cmt_showbiz018_0043_r03,showbiz_018,"Diệu Thanh chính ra nếu v thì là 1 thằng hèn, thà gay thì nói từ đầu",Trung lập,False,,
cmt_showbiz_033_0001_r97,showbiz_033,Hùng Mộc có tiền trong tù vẫn sướng hơn k tiền,Cà khịa,False,,
cmt_showbiz_033_0001_r158,showbiz_033,"Nguyễn Việt Tùng xem bà trương mỹ lan chưa?
đợt tới ra tòa giàm cân nhanh hơn thuốc xổ",Cà khịa,False,,
cmt_showbiz018_0035_r29,showbiz_018,Thảo Mộco,,True,,
cmt_showbiz006_0033_r02,showbiz_006,Vann Anhh clone?,Trung lập,False,,
cmt_showbiz_032_0173,showbiz_032,Ko khác chi học thuộc lòng,Trung lập,False,,
cmt_showbiz_020_3257,showbiz_020,chán thiệt đến xây mộ cho người nhà cũng bị lôi ra bàn,Cà khịa,False,,
cmt_showbiz_033_1973_r06,showbiz_033,Rặng Trâm Bầu mong là như vậy.,,True,,
cmt_showbiz_011_0243,showbiz_011,Chao ôi lấy sự nghiệp ra thề thốt coi bộ căng đét r đây,Cà khịa,False,,
cmt_showbiz_043_0371,showbiz_033,"Quảng cáo kg mất tiền 
Xong phát này lại lên xu thế thì lại càng ngon
Thánh nổ nó phải tầm cỡ như thế",,True,,
cmt_showbiz_033_1437_r16,showbiz_033,Hường Nguyễn Thị luật Việt Nam thua,,True,,
cmt_showbiz014_0004_r03,showbiz_014,Võ Ngọc ThưThư,,True,,
cmt_showbiz_018_0117,showbiz_018,Để bảo tồn tình yêu đôi khi phải có hành động dũng cảm :),Trung lập,False,,
cmt_showbiz_011_0078,showbiz_011,Đến 2 đứa này là ai mình còn đéo thèm quan tâm. Sao mà nó rầm dộ thế chứ lị,Phẫn nộ,False,,
cmt_showbiz_033_1974_r03,showbiz_033,Chi Tran toàn lợi dụng trẻ con bán hàng trục lợi,Trung lập,False,,
cmt_showbiz_020_1753,showbiz_020,Wonderful police 👮 vn !!!!,Ủng hộ,False,,
cmt_showbiz009_0021_r01,showbiz_009,Kim Xuyến,,True,,
cmt_showbiz007_0005_r17,showbiz_007,Xanh Dương còn thâm k ?,,True,,
cmt_showbiz_033_0001_r202,showbiz_033,Khai Võ m mới là thằng đầu tôm :))) ko hiểu được câu tao nói thì câm và cút,Cà khịa,False,,
cmt_showbiz_020_3480,showbiz_020,"Chẳng có gì là sai , có tiền mua đc cả tiên 👍👍",Trung lập,False,,
cmt_showbiz004_0016_r05,showbiz_004,Dương Vân hóng đôi ta về chung một nhà,,True,,
cmt_showbiz_017_0003,showbiz_017,,,True,,
cmt_showbiz_018_0088,showbiz_018,Không có tình yêu nào là mãi mãi😁😁😆,Cà khịa,False,,
cmt_showbiz_004_0006,showbiz_004,Ở VN chỉ có đem tiền thật đi mua đồ giả là thật 100%,Cà khịa,False,,
cmt_showbiz_024_0117,showbiz_024,Sáng tạo,Trung lập,False,,
cmt_showbiz_009_0096,showbiz_009,Thu Trang cũng có lí😂,,True,,
cmt_showbiz_020_1860,showbiz_020,Lên đường Bùi Chí Đông,Cà khịa,False,,
cmt_showbiz015_0003_r22,showbiz_015,"Thành Tín ừ khác quá mà,giống mỗi cái là cả 2 cái đều bị cấm thôi,lệnh có đấy rồi.sai là sai,mà sai thì phải nhận,toàn mấy thằng fan trẩu vào nào là lỡ,chắc k để ý,thế ông giết cmn người xong cũng ô cháu lỡ tay,với cháu k biết là k đc giết ng à.tính chất giống nhau khác hình thức thôi,đần độn vl",Trung lập,False,,
cmt_showbiz_019_0288,showbiz_019,"Xin lỗi lựa lúc đa số mọi người đã đi ngủ hết để hợp thức hóa cái sai của mình thì chịu rồi. Có gan ngậm tiền thì có gan nhận lỗi chứ. Dù gì thì cũng bít sai mà nhận lỗi,còn hơn bọn kia. Lần sau đừng có quảng cáo bừa như vậy nữa là dc.",,True,,
cmt_showbiz_004_0143,showbiz_004,,,True,,
cmt_showbiz_033_1951_r05,showbiz_033,Trần Đại Việt có nhiều kênh giả danh í,,True,,
cmt_showbiz011_0039_r06,showbiz_011,"Nguyễn An ngta bị chửi k cho đính chính trong khi thg viruss đòi quay clip , hay muốn để dân mạng zô chửi sml ????",Phẫn nộ,False,,
cmt_showbiz_011_0165,showbiz_011,Mồm thằng này láo bỏ mẹ . Nói jack bây h đến lượt mình🤣,Phẫn nộ,False,,
cmt_showbiz020_1026_r03,showbiz_020,"Thủy Gà đáng nhẽ nhà nước phải làm lâu rồi ,cái gì cũng giả ,kể cả sữa và siro của trẻ em , người dân phải nên mừng vì nhà nước mạnh tay xử lý ,cho những ai còn tham tiền từ bỏ ý định hại đồng bào đi.",Trung lập,False,,
cmt_showbiz_016_0046,showbiz_016,Sau đó anh độ và dàn cát lính tự bú lego 🦔👌,Cà khịa,False,,
cmt_showbiz_033_0011_r03,showbiz_033,Lê Thị Liên  được đeo lắc bạc hay gì?,,True,,
cmt_showbiz_033_1437_r21,showbiz_033,Linh Tran tốt lắm ko,,True,,
cmt_showbiz_044_0203,showbiz_034,Hôm qua là cá Mập -Hôm nay là cá lòng tong,Trung lập,False,,
cmt_showbiz_033_1941_r33,showbiz_033,Mỹ Dung thương hh qua b,,True,,
cmt_showbiz_011_0169,showbiz_011,Từ đó h đ thích thg L này rồi. H càng gét hơn. Kiểu này m tàn canh rồi,Cà khịa,False,,
cmt_showbiz_018_0095,showbiz_018,làm content triết lý tình yêu nhưng lại không cứu được tình iu của mình =))),Cà khịa,False,,
cmt_showbiz016_0020_r05,showbiz_016,Lò Vi Sóng Fake mà ông ơi =)))),,True,,
cmt_showbiz_021_0071,showbiz_021,Vl rẻ thế,Trung lập,False,,
cmt_showbiz016_0015_r03,showbiz_016,"Đỗ Trọng Minh chó to thật , chó Độ cao bằng pc luôn🐧",Cà khịa,False,,
cmt_showbiz_034_0604_r04,showbiz_034,Cuong Mặt Sắt cũng dễ hiểu thôi.  Hắn nhiều tiền rứa thì con quỳnh cốc sê chịu sao nổi.  🤣🤣🤣🤣,Trung lập,False,,
cmt_showbiz_020_2184,showbiz_020,Nịnh Khuyến,,True,,
cmt_showbiz_034_1078_r68,showbiz_034,"Dây treo nhãn mác, tem nhãn, tag quần áo Phúc Gia Ngày trước mình cũng thắc mắc ông luật sư làm nghề luật mà lên nhanh vậy. Và cách đây vài năm cũng bắt đầu thắc mắc ông kỹ sư công nghệ trẻ tuổi mà phất lên nhanh. Vậy ai đã đầu tư cho họ?",,True,,
cmt_showbiz020_2330_r02,showbiz_020,Quân Milano ok zai😂,,True,,
cmt_showbiz_020_3717,showbiz_020,"Xét về gốc gác ai mà chả xuất phát từ nông dân , kể cả là vua chúa . Còn xét về thuyết tiến hoá thì chúng sinh bình đẳng hết . Bọn k có tiền thi hay ghen ăn tức ị",Trung lập,False,,
cmt_showbiz_020_3080,showbiz_020,"Malisa có hiếu với bố mẹ ,  còn có người  ngày giỗ bố cũng ko  lên thắp cho  bố một nén nhang",Trung lập,False,,
cmt_showbiz_034_0012_r01,showbiz_034,Đinh Hoán ông nào thương vk toàn có cái kết giống tui 😂,Cà khịa,False,,
cmt_showbiz_009_0099,showbiz_009,"Từ lúc ra nhạc cái t đã thắc mắc là sao mà làm nhạc đúng thời gian thế, vừa live xong cái lập tức tung nhạc lên luôn, đâu đâu cũng thấy tung hô
Edit: bổ sung thêm là t ko bênh thằng này nhé, khi chưa biết rõ ngọn ngành ntn thì t sẽ k theo phe nào chửi bới hay tung hô 1 ai cả, những gì đc biết là lời nói 2 con người, mà ai thì cũng là nạn nhân trong câu chuyện của mình thôi",Trung lập,False,,
cmt_showbiz_043_1819,showbiz_033,K cần biết chụp ảnh gì HH cứ phải xinb tươi đã 😅,Trung lập,False,,
cmt_showbiz016_0011_r01,showbiz_016,Điều Hoà nừn ná nà na,,True,,
cmt_showbiz_033_1437_r42,showbiz_033,"Hường Nguyễn Thị Câu nói động viên của b ,theo mình phải vào tận nơi mới có tác dụng.",Trung lập,False,,
cmt_showbiz_033_0001_r141,showbiz_033,"Trần Vân thử nhốt mình trong nhà 1 tuần ko tivi, điện thoại, ko 1 cái gì đi rồi hiểu 😂",Cà khịa,False,,
cmt_showbiz_034_2079_r03,showbiz_034,Hùng Trần haha,,True,,
cmt_showbiz_020_1807,showbiz_020,"Hey Siri,lên thớt",,True,,
cmt_showbiz011_0034_r02,showbiz_011,Quynh Anh Nguyên thằng này nhìn mặt quắt tai rơi đã xấu còn xa nữa,Cà khịa,False,,
cmt_showbiz_020_2124,showbiz_020,Nga Bé,,True,,
cmt_showbiz_023_0080,showbiz_023,Ưng đồ bộ này bao nhiu năm vẫn chưa mò ra đc chỗ bán,Trung lập,False,,
cmt_showbiz020_1544_r01,showbiz_020,Nguyễn Minh chuẩn,,True,,
cmt_showbiz_018_0071,showbiz_018,"Cũng content yêu đương thì càng nhiều càng bội thực, bác sĩ tình yêu nhưng ko chữa được bệnh của mình",Cà khịa,False,,
cmt_showbiz_020_2154,showbiz_020,Sỹ Tình,,True,,
cmt_showbiz007_0005_r02,showbiz_007,Nam Hoàng nát cũng k cần khoá trang cá nhân mày ạ,Trung lập,False,,
cmt_showbiz_033_1940_r207,showbiz_033,Tuyền Văn Hóa con số quá khủng,,True,,
cmt_showbiz_008_0183,showbiz_008,Đúng là jack việc 😅,Trung lập,False,,
cmt_showbiz009_0050_r08,showbiz_009,Khả Vy cap lại méc dợ mấy ảnh,,True,,
cmt_showbiz_011_0175,showbiz_011,"Ngay từ hồi mới nổi, mình đã k ưa gì a Vai Rớt này r. Từ vụ 5 năm trc kia. T thật sự k hiểu kiểu gì. Ông này rõ mặt tiểu nhân mà cũng chả có gì gọi là UY TÍN cả. Ơ thế mà các chị e vẫn nhảy vào ầm ầm 🤔🤔 Làm t nhớ đến ông chủ mưu trong vụ sát hại chị giao gà cũng có khuôn mặt y chang",Phẫn nộ,False,,
cmt_showbiz_023_0072,showbiz_023,Nguyễn Hằng,,True,,
cmt_showbiz020_2833_r11,showbiz_020,Trúc Nguyễn là thành phố lăng bạn ơi,,True,,
cmt_showbiz_008_0180,showbiz_008,Chó x bắc,Trung lập,False,,
cmt_showbiz_020_3679,showbiz_020,thằng ad ni chắc chắn k thích chị mai. sân si. đời mày xây cho  bố mày đc cái mộ như chị ấy là nở nang dòng họ mày 3 đời rồi:)),Trung lập,False,,
cmt_showbiz_020_1883,showbiz_020,🥹,,True,,
cmt_showbiz_020_1271,showbiz_020,Công an đã vào cuộc rồi tất nhiên họ phải nắm rõ chứ kg gì là tự nhiên cả,Trung lập,False,,
cmt_showbiz_033_1945_r03,showbiz_033,Kuty Phúc chúng có đội ngũ chuyên cmt và like. Hoặc có thể là hacker,Trung lập,False,,
cmt_showbiz_020_1321,showbiz_020,giải thể là hết chuyện?,Trung lập,False,,
cmt_showbiz011_0045_r01,showbiz_011,Huỳnh Thảo 🏠 💧 ko nhúng tay vô thì chưa có hậu quả nào đáng cho bọn họ đâu.,Phẫn nộ,False,,
cmt_showbiz007_0021_r02,showbiz_007,Minh Ai Cập chắc giểt hay gi đó m ơi,,True,,
cmt_showbiz_043_1577,showbiz_033,Vẫn tươi lắm😤,Trung lập,False,,
cmt_showbiz_012_0223,showbiz_012,bắt là xàm xí,Trung lập,False,,
cmt_showbiz_033_1958_r11,showbiz_033,"Hoà Lê Quang làm từ thiện bây giờ là để đánh bóng tên tuổi để bán hàng chứ không cho không đâu, hàng thì toàn hàng đểu",Trung lập,False,,
cmt_showbiz_020_2206,showbiz_020,Đào Thảo,,True,,
cmt_showbiz020_2144_r56,showbiz_020,Nguyễn Thành Quang về bulon mẹ mày đi,,True,,
cmt_showbiz_033_0003_r07,showbiz_033,"Trung ÊTô Bạn hiểu thế nào là cách mạng màu không mà suốt ngày cách mạng màu, cách mạng màu vậy",Cà khịa,False,,
cmt_showbiz_012_0128,showbiz_012,Toàn người nổi tiếng vào lò,Cà khịa,False,,
cmt_showbiz015_0002_r06,showbiz_015,Chavoska04 bố mẹ nó đều xuất thân nhà nc đương nhiên nhận thức của nó sẽ lách luật tốt hơn QL thôi :v,Trung lập,False,,
cmt_showbiz018_0001_r23,showbiz_018,"Inside the Box Ngày xưa chê nên giờ thấy bt nè:)Yêu mỗi ng một kiểu. Thương tự biết dung hoà. Mấy cái content dạy sống sao, yêu thế nào nó nhảm nhí vãi luon á. Admin mấy cái page này bị trẻ trâu à. Thích quan điểm cá nhân lấy nick cá nhân mà cmt. Không ai là bò đâu mà",Cà khịa,False,,
cmt_showbiz018_0019_r04,showbiz_018,"Đúng rồi. Đồng ý với bạn, nhiều người trên đời này cũng nát lắm. May quá ko có mình",Ủng hộ,False,,
cmt_showbiz023_0004_r21,showbiz_023,Hoàng Ly có thể ko biết họ yêu nhau nhưng nếu đã có con thì chắc chắn chú rể sẽ bế về quê dù ko cho biết mẹ là ai chứ,Trung lập,False,,
cmt_showbiz_017_0075,showbiz_017,"muỗi đốt inox , kiếm vài chục tỷ , đi vài năm về , xong nghĩa vụ , khổ bao nhiêu bà mẹ mua cho con dùng , nó âm ỷ trong ng , hại gan hại thận , nhg đứa trẻ là ng chịu đau thương nhất",Trung lập,False,,
cmt_showbiz_034_1093_r02,showbiz_034,Man Phan bạn cũng rảnh quá ha 🤣🤣,,True,,
cmt_showbiz_034_2068_r21,showbiz_034,Tifosi đang bão lũ về tranh thủ nhặt được đồng nào hỗ trợ cho bà con bị thiên tai thì các sốp cứ tranh thủ,Trung lập,False,,
cmt_showbiz_043_1922,showbiz_033,Con Gái Giống Bố 😂,,True,,
cmt_showbiz018_0005_r03,showbiz_018,Phạm Ngọc Huyền Anh vụ CCC là do qtv lạm quyền với duyệt bài như sat chex chứ không phải là giáo dục giới tính nữa á b 🥹 vui với bổ ích nhất là tầm năm 17-18 🥹,Trung lập,False,,
cmt_showbiz_043_1692,showbiz_033,"Vào tò cũng phải thần thái , phải giữ hình tượng thật tươi mới chịu cơ",Trung lập,False,,
cmt_showbiz011_0034_r05,showbiz_011,Quynh Anh Nguyên thằng mỏ sêko thì tráo trở nhất thế gian,Cà khịa,False,,
cmt_showbiz_034_0009_r11,showbiz_034,Hrung Bya người ăn ko hết kẻ lần ko ra khiếp thật,Cà khịa,False,,
cmt_showbiz020_1054_r01,showbiz_020,Tiệm Đồ Xinh Xẻo em xin giá áo ạ,,True,,
cmt_showbiz020_3029_r12,showbiz_020,Minh Thiện kiểm tra khác với tịch thu nha bạn,Trung lập,False,,
cmt_showbiz_017_0006,showbiz_017,..,,True,,
cmt_showbiz004_0004_r04,showbiz_004,Cẩm Tú Nguyễn tui nhớ hoài n98 cho bé thổi lửa 15k.n98 rất thánh thiện 🤣,Cà khịa,False,,
cmt_showbiz011_0040_r05,showbiz_011,Linh Vũ thua Gia Cát Lượng đúng cái quạt,Cà khịa,False,,
cmt_showbiz_020_0921,showbiz_020,Chị mong đc cọc tiền đo thôi 😂,Cà khịa,False,,
cmt_showbiz_012_0033,showbiz_012,Ả lấy tiền nuôi trai trẻ,Cà khịa,False,,
cmt_showbiz004_0005_r17,showbiz_004,Muội Muội lại đi lừa tương tác đúng không? Lại dám vào cả đây spam kiểu này cơ à?,Phẫn nộ,False,,
cmt_showbiz015_0007_r03,showbiz_015,Thiên Trúc xíu cl t chứ xíu,,True,,
cmt_showbiz_034_0899_r05,showbiz_034,Hiếu Ngô Shark Hiếu cần máy đếm tiền không ???,,True,,
cmt_showbiz019_0301_r01,showbiz_019,Nguyễn Mai Anh t muốn nói chuyện vs luật sự,,True,,
cmt_showbiz009_0002_r14,showbiz_009,Thái Đông,,True,,
cmt_showbiz007_0005_r15,showbiz_007,Khắc Tâm đốm đốm hả.kkkk,,True,,
cmt_showbiz019_0001_r15,showbiz_019,"Thu An Giàu nhanh thì vậy, còn TPCN là mỏ vàng ở cả Tây lẫn Ta
Ai học tài chính sẽ hiểu
Lợi nhuận ít nhưng bán gấp nghìn lần kera mới là kèo chân ai của bọn lamf giàu",Trung lập,False,,
cmt_showbiz_018_0180,showbiz_018,"Đàn ông mà nói nhiều , sợ vc í",Trung lập,False,,
cmt_showbiz_012_0125,showbiz_012,https://vtv.vn/video-cong-an-tp-ho-chi-minh-doc-lenh-khoi-to-bat-tam-giam-truong-ngoc-anh-10025103121475915.htm?fbclid=IwY2xjawNx1fVleHRuA2FlbQIxMQABHle8Y5-Pr9y8kaJFMwUKaiigcy22UbddG03CCVPyGQNUk5-CwOuhFM5vsqqq_aem_xAPctDoufn7-nwvxG1zWuQ,,True,,
cmt_showbiz_018_0057,showbiz_018,Ê quen 11 năm…,,True,,
cmt_showbiz_033_1949_r10,showbiz_033,Ngọc Trâm trốn thuế 1800tỉ đấy. từ thiện chỉ để đánh bóng thôi.tôi k bao giờ nghe nó quảng cáo.sao mọi người si mê tung hô nó.đó số tiền khổng lồ.còn bao nhiêu thứ chưa điều tra ra hết nữa,,True,,
cmt_showbiz018_0042_r14,showbiz_018,"Vũ Huỳnh Sam trong số các cái tên trên tui hok tin mẹ bé bắp dới ông phan anh do mặt 2 má đó là hiểm nhất, hên là hong mất tiền ngu cho mẹ bé bắp. còn ông hoài linh nhìn mặt là biết khôn luôn á, chỉ là hong nghĩ là ổng ăn 14 tỏi =))))",Cà khịa,False,,
cmt_showbiz_012_0202,showbiz_012,Đọc thêm https://k.vgt.tv/9HN9,,True,,
cmt_showbiz021_0007_r01,showbiz_021,Bảo Bảo á khôi mà bác,,True,,
cmt_showbiz018_0035_r08,showbiz_018,Thuỳ Linh chuẩn 10đ bà iu,,True,,
cmt_showbiz_033_1976_r23,showbiz_033,Hải An Home nói đúng lòng các con dân,,True,,
cmt_showbiz_009_0004,showbiz_009,1 đống kêu be be be,,True,,
cmt_showbiz_033_1948_r11,showbiz_033,Hoàng Long mk mới  dùng nửa lọ đen quá vứt luôn,Trung lập,False,,
cmt_showbiz005_0021_r01,showbiz_005,Thảo Nghi Nguyễn Phạm thấy thương 🤣🤣🤣,,True,,
cmt_showbiz011_0047_r02,showbiz_011,Hoàng Thêm giàu giỏi thiệt mà sống lỗi quá 🙄,Phẫn nộ,False,,
cmt_showbiz_011_0069,showbiz_011,"Các bác cứ lên án mạnh ,chứ em là em không ưa gì cách chuyện trò kiểu này của mấy thanh niên",Phẫn nộ,False,,
cmt_showbiz020_1003_r03,showbiz_020,Tuấn Lang mới đi học khoá nhảy xong😂,,True,,
cmt_showbiz009_0030_r07,showbiz_009,Bùi Phương Nga nói chung nhà nó rất nhiều người ra vào nên ko tránh được vẫn thiếu bằng chứng thuyết phục hơn,Trung lập,False,,
cmt_showbiz018_0012_r01,showbiz_018,Châu Gia Linh nghe đồn chuyên viên tư vấn tình cảm tích tóc 🤦‍♂️,Cà khịa,False,,
cmt_showbiz_011_0167,showbiz_011,Jack 97 đc cứu chx các đom đóm 😂😂,Cà khịa,False,,
cmt_showbiz009_0038_r12,showbiz_009,Bảo Ngọc,,True,,
cmt_showbiz_008_0139,showbiz_008,Cấm thì cũng đầy nhạc để nghe. Đợi cậu comeback,Trung lập,False,,
cmt_showbiz022_0001_r05,showbiz_022,Bí Mật Showbiz xin cl,,True,,
cmt_showbiz023_0068_r01,showbiz_023,Phạm Duyên có gì mà phải sợ bạn . Nếu sinh đứa con mà lột đc bộ mặt đứa bên cạnh cũng Bt mà. K có con mới sợ còn có con là có cả cái cuộc sống này. Còn họ có tiền họ sợ gì việc sinh con xong bị bỏ rơi 🤭🤭,Trung lập,False,,
cmt_showbiz_018_0032,showbiz_018,"t ko xem 1 video nào của cặp đôi này hết. Nhưng mà hôm cưới ấy, t nghĩ cặp này kiểu gì cũng chia tay :))) chỉ là ko ngờ nhanh vậy thôi. Vì t thấy mặt bà Tizi ok nhưng mà mặt ông kia cứ nham hiểm, ko đáng tin kiểu gì ý. t ko hiểu sao bà ý lại yêu ông này đc luôn, nhìn thấy 2 người quá khập khiễng",Cà khịa,False,,
cmt_showbiz_018_0052,showbiz_018,Tinh yeu la gi?,,True,,
cmt_showbiz_033_1965_r04,showbiz_033,"BonKem Trang trốn nhiều b ơi, càng làm to càng trốn nhiều giờ làm ngặt mới lòi ra thôi",Trung lập,False,,
cmt_showbiz020_2614_r02,showbiz_020,"Nàng Vui Nàng Đẹp tiết chế cảm xúc, dành tình thương cho cha mẹ, người thân là cần thiết nhất",Trung lập,False,,
cmt_showbiz019_0011_r03,showbiz_019,Phong Thanh Phạm cũng tham gia quảng cáo từ từ rồi tới lượt,Phẫn nộ,False,,
cmt_showbiz019_0181_r42,showbiz_019,Anh Ngọc còn thằng công Vĩnh với con thủy tiên ăn chặn từ thiện ko biết khi nào nhập kho nữa,Trung lập,False,,
cmt_showbiz_044_0882,showbiz_034,Phạm Hà con số….,,True,,
cmt_showbiz_020_1811,showbiz_020,Triệt,Cà khịa,False,,
cmt_showbiz020_2707_r02,showbiz_020,Ruby Nguyen đừng sai phạm chất lượng sp là được,Trung lập,False,,
cmt_showbiz030_0116_r01,showbiz_030,Yến Hồ đúng ak b,,True,,
cmt_showbiz_033_1954_r08,showbiz_033,Thu Hiền có gì đó sai sai ý nhể,,True,,
cmt_showbiz022_0007_r11,showbiz_022,Nguyễn Thu Hường xem clip là biết. Nữ quyền biến chất. Nữ đánh nam là bình thường. Nam đánh nữ là bạo lực gia đình. Đánh thế chắc vk của t tù mọt gông luôn quá,Trung lập,False,,
cmt_showbiz_044_0771,showbiz_034,"ủa nta cần nhiều tiền vậy để làm j ta ?
mình đang nghèo thật nhưng k cần nhiều vậy kkk
đơn giản mà sống thôi",Trung lập,False,,
cmt_showbiz_033_0001_r173,showbiz_033,"Nguyễn Việt Tùng Tiền nhiều thế, có được tiêu hay đớp được đồng nào k, ra tù nó xoá mẹ cccd, thành loại đáy xã hội k có ""Chứng Minh Nhân Dân"" thì nó chỉ coi là loại con hoang thôi mà nghỉ với dưỡng",Cà khịa,False,,
cmt_showbiz_020_3420,showbiz_020,Các bố lăm chuyện thật,Trung lập,False,,
cmt_showbiz_033_1953_r38,showbiz_033,Nguyễn Trãi  bố thằng ngu,,True,,
cmt_showbiz_044_0119,showbiz_034,Kinh khủng,Trung lập,False,,
cmt_showbiz021_0032_r01,showbiz_021,"Thịnh Trần 
Suy cho cùng đẹp the nao cũng đến thế thôi, có đều chưa lộ..
Mô phặc🙃",Cà khịa,False,,
cmt_showbiz_011_0257,showbiz_011,Phương Linh Kallisto Regulus thiếu mỗi 2 đứa con nx là bằng jack=)),Cà khịa,False,,
cmt_showbiz_033_1942_r05,showbiz_033,Dõan Đại Hiệp nói chuẩn ai cũng phải cười,,True,,
cmt_showbiz_020_1652,showbiz_020,Nguyễn Kim Anh,,True,,
cmt_showbiz_043_0104,showbiz_033,"Hạ cánh an toàn, ăn mấy đời không hết, nghỉ dưỡng vài tháng ra làm cái khác,nhãn hàng khác,lừa người khác",Trung lập,False,,
cmt_showbiz_043_1025,showbiz_033,tất cả đều là trò hề mà thôi,Trung lập,False,,
cmt_showbiz_043_1382,showbiz_033,T mà có ngàn tỏi đi 5-7 năm vẫn bt,Trung lập,False,,
cmt_showbiz019_0093_r02,showbiz_019,Ha Thu Tran 9 xác lun,,True,,
cmt_showbiz_043_0258,showbiz_033,Con khốn,Trung lập,False,,
cmt_showbiz_044_0905,showbiz_034,tội j vậy ae,Trung lập,False,,
cmt_showbiz_033_0001_r120,showbiz_033,Nguyễn Việt Tùng Bạn làm quả như nó coi tiền nhiều đi tò có khoái khoái khoái không,Cà khịa,False,,
cmt_showbiz_007_0092,showbiz_007,,,True,,
cmt_showbiz_008_0136,showbiz_008,Bị Phạt Jack Jack Triệu đồng 🤣🤣🤣,,True,,
cmt_showbiz_008_0177,showbiz_008,biết trước bị cấm nên đi 1 nước đi là tạm ngưng biểu diễn,Trung lập,False,,
cmt_showbiz_043_1214,showbiz_033,"Đối với dân Hoàng Hường vẫn là người tốt và ân nhân của dân nghèo họan nạn
Lũ quan tham vơ vét thì sao",Ủng hộ,False,,
cmt_showbiz_020_2493,showbiz_020,Lúc ông nào bảo đánh đề đấy về 50 rồi kìa😄😄,Trung lập,False,,
cmt_showbiz004_0013_r03,showbiz_004,"Phòng, chống ma túy - Công an TP. Hồ Chí Minh cán bộ đã gây hiểu nhầm, hoang mang dư luận, khiến dân chúng tưởng Ngân sử dụng mai thúy. đề nghị cán bộ giải trình và kiểm điểm.",Cà khịa,False,,
cmt_showbiz020_0003_r07,showbiz_020,Hung Yen bởi công nghệ cao bạn... trẻ đẹp... giờ tưởng tượng bà nội này ngoài năm mươi... chứ không phải u bốn mươi,Trung lập,False,,
cmt_showbiz_017_0009,showbiz_017,...,,True,,
cmt_showbiz_033_0001_r196,showbiz_033,Hùng Mộc cứ có tiền có tí quan hệ là sướng,Cà khịa,False,,
cmt_showbiz020_1001_r13,showbiz_020,Nam Dương,,True,,
cmt_showbiz_020_3649,showbiz_020,"Nói kiểu, bần nông thì sao , ý làm nông là bần ak hả",Trung lập,False,,
cmt_showbiz_019_0481,showbiz_019,Tiếc,Trung lập,False,,
cmt_showbiz_033_1942_r32,showbiz_033,Dõan Đại Hiệp nhưng tù ngắn hạn ra tù lại vỗ ngực,Trung lập,False,,
cmt_showbiz004_0008_r01,showbiz_004,Phương Thảo mình có mỗi cái áo màu trắng trong avt thôi ạ ?,Cà khịa,False,,
cmt_showbiz021_0004_r03,showbiz_021,Trần Mạnh Ninh 6 triệu 1 phát mà mày hỏi ngu vl thế :)))))),Cà khịa,False,,
cmt_showbiz_021_0049,showbiz_021,Sao giờ mới nói😌,,True,,
cmt_showbiz_020_1900,showbiz_020,Thái Hoàng,,True,,
cmt_showbiz_020_3140,showbiz_020,"Tao mà có tiền tao cũng làm vậy,làm sao mà lòng mình cảm thấy xứng đáng và thoải mái là được",Trung lập,False,,
cmt_showbiz030_0004_r06,showbiz_030,Phạm Thị Thyoanh dẹo 🤣,,True,,
cmt_showbiz_033_0016_r06,showbiz_033,Minh Di dân thì nói vậy nhưng nó có đi tù thì nó cũng hơn vua nha/vì sao à vì cứ tiền vào thì chờ dù thằng giết người cũng được giảm án,Trung lập,False,,
cmt_showbiz009_0002_r08,showbiz_009,Huỳnh Thị Như Ý,,True,,
cmt_showbiz_009_0123,showbiz_009,,,True,,
cmt_showbiz019_0181_r45,showbiz_019,Trần Văn Thời cô veo khi hai ta về một nhà thôi anh,Trung lập,False,,
cmt_showbiz007_0049_r03,showbiz_007,Nguyễn Mỹ :))) thật chứ ráng đọc,,True,,
cmt_showbiz_033_1948_r10,showbiz_033,Hoàng Long khổ thậc sự,,True,,
cmt_showbiz_021_0004,showbiz_021,Tommy Tèo,,True,,
cmt_showbiz_004_0019,showbiz_004,Bắt trễ vậy😂😂😂,Cà khịa,False,,
cmt_showbiz_033_1969_r07,showbiz_033,"Hồng Hoa ai cũng khôn hiểu ra là nó làm từ thiện là chi phí tạo lòng tin và quảng cáo thì đâu có chuyện,mà pháp luật việt nam nhu trò hề hàng giả sản xuất ra bán đến chục năm cơ quan nào kiểm tra,",,True,,
cmt_showbiz030_0004_r04,showbiz_030,Minhh Thư,,True,,
cmt_showbiz_033_0001_r159,showbiz_033,Nguyễn Việt Tùng có tiền vào tù được giám thị trại giam buồng phòng mua cua hoàng đế cho ăn bạn nhỉ. Quá sướng,Cà khịa,False,,
cmt_showbiz011_0014_r01,showbiz_011,Thanh Mai giờ leak tin nhắn của mình ra mới cứu đc ảnh,Cà khịa,False,,
cmt_showbiz_033_0001_r146,showbiz_033,"Nguyễn Việt Tùng 🤣🤣🤣 nhận thức 12 cm là có thật khởi điểm là trốn thuế, rồi sẽ sang lừa dối khách hàng giống như kẹo kera... số tiền lừa được sẽ được nôn ra hết. Đây gọi là nuôi cho béo rồi thịt🤣🤣🤣",Phẫn nộ,False,,
cmt_showbiz_033_0001_r210,showbiz_033,"Đoàn Anh Đức mẹ m nốn lừng mong manh àk,nói mẹ m đưa t chơi",,True,,
cmt_showbiz_044_1995,showbiz_034,Dũng Trần,,True,,
cmt_showbiz_020_1727,showbiz_020,Buồn,Trung lập,False,,
cmt_showbiz_011_0241,showbiz_011,"Đằng nào cũng làm gì còn sự nghiệp nữa đâu, thề làm gì ạ 🥹",Cà khịa,False,,
cmt_showbiz_009_0013,showbiz_009,Ai đen lắm mới yêu p cha này,Cà khịa,False,,
cmt_showbiz_020_2984,showbiz_020,Ước gì m cũng có phòng chứa tiền ntn 🤣,Trung lập,False,,
cmt_showbiz004_0014_r01,showbiz_004,Pvoil PVoil cái lũ mỏ dài mồm rộng đâu gùi ? Ko nhảy sỏng đít lên chửi khi con ngân bị tó ?,Trung lập,False,,
cmt_showbiz025_0004_r10,showbiz_025,Lê Sơn thằng bodo này vô duyên.,,True,,
cmt_showbiz008_0036_r08,showbiz_008,Nguyễn Hà Anh  🥰🥰,,True,,
cmt_showbiz_033_1940_r560,showbiz_033,"Tuyền Văn Hóa  lúc bị bắt c luôn tươi cười là ok rồi,  cố lên c kkk",Trung lập,False,,
cmt_showbiz_043_0791,showbiz_033,"Vì em ấy biết chước sau gì ngày này cũng đến,nên em cứ vui tươi thôi",Trung lập,False,,
cmt_showbiz_030_0215,showbiz_030,"Càng nhiều ng ko thích con bé này thì lại càng nổi, lạ nhỉ, nên riêng m ko thích thì bấm bỏ theo doi nổi lên trang nào mạnh tay lướt nhẹ qua,thế nhờ nhẹ người 🤣🤣",Trung lập,False,,
cmt_showbiz004_0005_r01,showbiz_004,Á Tiên không ai nhanh hơn mấy bà hóng hớt được đâu !!!,Cà khịa,False,,
cmt_showbiz_020_2011,showbiz_020,Phuc Loi Le,,True,,
cmt_showbiz_020_3728,showbiz_020,Họ xây thế nào kệ họ .mồ yên mả đẹp rồi còn nói này nói kia .,Trung lập,False,,
cmt_showbiz012_0009_r02,showbiz_012,"Hanh Hoang bạn khôn thật ạ. Bạn bán 100 mà kê 20 khi làm giấy tờ là kê sai giá trị thật để trốn thuế khi làm thủ tục sang tên,hay bạn mua 100 kê lên 150 để tăng thuế chênh tiền đút túi cả 2 đều phạm pháp. Bạn chỉ k phạm pháp khi mua 100 khai 100 nhé bạn gì khôn ơi là khôn. Mình ngu thôi chứ khôn như cách bạn nói thì sợ đi tò vì phạm pháp ạ. Bạn đọc hiểu dùm ạ",Trung lập,False,,
cmt_showbiz011_0034_r08,showbiz_011,Trần Nguyễn Trung Hậu xong chuyện này thì đâu lại vào đó thôi,Trung lập,False,,
cmt_showbiz_007_0043,showbiz_007,Má này nc t ko tin nổi cái giọng điệu vừa nói vừa cười,Trung lập,False,,
cmt_showbiz004_0019_r01,showbiz_004,Trang Trinh những gì siêu việt đừng đổ cho AI 😘,Cà khịa,False,,
cmt_showbiz_025_0022,showbiz_025,Bắt muộn quá.đáng lý ra phải thụ án được 5 năm rồi.,Phẫn nộ,False,,
cmt_showbiz004_0003_r04,showbiz_004,"Vũ HỒng 
🤣 Dụ cò đất thì tùy tâm của cò...kkkk, sợ nhất là cò ma thổi giá để tiễn đất liệt ra thôi.",Cà khịa,False,,
cmt_showbiz_021_0037,showbiz_021,Về Ngọc Lý là đẹp 😆,,True,,
cmt_showbiz_004_0084,showbiz_004,Bị còng cả chân là do đạp cán bộ mới bị còng,Cà khịa,False,,
cmt_showbiz016_0001_r25,showbiz_016,"Đặng Lâm thế ông bà già m dạy m là phải bênh thằng đi tù về với cờ bạc lừa đảo à? lớp nào ngu si, xh nào tụt hậu lại?",Trung lập,False,,
cmt_showbiz_020_2504,showbiz_020,Nghe nói Cục làm vụ này là lớn chuyện rồi,Trung lập,False,,
cmt_showbiz_044_1076,showbiz_034,"PHẦN 2 GỬI CẢ NHÀ 🥹 
Hé lộ bí mật dự án VeriME  ( anh của Antex đời đầu )- Tổng số vốn gọi thành công: 11.000.000 USD . 
Lại là Em ruột đây, BML ơi!
Trong Phần 1, tôi chỉ muốn hỏi: BML có dám thề độc rằng “không phải chính anh góp vốn 2 tỷ, nắm 40% và điều hành toàn bộ Antex, hay vẫn muốn đóng vai nạn nhân trên mạng”? Như cộng đồng đã thấy, không hề có một câu trả lời rõ ràng, và lý do thì ai cũng đã hiểu.
Ban đầu tôi định dừng lại ở Phần 1, chọn cách im lặng. Nhưng BML lại tiếp tục bôi nhọ, còn công khai CCCD của tôi, gán ghép tôi thành “Ngụy Diên”, rồi đưa mình vào vai “Lưu Bị”, kèm theo nhiều lời đe dọa nhắm vào tôi. Vì vậy, tôi chỉ còn cách nhờ cộng đồng lên tiếng. Để đáp lại, tôi xin gửi đến:
PHẦN 2: KỈ NIỆM VỚI “SHARK” HOANHI (BML), HÉ LỘ BÍ MẬT VERIME, VÍ NHẬN TOÀN BỘ TIỀN ANTEX
1. Kỉ niệm với “Shark” Hoanhi (BML)
Những ngày này, sự thật tôi nói ra nhận được khá nhiều sự quan tâm. Cũng dễ hiểu thôi, khi tiền của người nghèo bị lấy để chia cho kẻ giàu, mà còn bị coi thường, bị chửi ngốc – ai mà không uất ức? Điều đó càng cho thấy tôi đã đúng và đã thành công khi lên tiếng.
Nhớ lúc gọi vốn xong
Còn như hình với bóng
Thế mà lúc anh phóng
Toàn kể em bội vong
Anh còn nhớ thời VeriME không?
2. Hé lộ bí mật VeriME
Tổng số vốn gọi thành công: 11.000.000 USD
BML nhận: 3.000.000 USD ( thực tế phải 6 triệu đô )
Tôi nhận 10% = 300.000 USD (anh có dám thề đây không phải sự thật?). Với tôi, 300.000 USD khi ấy cũng đã là quá đủ.
Ngoài ra, còn chi cho Trâm Anh, Hà Thu Trang mỗi người 40.000 USD và Sanjeev.
Từng ấy tiền vào thời điểm đó, có ai kêu ca gì đâu. Thế nhưng giờ đây, cộng đồng lại “đau 1 kêu 10”. Tôi không biết thật sự có bao nhiêu người đã đưa tiền cho BML qua Antex, chỉ thấy những tiếng khóc than ngày một nhiều, thật nực cười.
3. Ví nhận toàn bộ tiền đầu tư của Antex
Toàn bộ vốn từ các vòng Private Sale, Pre Sale, Public Sale đều được chuyển về ví có địa chỉ:
👉 https://bscscan.com/.../0x8fd47a592cd64c52905c1a60107ff85...
Mở ví ra đi, BML, có thấy quen không?
Ở Phần 1 anh không dám thề, vậy dự án này ai kiểm soát? Toàn bộ tiền thu về ai nắm giữ? Ví kia là của ai? Blockchain có thể bị che giấu với BML, nhưng cộng đồng crypto thì không khó để kiểm chứng. Chỉ một dòng này thôi là đủ để mọi người hiểu rõ.
Không tính đến chuyện không phát triển được dự án, không bỏ tiền ra làm MM, chỉ riêng việc bán ANTEX ra thanh khoản ít ỏi đã khiến niềm tin nhà đầu tư sụp đổ. Những “nhà đầu tư” đó chẳng phải ai xa lạ – chính là người thân, bạn làm ăn, những nhân sự ngày ngày cống hiến để làm giàu cho BML. Với BML, họ là những người tin tưởng, hay chỉ đơn giản là “dân ngốc”?
Câu hỏi cho phần 2
BML có dám thề độc rằng tất cả thông tin trên đều không đúng sự thật không?
Và liệu những người đã tin tưởng anh, có phải chỉ đơn giản là “dân ngốc” như anh nghĩ?
Sự thật về Shark Hoanhi, VeriME, Teky, Antex mới chỉ là mở màn. Những thông tin cụ thể, con số rõ ràng mà nhiều cá nhân và tổ chức sẽ quan tâm sẽ tiếp tục xuất hiện trong Phần 3 – phát sóng lúc 12h, thứ Bảy, ngày 4/10. Mời cộng đồng cùng theo dõi.
Kí hiệu token: VME Token
Tổng số Token phát hành: 1 tỷ token
Hard Cap: 30 triệu USD
1 ETH = 3000 VME Tokens
Pre-sale: 01/01/2018-04/02/2018 (bonus 45%, đã bán hết)
Public sale vòng 1: 01/03/2018 – 15/03/2018
Public sale vòng 2: 06/03/2018 – 31/03/2018",,True,,
cmt_showbiz_020_2331,showbiz_020,"Vậy là sếp chính thức nằm, cho ae con 75 rồi nhé",Trung lập,False,,
cmt_showbiz_043_1336,showbiz_033,Pua đã man lời ích cá nhân làm khó dân chug dag chet,Trung lập,False,,
cmt_showbiz020_1967_r01,showbiz_020,Tran Dieu Linh :))),,True,,
cmt_showbiz004_0009_r23,showbiz_004,"Thành Vịnh nhìn cặp mắt đi là biết gian manh xảo trá, qủy ma trà trộn.! 🙃",Cà khịa,False,,
cmt_showbiz_004_0174,showbiz_004,Người ta bán thực phẫm giã thì liên quan gì tới bên ma tuý vậy cán bộ???,Cà khịa,False,,
cmt_showbiz022_0016_r02,showbiz_022,Lê Yến Thái biến,,True,,
cmt_showbiz_020_2985,showbiz_020,Kìa chắc toàn ấm tử sa hịn,Trung lập,False,,
cmt_showbiz_020_2285,showbiz_020,Cô Nhung Tắm Bé,,True,,
cmt_showbiz_010_0183,showbiz_010,Như Ys hay thiệc :))),,True,,
cmt_showbiz004_0008_r02,showbiz_004,Nguyễn Hương cứ nghèo như mình lại ung dung chị nhỉ kk,Cà khịa,False,,
cmt_showbiz_020_2999,showbiz_020,Nguyen Trung,,True,,
cmt_showbiz_033_1947_r31,showbiz_033,Lê Nam bà nội mình 80tuổi mua thuốc xương khớp về uống một lọ hơn 1triệu bà mất mấy triệu mà có đỡ tí nào đâu con cháu nói thì bảo hoàng hường tốt lắm nó còn giúp người nghèo nữa không lừa đâu,Trung lập,False,,
cmt_showbiz_034_0994_r01,showbiz_034,Nguyễn My làm đó,,True,,
cmt_showbiz_004_0206,showbiz_004,Kinh doanh ko có tâm thì bao con người hệ luỵ  sự giàu sang của thương nhân như vậy thật là nhẫn tâm bạc phước,Phẫn nộ,False,,
cmt_showbiz023_0003_r01,showbiz_023,Hà Phương nghe nói bé gái hehe,Trung lập,False,,
cmt_showbiz_043_1401,showbiz_033,Nó tự bảo vệ hình tượng của nó mà,Trung lập,False,,
cmt_showbiz_033_1759_r01,showbiz_033,Khánh Linh đang nuôi con nhỏ dưới 36 tháng nhé,Trung lập,False,,
cmt_showbiz_020_1947,showbiz_020,Phương Nga,,True,,
cmt_showbiz_020_2815,showbiz_020,Cô Hằng nói rồi không nghe kkk,,True,,
cmt_showbiz_018_0036,showbiz_018,"ôi ứ tin được luôn á, biết 2 bạn này từ lúc cầu hôn lãng mạn, rồi thấy nhiều cái tình cảm, triết lý yêu, triết lý sống.... thấy kiểu định mệnh của nhau vậy, Vậy mà ly hôn, thiệt chứ mấy bạn nổi tiếng ơi, yêu thì yêu cho đàng hoàng, lấy nhau rồi thì có trách nhiệm giữ gìn cuộc hôn nhân. Chứ mà dễ ly hôn thế này thì đừng cưới ạ, làm bài học xấu + noi gương xấu cho các bạn trẻ, có biết tỷ lệ ly hôn và phá thai ở VN đang trên top cao ko. Đúng là hay nói triết lý thì thường sống như .... mà.",Ủng hộ,False,,
cmt_showbiz_008_0045,showbiz_008,Tường Vi hừm hưm,,True,,
cmt_showbiz_032_0298,showbiz_032,Nói tiếng Anh mà tui muốn muốn,Trung lập,False,,
cmt_showbiz_009_0003,showbiz_009,"Nói chung đừng trách chú vs trách chị kem không chia tay sớm,chú quá vô giá mình nghĩ chú nên độc thân tới nhà mới là đúng nhất",Phẫn nộ,False,,
cmt_showbiz_044_0036,showbiz_034,"Nghiệp quậT đấy ,phụ vợ khi trong tay có quá nhiều tiền k biết để làm gì

Đàn ông càng phụ bạc với vợ,
thì càng đánh mất phúc phần của chính mình.
Tiền có thể nhiều lên,
nhưng phúc thì cạn dần —và đến lúc sa cơ, chẳng còn ai thật lòng ở bên cạnh nữa. 💔",Phẫn nộ,False,,
cmt_showbiz016_0011_r02,showbiz_016,Điều Hoà nừn ná na na,Trung lập,False,,
cmt_showbiz018_0042_r17,showbiz_018,Dương Lạc Nữ t cũng thấy nếu cha này bệnh về tâm lí thật thì chắc bệnh ái kỷ chứ cm gì nữa :)))),Cà khịa,False,,
cmt_showbiz_018_0214,showbiz_018,"Lý do nghe lạ nhỉ, lần đầu nghe",Trung lập,False,,
cmt_showbiz_033_1948_r52,showbiz_033,Hoàng Long đã có nha khoa Hoàng Hường🤭,,True,,
cmt_showbiz_004_0211,showbiz_004,Cứ chê hàng tàu .Vn mình còn ác hơn trăm vạn lần,Cà khịa,False,,
cmt_showbiz_030_0040,showbiz_030,Nhạc như cái L,Trung lập,False,,
cmt_showbiz_023_0014,showbiz_023,Trần Thu Hằng thấy bảo có con gái hơn 2t😂,,True,,
cmt_showbiz021_0043_r02,showbiz_021,"Thiện Cưa không phải bây giờ mới biết, chỉ bây giờ mới cmt thôi 😂",Cà khịa,False,,
cmt_showbiz_020_0839,showbiz_020,AI giỏi quá hà..,Trung lập,False,,
cmt_showbiz021_0006_r02,showbiz_021,Đức Minh Mày là cán bộ hay ăn cướp ???,,True,,
cmt_showbiz_020_2779,showbiz_020,1 khi đã bị lọt vào tầm ngấm thì kiểu gì cũng chớt 😀,Trung lập,False,,
cmt_showbiz018_0027_r05,showbiz_018,"Phạm Ngọc Trâm thì bởi đây là bài học trong gìn giữ mối quan hệ lành mạnh, vì cái gi càng khoe càng nhận nhiều lời quở (tính luôn cả khen) âm phúc vơi thì duyên lành hoá dữ, còn vẫn flex nhẹ để cả hai khẳng định mình k độc thân, chứ giấu kĩ có mà dễ ve vãn thêm à",Trung lập,False,,
cmt_showbiz_020_2188,showbiz_020,Thúy Đào,,True,,
cmt_showbiz_034_2183_r01,showbiz_034,"Le Anh Tuan lừa méo đâu, tiệm đi qua thả dê",Trung lập,False,,
cmt_showbiz025_0005_r01,showbiz_025,Linh Nguyen Nhat hiến pháp?,,True,,
cmt_showbiz_033_1940_r143,showbiz_033,Hồng Gai Huyền Khuấtn,,True,,
cmt_showbiz019_0075_r01,showbiz_019,Nguyễn Trần Phú ko có livestream thì ai mua.,,True,,
cmt_showbiz_033_1970_r18,showbiz_033,Nguyễn Hiền quà chuẩn,,True,,
cmt_showbiz004_0005_r22,showbiz_004,"Phòng, chống ma túy - Công an TP. Hồ Chí Minh cán bộ mới trên xe xuống, chưa kịp vô tới trong nhà là khéo mấy kênh hóng hớt lên tin rồi. Này lm việc xong hẵn hoi mới đưa tin thì chả muộn hơn kkk",Cà khịa,False,,
cmt_showbiz_033_1963_r16,showbiz_033,Trịnh Trọng Tuấn đáng sợ quá,,True,,
cmt_showbiz_043_1903,showbiz_033,"HH nói thì gật gà gật gù, con cái nói thì ""tao ăn muối còn nhiều hơn mày ăn cơm"".....",Trung lập,False,,
cmt_showbiz_020_1940,showbiz_020,Pham Quynh Huy,,True,,
cmt_showbiz_044_1594,showbiz_034,A thì ra là vừa ăn c vừa la làng hahaha,Trung lập,False,,
cmt_showbiz016_0006_r14,showbiz_016,Ê thế đéo nào lại tổ lái sang chởi VTV rồi. Đang vụ bộ PC cơ mà,Trung lập,False,,
cmt_showbiz_011_0253,showbiz_011,Nhi Lê ê 2 thấy ai bỏ con là nghiệp có thiệt nha,Đồng cảm,False,,
cmt_showbiz_033_0001_r201,showbiz_033,Nguyễn Việt Tùng vào nó có tiền đấm vào miệng lại ra thôi,Phẫn nộ,False,,
cmt_showbiz_024_0237,showbiz_024,Có tí chất vào người mới có cảm hứng sáng tạo,Trung lập,False,,
cmt_showbiz_044_0415,showbiz_034,It đối với shart bình chắc là tẩu tán ts được rồi,Trung lập,False,,
cmt_showbiz_020_2723,showbiz_020,Hà Ảnh,,True,,
cmt_showbiz018_0044_r20,showbiz_018,"Didead Pool thì đó, bởi z nó trở thành cú chốt hạ trong lòng t để t ghét cha nội này á :))) văn vở lắm vl",Cà khịa,False,,
cmt_showbiz_020_3557,showbiz_020,"Với quan điểm của tôi thì là nhà thằng nào có tiền mà không làm được như bà ấy thì mới đáng trách chứ nhà bà ấy làm được thì là điều rất ok mà , phú quý Sinh lễ nghĩa , có đến đâu làm đến đó , với tác giả tác giả đã làm được điều tương tự với ông bà tổ tiên chưa",Trung lập,False,,
cmt_showbiz004_0004_r03,showbiz_004,"Tanka Quán - 128 Nguyễn Viết Xuân - Hà Đông 🔥'CAM của mấy Chú CA đỉnh. Tí thì k nhận ra N98 Iuôn á 😂 Iời khaii của N98 đâyy nè.. semm bênn ➡️  Hóng Hớt Đường Phố

😅",Cà khịa,False,,
cmt_showbiz018_0050_r03,showbiz_018,Wabi Sabi ừm tại lấy yêu đương làm content này kia á kìa nên ghét. Tính ra bà này thì lành k có gì. Nghe đâu là ông kia cặp bồ thì phải,Cà khịa,False,,
cmt_showbiz_011_0219,showbiz_011,Nó thề ko mà sao trời ko giúp nó 1 tia sét.,Phẫn nộ,False,,
cmt_showbiz_021_0157,showbiz_021,cười ị,Trung lập,False,,
cmt_showbiz_034_0009_r14,showbiz_034,Hrung Bya ôm theo để kiếp sau xài,,True,,
cmt_showbiz_033_1940_r502,showbiz_033,Tuyên Nguyễn cơ quan thuế họ truy thu thuế chứ ở đó mà tiêu ko hết,Trung lập,False,,
cmt_showbiz_021_0038,showbiz_021,Lỗ có Vàng à các bác ???,,True,,
cmt_showbiz023_0003_r46,showbiz_023,Hoa Nguyen mày đi khám đi l mày ung rồi,,True,,
cmt_showbiz004_0003_r01,showbiz_004,Hoàng Minh Luân ko tui tưởng ở làng muối,Đồng cảm,False,,
cmt_showbiz009_0025_r07,showbiz_009,Linh Thuỳ  sĩ quá sĩ luôn chứ hơi gì😆,,True,,
cmt_showbiz_044_2155,showbiz_034,Tìm đc lông mạch gió đông gió tây gì chưa:)) chứ xin khắc phục hậu quả r thả ra xh nó hại tiếp dân nữa à. Loại này cứ cho uốg thuốc chuột hết.,Trung lập,False,,
cmt_showbiz022_0004_r01,showbiz_022,Nó còn uy hiếm đăng của 2 vợ chồng kìa…chị vợ có đăng đây mn Vân Vani,Trung lập,False,,
cmt_showbiz_043_0766,showbiz_033,"Cười là biểu hiện của k còn gì , mông lung phía trước , người có phương án họ sẽ nhẹ nhàng hơn, án kinh tế đi thời gian là về ,nhưng đây chỉ là án để có lý do tạm giam điều tra , sẽ có nhiều vấn đề phía sau nữa . Hàng hoá  kiểu gì chả dính.  Thực sự mình biết trc hoàng hường sẽ bị bắt là chắc chắn r . Vì những sản phẩm rao bán rất có mùi , người k có chuyên môn rao bán sản phẩm liêm quan đến sức khoẻ con người là thấy có vấn đề r. Mình cũng đang nghi thêm một số người làm thẩm mỹ nữa chắc cũng sẽ dễ bị bế lắm (k tiện nói khi k có bằng chứng)",Trung lập,False,,
cmt_showbiz_043_1220,showbiz_033,"Chả nhẽ bat nguoi ta phai buon phai khóc 
Vớ vẩn",Phẫn nộ,False,,
cmt_showbiz_044_2183,showbiz_034,A giỏi nhưng e thiết nghĩ là a ko bt điểm dừng..vì những người dân lao đông như chug tôi kiếm 1 năm 1 ty là zât khó ở hiện tại..a có ăn học mà a còn non quá..kkk,Trung lập,False,,
cmt_showbiz_043_1782,showbiz_033,có trung thu ko đã??,Trung lập,False,,
cmt_showbiz_009_0224,showbiz_009,"Ủa. 2 ng này là sao vậy? Iu nhau ko ai biết, ctay thì cả chục bài báo nhắc tới",Trung lập,False,,
cmt_showbiz_021_0152,showbiz_021,Là Cô gái bán diêm,,True,,
cmt_showbiz_044_1608,showbiz_034,Ăn cướp nói sao k giàu 😭,Trung lập,False,,
cmt_showbiz007_0046_r10,showbiz_007,https://ja.cat/u70y2,,True,,
cmt_showbiz020_0131_r07,showbiz_020,Hào Nguyễn : hơn 100 triệu usd,,True,,
cmt_showbiz_033_1941_r27,showbiz_033,Mỹ Dung đớp nhiều như thế,,True,,
cmt_showbiz_011_0011,showbiz_011,"Đã xấu lại còn xa,nhìn cái mặt hl thế kia 😏",Cà khịa,False,,
cmt_showbiz008_0007_r03,showbiz_008,Nguyễn Tiến Thành giàu nên mới có 5tr chu cấp cho con 🤣,Trung lập,False,,
cmt_showbiz_020_3616,showbiz_020,Người ta đạo con lô được cho bố mẹ vậy còn các người lo được vậy ko nà cứ sói mói người ta vậy trời,Trung lập,False,,
cmt_showbiz021_0043_r03,showbiz_021,Ban Thua Vi trước cmt bị bọn nó chửi quá trời🤣🤣,Cà khịa,False,,
cmt_showbiz_033_1943_r11,showbiz_033,Đào Hảo,,True,,
cmt_showbiz_009_0016,showbiz_009,"Ê trên nhóm có 1 bạn ck mang tiền về nhà hàng tháng luôn, ko giữ tí nào , bồ biết có vk con mà bồ còn cho tiền để yêu nhau luôn á chứ 
T là t ko thích khứa này trước giờ",Phẫn nộ,False,,
cmt_showbiz_033_1964_r03,showbiz_033,Nguyễn Hạnh giờ là trốn thuế nay mai kt các sp mà giả nữa thì toi,Trung lập,False,,
cmt_showbiz_011_0005,showbiz_011,"bảo sao qc xà phòng cứ để diệt 99,9% , tìm 1% h mới thấy",Cà khịa,False,,
cmt_showbiz_033_1940_r297,showbiz_033,Diệp NgọcHoài em nói bọn nó vô táp đấy kk,Trung lập,False,,
cmt_showbiz020_2835_r07,showbiz_020,Màu Hồng kiểu họ ngứa mồm nhỉ,,True,,
cmt_showbiz004_0009_r06,showbiz_004,"An Đặng đẻ thêm đứa nữa đi chị, nhà e có đứa con cợt nhả, ông bố tảng băng tự dưng hòa tan luôn 😄",,True,,
cmt_showbiz_030_0147,showbiz_030,Hát nhép,Trung lập,False,,
cmt_showbiz_020_1506,showbiz_020,Cụ đi rồi còn đâu,Trung lập,False,,
cmt_showbiz_020_1955,showbiz_020,Thùy Huỳnh Kim Anh,,True,,
cmt_showbiz_020_3106,showbiz_020,"Nói thật cho người nông thôn - thành thị họ cũng mất thời gian thích nghi - 
Các cụ ngày xưa điều kiện chưa có - chưa chắc đã quen với ngôi mộ này",Trung lập,False,,
cmt_showbiz_008_0096,showbiz_008,"Hâhhhahahahahahahhahahahahhahahah
Vừa lòng mẹ m lắm=)))",,True,,
cmt_showbiz014_0004_r07,showbiz_014,Nguyễn Tuấn Anh hương thọ 1440 phút,,True,,
cmt_showbiz_033_1969_r05,showbiz_033,Hà Thuý quá chuẩn giờ lại còn có quảng cáo bán xe đạp nữa.hết sp liên quan đến sức khỏe rồi giờ đến giá trị tinh thần.,,True,,
cmt_showbiz_033_1940_r195,showbiz_033,Tuyền Văn Hóa Việc làm giả thì không thể chối cãi còn việc tốt giúp dân thì cũng không phủ nhận pháp luật nên châm chước￼,Trung lập,False,,
cmt_showbiz020_2832_r10,showbiz_020,Hương Phan tuân sau xem na mapia bên cam,,True,,
cmt_showbiz_034_0036_r13,showbiz_034,Tina Pham,,True,,
cmt_showbiz004_0004_r23,showbiz_004,"Ý Phan Như sau bik ko giúp,đôi khi kìa,ngta ko bán gì giả,ngta âm thầm giúp quá trời kìa,nhưg ko phô trươg hay cần ai côg nhận luôn đó,",Đồng cảm,False,,
cmt_showbiz016_0001_r08,showbiz_016,Anh Minh Vu đào lửa vụ gì b,,True,,
cmt_showbiz_034_1092_r06,showbiz_034,Đức Quýt thiếu gì tội để quy vào đầu :))) có làm hay không thôi,Trung lập,False,,
cmt_showbiz_033_1940_r371,showbiz_033,Tuyền Văn Hóa rõ ràng là nói bậy 😁,,True,,
cmt_showbiz_043_0197,showbiz_033,E này chắc ko chỉ một tội đâu. Trốn thuế chỉ là bước đầu thôi.,Trung lập,False,,
cmt_showbiz_011_0164,showbiz_011,"Tớ tớ, thề thề, 2 từ giả tạo nhất từng nghe 😐",Cà khịa,False,,
cmt_showbiz_018_0250,showbiz_018,vâng anh nói cái l gì cũng đúng. mắc mệt.,Trung lập,False,,
cmt_showbiz_019_0132,showbiz_019,"Thấy thằng YouTuber Quan Linh qua Châu Phi giúp người nghèo , tưởng đâu hắn ta là người tốt ai dè ….đời bây giờ con người thật kinh tởm kể cả trong gd.",Trung lập,False,,
cmt_showbiz_004_0164,showbiz_004,"Nay cán bộ quay về sài gòn rồi, chứ mấy nay thấy cán bộ đang trên đà lạt mà =))",,True,,
cmt_showbiz004_0009_r16,showbiz_004,Giảng Linh,,True,,
cmt_showbiz_004_0199,showbiz_004,Kinh doanh phải đảo lừa mới nhanh giàu chứ còn chân chất thì chỉ khá khá hơn môt chút,Cà khịa,False,,
cmt_showbiz_008_0179,showbiz_008,"Tin chuẩn không shop, để biết mà đi đồn",Trung lập,False,,
cmt_showbiz_044_1938,showbiz_034,Giờ này còn tin hứa với thề à ?,Trung lập,False,,
cmt_showbiz_033_1955_r41,showbiz_033,Dũng Nguyễn chuẩn luôn bạn ạ bắt muộn quá,,True,,
cmt_showbiz009_0027_r07,showbiz_009,"Page này giúp phục hồi nhân cách con người nếu là phò tao ngủ vs tk bố mày đầu tiên ấy, loại mày rẻ rách m đem cái mặt mày ra xem nào mày phải núp sau cái nick clone vậy 🤣 mày đúng là như idol m chỗ l nào cũng bâu cũng cắn nhặng k đc cái nết gì, m để avt hình con ch ó đi để mặt con mèo nó k giống cái nết mày 🐶🫵🫵",Phẫn nộ,False,,
cmt_showbiz_001_0011,showbiz_001,Nhưng nhạc nó ra Chất thật :v,Ủng hộ,False,,
cmt_showbiz011_0031_r02,showbiz_011,Nguyen Viet Bao Trung tại em già rồi đó 👴🤡🤣,,True,,
cmt_showbiz_033_1941_r71,showbiz_033,Xôi Lạc Mình ko nhé.,,True,,
cmt_showbiz_020_3428,showbiz_020,"xây lâu lắc k thấy ai nói gì, giờ đụng chuyện gì cũng nói dc",Trung lập,False,,
cmt_showbiz020_1004_r09,showbiz_020,"Vu Doan Tram Anh người ta nói giải thể gần đây cụ thể là  cuối tháng 10 khi hàng loạt chi nhánh tmv mls bị cqcn thu thập ,đtr fanpage này ko bao giờ đưa láo nha chụy",,True,,
cmt_showbiz_033_0001_r107,showbiz_033,Nguyen Anh Tuấn nó trốn thuế thôi chứ bán hàng lâu năm vậy với số lượng nhiều vậy hàng giả hàng lậu chắc đi lâu rồi,Cà khịa,False,,
cmt_showbiz_021_0019,showbiz_021,Sao lại là tên này =)))),,True,,
cmt_showbiz007_0029_r24,showbiz_007,"Hoa Thành Chị có theo dõi từ đầu tới cuối không á? Tâm sự tỉ tê là đoạn sau lúc TA tung phốt chứ có phải lúc quen nhau đâu, giờ người ta dằn vặt cả cuộc đời vì đã lỡ nghe lời lũ kia thao túng bỏ con rồi mà chị còn nói những lời khó nghe như vậy nữa. Chửi TA 1 thì phải chửi thằng bỏ con 1000 mới đủ, vì thằng đó nó coi như không có con rồi, nó vẫn sống trong vòng tay lũ fan khùng điên chứ có tí xíu nào hối lỗi đâu, tự dưng chị gom vào chị chửi chung vậy? Cùng là phụ nữ với nhau không thương nhau thì thôi đi, ăn với nói khó nghe muốn ch.ết.",Trung lập,False,,
cmt_showbiz_012_0052,showbiz_012,Vào tù diễn tiếp,Cà khịa,False,,
cmt_showbiz019_0181_r14,showbiz_019,Anh Ngọc Khánh Duy,,True,,
cmt_showbiz019_0016_r13,showbiz_019,"Minh Đình góp bằng hình ảnh đó bạn, kiểu như thay vì khai nhận cát xê để đi quảng cáo thì sẽ ko đến mức khởi tố hình sự đâu mà giờ mấy người kia họ công bố cái bảng góp cổ phần như vậy có sự quy đổi bằng hình ảnh đó. Ban đầu mấy người kia cũng bảo là tt chỉ quảng cáo chứ ko góp tiền mà. Cơ quan cn họ phải dựa vào lời khai may nguoi kia nữa mới đi tra xét tt chứ.",,True,,
cmt_showbiz_034_0017_r01,showbiz_034,Lê Sơn mơ hả ku có coi ngao sò ốc hến chưa hêhe,Cà khịa,False,,
cmt_showbiz_023_0023,showbiz_023,Chưa có con thứ 2 đâu . Bé gái là con của c gái Hoà mà,Trung lập,False,,
cmt_showbiz018_0027_r13,showbiz_018,"Ni Uri t block cặp này lâu rồi, nhìn khó ưa vô cùng",Phẫn nộ,False,,
cmt_showbiz005_0003_r23,showbiz_005,Huyền Jimmy bả đẹp thiệt mà,,True,,
cmt_showbiz_011_0049,showbiz_011,Tamm quan lệch lạcccx😭😭.-Huhu ko muốn khẩu nghiệp đâuu nhưng ghét con virut này quá😰,Phẫn nộ,False,,
cmt_showbiz023_0068_r25,showbiz_023,Nhung Phạm  cùng tư tưởng,,True,,
cmt_showbiz016_0005_r05,showbiz_016,Ngọc Huy sau Huy có con thì cứ để cho xã hội nó dạy chứ Huy dạy làm cđj đằng nào nó chả lên mạng học dko Huy,Trung lập,False,,
cmt_showbiz_020_1677,showbiz_020,Nguyễn Huy,,True,,
cmt_showbiz_034_2071_r02,showbiz_034,Doãn Trí Bình đại hiệp nói chí phải,,True,,
cmt_showbiz009_0004_r05,showbiz_009,"Linh Hoàng hoá ra bọn nó copy y chang nhau bà ơi, cái nết k lẫn đi đâu được",Trung lập,False,,
cmt_showbiz_005_0066,showbiz_005,Đkm sao cứ hiện mấy bài về thằng này thế. Từ sáng đến giờ,Trung lập,False,,
cmt_showbiz_034_1078_r53,showbiz_034,"Dây treo nhãn mác, tem nhãn, tag quần áo Phúc Gia góp hụi hoặc đưa cho ng khác cầm làm ăn là ngu nhất",,True,,
cmt_showbiz024_0006_r03,showbiz_024,Khanh Tủn hihi,,True,,
cmt_showbiz_043_0796,showbiz_033,Vì Ng ta vẫn làm được rất rất nhiều việc tốt,Trung lập,False,,
cmt_showbiz_004_0158,showbiz_004,"100.999.998 dân Vn ngu đần hết, có mình vc Quang Ngân thông mình thì phải :))",Cà khịa,False,,
cmt_showbiz_043_1181,showbiz_033,"mẹ t bảo vẫn tốt , đi từ thiện bỏ tiền túi cứu người",Trung lập,False,,
cmt_showbiz_044_0365,showbiz_034,số tiền này giúp vùng lũ thì quả là cảm ơn sác Bìn,Trung lập,False,,
cmt_showbiz011_0048_r01,showbiz_011,hội những người lạc quan =)),Trung lập,False,,
cmt_showbiz_033_1947_r20,showbiz_033,Phạm Nga vẫn mù quáng thế thuốc dởm bán chưa điều tra đâu,Trung lập,False,,
cmt_showbiz_044_2288,showbiz_034,"Tạm biệt tất cả , tui lên đường nhé 🙄",Trung lập,False,,
cmt_showbiz_033_1694_r01,showbiz_033,Nhật Lệ da mặt đẹp nhỉ,,True,,
cmt_showbiz_033_1926_r01,showbiz_033,Trần Thành Trungg Kệ,,True,,
cmt_showbiz014_0005_r09,showbiz_014,Toan Tran tao k thiếu gì nhưng ai cho tao cũng nhận dù có dùng hay không thì tao vẫn nhận.,Trung lập,False,,
cmt_showbiz_043_0451,showbiz_033,"Cái gì cũng có rồi và món gì cũng đc thưởng thức cả rồi, chỉ có món đi tò là chưa đc thưởng thức nên háo hức đó mà",Trung lập,False,,
cmt_showbiz013_0017_r07,showbiz_013,Lani Pham chịu luôn😓,,True,,
cmt_showbiz_020_0431,showbiz_020,Giỏi,Trung lập,False,,
cmt_showbiz010_0046_r08,showbiz_010,"Mạc Vân Tiên thế là sau này rồi , chứ thời đi học a đã xem rồi cơ",Trung lập,False,,
cmt_showbiz_033_1848_r01,showbiz_033,Nguyễn Thị Thu Phương ta nói người đầu tiên qua camera của quân triều đình không bị giang cư mận ghép nụ cười mà khuôn mặt vẫn tươi phơi phới,Trung lập,False,,
cmt_showbiz020_1000_r03,showbiz_020,Hà Nội News,,True,,
cmt_showbiz020_1520_r07,showbiz_020,Tùng Hoàng thằng đăng ảnh coi chừng bị bế trước,Phẫn nộ,False,,
cmt_showbiz_011_0012,showbiz_011,Dương Thị Thương mong mấy con mình ghét có 1 virut để đời 🤣,Cà khịa,False,,
cmt_showbiz_012_0003,showbiz_012,Thằng VVin cũng thế mà có tên công an nào dám bắt nó?,Phẫn nộ,False,,
cmt_showbiz021_0004_r09,showbiz_021,Tướng Quân cảm ơn bro đã thông não. Bao h giàu nhất định thưởng thức =)),Cà khịa,False,,
cmt_showbiz_033_1940_r291,showbiz_033,Hiên Tít's ngọc béo mất dc hơn năm r b,,True,,
cmt_showbiz_033_1948_r55,showbiz_033,"Cam Tien Phan đợt về quê Quảng Bình nhà ông anh có bộ dầu gội đầu của Hh. Làm cả vốc gội bọt thì chẳng có, tóc thì cứng nhắc xong ngứa điên",Trung lập,False,,
cmt_showbiz018_0035_r02,showbiz_018,"Selina Nguyen chưa cưới chưa phải đối nội đối ngoại, chưa cưới chỉ có 2 người, cưới xong có các mối quan hệ cha mẹ anh chị em họ hàng bạn bè vào nó phức tạp gây mệt mỏi hơn, mình nghĩ thế",Trung lập,False,,
cmt_showbiz018_0015_r11,showbiz_018,"Vũ Hoàng Hải ủa đẻ hay không đẻ là do người trong cuộc quyết định chứ liên quan gì, cũng thiếu gì trường hợp đẻ con xong gây gổ li hôn đâu",Trung lập,False,,
cmt_showbiz_020_1855,showbiz_020,Nhu Loc ngon,,True,,
cmt_showbiz004_0009_r24,showbiz_004,Thành Vịnh diễn viễn đóng 2 vai🤣,,True,,
cmt_showbiz_011_0103,showbiz_011,đm xã hội giờ nố năng vl.,Trung lập,False,,
cmt_showbiz_043_1045,showbiz_033,Vi minh co tien la het tội,Trung lập,False,,
cmt_showbiz018_0042_r07,showbiz_018,"Tư Đồ Mạt tui ko nắm drama này nên ko theo phe ai nha, đang nói ngoại hình thui.

ngoại hình bạn nữ cũng có điểm ko đẹp, theo nhân tướng học hậu vận ko tốt mà.",Cà khịa,False,,
cmt_showbiz020_0136_r08,showbiz_020,Quang Thịnh Hai triệu bảy trăm triệu triệu đồng 😄,Trung lập,False,,
cmt_showbiz_004_0014,showbiz_004,"Ngân đi xa Ngân nhé
Ngân đi lâu lâu nhé...",Cà khịa,False,,
cmt_showbiz_018_0361,showbiz_018,Tình yêu gì bọn này văn vở tào lao🤣🤣đã yêu là không thể trở thành cũ ko quan trọng bao nhiêu năm chủ yếu là có mối ngon hơn hay ko thui,Trung lập,False,,
cmt_showbiz_043_0288,showbiz_033,Tôi tin rằng những gì chị ấy đa làm giup nhiều hoàn cảnh khó khăn thì dù có nhu the nào mọi chuyện sẽ nhẹ nhàng.🙏🙏🙏 yêu chị.nguoi làm trời biết luật đời và luật trời.,Trung lập,False,,
cmt_showbiz020_0583_r01,showbiz_020,Lại Thế Công chứng minh được nguồn tiền trong sạch thì k sao b,Trung lập,False,,
cmt_showbiz020_1594_r01,showbiz_020,"Khánh Vy thiệt luôn, nhiêu đây sống 3 đời chưa hết 🤣",Cà khịa,False,,
cmt_showbiz_033_1582_r01,showbiz_033,Thuận Lala Nguyễn ng quen của e lâu r c ạ,,True,,
cmt_showbiz020_1529_r01,showbiz_020,Thanh Phương idol của mẹ t á :)),,True,,
cmt_showbiz_018_0048,showbiz_018,"K có theo dõi 2 bạn này, k thích k ghét, bình thường. Chỉ có 2 lần vô tình lướt trúng clip và cả 2 lần đều khiến tui có ấn tượng xấu vs bạn nam. Clip đầu là kiểu như 2 bạn tranh giành gì đấy, xong mẹ bạn nam bện con dâu, bạn nam trưng bộ mặt bất mãn ra rất thiệt trân :)))) thì biết là content r nhưng diễn nó lộ quá, coi nó sượng cứng người. Clip 2 là bạn nam độc thoại thôi, nói về kinh doanh quần áo, nhưng sai gần như hoàn toàn kiến thức và cả thực chiến, vô cmt coi là biết, dân trong nghề vô ăn k còn miếng vụn. 
Nói chung hồi 2 bạn cưới thấy cũng hoành tráng, nhưng thật sự k cảm nhận được mức độ kết nối giữa 2 người. Này nói thiệt chứ k phải thấy chia tay r nói :)))) cá luôn 2 bạn nói chuyện vs nhau rất dễ gây tranh cãi, bất đồng quan điểm,… và theo mình, bạn nữ nhường nhịn nhiều hơn (khúc này đoán thôi nên nếu k phải thì quan hỉ)",Cà khịa,False,,
cmt_showbiz011_0037_r22,showbiz_011,Ha Ngoc Bich thôi thôi :))) khác đ gì nhau đâu . Chẳng qua nó ng nổi tiếng mới bị chửi,Trung lập,False,,
cmt_showbiz_020_2006,showbiz_020,Pham Lan Anh,,True,,
cmt_showbiz_034_2107_r04,showbiz_034,Hoàng Kim Dương  ở với vợ con kg thích mới mẻ lại lành,Trung lập,False,,
cmt_showbiz018_0040_r04,showbiz_018,Hạnh Minh đúng ạ,,True,,
cmt_showbiz_012_0113,showbiz_012,"Nói rồi đất nước này chỉ có vượn vin là ăn toàn thôi, mọt trong tranh ko bao giờ ai dám rờ, chỉ kẻ thế mạng nó sẽ giết từ từ",Phẫn nộ,False,,
cmt_showbiz008_0009_r10,showbiz_008,Nguyễn Thanh Tú thằng đàn bà rãnh quá!,,True,,
cmt_showbiz_007_0187,showbiz_007,"Ê t ngứa tay quá bây ơi, t muốn gõ phím nhiều hơn mà sợ khẩu nghiệp 🥹",Trung lập,False,,
cmt_showbiz_020_2215,showbiz_020,Truc Quyên,,True,,
cmt_showbiz_013_0146,showbiz_013,Thì ra Linh 14 tỏi vẫn chỉ là cái móng chân của 2 người này 🤣,Trung lập,False,,
cmt_showbiz_020_1844,showbiz_020,Huyền Bae kk,,True,,
cmt_showbiz021_0005_r12,showbiz_021,Sơn Long vài nghìn thì hoa hậu trở lên bạn à,Cà khịa,False,,
cmt_showbiz_043_1249,showbiz_033,"Nhà tôi e dâu vẫn bảo hàng tốt mà, dùng 1 lần khỏi luôn 😄",Trung lập,False,,
cmt_showbiz_033_1437_r30,showbiz_033,Hường Nguyễn Thị Giữ gì?  trên 10 năm thôi chứ có gì đâu,Trung lập,False,,
cmt_showbiz_044_1665,showbiz_034,Mấy cu này làm ăn chung thì phải biết lưu dữ liệu lại và chia ra dùng từ từ mới hạ dc....,Trung lập,False,,
cmt_showbiz_034_2071_r32,showbiz_034,Doãn Trí Bình tin sâu luật nhân quả,,True,,
cmt_showbiz020_0972_r01,showbiz_020,"Hiền Lương có đk thì xây cũng  đẹp vừa phải là ok, khoe khoang kiểu ta đây báo hiếu vì ta quá nhiều tiền là sự lố bịch hao phước, quan trọng là bà này xây mộ cho bố xong là sập tiệm, hỏi phước đức ở đâu...cho sự u mê sai trái",Trung lập,False,,
cmt_showbiz_011_0079,showbiz_011,"tẩy chay lên án ạ , toàn ăn cơm nhà ... thôi ạ",Phẫn nộ,False,,
cmt_showbiz_020_0380,showbiz_020,Lợi nhuận 1 nửa không dầu  mấy lạ,Trung lập,False,,
cmt_showbiz013_0025_r06,showbiz_013,Hoàng Thu Trang hèn chi Bà Bô thắc mắc vấn đề hao hụt của lon sữa bột…🤣🤣🤣,Trung lập,False,,
cmt_showbiz_033_0002_r01,showbiz_033,Hayr Mai chắc nó nghĩ nó có nhiều tiền là giải quyết được tất cả lên nó ngông nghênh coi thường pháp luật,Trung lập,False,,
cmt_showbiz_033_1404_r01,showbiz_033,Nguyễn Khang vào tạm giữ là k cười được nữa đâu,Trung lập,False,,
cmt_showbiz_020_1899,showbiz_020,Hoàng Việt,,True,,
cmt_showbiz_020_2030,showbiz_020,Phuc Nc,,True,,
cmt_showbiz004_0001_r10,showbiz_004,Ngân Nguyễn xem được nha 🤣,Phẫn nộ,False,,
cmt_showbiz021_0019_r01,showbiz_021,Quyến Nidalee rẻ mạc nhỉ bạn,,True,,
cmt_showbiz013_0013_r06,showbiz_013,Hoàng Dũng ra ngân hanh kêu chuyển nhầm gà,Trung lập,False,,
cmt_showbiz_007_0182,showbiz_007,"2 nhỏ này lên lần nữa dập thằng nhỏ khi thấy sắp comeback chứ tốt gì đâu . Nhỏ TV này trước sau cũng bên phía TA thôi, làm lớn chuyện lần nữa triệt thằng này",Trung lập,False,,
cmt_showbiz018_0049_r04,showbiz_018,Văn Quảng Bro không cô đơn 💀,Trung lập,False,,
cmt_showbiz020_1054_r05,showbiz_020,Tiệm Đồ Xinh Xẻo bao nhiêu ạ,,True,,
cmt_showbiz_020_1895,showbiz_020,Thanh Hiền,,True,,
cmt_showbiz_033_1940_r541,showbiz_033,Tuyền Văn Hóa con này lừa bán hàng xương khớp hh giả thu lợi ngàn tỷ và nhiều sản phẩm giả khác . Từ thiện là bình phong là rửa tiền . Bây giờ mới bắt là quá muộn . Nhưng muộn còn hơn ko bắt ! Hoan hô !,Trung lập,False,,
cmt_showbiz_020_2350,showbiz_020,Toàn bs giỏi nước ngoài mà sao ta,Trung lập,False,,
cmt_showbiz_030_0127,showbiz_030,Lol. Còn đi học mua vĩnh viễn đồ,,True,,
cmt_showbiz008_0002_r20,showbiz_008,Noko Shikanoko Tưởng của thằng bố m? =))),,True,,
cmt_showbiz_033_0017_r02,showbiz_033,Nguyễn Nguu phải đi tù mới biết. Hệ vs chả thống.Cày bục mặt hết.Ở Ba sao đầy đại gia nghìn tỉ cày hùng hục,Trung lập,False,,
cmt_showbiz_033_0001_r37,showbiz_033,"Hùng Mộc luật ngầm bạn ko hiểu , tiền vào là ...hết",Cà khịa,False,,
cmt_showbiz_020_0042,showbiz_020,Tuyệt vời các chú áo xanh không làm nhân dân thất vọng và qua đây củng mong các chú áo xanh bắt ngay đối tượng Lê chí thành ( cựu CA ) đang cấu kết phản động tuyên truyền chống phá nha nước Việt Nam rất mạnh mẽ trên không gian mạng,Trung lập,False,,
cmt_showbiz_043_0590,showbiz_033,Nó tự tin có người chống cho nó. Tao chống 2 con mắt xem kết quả ra làm sao !!!!!,Trung lập,False,,
cmt_showbiz021_0004_r08,showbiz_021,Bảo Chung hoa hậu cũng biết thổi kèn à b,Cà khịa,False,,
cmt_showbiz_034_0036_r08,showbiz_034,Tina Pham sao bạn không nghĩ . Ông biết sẽ có kết quả như ngày hôm nay. Trừ cho vợ con  1  lối riêng.. còn phương oanh mới thật sự đau khổ và là lốp dự phòng cho những gì ông đã xắp xếp.não của 1 kẻ giàu k đơn giản như kẻ nghèo suy nghĩ ngắn đâu bạn,Đồng cảm,False,,
cmt_showbiz_009_0019,showbiz_009,"Sống lỗi nhưng cứ đội lốp tất cả mọi ng trên thế giới này đều sai vs mình kiểu ""trời xanh tự an bài :))"" hàiiii,,, 1K fl 60k nè bây ơi",Cà khịa,False,,
cmt_showbiz020_0131_r01,showbiz_020,Trần Ngọc Hiền ???,,True,,
cmt_showbiz_034_1092_r02,showbiz_034,"Văn Tiến oh, token thôi ah, thanks bạn nhé. Cơ mà kể cả token thì vẫn chưa có khung pháp lý để xử phạt vì nó là tài sản số. Mình đọc luật thấy ghi huy động vốn qua token thì ""có thể"" bị xử phạt, còn người đầu tư thì cũng ""có thể"" không được pháp luật bảo vệ. Cơ bản thì đây là hành vi thao túng trong 1 lĩnh vực kinh doanh không được pháp luật công nhận. Hơi giống kiểu đi đánh bạc gặp được chuyên gia, cùng song hành kiếm tiền. Mà không ngờ chuyên gia lại là cò của cái, dàn cảnh thịt gà, chửi thôi chứ không kiện nó được. Nghe chừng hơi khó luận tội cho thành phần này theo pháp luật, có điều chắc chắn là sau vụ này thì uy tín ông thần mất sạch rồi.",Trung lập,False,,
cmt_showbiz_009_0320,showbiz_009,Hoàng Sơn ai cũng là nạn nhân 🤡,,True,,
cmt_showbiz_020_0086,showbiz_020,Nhìn chị khác quá! Hờn các chú áo xanh,Trung lập,False,,
cmt_showbiz_018_0001,showbiz_018,Một cuộc hôn nhân như content 🤣,Cà khịa,False,,
cmt_showbiz_043_1081,showbiz_033,Tóm lại cũng thừa nhận là cũng có nhiều người đc hỗ trợ khó khăn từ HH thật NHƯNG chúng ta phải nhớ là ở đâu mà có tiền nhiều mà giúp đc như vậy và ngoài việc giúp thì đó cũng là chiêu trò đánh bóng tên tuổi và che lấp sai phạm NHẰM phục vụ mục đích khác. KO NÊN cổ suý mà suy nghĩ chỉ trốn thuế nên ko ảnh hưởng gì nhẽ nếu như thế thì chẳng khác nào đưa đất nước và xh ngày càng đi lùi. Vì số thuế đó nếu đóng đầy đủ cho nhà nước thì sẽ phục vụ tốt hơn nhiều cho ASXH trên cả nước chứ ko chỉ để cá nhân lấy số ít đi hỗ trợ và đánh bóng tên tuổi để kinh doanh rồi trốn thuế nữa.,Trung lập,False,,
cmt_showbiz_034_0009_r08,showbiz_034,"Đi Tìm Chân Lý nhìu ngừi giàu họ đem ts chia làm từ thiện bạn ko biết sao. Ngừi ta gọi là chia sẻ tình thương cho hoàn cảnh khó khăn, nói đi bố thí thì vô văn hoá rồi bạn.",Ủng hộ,False,,
cmt_showbiz001_0001_r03,showbiz_001,Nguyễn Phương t cũng thích nhạc hắn thật. Nhưng giờ thì Trình công an chấm moẹ r,Phẫn nộ,False,,
cmt_showbiz_033_1957_r02,showbiz_033,Nguyen Huệ mù quáng thía ?,,True,,
cmt_showbiz_012_0121,showbiz_012,1 năm căng như dây đàn thanh lọc nhiều quá .,Cà khịa,False,,
cmt_showbiz020_2562_r01,showbiz_020,Thanh Huyền tội người già trẻ con,,True,,
cmt_showbiz_009_0011,showbiz_009,"Tin thế quái nào được, nhiều khi Ngọc Kem kiếm fame cũng nên. Ngay ban đầu quen ông này để kiếm fame thì sao.",Cà khịa,False,,
cmt_showbiz020_2753_r01,showbiz_020,Lan Kieu nghe mà choáng,,True,,
cmt_showbiz_009_0147,showbiz_009,Mng đừng để bị vr dắt mũi lm ỉm chuyện này,Trung lập,False,,
cmt_showbiz_033_1970_r03,showbiz_033,Nguyễn Hiền có học chắc gì đã tử tế?,,True,,
cmt_showbiz020_2829_r25,showbiz_020,"Mèo Nghếch .Xây dựng hoành tráng là để chứng minh tài chính giàu có,tiếng tăm lẩy lừng ,người ta nhìn vào nói con nhà này có hiếu ,người sống tự hào chứ người chết là hết ko hưởng được gì.",Trung lập,False,,
cmt_showbiz023_0003_r67,showbiz_023,Hoa Nguyen Cái mồm như cái L người ta 🤣🤣🤣,,True,,
cmt_showbiz020_0005_r02,showbiz_020,Minh Anh e dc cai,,True,,
cmt_showbiz021_0043_r05,showbiz_021,Ban Thua Vi cuộc thi lựa rau,,True,,
cmt_showbiz008_0006_r01,showbiz_008,Hưng Bùi 5 năm đẹp hơn,Trung lập,False,,
cmt_showbiz_021_0023,showbiz_021,2k4 mà lại có danh hiệu giá rẻ vậy :v,Cà khịa,False,,
cmt_showbiz004_0003_r07,showbiz_004,"Sở Hùng 
Có vấn đề đọc hiểu thì nên đi học lại từ lớp mẫu giáo a nha.
Chứ vầy hoài ko khá lên nổi đâu",Trung lập,False,,
cmt_showbiz_009_0020,showbiz_009,"Tỏ ra rất thâm tình và đóng vai ""nạn nhân"" nhưng lại là người làm tổn thương sâu sắc nhất...đấy là mình từng gặp vậy, ông này mình ko biết :)) thấy văn vở quen quen hoy, chắc ""văn mẫu""",Đồng cảm,False,,
cmt_showbiz_018_0042,showbiz_018,"Ông này ái kỉ vcl :))
Không bao giờ mê kiểu dẻo mỏ, trịch thượng của cha này :))",Cà khịa,False,,
cmt_showbiz023_0003_r12,showbiz_023,Hoa Nguyen không thích mắc gì theo dõi,,True,,
cmt_showbiz007_0054_r03,showbiz_007,Huỳnh Lê Mỹ Phương 🤣,,True,,
cmt_showbiz_044_0035,showbiz_034,Tiền của dân,Phẫn nộ,False,,
cmt_showbiz011_0040_r13,showbiz_011,Sống như đóa hoa ngu đâm đầu vô thằng này giờ bị trap la um xùm lên😂 trước vụ này tìm hiểu xíu là biết con ng thằng này ra sao rồi mà vẫn cấm đầu vô,Cà khịa,False,,
cmt_showbiz_020_2579,showbiz_020,Lấy tiền đi cứu trợ miền trung thôi,Trung lập,False,,
cmt_showbiz_020_0565,showbiz_020,Đọc như nào vậy 🥹,Trung lập,False,,
cmt_showbiz011_0046_r11,showbiz_011,Linh Anh họ Đặng nữa thì hết nước chấm nha:)),Cà khịa,False,,
cmt_showbiz_043_1917,showbiz_033,Trần HươngTuan Minh Pham,Trung lập,False,,
cmt_showbiz032_0001_r10,showbiz_032,Nhật Thuận Nguyễn quế anh ăn đứt nhỏ Tranh Âm,,True,,
cmt_showbiz_020_2186,showbiz_020,Nt Cẩm Tú,,True,,
cmt_showbiz_012_0110,showbiz_012,"👁️👁️Luật pháp toàn trên giấy tờ.. 😛
Thấy Bắt toàn dân có thấy bắt bọn tham quan đâu ha...🤷
Xứ thiên đường này hết thế kỷ 21 cũng ko vươn mình nổi...chỉ hô hào khẩu hiệu suông.. 😎
🐒🐒🐒🐂🐂🐂 tư bản đỏ sẽ thống trị hệ thống thượng tầng...Dân sẽ Còn khổ hơn thời phong kiến đi ở đợ..😎",Phẫn nộ,False,,
cmt_showbiz_004_0108,showbiz_004,A đu ! Số 8 là Có điềm xấu báo trước hay sao ta…?…Thế là Ngân 98 bây giờ có tên mới… Ngân Còng Số 8 …!,Cà khịa,False,,
cmt_showbiz004_0016_r08,showbiz_004,Lê Thị Mỹ Dung ý là chị phải dõi theo em sang tận kiếp sau để chứng kiến em về nhà cán bộ ấy.,Cà khịa,False,,
cmt_showbiz_033_1948_r32,showbiz_033,Hoàng Long hi như mình luôn,,True,,
cmt_showbiz009_0033_r06,showbiz_009,Ne Ne lắc não đi,Cà khịa,False,,
cmt_showbiz_043_0632,showbiz_033,Có lẽ là do không sợ chết,Trung lập,False,,
cmt_showbiz_007_0358,showbiz_007,Kim Loan qài lun cha :))),,True,,
cmt_showbiz_044_1028,showbiz_034,"Lấy vk cái sang hẳn luôn, đc đá CLB Juventus",Trung lập,False,,
cmt_showbiz_011_0265,showbiz_011,Đàn ông mà thề luôn là thua rồi,Phẫn nộ,False,,
cmt_showbiz_020_1499,showbiz_020,"Trốn k đc r, k tk nào giàu mà k sai phạm, mà ko tk nào giàu mà k khoe :)) dần dần tóm hết",Trung lập,False,,
cmt_showbiz009_0034_r07,showbiz_009,Phan Hiếu ông cố ơi ông cố 🤣,Cà khịa,False,,
cmt_showbiz_020_2034,showbiz_020,Thanh Hằng 🥲,,True,,
cmt_showbiz_033_1940_r339,showbiz_033,"Tuyền Văn Hóa nếu thế còn thiếu tội. Tội quảng cáo sai sự thặt, lừa đáo bán sp k đảm bảo chất lượng nữa ấy",,True,,
cmt_showbiz_017_0036,showbiz_017,Đỗ Huế,,True,,
cmt_showbiz_021_0088,showbiz_021,J rẻ vậy,,True,,
cmt_showbiz_033_1976_r13,showbiz_033,Hải An Home bình luận hay,,True,,
cmt_showbiz_013_0147,showbiz_013,Sih mạg bé là trog tay các mtq nhưg tiền thì trog tay e tất nhé 🤣🤣🤣,Trung lập,False,,
cmt_showbiz_004_0129,showbiz_004,"Lừa đảo khách hàng, hại người phạt thật nặng hết lũ buôn bán gian dối.",Phẫn nộ,False,,
cmt_showbiz_033_1982_r02,showbiz_033,Nguyễn Vũ Quân bắt phạt mấy lần rồi ko chừa,,True,,
cmt_showbiz019_0003_r01,showbiz_019,Chau Dang Khoa ksao coi như cheap moment ws QL ạ,Trung lập,False,,
cmt_showbiz_010_0027,showbiz_010,,,True,,
cmt_showbiz_011_0093,showbiz_011,bọn này khoá mỏm nó lại là ok,Cà khịa,False,,
cmt_showbiz_018_0299,showbiz_018,đọc thấy khó chịu trong người luôn á bây,Trung lập,False,,
cmt_showbiz_043_1916,showbiz_033,Hoàng Tâm Ngọc Mai,,True,,
cmt_showbiz_033_1437_r02,showbiz_033,Hường Nguyễn Thị  Cháu like cho cô lên top . 🤣🤣🤣🤣,,True,,
cmt_showbiz_033_1995_r01,showbiz_033,Hoàng Bạch Yến tiền nó lừa còn gấp nhiều lần,,True,,
cmt_showbiz_034_0989_r01,showbiz_034,"Zhi Jian mày thấy nó tên sạc bình không,giờ bình chai rồi không thể sạc được nữa",Trung lập,False,,
cmt_showbiz_020_1232,showbiz_020,Tin nhảm nhí,Trung lập,False,,
cmt_showbiz_033_1588_r01,showbiz_033,Nguyễn Quang Dũng nghìn tỏi,,True,,
cmt_showbiz009_0036_r04,showbiz_009,Drama xuất hiện Full Video ở Beat Đường Phố,Trung lập,False,,
cmt_showbiz020_1174_r02,showbiz_020,Hồng Yến lương cao chỉ việc nhảy nhót,,True,,
cmt_showbiz_044_1920,showbiz_034,“ Giấy không gói được lửa “ nha Xác … chết .,Trung lập,False,,
cmt_showbiz_020_3720,showbiz_020,"Dậu đổ bìm leo,giờ nói gì chả được",Trung lập,False,,
cmt_showbiz_044_0524,showbiz_034,Đúng long mạch😆,Trung lập,False,,
cmt_showbiz008_0002_r39,showbiz_008,Dõan Đại Hiệp chu doãn thơ văn ghê,,True,,
cmt_showbiz020_0131_r11,showbiz_020,Kona Jiji giống tôi,,True,,
cmt_showbiz_034_1078_r55,showbiz_034,"Dây treo nhãn mác, tem nhãn, tag quần áo Phúc Gia biết được thì muôn mất rồi",,True,,
cmt_showbiz_020_3585,showbiz_020,"Họ có tiền họ có hiểu với cha mẹ 
Có lòng tốt với bao người dân nghèo 
Còn hơn mấy cụ tham ô ko cho dân đen cái gì",Trung lập,False,,
cmt_showbiz_044_2001,showbiz_034,Hong Camdao,,True,,
cmt_showbiz_044_2168,showbiz_034,Ngu thì chết,Phẫn nộ,False,,
cmt_showbiz022_0016_r01,showbiz_022,Đinh Văn Linh cút,,True,,
cmt_showbiz_020_1787,showbiz_020,Xờiiiiii,,True,,
cmt_showbiz020_0136_r09,showbiz_020,Quang Thịnh 2 triệu7 nhé khỏi cảm ơn🤒🤒,,True,,
cmt_showbiz_033_1947_r56,showbiz_033,Tâm Bình An bảo oc c họ lại tự ái,,True,,
cmt_showbiz011_0020_r11,showbiz_011,Trang Heli Trang Heli  🤣🤣dạo này mặn zữ🤣🤣,,True,,
cmt_showbiz_004_0044,showbiz_004,"Ngông cuồng ngạo mạn lố bịch giờ vướng lao lý 
Xứng đáng",Phẫn nộ,False,,
cmt_showbiz016_0011_r05,showbiz_016,Điều Hoà,,True,,
cmt_showbiz011_0030_r02,showbiz_011,Nguyễn Tuấn nói thẳng là chả HÈN í ạ,Cà khịa,False,,
cmt_showbiz_043_0416,showbiz_033,Vì lụm đủ tiền rồi,,True,,
cmt_showbiz_043_0711,showbiz_033,Ý nó là sẽ được giảm mỡ nhanh nên hả hê..,Trung lập,False,,
cmt_showbiz_020_1082,showbiz_020,Đến đầu Đòi tiền lại mọi người ơi…huhu,Trung lập,False,,
cmt_showbiz_043_1897,showbiz_033,Ngô Quang Hùng chủ quản chi nhánh nguyễn hoàng :))),Trung lập,False,,
cmt_showbiz019_0008_r09,showbiz_019,Gato Kim Hoàn sao fai sợ :))),Cà khịa,False,,
cmt_showbiz_034_2084_r08,showbiz_034,"Hoàng Trung Tài chuẩn luôn, nhà nước cbi có sàn giao dịch tiền số, nó ngửi thấy mùi dân lại cbi đổ tiền vào nên nó lên kế hoạch để úp bô phát nữa, nhưng cái bô cũ vẫn còn nên phải đi tẩy trắng trc nhận mình cũng là nạn nhân cũng mất mấy chục tỏi, bị dev lừa hòng lấy lại niềm tin với nó nghĩ là qua bao năm rồi chắc dân quên hết, giờ lên tẩy 1 tgian là sạch ngay sau khi tẩy sạch thì nó cbi khởi động vụ mới, vẫn như thế thôi rồi úp bô phát nữa bú đậm. Nhưng k ngờ là vào tầm ngắm lâu rồi vs dư luận k dễ bị loè nữa ai cũng ghét đâm đơn tố cáo đến nước này thì chịu.",Trung lập,False,,
cmt_showbiz_033_0001_r13,showbiz_033,"Nguyễn Việt Tùng đúng mà, người có tiền đi tù cũng sướng.!!!",Cà khịa,False,,
cmt_showbiz_020_2746,showbiz_020,Hằng Ẻmiu,,True,,
cmt_showbiz_044_0008,showbiz_034,Mấy ngày nay toàn Ac nổi tiếng không hầy,Cà khịa,False,,
cmt_showbiz_034_1062_r01,showbiz_034,Bảo Trân thì nay mới bị nè,,True,,
cmt_showbiz_034_2070_r60,showbiz_034,"Duy Son Nguyen khôn ngoan sao lại đc với ông trời, khôn quá thì chung thân, khôn vừa thì 20 năm.",Trung lập,False,,
cmt_showbiz020_2149_r02,showbiz_020,Nguyên Hùng Taxxi Quảng Bình nì b,,True,,
cmt_showbiz_020_1472,showbiz_020,Ra bài Good bye sếp Mai nhể,Trung lập,False,,
cmt_showbiz_021_0095,showbiz_021,phò lên giá...,,True,,
cmt_showbiz_020_0760,showbiz_020,Dung Thỏ hồi đó em nhớ c cũng đóng góp đúng hôk hehe,Trung lập,False,,
cmt_showbiz013_0123_r01,showbiz_013,Mạnh Hải nghề này nó nhàn,,True,,
cmt_showbiz009_0021_r07,showbiz_009,KY Le gớm dell đến lượt đâu mà bày đặt nó có công danh sự nghiệp đầy đủ cả,Cà khịa,False,,
cmt_showbiz016_0016_r04,showbiz_016,An Nguyen có thì trình báo đi,,True,,
cmt_showbiz_009_0021,showbiz_009,Thật ra người thứ 3 ở đây cũng chính là ổng lun á. Ông này ái kỷ nên ổng chỉ yêu bản thân ổng thôi. Cạn phước lắm mới gặp đc loại ng như này :)))),Cà khịa,False,,
cmt_showbiz_032_0159,showbiz_032,Roi hoa hau chỗ nào trời bo tay,Trung lập,False,,
cmt_showbiz_025_0101,showbiz_025,Cô ấy bị tội gi? Không biết cô ấy đã chuẩn bị gì cho các con chưa? Thương.,Trung lập,False,,
cmt_showbiz_020_0604,showbiz_020,Sao tồn tại lâu vậy,Trung lập,False,,
cmt_showbiz015_0010_r11,showbiz_015,Đình Đồng thế kinh thì có nhiều chuyện hơn nhỉ,Trung lập,False,,
cmt_showbiz_008_0066,showbiz_008,Bao Bao mấy bữa nữa thấy cấm sóng :)),,True,,
cmt_showbiz018_0047_r01,showbiz_018,Hoàng Phúc ya b,,True,,
cmt_showbiz_043_1312,showbiz_033,Các vị cứ thắc mắc cười của huong không có lẽ lúc này khóc được sao,Trung lập,False,,
cmt_showbiz013_0087_r01,showbiz_013,"Cây Sáo Trúc 
Tướng nguỵ quân tử…..",,True,,
cmt_showbiz_025_0018,showbiz_025,Cho tui hỏi bà này tương lai có được 1 vé qua Mỹ giống như bà nấm Như Quỳnh k vậy 🤔,Trung lập,False,,
cmt_showbiz020_2832_r13,showbiz_020,Ổ Phim Khét treu ah,,True,,
cmt_showbiz_020_3472,showbiz_020,Tiền đảo lửa côngi ngu dại thành toang tò,Trung lập,False,,
cmt_showbiz011_0028_r05,showbiz_011,Gu chuẩn của mấy bà khi chưa bị khui đấy,Cà khịa,False,,
cmt_showbiz004_0004_r20,showbiz_004,Ý Phan Như dạy con cháu như thế để hại người nhé và sớm vào tù.,Phẫn nộ,False,,
cmt_showbiz_011_0205,showbiz_011,Còn thề gì k nói luôn lần đi anh,Trung lập,False,,
cmt_showbiz005_0025_r01,showbiz_005,Cẩm Phú ác quá ác với a dáck Vĩnh Long r 😂,Trung lập,False,,
cmt_showbiz_033_1942_r67,showbiz_033,Dõan Đại Hiệp Từ bao giờ mà những lời lẽ đúng đắn chí lý lại được thốt ra từ miệng 1 kẻ hấp diêm 🤣,Trung lập,False,,
cmt_showbiz007_0006_r01,showbiz_007,Hip Trang Mình chỉ thấy trang của TA up tn chỉ có TV nc với TA và mấy tn Jack hỏi thăm sol với TA thôi. Bạn biết rồi đó tn giờ giả mạo cắt ghép bt mà. Cho nên bt mình ko gọi dt nt để có gì đói chứng. Lời nói gió thoảng mây bay mà,Trung lập,False,,
cmt_showbiz_033_1940_r378,showbiz_033,Thu An chuẩn,,True,,
cmt_showbiz019_0192_r03,showbiz_019,Thiện Tâm giống ngân 98 vậy đó,,True,,
cmt_showbiz_033_1946_r54,showbiz_033,Trung Nguyên Rửa tiền đó :),,True,,
cmt_showbiz023_0001_r10,showbiz_023,Anh Thơ Hồ Giang quay SNN cuối năm 2021 rồi quen chồng luôn. Nhóc con sinh cuối năm 2023 thì tính theo năm 3 tuổi đúng ròi,Trung lập,False,,
cmt_showbiz_033_1946_r04,showbiz_033,"Hà Trung cái đó pháp luật sẽ xử lý nghiêm minh!
E thấy biết ơn khi bà con vùng lũ, vùng khó khăn khi gặp phải lũ lụt, màn trời chiếu đất bạn ấy đứng ra, đến tận nơi chia sẻ khó khăn, động viên bà con… rất nhiều người đớp sâu chớ ko có khái niệm”nhả” một chút như bạn nói đâu!",Đồng cảm,False,,
cmt_showbiz_034_1078_r56,showbiz_034,"Dây treo nhãn mác, tem nhãn, tag quần áo Phúc Gia đưa tiền cho thằng khác cầm là ngu nhưng thằng cầm tiền lại là con cáo già thì càng ngu hơn 😁",,True,,
cmt_showbiz018_0040_r02,showbiz_018,Huỳnh Như thiếu xíu cũng đc e! 😆,,True,,
cmt_showbiz_018_0099,showbiz_018,Tao cười. Nói đạo lí suốt thôi,,True,,
cmt_showbiz004_0012_r02,showbiz_004,"Phòng, chống ma túy - Công an TP. Hồ Chí Minh vâng em đang làm tí cần",,True,,
cmt_showbiz_020_2179,showbiz_020,Thao Pham,,True,,
cmt_showbiz_020_2357,showbiz_020,Cá mập đã sa lưới...,Trung lập,False,,
cmt_showbiz018_0042_r08,showbiz_018,Dâu Tây sameeee hay tại gu tui thích múp chút tui cũng ko biết :)))),Ủng hộ,False,,
cmt_showbiz_043_1109,showbiz_033,Nhà nhiều tiền vào trong cũng sướng thôi,Trung lập,False,,
cmt_showbiz_043_1962,showbiz_033,Ối dồi ôiii. Idol bị bớ thì mẹ t mua hàng kỉu gì ta🤡,Trung lập,False,,
cmt_showbiz_020_3001,showbiz_020,Đỗ Văn Quý,,True,,
cmt_showbiz008_0080_r01,showbiz_008,"Nguyễn Long u mê đó b, vs cái mặt này tụi nó kêu đẹp trai😂",Trung lập,False,,
cmt_showbiz020_1520_r04,showbiz_020,AI tới nổi mấy con áo xanh cục tay khi làm nhiệm vụ,Phẫn nộ,False,,
cmt_showbiz_044_1019,showbiz_034,Tài,,True,,
cmt_showbiz_033_1940_r24,showbiz_033,Binh Trinh đớp hơn 200 tỷ cho dù bỏ ta 199 tỷ để làm từ thiện thì vẫn còn lời chán 😂 😂 😂,Trung lập,False,,
cmt_showbiz_011_0203,showbiz_011,Thầy gì mà lại sân si,Phẫn nộ,False,,
cmt_showbiz_018_0045,showbiz_018,"Ê t đọc mấy cmt của mấy má nói ngta đạo lý, hả hê này nọ t thấy khó chịu vch. Nếu mà có gì giữa hai ng mà liên quan đến đạo đức thì t ko nói, chứ hôn nhân nó khác lúc yêu mà. Đa phần mấy cặp đôi hay khó vượt qua đc cái khoảng đầu hôn nhân. Mà mấy đứa vô duyên vch cứ vào cmt nói ngta đạo lý, vừa lắm này nọ. Chắc gì đã hạnh phúc hơn ai đâu trong tương lai đâu mà nghiệp quá
Ngta yêu nhau 11 năm, có phải như mấy cặp mới yêu chưa bao lâu cái làm content cp đồ đâu. nLúc đó ngta yêu, ngta hạnh phúc thì ngta tận hưởng, hoành tráng, mưa tới đâu mát tới đó
Dù sao cũng chẳng thể phủ nhận những kiến thức, chia sẻ của 2 ổng bả về tình yêu cũng như s..e… Cái nào ko hợp quan điểm thì lướt, đâu phải sai all đâu mà",Phẫn nộ,False,,
cmt_showbiz_044_1060,showbiz_034,Kim Ngọc,,True,,
cmt_showbiz011_0025_r01,showbiz_011,"Xi Ta thì chặn bà nó đi là xong, mấy kênh bậy bạ là t chặn hết",Cà khịa,False,,
cmt_showbiz_044_0679,showbiz_034,Lên truyền hình thì nói đạo lý lên mạng thì dạy cách lm giàu.lm ăn lương thiện thì đéo có thăngnnaof giàu dc đâu,Trung lập,False,,
cmt_showbiz_020_1840,showbiz_020,Lên thớt r,Trung lập,False,,
cmt_showbiz_044_2171,showbiz_034,"Chắc tính dọn đường cho vụ ""khởi nghiệp"" mới.",Cà khịa,False,,
cmt_showbiz_008_0078,showbiz_008,Ye,,True,,
cmt_showbiz_020_2971,showbiz_020,Đúng là lấy thước nào mà đo lòng người...quá giàu nhưng ko biết đủ..ko biết điểm dừng lại mà hưởng thụ...thu lợi bất chính trên  tỷ đồng là dính vào khoản 4 điều 188 bộ luật hình sự..mức án cao nhất từ 12-20 năm...còn bỏ tiền chạy được hay ko thì ko biết,Trung lập,False,,
cmt_showbiz_034_0016_r02,showbiz_034,Anh Milano hơn em á anh ơi . Biết trc xin ít mà làm ăn anh hè,Trung lập,False,,
cmt_showbiz_044_1323,showbiz_034,Ôi! Cá mập giờ hóa Cá dọn bể,,True,,
cmt_showbiz_033_1940_r288,showbiz_033,Tuyền Văn Hóa chắc mình tôi không biết bà này 😅,Trung lập,False,,
cmt_showbiz_044_0453,showbiz_034,Lừa đảo ko thoát được .đời có luật nhân quả.đến sớm hay muộn.,Trung lập,False,,
cmt_showbiz012_0009_r01,showbiz_012,"Lan Giò ngu à, nó mua ít  nó ke cao lên  để lấy tiền thằng kia chứ phải  nó kê xuống để trốn thuế đâu, lừa đảo còn gì  mà  u mê",Trung lập,False,,
cmt_showbiz007_0048_r03,showbiz_007,Project Runway Vietnam giang cư mận luôn luôn đúng,,True,,
cmt_showbiz_020_3240,showbiz_020,dm chung may bớt soi đi,Trung lập,False,,
cmt_showbiz_033_0003_r16,showbiz_033,"Trung ÊTô những khoản tiền nó quay clip lên mạng tung ra như giấy vụn, những khoản tiền nó làm từ thiện cho dân , tất cả là tiền của nhân dân gom lại làm màu cho nó , là tiền nó trốn thuế của nhà nước . nó làm vậy để lấy lòng dân , lừa ngoạn mục tất cả mn . giờ nó bị bắt mà vẫn biểu cảm vui vẻ vì nó nghĩ nó đã làm mẹ thiên hạ quá đỉnh rồi giờ có vào kho nó vẫn ung dung như bà hoàng , vì ts của nó nhà nước có thu bao nhiêu cũng ko bao giờ hết . nó mắc cười là tại sao giờ nó mới bị bắt .",Trung lập,False,,
cmt_showbiz_020_3148,showbiz_020,"Tôi mà nhiều tiền thì tôi cũng làm như vậy, nhưng tiếc là tôi ko có nhiều tiền để làm thôi 🙂",Trung lập,False,,
cmt_showbiz_008_0294,showbiz_008,Lòng người 🤣,,True,,
cmt_showbiz_012_0168,showbiz_012,sao 20 năm mới lòi ra,Trung lập,False,,
cmt_showbiz_020_1245,showbiz_020,Sau vụ hoàng hường là nghi nghi mai lisa cũng lên đường mà,Trung lập,False,,
cmt_showbiz_011_0035,showbiz_011,Top 1 Dơ nhất VN đã có chủ 🤣,Cà khịa,False,,
cmt_showbiz018_0009_r01,showbiz_018,Trần Văn Duy bác sĩ tình yêu khi quá liều thì cũng bị sốc thuốc như thường,Cà khịa,False,,
cmt_showbiz020_2413_r01,showbiz_020,"Tuấn Thành Sếp mai đi roi nhé, vừa xem bên Tin Hót Hòn Họt",Trung lập,False,,
cmt_showbiz_033_0021_r28,showbiz_033,"Lê Hồng Nhung vào mà hầu hạ bà Hoàng đi cưng.Vào tù mà sướng, Nói ngu như con lợn.",Trung lập,False,,
cmt_showbiz_043_0302,showbiz_033,Có lẽ vì phía sau hoàng hường có gốc cây cổ thụ,Trung lập,False,,
cmt_showbiz_013_0170,showbiz_013,Ông huấn lên tiếng đủ giấy tờ chi hết trên 10tỷ ông gửi 2 tỷ cho cháu rồi. Đỡ phải cắm đất đứa ra đi,Trung lập,False,,
cmt_showbiz_043_0742,showbiz_033,Lo gì tất cả đc tính hết r,Trung lập,False,,
cmt_showbiz009_0046_r07,showbiz_009,Bé Phúc quen quen :))),,True,,
cmt_showbiz_007_0333,showbiz_007,Long Phan tiếp,,True,,
cmt_showbiz004_0001_r09,showbiz_004,"Đoàn Yến Ngân đặc biệt là đàn bò trên tóp tóp, vừa lướt qua 1 clip gần 20k tim bênh vực, kêu nó k lừa đảo, đứa nào ngu mua ráng chịu. Câm nín",Phẫn nộ,False,,
cmt_showbiz012_0040_r02,showbiz_012,Cali Ngọc Mai cay nhể 😄,Trung lập,False,,
cmt_showbiz_044_2026,showbiz_034,,,True,,
cmt_showbiz020_0096_r05,showbiz_020,Thuy Huong Nguyen hihi cám ơn ạ,,True,,
cmt_showbiz018_0001_r24,showbiz_018,Inside the Box 📦,,True,,
cmt_showbiz_044_1215,showbiz_034,Vừa ăn cướt vừa to còi,Trung lập,False,,
cmt_showbiz022_0007_r69,showbiz_022,"Lê Trọng Đức thì ck t nghèo mà, ck t chỉ mua dc mỗi căn nhà cho t thôi chứ làm gì có tiền mua dc con oto ghẻ cho vk r lên mạng làm khùng làm điên khoe mình là triệu phú như m =))))) bts th đầu có điện cãi đ lại cái kiu nta nghèo hahaa con oto ghẻ so với cái nhà là nghèo dữ chưa",Trung lập,False,,
cmt_showbiz020_2171_r02,showbiz_020,Võ Hải e k biết,,True,,
cmt_showbiz_043_1258,showbiz_033,Che le khóc trời,Trung lập,False,,
cmt_showbiz_011_0054,showbiz_011,Pháo khóc là vì ức quá mà không cãi lại được cái mỏ đàn bà của nó á má =))),Cà khịa,False,,
cmt_showbiz_020_3054,showbiz_020,Thì kệ mẹ người ta mày sân si làm gì.,Trung lập,False,,
cmt_showbiz_013_0140,showbiz_013,Dân mình ủng hộ nhầm người,Trung lập,False,,
cmt_showbiz_044_2156,showbiz_034,Đúng là nhân quả,Trung lập,False,,
cmt_showbiz_032_0012,showbiz_032,Trâm Anh & Quế Anh chúng mình có nhau,,True,,
cmt_showbiz_007_0147,showbiz_007,Toàn mấy đứa tinh ăn mù làm. Bớt bớt. Làm việc tăng giá trị bản thân đi,Trung lập,False,,
cmt_showbiz_033_1960_r05,showbiz_033,Nguyễn Tấn Dũng lái dũng,,True,,
cmt_showbiz011_0037_r06,showbiz_011,Bull Trần s nó hèn thía 🤣🤣🤣,,True,,
cmt_showbiz_008_0057,showbiz_008,Chếc mẹ m chưa =)))) cấm sóng nó luôn đi sở văn hóa ơi =))),Trung lập,False,,
cmt_showbiz_034_2068_r35,showbiz_034,"Tifosi tôi thấy vụ này ông Hiếu kia cũng có sai gì đâu. Ông Bình đang bị dân mạng chửi, xong ông Bình lên bài thanh minh đăng ảnh kèm ông Hiếu. Ông Hiếu bị chửi lây, hiểu nhầm thì bảo gỡ ảnh có mặt ông ấy xuống thì đâu có sai? 2 ông ko biết bạn bè thân thiết ntn mà đang có scandal kéo bạn xuống nước thì ông Bình cũng ko chuẩn với bạn từ đầu rồi.",Trung lập,False,,
cmt_showbiz_044_1440,showbiz_034,"Ngồi không hưởng lợi , đạo đức giả!",Trung lập,False,,
cmt_showbiz019_0190_r01,showbiz_019,Bom Dâu chắc có đại gia đứng sau. Đủ am hiểu để lách. Đến giờ mới bik bắt thì cũng đủ hiểu cơ cấu cũng ổn đó,Trung lập,False,,
cmt_showbiz015_0001_r09,showbiz_015,Eric Nguyễn nhưng nhà máy thuốc lá ko phải ido của nó :)),Trung lập,False,,
cmt_showbiz_043_1798,showbiz_033,Nó vẫn cười tươi lắm .,Trung lập,False,,
cmt_showbiz_044_2285,showbiz_034,Lậy ông Tôi ở bụi này kkk,Trung lập,False,,
cmt_showbiz_020_2040,showbiz_020,Hà Hà .,,True,,
cmt_showbiz011_0024_r01,showbiz_011,Phan Thị Ngọc Hân ủa s lại là 21h40 dọ 😶,,True,,
cmt_showbiz_044_0077,showbiz_034,"Nguoi thi ăn ko hết,người lần không ra.",Trung lập,False,,
cmt_showbiz009_0005_r09,showbiz_009,Thu Vũ xúc xắc,,True,,
cmt_showbiz008_0006_r06,showbiz_008,"梨美回 hán nô nói lắm vậy ? chỉ giỏi bắt nạt con nít à ? đúng bản chất idol với fan y chang nhau , idol bị cấm thì lên bài điều hướng dư luận , còn fan đi chửi lộn khắp nơi bạ ai cũng chửi",Trung lập,False,,
cmt_showbiz018_0012_r02,showbiz_018,Billy Tran Đàn ông 50 tuổi còn lấy vợ được đàn bà 50 tuổi có ma nó thèm 😪,Cà khịa,False,,
cmt_showbiz_020_1076,showbiz_020,"🔥 Thu hồi 162 sản phẩm mỹ phẩm của thẩm mỹ viện Mailisa:

https://www.facebook.com/vietnamnet.vn/posts/pfbid02rG4WmcYtw6tquJigfgMw8REPA5jMEZmCA1JjDD3ii2mQsyNz7qdFzp8u6EeYHdVZl",,True,,
cmt_showbiz020_2560_r02,showbiz_020,Hải Yến fan cứng luôn v em☺️,,True,,
cmt_showbiz016_0007_r28,showbiz_016,Lê Đức Mạnh cần mua cuốn sách bí kíp dùng não ko?,Trung lập,False,,
cmt_showbiz_009_0001,showbiz_009,"Mấy con bb3 thì n quan tâm gì có ny hay ko đâu , đôi khi có ny rồi n càng thích nên cần gì xoá ảnh :))))))",Cà khịa,False,,
cmt_showbiz015_0005_r13,showbiz_015,"Đạt Tóc Kira :))))))) kệ mẹ đi, kì này t ngồi hóng hớt cho zui",Trung lập,False,,
cmt_showbiz_020_1694,showbiz_020,Trang Bi @@,,True,,
cmt_showbiz_004_0048,showbiz_004,Xấu như quỷ ai mà chấm điểm cho nó chắc mắt bị mờ ý là sửa nát mặt mả còn xấu,Cà khịa,False,,
cmt_showbiz_008_0015,showbiz_008,"Đã quá Sở Văn Hóa ơiiii 🎉🎊, hãy diệt nó",Trung lập,False,,
cmt_showbiz_044_0046,showbiz_034,Vong ơn bội nghĩa muôn đời nát,Phẫn nộ,False,,
cmt_showbiz021_0038_r05,showbiz_021,Nguyễn Văn Nghĩa  á đù. Tưởng khoẻ thì cho theo xách dép,Cà khịa,False,,
cmt_showbiz_018_0393,showbiz_018,Chuyện gđ nhà ngta mà đem ra bàn tán dữ v 🙂 bị ngu quá nên bí content à?,Trung lập,False,,
cmt_showbiz_020_1982,showbiz_020,Lê Như Bảo Vy 🫵🫵,,True,,
cmt_showbiz_012_0065,showbiz_012,Kiểu này phải xây thêm nhà tù thôi =)),Cà khịa,False,,
cmt_showbiz_043_1858,showbiz_033,Lê Thanh Huy cười cmt,,True,,
cmt_showbiz_033_0001_r42,showbiz_033,"Hùng Mộc khởi đầu cho các bộ phim dài tập thôi b a! Chơ để nghiên cứu ra 1 sp tốt
ng ta phải học biết bao nhiêu tiền của và thời gian ...!",Cà khịa,False,,
cmt_showbiz_033_0931_r02,showbiz_033,Hoacuc ThomTuandl đéo thấy ở đâu sống dễ và an nhàn như ở VN. Thôi đi mẹ qua nước khác cho VN sạch sẽ!,Trung lập,False,,
cmt_showbiz021_0005_r06,showbiz_021,Sơn Long bèo bọt hì🤣🤣🤣,,True,,
cmt_showbiz_030_0235,showbiz_030,Con đó nó bắt chước,Trung lập,False,,
cmt_showbiz008_0002_r22,showbiz_008,😏,Trung lập,False,,
cmt_showbiz_012_0027,showbiz_012,"Bản chất của lũ Showbiz ( 98%) này là thế thôi ! Đâu có tài cán gì, chỉ nhờ công nghệ lăng xê, crushing và fate polishing mà thành công thôi !",Phẫn nộ,False,,
cmt_showbiz_020_2212,showbiz_020,An Lucy,,True,,
cmt_showbiz024_0016_r01,showbiz_024,Anbani Haizan sử dụng chứ phải buôn bán đâu mà tội nặng z,Trung lập,False,,
cmt_showbiz_020_2613,showbiz_020,Nam Anh 😂 tấn trò hề,,True,,
cmt_showbiz019_0002_r04,showbiz_019,Bí Mật Showbiz hôm qua chuỵ hô của tao còn mua bài tự xưng mình là đệ nhất hoa hậu nữa cơ...đệ nhất mỏ hô hám fame siêu cấp zũ trụ thì có 🥰🥰🥰,Cà khịa,False,,
cmt_showbiz_020_1989,showbiz_020,Lê Thị Thoa,,True,,
cmt_showbiz_043_0980,showbiz_033,"Tội trốn thuế thì coi phạm văn tam đó, đóng đủ và đóng dư là ko phạt tù",Trung lập,False,,
cmt_showbiz_020_2995,showbiz_020,Nguyễn Trang,,True,,
cmt_showbiz_044_0025,showbiz_034,Giỏi vậy mà vẫn phải sa lưới pháp luật,Cà khịa,False,,
cmt_showbiz004_0013_r04,showbiz_004,"Quỳnh Brows rõ tụi nó nói câu là “detox nào cũng có hại” nhưng idol tụi nó bất chấp bán  xong vẫn bênh, không hiểu 😑",Cà khịa,False,,
cmt_showbiz_011_0146,showbiz_011,"Viruss thề:
Anh không Bao Giờ có con giống Jack 😆",Cà khịa,False,,
cmt_showbiz_033_1942_r48,showbiz_033,"Dõan Đại Hiệp ừ nhỉ, nói hay kinh",,True,,
cmt_showbiz_023_0157,showbiz_023,Thời nay phải bắt trâu có nghé mới chắc chứ,Trung lập,False,,
cmt_showbiz013_0029_r08,showbiz_013,Đoàn Minh Anh Nói tẹt ra là Hoài Linh 14 tỷ ấy,,True,,
cmt_showbiz_033_0007_r12,showbiz_033,Cao Xuân Huy sao lại phải thử hả cháu 🤣 chỉ có những đứa như gđ cháu mới hiểu thôi,Trung lập,False,,
cmt_showbiz019_0181_r40,showbiz_019,Anh Ngọc dỡn tới đâu luôn r=))),,True,,
cmt_showbiz018_0001_r21,showbiz_018,"Inside the Box lúc nó cưới t cũng mỉa, h nó chia tay t vẫn mỉa nè 🤗",Cà khịa,False,,
cmt_showbiz_005_0022,showbiz_005,Thanh Trà Kim Soo Hyun bản Việt,,True,,
cmt_showbiz_020_1714,showbiz_020,mafia,Phẫn nộ,False,,
cmt_showbiz_004_0087,showbiz_004,Bake nó vậy.,Phẫn nộ,False,,
cmt_showbiz_033_1942_r81,showbiz_033,Dõan Đại Hiệp t vẫn cay m cái zụ Cô Cô,,True,,
cmt_showbiz_020_0361,showbiz_020,"Ít mà, mọi người",Trung lập,False,,
cmt_showbiz_044_1470,showbiz_034,Giờ từ hoan hỉ thành hồi hướng hả anh em? =)))),Trung lập,False,,
cmt_showbiz_004_0105,showbiz_004,ZÚ NHỎ THÌ CHẮC KO SAO. KHOE ZÚ TO LÀM CHI GIỜ RA THẾ NÀY,Cà khịa,False,,
cmt_showbiz020_1514_r01,showbiz_020,Chi Móm tr đất thiên đụng ơi😂,,True,,
cmt_showbiz019_0012_r03,showbiz_019,"Thành Công chuẩn, k thì ra tận tiệm thuốc mua 🫠",Ủng hộ,False,,
cmt_showbiz_001_0015,showbiz_001,Thành Bún Bò nghe đâu đây là thần tượng của e nhỉ,Cà khịa,False,,
cmt_showbiz_020_2207,showbiz_020,Mai Trần,,True,,
cmt_showbiz019_0285_r02,showbiz_019,Kim Ngân k ngờ luôn đó 2,,True,,
cmt_showbiz011_0004_r01,showbiz_011,Trần Thu Hoài thề trơ trẽn vch 🤣 em hóng cả tối qua,,True,,
cmt_showbiz_024_0179,showbiz_024,"Xong luôn,uổng thiệt..",Trung lập,False,,
cmt_showbiz019_0025_r07,showbiz_019,Hoàng Đức thâm nho lắm 😂😂😂,,True,,
cmt_showbiz_034_1079_r12,showbiz_034,Nguyen The Hoanh BML viết tắt là gì ! Cám ơn,,True,,
cmt_showbiz016_0005_r01,showbiz_016,Ngọc Huy mấy thằng tộc cầm cái vape nghĩ mình oai vcl,Trung lập,False,,
cmt_showbiz011_0030_r01,showbiz_011,"Út Út thằng này mới 1, jack 3 rồi",Phẫn nộ,False,,
cmt_showbiz_011_0170,showbiz_011,anh thề 😂😂😂,Cà khịa,False,,
cmt_showbiz018_0077_r01,showbiz_018,Nguyễn Quang Dũng mới đc 1 năm 😅,,True,,
cmt_showbiz_020_2045,showbiz_020,Nguyễn Ngọc Hân,,True,,
cmt_showbiz007_0070_r01,showbiz_007,Phạm Văn Hùng  phải hd cơ chứ.  ,,True,,
cmt_showbiz_044_1047,showbiz_034,Trần Kiều Trinh,,True,,
cmt_showbiz_034_0899_r04,showbiz_034,Hiếu Ngô … Dịch vụ mà …🤣🤣🤣,,True,,
cmt_showbiz019_0181_r47,showbiz_019,"Anh Ngọc Má ko ác, ai ác má?",,True,,
cmt_showbiz_008_0236,showbiz_008,Chấp nhận chung mà quan trọng lột đc mặt nạ của con bé Bài Vị và rửa oan cho mình sau ngần ấy năm thì quá hời r còn gì,Trung lập,False,,
cmt_showbiz004_0010_r01,showbiz_004,Dương Thu Hằng anh em trong cơ quan CSĐT cả mà 😘,,True,,
cmt_showbiz_011_0060,showbiz_011,"Xem không kỹ bị dắt thì thôi nhé :))) Nó cứ nhấn mạnh ""hẹn hò không hợp thì anh dừng với em đi quen Kem, chuyện thường thôi"" 🤡 
- Pháo: thế ngày 15 buổi sáng em vẫn ở nhà anh, cho tới lúc em về thi anh lại hẹn Kem đi chơi thế cái này thì sao
- VR: ôi em đừng có nhắc tới mốc thời gian, em toàn nói xong báo đăng linh tinh

Loll người ta hỏi ngày 15 sáng quen 1 em chiều ngủ với 1 em mà nó dắt bò dữ dằn chứ có trả lời đâu =))))))

Xong Pháo lên hỏi nó confirm 2 đứa quen nhau không nó kêu ""quen trước khi quen Kem"", xíu Pháo chặn họng nó ngày 15 là ngoại tình thì nó kêu ""CHÚNG TA CHƯA HỀ HẸN HÒ VÀ EM CHỈ ĐƯỢC PHÉP NÓI ANH NGOẠI TÌNH KHI ANH QUEN KEM MÀ VẪN CÒN DÂY DƯA VỚI EM"" 🤡 Cái Pháo hỏi nó lúc nó quen Pháo nó tán tỉnh bà Kem là ""không ngoại tình"" hả cái nó câm nó quay sang chê bà Pháo nói tùm lum",Cà khịa,False,,
cmt_showbiz019_0002_r14,showbiz_019,Bí Mật Showbiz 🌹 hậu giựt n.ợ..🤣🤣🙏🙏,,True,,
cmt_showbiz_033_0001_r215,showbiz_033,Hùng Mộc nhìn Lan và queyets đó nặng tội hơn giờ như nào. Này nó trốn thuế nộp đủ thì chả như nghỉ dưỡng hả bạn,Cà khịa,False,,
cmt_showbiz_020_2783,showbiz_020,Mailisa dịch cứ sao sao kiểu mai đi xa ấy,Trung lập,False,,
cmt_showbiz_004_0152,showbiz_004,Cách mạng màu hả thg khốn,Phẫn nộ,False,,
cmt_showbiz_011_0102,showbiz_011,2 con chó điên này mé vẫn có ng sem,Phẫn nộ,False,,
cmt_showbiz_020_2277,showbiz_020,Quý Hoàng,,True,,
cmt_showbiz_044_1020,showbiz_034,tham lam,Phẫn nộ,False,,
cmt_showbiz_034_2068_r131,showbiz_034,"Đang yên đang lành cắm mảnh sành vào đít ,dm thằng ngáo quyền lực",Trung lập,False,,
cmt_showbiz_020_2881,showbiz_020,Maidixaaa,Trung lập,False,,
cmt_showbiz_043_0989,showbiz_033,Vì hoàng hường cố dấu lòng tỏ ra mạnh mẽ 😝,Trung lập,False,,
cmt_showbiz_044_2510,showbiz_034,Ở đời làm đúng 1000 việc thì chẳng sao     làm sai 1 việc là váng đầu,Trung lập,False,,
cmt_showbiz009_0006_r01,showbiz_009,Duc Nguyen vui mò,,True,,
cmt_showbiz020_0508_r12,showbiz_020,Huỳnh Thị Hồng Yến ảnh giả,,True,,
cmt_showbiz_011_0071,showbiz_011,Phải nói là quá là dở hơi luôn,Cà khịa,False,,
cmt_showbiz_018_0039,showbiz_018,Thực ra nhìn tướng thằng cha kia đã chả ưa gì rồi mà =))) đó giờ quý mỗi bà Tizi chứ những thằng nói đạo lý thường sống như (),Cà khịa,False,,
cmt_showbiz_010_0190,showbiz_010,Trần Kim Ngân có gặp ảnh chỉ hong =)))),,True,,
cmt_showbiz_023_0206,showbiz_023,P,,True,,
cmt_showbiz_043_1430,showbiz_033,Giờ biết mua xương khớp ở đâu,Trung lập,False,,
cmt_showbiz_034_0012_r02,showbiz_034,Đinh Hoán 👍,,True,,
cmt_showbiz_044_1103,showbiz_034,Thường có nhiều câu dạy đời về đạo Đức lắm mà.,Trung lập,False,,
cmt_showbiz008_0114_r02,showbiz_008,Nguyễn Ngọc Linh khổ thân cu cậu bị dính án điểm =))),Trung lập,False,,
cmt_showbiz_033_1947_r66,showbiz_033,Vượng H.A.I S.A.N thuận mua vừa bán. Mình ko cồ xuý cho việc lừa lọc. Nhưng đúng HH tốt. Làm việc thiện rất nhiều,Trung lập,False,,
cmt_showbiz_011_0250,showbiz_011,Na MiNi mn hết dí anh tao r . chuyển qua dí vi khuẩn kkkk,Cà khịa,False,,
cmt_showbiz004_0003_r12,showbiz_004,"Thuỳ Dương 
🥴 Nếu team QL vlog đi toò vì tin dại vào cái công thức kẹo làm giàu thì tứ trụ bán hàng online HHuong, 2ngân, di boom thì còn ko gì để bàn cãi...đi lâu xíu cho bớt vì lợi nhuận mà buôn gian bán lận",Cà khịa,False,,
cmt_showbiz_033_2007_r05,showbiz_033,Hiền Lê ai rãnh đâu suốt ngày cắm đầu coi live stream bán hàng ol đâu mà biết 😳,Trung lập,False,,
cmt_showbiz_034_2072_r03,showbiz_034,,,True,,
cmt_showbiz_004_0082,showbiz_004,"Nuôi cho béo thịt thôi
Chứ qua mặt sao được bọn CA 
Khách đến nhà chơi mấy hôm nó còn biết",Cà khịa,False,,
cmt_showbiz_004_0203,showbiz_004,"Bài viết hay, xúc động... Bọn làm hàng giả thật vô lương tâm, nhất là bọn làm thuốc giả...",Phẫn nộ,False,,
cmt_showbiz_033_1940_r525,showbiz_033,"Dịu Dàng  úi giời, vừa cho xem. Vẫn gân cổ lên cãi bảo đây là đóng phim kìa.",Trung lập,False,,
cmt_showbiz_020_1372,showbiz_020,Tao vui nhất khi thấy mấy thằng hiện tượng mạng như huấn hay thằng gì trọc trọc ý vào chuồng hết vớ va vớ vẩn,Trung lập,False,,
cmt_showbiz_044_0276,showbiz_034,Chúc mừng vợ cả,Trung lập,False,,
cmt_showbiz018_0045_r23,showbiz_018,"Thuỷ Ngân thiệt chứ, tiền nhiều thì làm to làm bự. Chứ sống mà cứ cái kiểu như tụi ăn rồi tối ngày làm đám cưới bự chi thì chắc chả biết hạnh phúc của hiện tại đâu",Cà khịa,False,,
cmt_showbiz_043_0852,showbiz_033,"hh đang làm giúp dân vùng bão lũ,nhiều người ăn ko ngồi rồi ,ghanh gét sân si ,dìm hh",Trung lập,False,,
cmt_showbiz_020_2911,showbiz_020,Tiền tính bằng tấn,Trung lập,False,,
cmt_showbiz_008_0067,showbiz_008,Nguyet Anh nhục quá v tr,,True,,
cmt_showbiz021_0035_r03,showbiz_021,Ánh Trần ngta tính vậy mới nhanh giàu chứ.. tiền triệu mà cứ nghĩ tiền tỷ.. :)),Cà khịa,False,,
cmt_showbiz_008_0295,showbiz_008,Đang muốn về nam định ăn phở bò mà các anh cấm thằng em thế này. Mất event của  rác 97 rồi,Cà khịa,False,,
cmt_showbiz018_0035_r18,showbiz_018,Thuỳ Linh sao like lên gấp đôi rou 🤣,,True,,
cmt_showbiz018_0035_r22,showbiz_018,"Thuỳ Linh mõm giỏi qua màn ảnh thôi, chứ sống thì như...",Cà khịa,False,,
cmt_showbiz_018_0296,showbiz_018,"Văn vở  nhiều ,chốt lại vẫn là chia tay",Trung lập,False,,
cmt_showbiz_020_1802,showbiz_020,Dứt,,True,,
cmt_showbiz016_0009_r06,showbiz_016,Hoàng Minh ok độ con. Cứ thế phát huy,,True,,
cmt_showbiz021_0034_r04,showbiz_021,Lee Anh Tú 12/10 luôn chứ,,True,,
cmt_showbiz012_0002_r17,showbiz_012,Nhung Chu mình đồng ý rồi bạn,,True,,
cmt_showbiz_033_1940_r396,showbiz_033,Tuyền Văn Hóa : ngông cuồng lắm !!!,,True,,
cmt_showbiz_034_0006_r13,showbiz_034,Minh Thu Nguyễn đúng vậy nhà mình toàn đường đất,Trung lập,False,,
cmt_showbiz018_0037_r12,showbiz_018,"Phan Thanh Bình Thôi trả đt cho bố mẹ dùm cái, lên mạng đạo lý ít thôi nhé cháu.",Trung lập,False,,
cmt_showbiz_030_0083,showbiz_030,người lớn thì đưa bằng chứng lên chứ ai nói bô bô cái miệng tính cau vieu hay gì,Trung lập,False,,
cmt_showbiz030_0001_r02,showbiz_030,Thu Hồng chắc cau vieu thôi,,True,,
cmt_showbiz_020_2785,showbiz_020,"Xuân này con ko về,cứ khoe khoang là bị bế liền",Trung lập,False,,
cmt_showbiz008_0002_r12,showbiz_008,Dõan Đại Hiệp,Trung lập,False,,
cmt_showbiz_011_0127,showbiz_011,"Ad ko hiểu bản chất của sự tò mò à , đó là thứ ăn vào máu của loài ng từ khi lên bờ...mỗi thời mỗi khác sẽ xuất hiện những thứ thu hút khác nhau.
 Mình sn 89 nhưng ko hề trách việc mà ad nói , thời thế đã thay đổi , ko thể áp đặt 1 buổi thức khuya hóng chuyện lại thành thứ đáng bị lên án. Do thế hệ của tôi ko có phương tiện để hóng , và cũng do đi làm mệt nên ko thức nổi , do ko mê rap nên chả thèm quan tâm thôi, chớ hồi 96 98 mà có tivi chắc tui cũng bán nhà cho mấy trận banh hay C1 lúc 1h45 sáng rồi , rồi lên sinh viên đêm nào cũng thức khuya coi đá banh , thế là tui suy đồi đạo đức à ? 
 Đừng nói lý do bóng đá là đam mê lành mạnh...sinh viên thức khuya mỗi ngày cá độ đá banh là lành mạnh ? Sao ko ai lên án ? Giờ thế hệ đó đang thế nào ? Thử ngày nào cũng có drama nhu Viruss thì ai xem mỗi ngày ko ?? Ad page lớn nhưng não thì ko , đừng tưởng làm truyên truyền chính trị mà dễ , còn non lắm !",Trung lập,False,,
cmt_showbiz_033_1981_r01,showbiz_033,Chẩu Duẩn vt1 vừa thời sự 19 h đưa tin,,True,,
cmt_showbiz_019_0018,showbiz_019,"Xong lên xin lỗi...cái kết thì nhiều người mất lòng tin, hình ảnh xây dựng bao năm nay, mà lòng tin là thứ khó có thể có được nhưng mất thì thấy đơn giản quá. Đây xem như 1 hình thức luadao lòng tin😁",Đồng cảm,False,,
cmt_showbiz_018_0289,showbiz_018,Kim Ngân lỡ có bị stress quá thì cho anh vô chùa quét lá đa 3 hôm rồi anh về nghe chứ ko có bỏ tìmh yêu đâu,Trung lập,False,,
cmt_showbiz_011_0136,showbiz_011,Chính xác. Cũng chả biết mấy kiểu thể loại này là ai thật. Xàm xí,Cà khịa,False,,
cmt_showbiz_034_2068_r161,showbiz_034,Tifosi thì ra là gian thương cắm clone trong thành vì là clone ae cùng G hoặc khác G là thịt hết :)))),Trung lập,False,,
cmt_showbiz_043_0433,showbiz_033,"Gương mặt cố gượng cười ,tỏ ra không sao, nhưng trong lòng thì không xong rồi",Trung lập,False,,
cmt_showbiz_034_1093_r04,showbiz_034,Man Phan cái này hay này,,True,,
cmt_showbiz025_0018_r06,showbiz_025,Phong Nguyễn sao k hỏi khi nào có luật biểu tình?,Trung lập,False,,
cmt_showbiz_033_1194_r02,showbiz_033,"Hà Tuyến vậy là bác uống phải thuốc ngủ à, làm gì có thuốc nào để ngủ ngon",Trung lập,False,,
cmt_showbiz_011_0105,showbiz_011,Nhảm nhí vô bổ suy đạo đức xh cần tẩy chay những hành động này đề nghị nhà nước phạt thật nặng,Phẫn nộ,False,,
cmt_showbiz_020_1886,showbiz_020,Thủy Ninh,,True,,
cmt_showbiz_020_1709,showbiz_020,tham gia ngay https://ok999.me/nvctv Tung Lam Ng,,True,,
cmt_showbiz008_0036_r14,showbiz_008,Nguyễn Hà Anh  kkk 🤣🤣🤣 đúng đúng,,True,,
cmt_showbiz025_0031_r01,showbiz_025,Pada Hao giáo dân hay người dân thì liên quan gì,Trung lập,False,,
cmt_showbiz019_0017_r10,showbiz_019,Thảo Thảo bao nhiêu vụ to đùng còn chả dìm dc huê hậu cơ mà🤣,Cà khịa,False,,
cmt_showbiz016_0011_r03,showbiz_016,Lã Xuân Hải bạn thấy nó chơi s ko báo để ngta kiểm tra,Cà khịa,False,,
cmt_showbiz_044_2170,showbiz_034,Hút máu đồng bào thì sớm hay muộn quả báo cũng đến thôi.ông bà đã dạy nghèo cho sạch rách cho thơm.sống phải thật thà chất phát đạo đức mới tồn tại được vĩnh cửu đời đời con cháu được phúc an.,Phẫn nộ,False,,
cmt_showbiz_044_1497,showbiz_034,"Chương trình shark tank có dớp nhập kho, mùa nào cũng có shark nhập kho",Trung lập,False,,
cmt_showbiz021_0005_r07,showbiz_021,"Sơn Long cũng do cung cầu của thị trường và giá trị của sản phẩm chứ bác,  Á khôi thì 6 đồng,  còn Hoa khôi chắc tầm 1 ngàn đi tour cũng nên.",Cà khịa,False,,
cmt_showbiz_021_0009,showbiz_021,Link vô https://s.shopee.vn/8fMc89MQcE,,True,,
cmt_showbiz_033_0001_r79,showbiz_033,Hoa Trần mua phòng đóng tiền ăn với chơi thôi,,True,,
cmt_showbiz_020_2631,showbiz_020,"KPI tháng 10 : 5 em
KPI tháng 11 : Hiện tại đã có 2 em,",Trung lập,False,,
cmt_showbiz015_0010_r09,showbiz_015,Đình Đồng m thì kinh rồi,,True,,
cmt_showbiz_033_0001_r191,showbiz_033,Nguyễn Việt Tùng cả họ đc ăn rồi thì vào tò cũng chẳng sao nhỉ,Cà khịa,False,,
cmt_showbiz_033_0001_r69,showbiz_033,Hùng Mộc mất quyền công dân thôi. Chứ quyền trong tò như vừa,Cà khịa,False,,
cmt_showbiz_004_0075,showbiz_004,Anh áo xanh sờ gáy khó mà thoát,Cà khịa,False,,
cmt_showbiz_043_1654,showbiz_033,Tươi thế,Trung lập,False,,
cmt_showbiz009_0067_r07,showbiz_009,Nguyễn Nghiêm phản biện như gì ấy =)))),,True,,
cmt_showbiz_033_0007_r17,showbiz_033,"Thắm Nguyễn chị có biết tại sao bây giờ công an họ mới sờ tới k , có chắc là tiền để ở nhà giữ ra tù tiêu tiếp k 🤡🤡 .",Trung lập,False,,
cmt_showbiz_020_2023,showbiz_020,Quynh Vu,,True,,
cmt_showbiz_044_0188,showbiz_034,Bỏ người vợ sát cánh cùng mình lúc chưa có gì trong tà tay đến lúc có tiền thì đi lấy người khác nghiệp quât là có thật đáng đời,Trung lập,False,,
cmt_showbiz_020_1823,showbiz_020,Ơ kìa …,,True,,
cmt_showbiz_034_1078_r22,showbiz_034,"Dây treo nhãn mác, tem nhãn, tag quần áo Phúc Gia này là đầu tư mà",,True,,
cmt_showbiz_008_0075,showbiz_008,Hà My bồ mi kia vô bênh tiếp,,True,,
cmt_showbiz009_0024_r01,showbiz_009,A. Yuản  bộ động vật không được lăng nhăng à,Trung lập,False,,
cmt_showbiz_044_1750,showbiz_034,"Hài dã man luôn, rỗng tếch, toàn loãng tẹt thôi. Tài cáng gì đâu",Trung lập,False,,
cmt_showbiz_043_0485,showbiz_033,Gớm. Dính tới tiền án mà còn cười thì chỉ có nguu thôi. Cười vậy thì khác đéo gì xem pl bằng vung,Trung lập,False,,
cmt_showbiz020_1137_r01,showbiz_020,Duyên Quảng Trị New rồi chuẩn bị da mấy cô hết đẹp nè.,Trung lập,False,,
cmt_showbiz018_0005_r18,showbiz_018,"Hạ Trang nguồn dạy đa phần toàn cno copy trên mạng thôi, nhiều kiến thức còn bị lỗi thời và sai trầm trọng nữa, xưa t cũng ở trong group ý có góp ý vài lần, xong cno block t luôn mà, h đọc đc bài này t hả hê vô cùng ;))))...",Cà khịa,False,,
cmt_showbiz_020_1490,showbiz_020,Giải thể cũng không thể qua mắt cơ quan điều tra,Trung lập,False,,
cmt_showbiz_044_1040,showbiz_034,,,True,,
cmt_showbiz011_0046_r06,showbiz_011,"Vi Thuy Linh nói với anti thì kêu đưa mốc thời gian ngày nào giờ nào tớ làm như thế, đến khi Pháo đưa ngày 15 thì lẻo lự bảo MÌNH KO NÓI CHUYỆN VỀ MỐC THỜI GIAN. Coi mà ta nói nó tức trong người á",Cà khịa,False,,
cmt_showbiz_033_1570_r01,showbiz_033,Khánh Như idol mà b,,True,,
cmt_showbiz_018_0065,showbiz_018,Ryby Lê yêu nhau 11 năm nhưng vẫn ko qua đc cái gọi là hôn nhân,Đồng cảm,False,,
cmt_showbiz_033_1953_r01,showbiz_033,Nguyễn Trãi,,True,,
cmt_showbiz004_0001_r22,showbiz_004,J.ul lúc sáng mình mới đọc cmt có bé kia nó bênh đến nỗi nó nói mỗi người viết 1 bức thư mong pháp luật khoan hồng cho con ngân🤣🤣 thiệt sự ko hiểu nỗi,Cà khịa,False,,
cmt_showbiz_004_0225,showbiz_004,Thật thà cũng thể … lái trâu !,,True,,
cmt_showbiz020_2841_r32,showbiz_020,"Ngọc Việt Nam Phật cũng là do Ma , Quỷ Tu mà thành đấy ạ",Trung lập,False,,
cmt_showbiz_007_0084,showbiz_007,,,True,,
cmt_showbiz_043_1900,showbiz_033,CA đợt này chụp ảnh có tâm thế chứ 🤣🤣🤣,Trung lập,False,,
cmt_showbiz_020_2203,showbiz_020,Thuận Võ,,True,,
cmt_showbiz_044_1048,showbiz_034,Bitbo Bitbo,,True,,
cmt_showbiz_025_0075,showbiz_025,"Con kính mong cô chú, nếu có thể, hãy giúp đỡ em gái con để bé có thể tiếp tục đến trường học. Con đã chia sẻ hoàn cảnh của em trên trang cá nhân Facebook của mình, mong cô chú xem qua và giúp đỡ.",Trung lập,False,,
cmt_showbiz018_0022_r05,showbiz_018,Chiếc Blog Đi Nghiệp Vui Vẻ ông lép có bài rồi á,,True,,
cmt_showbiz015_0023_r06,showbiz_015,Nguyễn Quốc Trung ko ủng hộ thằng tù vẫn đang quảng cáo trang cá độ bóng đá cũng là hành động giúp đất nước,,True,,
cmt_showbiz004_0013_r02,showbiz_004,"Phòng, chống ma túy - Công an TP. Hồ Chí Minh sao cán bộ còn quanh co hơn cả Ngân 98 vậy???",Phẫn nộ,False,,
cmt_showbiz011_0036_r04,showbiz_011,Lê Thị Mỹ Huyền ảnh hông coá tẩy trắng ảnh cho 48h để xin lỗi vì ảnh không sai,Cà khịa,False,,
cmt_showbiz004_0001_r14,showbiz_004,J.ul đúnggg,Cà khịa,False,,
cmt_showbiz_033_1949_r09,showbiz_033,Ngọc Trâm Tt đe bán dc hàng thôi,,True,,
cmt_showbiz_013_0169,showbiz_013,"đăng bài chuẩn bị kêu gọi thì đang ở VN giờ lại báo đang nằm viện ở Singapo, chenk xem bay sang Sing lúc nào là lòi đuôi chuột ra ngay",Trung lập,False,,
cmt_showbiz008_0002_r36,showbiz_008,Dõan Đại Hiệp cmt chí mạng,,True,,
cmt_showbiz_044_0169,showbiz_034,Bình ơi tiền đâu nhiều thế tiền lừa đảo của bá tánh à kkk,Trung lập,False,,
cmt_showbiz020_2481_r01,showbiz_020,Phan Trung Hiếu chú e nói rất đúng,,True,,
cmt_showbiz_021_0072,showbiz_021,Thời buổi cạnh tranh giờ gì cung  rẻ 😂,Cà khịa,False,,
cmt_showbiz_020_0550,showbiz_020,Chưa trừ bì a,Trung lập,False,,
cmt_showbiz020_2301_r02,showbiz_020,Hồng Vân IQ,,True,,
cmt_showbiz020_2841_r24,showbiz_020,Ngọc Việt Nam thật không bạn ? Nghe ai nói ?,Trung lập,False,,
cmt_showbiz_044_1986,showbiz_034,👍👍👍,,True,,
cmt_showbiz_033_0017_r03,showbiz_033,Hồng Bang Chủ ố anh về khi nào đấy..,,True,,
cmt_showbiz007_0028_r03,showbiz_007,Tranh vẽ truyền thần ,Trung lập,False,,
cmt_showbiz_020_2717,showbiz_020,Nguyễn Văn Nhật,,True,,
cmt_showbiz020_2832_r05,showbiz_020,Hương Phan,,True,,
cmt_showbiz_004_0178,showbiz_004,"Đồ giả bôi bôi chét chét lên người đã sợ huống chi cho vào bụng, đẹp đâu chưa thấy thấy toàn bắt mấy ngừ đẹp bán đồ giả ko à.",Cà khịa,False,,
cmt_showbiz_011_0044,showbiz_011,Quỳnh Mai cho t cái bì t nhét nó vào vứt sang Campuchia cho bọn kia chích điện coiii,Phẫn nộ,False,,
cmt_showbiz025_0007_r01,showbiz_025,My Van Nguyen  bó tay,,True,,
cmt_showbiz_044_0024,showbiz_034,Lưới  trời  lồng  lộng  chạy  thoát  vào  đâu . Số  tiền  và  vàng  này . Đảng  . Và  nhà  nước . Lo  cho  đồng  bào  lũ  lụt  thật  tuyệt  vời ...,Phẫn nộ,False,,
cmt_showbiz018_0013_r03,showbiz_018,Triều Vỹ Thấp chỗ lòn nào 🤣🤣🤣,,True,,
cmt_showbiz_019_0030,showbiz_019,có cô hoa hậu hoà bình cũng pr nhiệt tình lắm ó =)) bảo trợ truyền thông tốt ghê hk thấy page nào đá động gì :v,Cà khịa,False,,
cmt_showbiz018_0042_r16,showbiz_018,Vũ Huỳnh Sam nhưng mình cần bạn đánh giá hả :))) còn ô này đã chấp nhận làm content trên mạng thì chịu thui nè. Bớt ngu lại nha Sam hihi,Cà khịa,False,,
cmt_showbiz_012_0049,showbiz_012,"Tham quá,,,",Phẫn nộ,False,,
cmt_showbiz_009_0005,showbiz_009,K phải ng trong cuộc mà nhiều người bình luận chửii ngtar như thật,Trung lập,False,,
cmt_showbiz_033_1940_r546,showbiz_033,Trần Ánh Hồng  này,,True,,
cmt_showbiz_034_1079_r15,showbiz_034,Hai Nguyen cùng câu hỏi ạ.,,True,,
cmt_showbiz011_0020_r04,showbiz_011,Trang Heli Trang Heli c mình bình tĩnh :v,,True,,
cmt_showbiz_043_1892,showbiz_033,đứa nào đứa nấy béo múp. béo là dấu hiệu của một kẻ tham lam :),Trung lập,False,,
cmt_showbiz_020_1415,showbiz_020,rồi những khách hàng đang trong thời gian sử dụng dịch vụ thì sao nhỉ😭,Trung lập,False,,
cmt_showbiz_009_0321,showbiz_009,Thế ở đến 4h sáng làm gì ở đó lâu thế nhỉ 🤔,Trung lập,False,,
cmt_showbiz009_0036_r03,showbiz_009,"Bi Ji Jin gán ghép có mất phí đâu, sao không được à hay bạn cr Long Chun :))",Trung lập,False,,
cmt_showbiz_033_1940_r304,showbiz_033,Tuyền Văn Hóa vấn đề đây k chỉ là trốn thuế mà nhà nước cần làm rõ về chất lượng sp và tội về hàng giả kém chất lượng dc rao bán và quảng cáo quá lố để thu bao nhiêu tiền từ người khác,,True,,
cmt_showbiz018_0008_r13,showbiz_018,Trà Mi Đoàn ngày nay người k biết cái gì sẽ dạy cái đó mà. Từ bọn dạy làm giàu mà ra hết :V,Trung lập,False,,
cmt_showbiz_044_1219,showbiz_034,sao nhiều tiền ntn ko thấy ae chúng nó kiện nhau ra CA nhỉ,Trung lập,False,,
cmt_showbiz_012_0239,showbiz_012,Sinh  năm 1976 là 50t chứ,Trung lập,False,,
cmt_showbiz_011_0034,showbiz_011,Vì cái live này mà đến giờ t vẫn còn thức trong khi bình thường 21h40 t đã đi ngủ và cuối cùng cái t nhận được là nghe thằng lưu manh giả danh trí thức này lèm bèm về mấy cái lý lẽ xàm ngôn của nó qua xem live chị Phiến còn ý nghĩa hơn,Phẫn nộ,False,,
cmt_showbiz_011_0141,showbiz_011,địt nhau chán rồi - lôi lên khoe hàng nữa,Cà khịa,False,,
cmt_showbiz019_0003_r04,showbiz_019,Chau Dang Khoa cho e 1 hủ đi a,Phẫn nộ,False,,
cmt_showbiz021_0015_r03,showbiz_021,Duy Oppa thế giới chưa có hàng nào 6 triệu đô đâu em zai . đến lưu diệc phi hay minh tinh TQ cũng chỉ có vài trăm k . 6 triệu đô là ký hợp đồng nhiều năm nhé,Cà khịa,False,,
cmt_showbiz023_0005_r01,showbiz_023,"Hang Nguyen như hoa hậu hen đó b, đợt lễ 30/4 cug nhảy á",Trung lập,False,,
cmt_showbiz_033_1940_r138,showbiz_033,Tuyền Văn Hóa Ido của Họ Nên Chưa thể Hoàn Hồn,,True,,
cmt_showbiz_033_1942_r18,showbiz_033,Văn Quang im thì lửa đảo và bán hàng kiểu gì ???,Trung lập,False,,
cmt_showbiz024_0006_r02,showbiz_024,Nhu Đoàn tuấn hưng đang thắp hương cúng rằm mong sao theo công tréo,Trung lập,False,,
cmt_showbiz_043_1233,showbiz_033,Mạnh thì cười yếu thì khóc xã hội mà có cây cổ thụ mới cười được ý,Trung lập,False,,
cmt_showbiz013_0049_r01,showbiz_013,Mai Thành ê😂😂,,True,,
cmt_showbiz_034_1076_r06,showbiz_034,Kiến Thức Kinh Tế link vô ko đc,,True,,
cmt_showbiz009_0011_r04,showbiz_009,Hoàng Hải Long mình phát biểu trải nghiệm thực tế của mình á bạn iê. Làm gì bạn xồn xồn lên thế,Trung lập,False,,
cmt_showbiz_008_0051,showbiz_008,anh jack hát bài j thế,Trung lập,False,,
cmt_showbiz_033_1789_r01,showbiz_033,Cường Trần  nay làm tí ti chứ,,True,,
cmt_showbiz_020_0280,showbiz_020,Tich thu het tai san xung quy het,Trung lập,False,,
cmt_showbiz_030_0192,showbiz_030,Dương ái Vy ca sĩ gì má hát toàn nhạc rác.,Trung lập,False,,
cmt_showbiz016_0006_r05,showbiz_016,"Chí Tân 🤣. Thế cháu nghĩ giám đốc phải lên kịch bản, sản xuất chương trình hả. Bố khỉ, sai đến đâu, người ta xử đến đó. Mà m yên tâm, quản lý cấp cao VTV to lắm. Mày có khóc thì họ cũng chả sợ đâu🤭",Trung lập,False,,
cmt_showbiz_043_1608,showbiz_033,Sao bị bắt mà vẫn cừi 🤔,Trung lập,False,,
cmt_showbiz_020_0601,showbiz_020,Giầu nhanh quá,Trung lập,False,,
cmt_showbiz_032_0007,showbiz_032,,,True,,
cmt_showbiz_043_1012,showbiz_033,Lên hình cho đẹp ý mà,Trung lập,False,,
cmt_showbiz_004_0160,showbiz_004,"Nếu ngân""Zubu"" không có tiền thì thằng này cũng chẳng ngó tới đâu....",Cà khịa,False,,
cmt_showbiz_011_0037,showbiz_011,tính ra im lặng như j97 thì qua rồi này là nhà lè nhè càng giải thích mk vô tội càng lòi đuôi :)vv,Cà khịa,False,,
cmt_showbiz_020_1613,showbiz_020,Nguyễn Ngọc Phương Huy tag má Thanh đi Huy,,True,,
cmt_showbiz_004_0003,showbiz_004,"Hoan hô Công An bắt giữ đúng đối tượng,Ngân 98 đã hoành hành mạng xã hội khá lâu",Ủng hộ,False,,
cmt_showbiz004_0012_r04,showbiz_004,Kim Ngân Jack Dang,Cà khịa,False,,
cmt_showbiz_033_0001_r80,showbiz_033,Hồng Chill chắc không. Coi chớ phát ngôn ko đúng ca mời lên làm việc nhen,Cà khịa,False,,
cmt_showbiz_004_0024,showbiz_004,Đủ béo thì làm thịt thôi,Cà khịa,False,,
cmt_showbiz007_0027_r08,showbiz_007,Ngoc Hieu Ngoc Hieu đóm,,True,,
cmt_showbiz_019_0363,showbiz_019,Nắm 30% cổ phần màk lúc trước nói hok liên quan vãi lòng thật,Trung lập,False,,
cmt_showbiz_020_0869,showbiz_020,"Kệ Al đi, bả giàu thật mà",,True,,
cmt_showbiz019_0046_r05,showbiz_019,Hải Đăng nể thật.đi xin mà xin 4 tỏi,,True,,
cmt_showbiz019_0203_r18,showbiz_019,Chuyện ma Chú 3 Duy cha này nhiều chiện ghê tr Quin Quin,Trung lập,False,,
cmt_showbiz_009_0057,showbiz_009,Ai mượn cm đăng kí mất 135k để vào chửi =))) thừa tiền thì đưa đây 😛,Trung lập,False,,
cmt_showbiz_032_0309,showbiz_032,Đoán trúng luôn  ^^,Trung lập,False,,
cmt_showbiz004_0005_r12,showbiz_004,"Phòng, chống ma túy - Công an TP. Hồ Chí Minh trang này của cán bộ,nhưng mà con gái cán bộ Tl cmt fai ko?😂",Cà khịa,False,,
cmt_showbiz_033_0001_r148,showbiz_033,Nguyễn Việt Tùng xã hội thời nay  như vậy mà,,True,,
cmt_showbiz_004_0106,showbiz_004,ZuBu shop = zú bự shop? Đặt cái tên thấy uy tín rồi,Cà khịa,False,,
cmt_showbiz_044_2174,showbiz_034,tự dưng đang yên đang lành lại lạy các chú công an tôi ở đây đến chịu thật🤣,Cà khịa,False,,
cmt_showbiz007_0012_r06,showbiz_007,Phương Doanh dữ quá kkk,,True,,
cmt_showbiz021_0002_r01,showbiz_021,Phùng Việt Trinh chứ ko phải mùa 2 đăng ký nhiều hơn hả?,Trung lập,False,,
cmt_showbiz_032_0286,showbiz_032,"Xỉu ngang , xỉu dọc ...kkk",Trung lập,False,,
cmt_showbiz_007_0121,showbiz_007,Thì ra con thiên an thuê con thuyvyngg làm tiểu tam à. Kinh tởm thật,Trung lập,False,,
cmt_showbiz020_0131_r09,showbiz_020,Hào Nguyễn Đừng nghĩ ai cũng d** như ĐBQH!,,True,,
cmt_showbiz020_1543_r18,showbiz_020,Bộ Công an Lê Mai Anh,,True,,
cmt_showbiz_011_0026,showbiz_011,"Vậy định nghĩa “quen nhau- hẹn hò- yêu nhau” như nào cho rạch ròi vậy anh 🦠? Chẳng ai lí luận mập mờ bằng khái niệm như anh cả. Ái kỉ, thao túng tâm lí, phũ phàng và sống như 💩 anh ạ",Phẫn nộ,False,,
cmt_showbiz_043_1845,showbiz_033,"Trốn thuế mới chỉ là khơi đầu,còn nữa… Rồi thiên hạ mắt chữ a mồm chữ o cho xem :))",Trung lập,False,,
cmt_showbiz_044_2391,showbiz_034,Chỉ là đến sớm hơn thôi chứ an ninh họ cũng ngắm hết rồi chạy lên trời,Trung lập,False,,
cmt_showbiz_020_3261,showbiz_020,Vậy giờ bố đang độ cho ngồi tò,,True,,
cmt_showbiz_011_0231,showbiz_011,Loại thầy bất nhân,Cà khịa,False,,
cmt_showbiz020_1247_r01,showbiz_020,Khuất Thi Tuyến sếp đi tù NV cũng dói,,True,,
cmt_showbiz_044_1318,showbiz_034,Sống có nhân có quả thôi !,Trung lập,False,,
cmt_showbiz_018_0010,showbiz_018,Yêu mãi k sao cưới 1 cái là ct 😔,Cà khịa,False,,
cmt_showbiz_044_1206,showbiz_034,,,True,,
cmt_showbiz_020_0326,showbiz_020,Mình không biết đọc luôn 😭😭😭 sao mà giàu dữ chừn,Trung lập,False,,
cmt_showbiz016_0011_r08,showbiz_016,Lã Xuân Hải ko biết gọi CA tới à?,,True,,
cmt_showbiz_020_2282,showbiz_020,Trịnh Hồng Chi,,True,,
cmt_showbiz019_0181_r03,showbiz_019,Anh Ngọc bà k ác ai ác,,True,,
cmt_showbiz_044_0822,showbiz_034,Giàu bất chính nhanh,Trung lập,False,,
cmt_showbiz020_2146_r07,showbiz_020,"Quốc Dũng thì mình đâu có bênh đâu bạn, nó sai thì sẽ chịu trc pháp luật. Nhưng dù gì nó cũng giúp đỡ được nhiều người lúc khó khăn. Điều đó thì cũng k thể k phủ nhận đk",Trung lập,False,,
cmt_showbiz007_0078_r03,showbiz_007,Pé Út c sai rồi “ứ ừ” nhaaa . Kakak,,True,,
cmt_showbiz_017_0004,showbiz_017,,,True,,
cmt_showbiz_033_1941_r103,showbiz_033,Xôi Lạc kakakakakkakakakakakaak,,True,,
cmt_showbiz_044_0060,showbiz_034,Toàn đi lừa đảo làm giàu khốn nạn thật,Phẫn nộ,False,,
cmt_showbiz019_0036_r18,showbiz_019,Huỳnh Thanh Lợi cho e xin video với a,,True,,
cmt_showbiz_004_0184,showbiz_004,Ta nói chờ từ bữa giờ  nay cũng đã được còng xích đi😂 Hỡi các Fan của ả vào cứu ả đi như những lúc ả đi gây chuyện vào bênh vực ghia lắm mà 😆,Cà khịa,False,,
cmt_showbiz_033_1941_r21,showbiz_033,Xôi Lạc  k có tui nha,,True,,
cmt_showbiz_019_0006,showbiz_019,"Vấn đề lớn nhất đối với pha quay xe của cô huê hậu là ""lâm trận bỏ đồng đội"". Lúc đầu sản phẩm bán được, ngồi chơi cũng ra tiền thì đó là đứa con tinh thần ""chúng tôi"" bỏ tâm huyết nghiên cứu cả năm. 

Khi dính vấn đề về chất lượng sp thì quay sang đổ lỗi cho nhà máy và cho rằng ""thông tin là do bên nhà máy cung cấp"". 

Đấy là biểu hiện của sự tráo trở. Qua sông đấm bờ-uồi vào sóng. 

QL tới giờ vẫn im lặng. Vì thực tế người dàn trận là Hằng, Linh và Tiên chỉ dựa vào fame của mình để bán. Chứ họ làm sao đủ trình độ, thời gian và máy móc thiết bị để mà đi thẩm định thành phần và các chất có trong sản phẩm. 
Nhưng Linh khác Tiên, đó là nó chọn im lặng, không chĩa mũi dùi về phía Hằng hay nhà máy. Vì nó biết nó cũng sai, nó không chơi kiểu khi vui thì vỗ tay vào, đến khi rã đám thì nào thấy ai. Nó vẫn quân tử. 

Đối với Linh thì từ ngày nó ngồi livestream bán hàng ngày 8 tiếng, thượng vàng hạ cám cooc-sê xi-lip cũng bán k trừ một cái gì. Thì mình biết kiểu gì cũng có lúc nó gặp chuyện. Vì mxh VN bán hàng 99% là đồ TQ mang về, vô cùng ít sản phẩm tự làm được ra mà bán. Nên lợi thế cạnh tranh chỉ có ở người bán. Ông nào fame to thì bán được nhiều. Tham mà tự nhập về rồi gắn sản phẩm vào thành ""của mình"", ""do bên mình nghiên cứu sáng tạo"",.... là chết. 
Vì người Việt bây giờ đã đi muôn phương. Họ muốn biết thì nhập hàng Haiti, Etiopia... xa tít mù khơi họ còn tìm ra. Nói gì anh Tàu sát bên nách. Thua thì phải chung thôi. 

Quang Linh không cẩn thận với những người đàn bà bên cạnh mình thì sớm muộn cũng thân bại danh liệt. 

Hằng là dạng tứ chiếng hoàn lương, còn Tiên là hoa hậu xé giấy nợ. Linh vẫn chỉ là chú nai tơ bị lợi dụng thôi :)))",Cà khịa,False,,
cmt_showbiz_019_0145,showbiz_019,Đốn 1 buồng chuối là đập hết mấy hộp kẹo này 😂,Trung lập,False,,
cmt_showbiz020_1543_r02,showbiz_020,Bộ Công an,,True,,
cmt_showbiz_033_1948_r35,showbiz_033,Hoàng T Kim mua chia cho mn dùng nữa chứ ác thật,Trung lập,False,,
cmt_showbiz008_0003_r09,showbiz_008,Đặng Văn Giàu 55tr năm 😃,Trung lập,False,,
cmt_showbiz_018_0021,showbiz_018,"Ngôn tình đồ ha, nói cho lắm đồ ha, hôn nhân của mình mới 2 năm tan rã, vừa lòng t lắm....",Phẫn nộ,False,,
cmt_showbiz020_2904_r03,showbiz_020,Thanh Long Thích thế làm gì nhau,,True,,
cmt_showbiz_033_1947_r61,showbiz_033,"Thảo nào giầu , đi từ thiện toàn tiền nhà nước",Trung lập,False,,
cmt_showbiz_020_3384,showbiz_020,"vô duyên,người ta có tiền người ta xây như thế nào thì kệ nguoi ta",Trung lập,False,,
cmt_showbiz023_0003_r65,showbiz_023,Cô Hà Quán con mẹ mày,,True,,
cmt_showbiz_011_0073,showbiz_011,Chuẩn luôn lướt fb thấy cứ đag tin  cặp này câu like.. với mình chỉ biết .là khôg liên quan .. quá nhảm nhý với n kiểu nổi 1 tí là có scandal..chẳg giúp ích đc moẹ rì cho đất nước,Cà khịa,False,,
cmt_showbiz_044_1066,showbiz_034,TẠI SAO PHẢI TỊCH THU TÀI SẢN NGƯỜI KHÁC,Trung lập,False,,
cmt_showbiz009_0005_r35,showbiz_009,Tường Vy bổ x vl b ơi,,True,,
cmt_showbiz_005_0004,showbiz_005,Nhìn vẫn không đỡ phèn hơn là mấy 🌝,Trung lập,False,,
cmt_showbiz_032_0177,showbiz_032,hải dương bh là hải phòng 😁😁😁,Trung lập,False,,
cmt_showbiz004_0013_r05,showbiz_004,"Phòng, chống ma túy - Công an TP. Hồ Chí Minh Triệu like 👍👍👍",Ủng hộ,False,,
cmt_showbiz_033_1973_r09,showbiz_033,Huong Le nghe vậy thì mình cũng muốn vứt cặp dầu gội này quá. Mới dùng có 5 lần. Nó quảng cáo là “mọc tóc thần kì” ! Thộ thư,,True,,
cmt_showbiz016_0002_r07,showbiz_016,Thịnh Bị Zucc fan Độ là 1 lũ cặn bã đáy xã hội,Trung lập,False,,
cmt_showbiz_033_1940_r234,showbiz_033,Tuyền Văn Hóa Hường nổ😊😊,,True,,
cmt_showbiz_020_2037,showbiz_020,Ô Ngân Chít,,True,,
cmt_showbiz007_0005_r12,showbiz_007,"hai con này đang bắt tay nhau để lên kế hoạch hại thằng J một kế hèn hạ vì 23/1 nó chuyển bị ra phim nhé gây chú ý dăt mũi những con bò ngu dốt ,",Trung lập,False,,
cmt_showbiz018_0015_r04,showbiz_018,Khánh Uyên lấy nhau 2 năm mà nó còn ko mở được túi phở bỏ ra tô cho Tizi ăn nữa là biết nó sao rồi! Thoát được thằng này là may mắn cho Tizi,Trung lập,False,,
cmt_showbiz_010_0120,showbiz_010,Cô ấy đã trở thành đồ chơi thứ 10 của a .,Trung lập,False,,
cmt_showbiz_032_0267,showbiz_032,"Đã có sự sắp đặt dọn đường cho Mỹ Anh. Có cái này tôi rất cấn với chương trình. Khi gọi thí sinh lên trả lời ứng xử để chọn BGK, thí sinh Mỹ Anh đi lên (chưa hề bốc bao thư BGK) nhưng NSND Lê Khanh đã sẵn sàng chuẩn bị mờ bao thư để đọc. Khi Mỹ Anh lên bốc thế nào TRÙNG với NSND Lê Khanh? Công bằng ở đâu nhỉ. Một sự sắp xếp vô cùng lộ liễu, quá mất thời gian để xem chương trình. Tạm biệt! Ai không tin có thể tua lại phần đó xem mình có nói đúng không nhé :)",Trung lập,False,,
cmt_showbiz_033_1969_r06,showbiz_033,Hà Thuý chính sác .,,True,,
cmt_showbiz004_0005_r03,showbiz_004,"Á Tiên Cũng tại mấy cái nhanh nhanh đó mà nhiều người nộp ngân sách 7,5 triệu đấy :D",Cà khịa,False,,
cmt_showbiz_044_1285,showbiz_034,Công vào hốt phát đi thôi,Trung lập,False,,
cmt_showbiz_043_0751,showbiz_033,"Ơn giời ,rồi thì thêm quả kiểm tra chất lượng nữa ,xem có cười đc k",Trung lập,False,,
cmt_showbiz_012_0074,showbiz_012,Đạo đức xh xuống cấp . Toàn người nổi tiếng.,Phẫn nộ,False,,
cmt_showbiz020_2149_r06,showbiz_020,Hoa Tươi Phú Nhuận vâng ! Nó thật như ma cô.,,True,,
cmt_showbiz019_0186_r05,showbiz_019,"Pham Ha k biết bả còn bán mỹ phẩm k ha, hồi xưa nhiều cửa hàng lắm",Trung lập,False,,
cmt_showbiz_033_1963_r05,showbiz_033,Giỏi Nguyễn khỏi  hết  rồi ạ,,True,,
cmt_showbiz009_0038_r03,showbiz_009,Khánh Vi chung 1 lò😌,,True,,
cmt_showbiz_033_0005_r01,showbiz_033,Nguyễn Nhật Hà My coi vậy chớ dung nhan cũng quyết định được một việc quan trọng trong đời sống nha bạn hiền,Trung lập,False,,
cmt_showbiz_044_0434,showbiz_034,Cho chừa🤣🤣🤣,Trung lập,False,,
cmt_showbiz_033_1953_r90,showbiz_033,Nguyễn Trãi người có tâm không sợ chết tôi không tin chúc e vượt qua kíp nạn này bao nhiêu con người đoi rét vì bão lũ đang chờ e thương e,Trung lập,False,,
cmt_showbiz_011_0158,showbiz_011,Z anh này hơn J97 rồi mn dí ảnh đi đừng dí J97 nữa chứ drama nào cũng dí lại anh J97 🤣,Cà khịa,False,,
cmt_showbiz019_0022_r08,showbiz_019,Vu Nguyen-Van nổi tiếng nọ nhập kính của t á . Nhập cả box nữa ~ 80k/sp về bả live bán 400-500k/sp khách chốt đơn vèo vèo 🤭,Trung lập,False,,
cmt_showbiz032_0001_r03,showbiz_032,Thiên An tiếng anh tl thua cháu ta nữa vãi,Trung lập,False,,
cmt_showbiz_020_1713,showbiz_020,Lanh Nguyễn vch,,True,,
cmt_showbiz_033_1973_r03,showbiz_033,Hồ Thủy 😍 cùng cảnh ngộ,,True,,
cmt_showbiz018_0045_r08,showbiz_018,Sương Trà thì đạo đức mới bị mỉa đó,,True,,
cmt_showbiz023_0003_r15,showbiz_023,Hoa Nguyen bạn cũng đang gây sự chú ý đấy thôi.,Trung lập,False,,
cmt_showbiz018_0047_r06,showbiz_018,Trần Tommy nhận ra???,,True,,
cmt_showbiz_033_1948_r16,showbiz_033,Hoàng Long tui cũng vậy,,True,,
cmt_showbiz021_0006_r03,showbiz_021,"Hung Nguyen dân Việt Nam giờ nghèo quá , chắc mày đang ở cali chưa cập Nhật dc tin tức ở VN hả",Trung lập,False,,
cmt_showbiz023_0003_r40,showbiz_023,Quân Dư ăn l hoa k mày,,True,,
cmt_showbiz_011_0115,showbiz_011,Chã ra cái trò chi cả mà hàng triệu người vẫn ngồi xem cả đêm,Cà khịa,False,,
cmt_showbiz_033_1955_r47,showbiz_033,Triển Nhật đúng vậy tôi thấy là lướt qua .mà bao nhiêu năm nay chưa bao giờ mua thứ gì,Trung lập,False,,
cmt_showbiz_020_3333,showbiz_020,Ủa  nguoi ta co tien nguoi ta làm kieu gi kệ,Trung lập,False,,
cmt_showbiz009_0021_r03,showbiz_009,KY Le vị huynh đài này thật sáng suốt 😂,Ủng hộ,False,,
cmt_showbiz_034_0005_r03,showbiz_034,"Ly Ngo Zi đừng có muốn nha, giờ ước đc như Ly thôi nè, kk! Thấy người ta ước đơn giản mức đó còn khó nữa là",Cà khịa,False,,
cmt_showbiz_012_0240,showbiz_012,Tiếc cho hào quang https://dailenews.chainityai.com/admin/vi-sao-sau-20-nam-truong-ngoc-anh-moi-bi-bat-ai-la-nguoi-dung-sau-don-to-cao-khien-vu-viec-bi-khui-lai-dung-la-nhan-qua-bao-ung/,,True,,
cmt_showbiz004_0003_r06,showbiz_004,"Lê Quốc Hiếu nói chuyện bít ngu rồi,vi phạm pháp luật rồi làm từ thiện là ko có tội hả,nó đang hại biết bao nhiêu người bị bệnh sau này ko",,True,,
cmt_showbiz_020_2897,showbiz_020,mai đi xa luôn,Trung lập,False,,
cmt_showbiz014_0005_r28,showbiz_014,Toan Tran mày im mẹ cái mõm mầy đi,,True,,
cmt_showbiz_033_0001_r223,showbiz_033,"Nguyễn Việt Tùng ông đi vào đó trải nghiệm với nó, xem nghỉ dưỡng thế nào? Đúng là ngu u mê loại lừa đảo...",Cà khịa,False,,
cmt_showbiz009_0042_r07,showbiz_009,Lan Anh nghe kiểu thảo mai thà mày tao nghe còn dc hơn,Trung lập,False,,
cmt_showbiz_020_2141,showbiz_020,Tieu Ky,,True,,
cmt_showbiz_033_1940_r404,showbiz_033,Tuyền Văn Hóa có vẻ bước hơi dài rồi,,True,,
cmt_showbiz029_0014_r01,showbiz_029,Không nên nói vậy tội con bé. Dù gì bé cũng hát mà bạn. 🤣🤣🤣,Trung lập,False,,
cmt_showbiz004_0017_r03,showbiz_004,"Phòng, chống ma túy - Công an TP. Hồ Chí Minh cán bộ thâm thuý quá",Cà khịa,False,,
cmt_showbiz019_0194_r01,showbiz_019,Phong Phi thì hồi cung mà cung tò thui,,True,,
cmt_showbiz_034_1079_r16,showbiz_034,Hai Nguyen bình mỡ lợn,,True,,
cmt_showbiz004_0009_r20,showbiz_004,Tr ơi cười ẻ,,True,,
cmt_showbiz_020_3783,showbiz_020,Xây như lăng mộ tần tử hoàng sợ thật,Trung lập,False,,
cmt_showbiz_018_0022,showbiz_018,"Yêu khác cưới, mưa tới đâu thì mát mặt tới đấy thôi mấy mom ơi",Cà khịa,False,,
cmt_showbiz004_0002_r14,showbiz_004,Trần Hải Phương t để lại cái hình thôi chứ k dám thở luôn😂😂,Cà khịa,False,,
cmt_showbiz_044_1785,showbiz_034,Nguyễn Thắng dám thề luôn 😂,,True,,
cmt_showbiz_034_2068_r61,showbiz_034,Tifosi chưa thấy thằng nào làm về công nghệ mà lại ngu như thằng này. Số nó tới rồi nên vạ miệng ông trời bắt phải đền tội thôi.,Trung lập,False,,
cmt_showbiz030_0005_r16,showbiz_030,Bây giờ làm ca sĩ dễ v hả mng🤣,Trung lập,False,,
cmt_showbiz021_0014_r01,showbiz_021,Em lại chấm mút tí gì rồi chứ,Cà khịa,False,,
cmt_showbiz_011_0055,showbiz_011,"Pháo: Anh có kêu em trả tiền
Viruss: À ahahahaha :)",Trung lập,False,,
cmt_showbiz020_0001_r02,showbiz_020,"Cục An ninh mạng và phòng, chống tội phạm sử dụng công nghệ cao 1 năm Sàng lọc  các Ido TIK TOK",Trung lập,False,,
cmt_showbiz020_2829_r35,showbiz_020,"Huyênlinhnhi Huyênlinhnhi đúng, mình thích mộ đơn giản, tinh tế, k phô trương. Ở Vn toàn mộ đá phô hoành tráng, tốn đất",Trung lập,False,,
cmt_showbiz_043_0308,showbiz_033,Dính vào hàng giả mới sợ chứ trốn thuế thì khắch phục án cũng nhẹ mà,Trung lập,False,,
cmt_showbiz_014_0037,showbiz_014,"Sự “hấp dẫn” trong tình tiết vụ án 9 người ở Quảng Nam - Đà Nẵng!
9 giờ sáng thứ 2 tuần sau toà sẽ tuyên án vụ cách đây 2 ngày tôi có chia sẻ trường hợp lần đầu tiền trong năm tháng hành nghề mới gặp khi VKS đề luận tội đề nghị án cho những người vướng lao lý. Đó là 5 người cùng bị khởi tố 2 tội Điều 288 và 289 (cùng khoản 1) nhưng 4 người được đề nghị phạt tiền, người còn lại thì đề nghị phạt tù cả hai tội; và 3 người bị khởi tố 1 tội Điều 288 trong đó 2 người khoản 1 (nhẹ) thì đề nghị phạt tù rất nặng, người còn lại khoản 2 (nặng hơn) thì phạt tiền nhưng lý do vì sao không được VKS nêu. 
 Luật sư bào chữa không phạm tội Điều 289, đối với 288 phải trả hồ sơ điều tra bổ sung vì chưa đủ căn cứ kết tội và có dấu hiệu làm sai lệch hồ sơ vụ án rất rõ - căn cứ vào lời khai của một số bị cáo ngay tại toà (đó là ĐTV in ra giải thích rồi ký) phù hợp với chứng cứ trong hồ sơ vụ án. Tuy nhiên, chưa vội bàn đến kết quả, tôi chỉ nêu vài tính tiết hấp dẫn trong phiên toà mà Đảng, cơ quan tư pháp TW bắt buộc, đề cao hướng đến tranh tụng, toà phải tuyên án dựa trên kết quả tranh tụng, đó là điều gì?
 1 - Các bị cáo bị cáo buộc chèn link quảng cáo ẩn (không có bất kỳ ai thấy) lên một số trang web của tổ chức, cơ quan trong đó có một số đường link quảng cáo thức ăn, đồ gia dụng…vv một số đường link có ghi tên kiểu như: jun88m; thaibet999; keonhacaiwin; ku11win…vv. Vụ án bắt nguồn từ việc CQĐT kiểm tra máy tính của người phụ nữ trong một vụ việc khác thì thấy danh sách đường link nên CQĐT xác minh sau mấy tháng thì những người liên quan bị khởi tố vì cho rằng “đưa thông tin trái pháp luật” lên mạng máy tính nhằm thu lợi bất chính gây dư luận xấu, ảnh hưởng uy tín, tổ chức, cá nhân (Điều 288) và xâm nhập trái phép máy tính (Điều 289). Sau khoảng 6 tháng khi vụ án gần có KLĐT các luật sư mới nhận được đề nghị bào chữa giúp đỡ. Khi chưa tiếp cận hồ sơ, chỉ nghe thân chủ kể thì các luật sư đánh giá việc khởi tố 2 tội là không đúng, trong đó điều 289 là rõ ràng không phạm tội vì những người này chỉ thực hiện một hành vi nhằm mục đích thu tiền quảng cáo, hành vi này có thể bị xử phạt hành chính. Thân chủ chia sẻ trên thực tế có một số cơ quan có chính sách cho phép đăng link quảng cáo để có thêm thu nhập.
Đối với Điều 288 CQĐT, VKS phải làm rõ đường link, tên miền có tên gọi mới nhìn qua bằng mắt thì có thể nghĩ là quảng cáo cá độ, cá cược nhưng muốn biết rõ và đưa ra kết luận thì phải trưng cầu giám định tại cơ quan quản lý chuyên môn đó là Sở TTTT (nay là Sở KHCN). Và khi chụp hồ sơ thể hiện giai đoạn điều tra, CQĐT đã từng làm việc với Sở TTTT để hỏi các đường link: jun88; thaibet999… chứa nội dung gì, có phải là cá độ cá cược, xấu độc không? Kết quả Sở TTTT trả lời không có căn cứ để xác định, hành vi có thể bị xem xét xử phạt hành chính. Tưởng rằng khi có kết quả này CQĐT sẽ xem xét để đưa ra quyết định về việc khởi tố đúng, sai chỗ nào nhưng KLĐT vẫn ban hành KLĐT và luật sư khiếu nại VKS gửi văn bản cho luật sư khẳng định: “đã trả hồ sơ cho CQĐT khi có KLĐT bổ sung sẽ giải quyết khiếu nại của luật sư” nhưng sau đó cáo trạng được ban hành chuyển qua toà và việc giải quyết khiếu nại không được thực thi - trường hợp này luật quy định là vi phạm nghiêm trọng tố tụng toà phải trả hồ sơ điều tra lại. 
 2 - Khi hồ sơ chuyển qua toà, các luật sư âm thầm để thực hiện các biện pháp thu thập chứng cứ trực tiếp với Sở KHCN Quảng Nam (nay là Đà Nẵng) nhằm xác minh việc: để kết luận trang web hay đường link nào có chứa nội dung xấu độc, trái pháp luật, cá độ cá cược có bắt buộc phải giám định không? Và để xác định trang web, link có gây ảnh hưởng uy tín cho cơ quan tổ chức thì phải giám định không? Nếu không giám định thì có thể kết luận không?… 
Sở KHCN có văn bản gửi luật sư khẳng định: PHẢI giám định qua các tài liệu, chứng cư, thông tin được cung cấp, nếu không giám định thì không thể kết luận và quy trình giám định sẽ căn cứ vào thông tư của Bộ TTTT hướng dẫn với quy trình chặt chẻ… Sở KHCN còn làm đúng, chuẩn khi gửi kèm văn bản cho luật sư đã in ra các hình ảnh khi truy cập vào những đường link mà CQĐT cáo buộc các bị cáo này là TRỐNG, KHÔNG hiển thị nội dung xấu, độc hay cá độ, cá cược gì cả. Chứng cứ mới then chốt này được luật sư nhanh chóng trao tận tay cho toà án xem xét.
 Phiên xét xử vừa rồi có đại diện sở KHCN và tôi đặt câu hỏi nếu nhìn tên miền và giả sử tên miền đó ghi nội dung: cacuocbongda, keonhacai…vv thì có thể kết luận trang web đó là cá độ không? Có phải giám định mới kết luận được không? Vị đại diện Sở KHCN dõng dạc khẳng định: nhìn tên miền không thể kết luận, nếu bên trong không có nội dung gì, và nếu có nội dung phải giám định mới kết luận được. Tôi lập tức bổ sung và giải thích với VKS, HĐXX rằng câu trả lời của đại diện Sở KHCN là chuẩn và đưa ra minh chứng các trang web chính thống, được cơ quan nhà nước cấp phép như báo bóng đá thì báo giấy hay báo điện tử đều có hiển thị quảng cáo nội dung như: Keobongda, keo vỉa hè, tỷ lệ châu Á, châu Âu… nội dung này còn công khai chứ không phải ẩn như các link trong vụ án này nhưng đó không phải là quảng cáo hay tuyên truyền cho hoạt động cá độ, cá cược. Để kết luận trang web, đường link nào cá độ, cá cược phải xem nội dung bên trong có chứa gì, tỉ lệ ăn chia, cách thức chơi, ăn thua ra sao… thì đó mới là hoạt động cá độ cá, cược được. Dù trước đó Sở TTTT đã trả lời với CQĐT và Sở KHCN phản hồi luật sư đã chứng minh rõ nhưng tôi vẫn quyết định đặt câu hỏi công khai ngay tại toà để HĐXX xem xét, đánh giá.
 Và kết quả trả lời của cơ quan quản lý chuyên môn đã phản bác lập luận buộc tội của cơ quan điều tra, cơ quan công tố ngay tại phiên xử. Vấn đề bây giờ là chờ phán quyết cuối cùng của HĐXX toà TP. Đà Nẵng. Sẽ trả hồ sơ điều tra bổ sung và kiến nghị xem xét hành vi sai lệch hồ sơ vụ án hay phạt tiền, miễn TNHS hoặc thậm chí phạt tù? Mong sao toà sẽ có phán quyết đúng, nhân văn nhất!
P/S: Hình ảnh vừa chụp trên website báo bóng đá có hiển thị nội dung kèo nhà cái và đây không phải là hoạt động quảng cáo cá độ, cá cược!
Sài Gòn, 6/9/2025
LS Lê Ngọc Luân",,True,,
cmt_showbiz_044_1126,showbiz_034,"Xa hội này kg tin ai , shark nay shark no cuối cùng cũng toàn lừa, lừa tình vi, lừa tri thức, nạn nhân lại la người dân Việt Nam!!!!!",Trung lập,False,,
cmt_showbiz_044_0789,showbiz_034,Hết thời rồi,Trung lập,False,,
cmt_showbiz004_0001_r19,showbiz_004,"Su Su dĩ nhiên là t k mua rồi bé, t đâu phải bò như tụi bây mà để nó dắt :))))",Trung lập,False,,
cmt_showbiz009_0038_r16,showbiz_009,Phạm Thanh Phong  cười v,,True,,
cmt_showbiz_020_1910,showbiz_020,Yana Nguyen,,True,,
cmt_showbiz_033_0001_r89,showbiz_033,"Nguyễn Việt Tùng có được tắm biển, wifi ko mà nghỉ dưỡng",Cà khịa,False,,
cmt_showbiz_011_0140,showbiz_011,Cấm tíc với tốc và những trang vớ vẩn cho đất nước trong sạch,Phẫn nộ,False,,
cmt_showbiz_043_0912,showbiz_033,Người có tiền đi tùuu như đi du lịch ấy mà,Trung lập,False,,
cmt_showbiz_043_0073,showbiz_033,Một là  có người chống lưng hai là cố tỏ ra như vậy,Trung lập,False,,
cmt_showbiz016_0007_r05,showbiz_016,Trương Dân ae nợ tộc điểm danhhh,,True,,
cmt_showbiz009_0037_r03,showbiz_009,Thị Thẻoo oke chị 😂,,True,,
cmt_showbiz_004_0093,showbiz_004,"Khoe vếu cũng kiếm đc khơ khớ rồi, lại muốn giàu thêm, thôi vào khoe cho cán bộ vậy 🤣",Cà khịa,False,,
cmt_showbiz009_0009_r03,showbiz_009,"Page chuyên cmt dạo nó nhiều job tới độ ko ăn ko ị luôn ha =)) dkm muốn tìm cách, không muốn tìm lý do nha má.",Cà khịa,False,,
cmt_showbiz011_0030_r03,showbiz_011,Nguyễn Thị Kiều hèn là quá nhẹ với nó. Phải nói là 1 thằng cặn bã,Phẫn nộ,False,,
cmt_showbiz_024_0224,showbiz_024,"Ông ấy là 1 tài năng thời trang hiếm có của VN, nên cho án treo và bắt buộc cai nghiện.",Trung lập,False,,
cmt_showbiz021_0003_r07,showbiz_021,"T vừa thấy rồi,chắc chưa tới 500🤣",Cà khịa,False,,
cmt_showbiz_043_0271,showbiz_033,"Tưởng mẻ đi thi hoa hậu thưn thiện không á, giống y con mụ H thánh nữ nào đó. Giàu sướng thật 😩",Trung lập,False,,
cmt_showbiz_033_0058_r26,showbiz_033,Hông Trương uh b,,True,,
cmt_showbiz018_0037_r15,showbiz_018,Trùng Ngọc Quang nhiều mối tình rất đẹp nhưng vẫn ko có cái kết tốt là chuyện bth mà nhỉ.,Trung lập,False,,
cmt_showbiz010_0024_r01,showbiz_010,Linh Bông vãi llllll,,True,,
cmt_showbiz_020_0466,showbiz_020,Phụ nữ ở nước mình giàu phết,Trung lập,False,,
cmt_showbiz009_0030_r09,showbiz_009,Trịnh Trung món này là buffet à 🤣,Trung lập,False,,
cmt_showbiz_033_1953_r59,showbiz_033,"Na Le dần dần rồi sẽ rõ,nó toàn chạy quảng cáo nhắm vào các ơi bà già,con cháu cảm còn ko nghe",,True,,
cmt_showbiz_004_0169,showbiz_004,Cán bộ bên phòng chống ma túy sao cán bộ đăng tin bán tpcn giả dị. Cán bộ nhiều chuyện quá,Phẫn nộ,False,,
cmt_showbiz_019_0089,showbiz_019,Con này tai avatar à :)),Trung lập,False,,
cmt_showbiz_030_0037,showbiz_030,"Nói thiệt e đẹp, mà e nói chuyện với cái đầu óc ko đẹp chút nào. Hai năm nay e bị Điếc, Mù, Mất Trí nhớ ah, sao ko nói. Giờ đem ra nói bản quyền, bản quyết. E có giấy chứng nhận Điếc, Mù, Mất Trí nhớ ah",Trung lập,False,,
cmt_showbiz_020_3752,showbiz_020,Có cái mã cha ngta cũng soi,Trung lập,False,,
cmt_showbiz_020_1730,showbiz_020,Lên thớt :)),,True,,
cmt_showbiz_033_1963_r18,showbiz_033,"Bao Do vẫn chưa tỉnh ra được à ? Thảo nào thời này muốn làm ăn phi Pháp họ phải đi từ thiện để che mắt thiên hạ đã rồi mới lùa ,gần đây là vụ kẹo kera và giờ là đứa này toàn bán hàng k như quảng cáo để lừa các bà ,các mẹ ,con cái cản không nổi cứ tin tưởng ido rồi tiền mất ,bệnh Vẫn còn đó.",,True,,
cmt_showbiz_007_0193,showbiz_007,Huyền Vi,,True,,
cmt_showbiz020_0622_r01,showbiz_020,"Hue Kim Leong tui làm hết,, đẹp lên nè",,True,,
cmt_showbiz_004_0103,showbiz_004,"Nước mấm giả Việt Hương, Phú Quốc của CSTQ vẫn được dân ăn xin quốc tế VNCH yêu chuộng lắm, chúng sống nhờ thực phẫm nhái làm từ quốc doanh CSTQ.",Cà khịa,False,,
cmt_showbiz_034_0017_r03,showbiz_034,Lê Sơn nghĩ lại nó ăn tôm hùm đưa lên khoe khoang. Còn người mất tiền thì khốn khổ nó đâu có biết cái cảm giác người khác đâu. Ăn rồi khoe khoang đi du thuyền tôm hùm  ghét,Cà khịa,False,,
cmt_showbiz032_0085_r01,showbiz_032,Phuong Hong cx cx,,True,,
cmt_showbiz011_0040_r07,showbiz_011,"Sống như đóa hoa Trong 4 ô bạn chới với nhau thì ô này m ít theo dõi nhất nhưng m cũng biết mẹ ô khó tính,chăm ô thành mamaboy vậy mà mấy bà kia ko biết ư,lại cũng trong showbiz nữa",Cà khịa,False,,
cmt_showbiz_033_1940_r01,showbiz_033,Tuyền Văn Hóa Lại hàng giả à ad,,True,,
cmt_showbiz_033_1176_r01,showbiz_033,Hoa Hướng Dương,,True,,
cmt_showbiz_043_0767,showbiz_033,Vì lần đầu tiên được đi tò cười là đúng rồi,Trung lập,False,,
cmt_showbiz_008_0127,showbiz_008,Tết mới lắm show ca nhạc mà bị cấm thế này 🤣,Trung lập,False,,
cmt_showbiz_018_0478,showbiz_018,Hồng Nguyễn cặp này là ai ta,,True,,
cmt_showbiz020_2832_r20,showbiz_020,Nguyễn Huy Hùng hay m cũng nghĩ vậy ko phải vua chúa lên xây đẹp thôi chứ như kia là như quan chức to hay j rồi,Trung lập,False,,
cmt_showbiz_020_2161,showbiz_020,Tú Mỡ,,True,,
cmt_showbiz_018_0033,showbiz_018,"Mới cap được ở trên, giờ chỉ thấy tội chị Tizi thôi😿",Đồng cảm,False,,
cmt_showbiz_020_1915,showbiz_020,🥵,,True,,
cmt_showbiz_033_1953_r76,showbiz_033,"Nguyễn Trãi cứ yên tâm pháp luật k dung lượng cho những kẻ như vậy , k ai cho không ai cái gì tất cả chỉ đánh bóng tên tuổi , câu viu , để bán hàng ... Và...",Phẫn nộ,False,,
cmt_showbiz_034_0002_r01,showbiz_034,Võ Mạnh Dũng,,True,,
cmt_showbiz004_0001_r05,showbiz_004,Hoang Nguyen Pham không ạ !,Phẫn nộ,False,,
cmt_showbiz_033_1949_r07,showbiz_033,Ngọc Trâm Non và xanh lắm.,,True,,
cmt_showbiz_044_2417,showbiz_034,Âu cũng là luật nhân quả đưa đường chỉ lối.,Trung lập,False,,
cmt_showbiz004_0002_r13,showbiz_004,Diễm Huỳnh t k dám nói sợ bị chửi. M gan ghê,Cà khịa,False,,
cmt_showbiz_025_0023,showbiz_025,Đi Đức mà chưa kịp đặt vé thì phải.,,True,,
cmt_showbiz_012_0054,showbiz_012,"Kiểu tui đẹp tui có quyền ,,không ai dám đụ  ng,",Cà khịa,False,,
cmt_showbiz019_0181_r15,showbiz_019,Hoang Dang Phuong ThaoMai Anh,,True,,
cmt_showbiz018_0005_r14,showbiz_018,"Hạ Trang ê thiệt, hồi xưa mấy bạn có vấn đề khó nói hay ko thể giải quyết bà Tizi để sđt khẩn để các bạn liên hệ, cổ nhiệt tình hướng dẫn luôn",Đồng cảm,False,,
cmt_showbiz018_0045_r24,showbiz_018,"Tôi cũng thấy thú vị ㅋㅋㅋㅋㅋㅋㅋㅋ hong nó chán ngấy luôn.B  ăn 1 món gì đó ngon mới đầu nghiện vô cùng ăn nhiều thấy cũng bt dần k có gì quá thú vị nữa.Con ng cũng vậy,t ví dụ nha b học c3 thì thấy 1 ng nào đó khi đó vô cùng đẹp,sau này coi trai tiktok m8 douyin nhiều rồi lại thấy đổi gu kiểu đó😂😂",Cà khịa,False,,
cmt_showbiz019_0188_r02,showbiz_019,"Chinh Chinh có mỗi cơm rau mắm, ko ăn thì nhịn th :)))",Trung lập,False,,
cmt_showbiz_020_1876,showbiz_020,ơ,,True,,
cmt_showbiz_034_0037_r03,showbiz_034,Hoàng Huy Châu nó vét nhiều nó vén lên nv đấy bác,Cà khịa,False,,
cmt_showbiz_020_1909,showbiz_020,Thanh Nga,,True,,
cmt_showbiz_033_0001_r53,showbiz_033,Hùng Mộc giàu cỡ bà Hằng còn không chịu nổi ở đó bà Hường này,Cà khịa,False,,
cmt_showbiz014_0008_r07,showbiz_014,Bóng Đá bựa Magazine Tre già măng mọc. Sóng sau dồn sóng trước. Mấy bài chất lượng dưới trung bình ntn các ông cứ làm audio không thôi thì vẫn mãi được coi là huyền thoại. Chứ ra mấy sản phẩm ố dề ối dồi ôi phèn không đạt chất lượng như này chả khác nào xúc phạm thanh xuân của khán giả 8x 9x. Bài học cho tất cả chúng ta đam mê thì cứ đam mê nhưng đừng baoh tham quyền cố vị níu kéo hào quang đã tắt.,Trung lập,False,,
cmt_showbiz008_0002_r15,showbiz_008,Phương Mai là sống giống ba mẹ nó đẻ ra loại như nó đó bà,Trung lập,False,,
cmt_showbiz009_0020_r07,showbiz_009,"Ngọc Hồng Lựu cái thằng này từ thời lùa gà mọi người vào coin là đủ thấy nó bẩn rồi. Ngoài tài năng và giàu ra thì nó sống chẳng tử tế.
Biết nó vậy còn đâm đầu vào giờ vỡ lẽ ra thì lên mạng khóc ?",Trung lập,False,,
cmt_showbiz_033_1955_r48,showbiz_033,Dũng Nguyễn k chặn đc luôn ý bác,,True,,
cmt_showbiz019_0001_r18,showbiz_019,Đài Phát Thanh. Công bố luôn doanh thu nhóm này trục lợi được từ đào lửa ng dân đi Ad ơi,Trung lập,False,,
cmt_showbiz_011_0176,showbiz_011,Có vid rồi hay sao đây,Trung lập,False,,
cmt_showbiz_034_0006_r12,showbiz_034,Minh Thu Nguyễn trích thu rồi lại tham ô dân được hưởng không nhỉ,Cà khịa,False,,
cmt_showbiz_033_0001_r214,showbiz_033,Hùng Mộc phát ngôn chả biết cc gì,,True,,
cmt_showbiz_020_2456,showbiz_020,"Hay lắm, ca sĩ với cả nghệ sĩ thì cũng chạy show vì tiền cả thôi 😌",Trung lập,False,,
cmt_showbiz_020_3207,showbiz_020,Nó xây biệt thự cho mộ bố nó cũng được. Tao mà có tiền thì tao xây cho ông bà tao nguy nga hơn vua chúa ngày xưa ý chứ.,Trung lập,False,,
cmt_showbiz_044_0491,showbiz_034,Ngồi trên đồng tiền người khác ăn mặc thì bảnh bao bao giờ bỏ chiếc áo hằng hiệu ra thì nhìn như thằng chăn vịt,Trung lập,False,,
cmt_showbiz_020_0767,showbiz_020,Hèn j giàu thế,Trung lập,False,,
cmt_showbiz009_0024_r12,showbiz_009,"Trọng Đức bố mày mới bị xe đâm ch.ết à,mà ở đâu cũng thấy m khóc thế",Trung lập,False,,
cmt_showbiz_023_0021,showbiz_023,Đợt đó nhập ngũ zui quá trớn🤣,Trung lập,False,,
cmt_showbiz021_0003_r04,showbiz_021,"Huy Nguyen ko ngon đâu bro :)) khi nào bro cũng thấy ảnh qua lăng kính chiếu yêu giống t, bro sẽ hiểu :))",Cà khịa,False,,
cmt_showbiz023_0003_r44,showbiz_023,Trần Thị Trang Nhung mày vào đây ăn l à,,True,,
cmt_showbiz022_0012_r01,showbiz_022,Kim Lien Hoang 😡 Thắng Không Kịp mứi githich rùi,Trung lập,False,,
cmt_showbiz_024_0068,showbiz_024,Nhìn tưởng Hoài Lâm,Trung lập,False,,
cmt_showbiz_030_0011,showbiz_030,Kaka 2 đứa đẩy nhau lên hả?,Trung lập,False,,
cmt_showbiz_034_2068_r107,showbiz_034,Tifosi cũng có tin gì rồi nên ổng phân trần. Đừng nghĩ đơn giản như vậy,Trung lập,False,,
cmt_showbiz_020_2701,showbiz_020,"Yên tâm, còn buôn lậu, trốn thuế các kiểu nữa. vào chuồng thôi nào",Trung lập,False,,
cmt_showbiz001_0001_r02,showbiz_001,Nguyễn Kỳ Anh Tú chắc chơi xong cảm xúc nó thăng hoa và ca từ bay bỗng😂,Cà khịa,False,,
cmt_showbiz_020_3031,showbiz_020,"Trò đời, giầu giỏi thì bị ghét",Trung lập,False,,
cmt_showbiz_004_0074,showbiz_004,Tới luôn,,True,,
cmt_showbiz_043_1403,showbiz_033,Mấy bà trong xóm tôi bảo đây chắc là đóng phim thôi nhìn tươi cười thế kia mà haha,Trung lập,False,,
cmt_showbiz016_0014_r01,showbiz_016,Jjw Jwjw T xem thằng này một lần nhìn mặt nó là next ngay có lẽ tui có giác quan thứ sáu và biết xem tướng số😂,Cà khịa,False,,
cmt_showbiz018_0044_r07,showbiz_018,Đình Chương có thật sự là nắm rõ thông tin chưa hay là đọc nửa bài xong xuống cmt đây 😂😂,Trung lập,False,,
cmt_showbiz_021_0114,showbiz_021,Tommy Tèo,,True,,
cmt_showbiz_011_0200,showbiz_011,Giờ chắc thua anh j97 2 cháu nữa thôi nhỉ?,Cà khịa,False,,
cmt_showbiz007_0031_r16,showbiz_007,Ha Tien Nguyen  nối thơ đỉnh vđ :))),,True,,
cmt_showbiz_020_2713,showbiz_020,Hoài Gấu,,True,,
cmt_showbiz_004_0099,showbiz_004,... xem lại líp cô ấy cùng bạn trai LTQ khoe nhà cữa triệu đô ... ???,Cà khịa,False,,
cmt_showbiz_021_0077,showbiz_021,Rẻ he,Trung lập,False,,
cmt_showbiz020_2150_r08,showbiz_020,Thanh Vinh cặc,,True,,
cmt_showbiz_034_1080_r32,showbiz_034,Trần Nhiên thà cãi nhau trên mạng ra cqdt lại bóc lịch đó. Chả ai dám lên bịa chuyện lớn như này. Nhưng bao nhiêu dự án shark thì k ăn to chứ k mất đâu được,Trung lập,False,,
cmt_showbiz022_0007_r64,showbiz_022,Lê Trọng Đức ck t mới cho t cái nhà ở tuổi 28 à chứ ba con ô tô ghẻ đó ai thèm huhuhu ☹️,Trung lập,False,,
cmt_showbiz009_0021_r02,showbiz_009,"KY Le đúng goyy bà ơi, ái kỷ trước đó đến giờ",Cà khịa,False,,
cmt_showbiz_012_0079,showbiz_012,Bắt tốt,,True,,
cmt_showbiz024_0037_r11,showbiz_024,Thiên Hoàng đọc kỹ và hiểu kỹ đã nhé. Ko kỳ thị và buôn bán là 2 việc khác nhau nhé,Trung lập,False,,
cmt_showbiz018_0035_r26,showbiz_018,Nguyễn Tâm tại 1 phút nên mới chia tay,,True,,
cmt_showbiz_021_0016,showbiz_021,"Tuổi trẻ , tài cao, t đây vẫn ngồi lựa coi bim bim nào ngon hơn nè",Cà khịa,False,,
cmt_showbiz_018_0009,showbiz_018,Nguyễn Thị Thu Hà m có xem video của 2 ng này dạy cách yêu không,Trung lập,False,,
cmt_showbiz_011_0178,showbiz_011,Kiểu này J97 được Viuss cíu rồi sao 🤔,Cà khịa,False,,
cmt_showbiz_043_0162,showbiz_033,tàn nhẫn thiệt..,Trung lập,False,,
cmt_showbiz_044_0048,showbiz_034,Ba cái bác này mình nói thật đem bắn mẹ luôn chứ có học cao mà đi ăn cướp thế này đi học làm chó gì hành động này chỉ dành cho người vô học thôi,Phẫn nộ,False,,
cmt_showbiz_033_1940_r155,showbiz_033,Huu Hảo Nguyen có tiền phạt không nói vậy ???cẩn thận í .,Trung lập,False,,
cmt_showbiz_043_0803,showbiz_033,chấp hết các loại hoa hậu ớ hậu,Trung lập,False,,
cmt_showbiz_004_0091,showbiz_004,"Cọng xích to thế, xích tay rồi còn xích cả chân.",Cà khịa,False,,
cmt_showbiz_019_0147,showbiz_019,Đúng là siêu lợi nhuận nên bát chấp tất cả 😂😂,Trung lập,False,,
cmt_showbiz011_0046_r05,showbiz_011,Linh Anh  ai biểu tên đẹp kkk,Cà khịa,False,,
cmt_showbiz_018_0278,showbiz_018,Anh yêu em quá nên em phải chia tay anh thôi ahuhu - cho ai lười đọc,Trung lập,False,,
cmt_showbiz_020_3747,showbiz_020,"kinh dịch hội cái mả cha bọn mày aen nói vớ vẩn,lũ mê tín bọn mày nên chết mẹ đi hết con hơn",Trung lập,False,,
cmt_showbiz_025_0088,showbiz_025,"Theo quan điểm của cá nhân tôi, bà Hoàng Thị Hồng Thái chỉ bày tỏ chính kiến ôn hòa không phải là “phản động”. Nhà nước pháp quyền không thể bắt công dân chỉ vì nói điều chính quyền không thích. Đàn áp tiếng nói khác biệt không làm đất nước mạnh lên, chỉ phơi bày sự yếu kém. Muốn người dân Yêu nước không đồng nghĩa với việc bắt dân phải cúi đầu im lặng.",Trung lập,False,,
cmt_showbiz016_0002_r15,showbiz_016,Tâm Lý bọn ngu cứ đi cúng tiền cho idol để idol mua xe hơi xây nhà lầu rồi vào nghe idol nó chửi,Trung lập,False,,
cmt_showbiz_020_2497,showbiz_020,Vâng,Trung lập,False,,
cmt_showbiz_025_0093,showbiz_025,"Nếu HTH mở ra một con đường ngắn nhất giúp người dân có cái nhìn, hiểu đúng về Hiến pháp và Pháp luật thì bạn ấy là một công dân tiên tiến. Chỉ có bọn muốn ngu dân để thực hiện việc xấu mới tìm cách hại HTH. Chúng tôi đọc bài của HTH thấy rất hay, và tôn trọng bạn",Trung lập,False,,
cmt_showbiz_018_0281,showbiz_018,Ý là tại vợ nên li dị hả 🤣🤣🤣,Trung lập,False,,
cmt_showbiz_020_3260,showbiz_020,24h Showbiz họ có kinh tế thì họ báo hiếu cha mẹ.. trang kiểu gì mà cứ đi soi mói rứa ma,Cà khịa,False,,
cmt_showbiz013_0049_r05,showbiz_013,Mai Thành thô mà thật🤣🤣,,True,,
cmt_showbiz_015_0074,showbiz_015,"Chương trình này 2 năm nay vận đen sao năm ngoái thùy tiên, năm nay ông độ",Trung lập,False,,
cmt_showbiz009_0009_r13,showbiz_009,Ktx KG m có cái quyền đ gì bảo ngta nín trong khi bây giờ tao sẽ bảo m câm và câu trả lời của m sẽ là câu trả lời tiếp theo của tao cho m đấy thằng ếch,Phẫn nộ,False,,
cmt_showbiz018_0001_r03,showbiz_018,YAN TV sao ấy ấy dạ,Trung lập,False,,
cmt_showbiz020_2841_r34,showbiz_020,Minh Hải  phật nào do ma quỷ tạo thành 😂 phật đi từ người thành phật giờ lại từ quỷ mới biến thành phật à😂,Trung lập,False,,
cmt_showbiz020_2197_r02,showbiz_020,Mỹ Nhân tắm trắng phải ko nà,,True,,
cmt_showbiz_007_0252,showbiz_007,Bây giờ quay xe nhìn lên trời dc chưa :)) 🤣🤣🤣,Trung lập,False,,
cmt_showbiz_032_0006,showbiz_032,,,True,,
cmt_showbiz_021_0225,showbiz_021,"Quan trọng là thằng nào mua, mầy không có $$$ tức phải không.",Trung lập,False,,
cmt_showbiz_020_2149,showbiz_020,🐢,,True,,
cmt_showbiz_023_0058,showbiz_023,"Thì cùng chúc mừng, thôi đừng Soi đời tư nửa.",Trung lập,False,,
cmt_showbiz_033_0001_r102,showbiz_033,Nguyễn Việt Tùng ở tò ma suong chăc pham tội k chỗ chứa,Cà khịa,False,,
cmt_showbiz004_0005_r03,showbiz_004,Dương Quỳnh Tâm,Cà khịa,False,,
cmt_showbiz_020_2862,showbiz_020,Chi Jenda,,True,,
cmt_showbiz011_0026_r07,showbiz_011,"Chu Tuấn Anh Trơ mặt ra chứ cần gì tẩy. Phiên live vừa rồi kiếm biết bao nhiêu tiền. Virus tồi chứ k có ngu. Virus phát biểu kiểu mất não thì chắc nhắm tới view, tới tiền thôi. Phiên tối qua kiếm tầm ~2 tỷ.",Phẫn nộ,False,,
cmt_showbiz021_0005_r02,showbiz_021,Sơn Long  1000 đô hết giá,,True,,
cmt_showbiz_010_0122,showbiz_010,Như con 🐒,Trung lập,False,,
cmt_showbiz_034_2068_r105,showbiz_034,"Thanh Đức mà tôi nghĩ mấy thánh live stream vs shark này có khi nào rửa tiền cho quan chức k nhỉ? Bán hàng onl mà 2100 tỷ như Hoàng Hường , shark Bình cỡ 900 tỷ nữa là nhiều vcl ấy. Kd bình thường kể cả trốn thuế sao ra số ấy dsc tả",Trung lập,False,,
cmt_showbiz011_0046_r03,showbiz_011,Linh Anh ủa con gái ai đây?,Cà khịa,False,,
cmt_showbiz_043_1640,showbiz_033,Bóc tách nốt sản phẩm xem có phải hàng giả ko cho đi khoản 2 mới vui,Trung lập,False,,
cmt_showbiz020_0987_r01,showbiz_020,Lê Hồng Thắm Thương .Đưa đến trả lại hoàn tiền và bắt bồi thường thiêt hại .,Trung lập,False,,
cmt_showbiz018_0035_r30,showbiz_018,Thuỳ Linh giống dạy làm giàu nhưng lại phá sản ấy hả 🤣🤣🤣,Cà khịa,False,,
cmt_showbiz_018_0090,showbiz_018,"Chưnga kiến bnhiu cặp yêu nhau bao năm rôid cưới dc 1,2 năm tan vỡ =))) chán luôn",Cà khịa,False,,
cmt_showbiz020_2833_r15,showbiz_020,"Thi Mao VU Đúng. Hậu Giang có Sơn Trang tiên cảnh, ng giàu họ xây khu mộ vài chục tỷ, lộng lẫy, uy nga, có cả nơi cho ng nhà nghỉ lại",Trung lập,False,,
cmt_showbiz_033_0001_r81,showbiz_033,Nguyễn Việt Tùng có án là toang rùi còn đang điều tra kìa liên quan đến hàng hóa thực phẩm chức năng nữa là coi như tan luôn,Trung lập,False,,
cmt_showbiz019_0067_r01,showbiz_019,Nguyễn Thị Kim Chi chuẩn lun,,True,,
cmt_showbiz004_0006_r05,showbiz_004,"Nguyễn Kim Ngân hiện tại còn được các trang phản động bảo vệ nữa kìa, lọt vào tầm ngắm của mấy anh chị ấy là dễ được qua Mỹ lắm. Bắt người bán hàng giả suốt ngày khoe zú với mông mà qua mấy page đó tưởng đâu bắt phải mấy chân tu không đó.",Cà khịa,False,,
cmt_showbiz_025_0002,showbiz_025,Những gì cô ấy viết làm cho ngta ko còn ngu nữa.  Nhiều người đọc làm họ sợ .,Trung lập,False,,
cmt_showbiz_020_1968,showbiz_020,Hoài Thương,,True,,
cmt_showbiz011_0045_r06,showbiz_011,Ukm từ khi vụ 16 tỏi đang rùm ben ở đâu xuất hiện vụ tình cảm mà bgio thỳ lồi ra đâu cả chục đứa 🐧🐧🐧,Cà khịa,False,,
cmt_showbiz_007_0105,showbiz_007,Huỳnh Hồng Phúc g em đi bắt nồi cơm nên tag c đọc trc,,True,,
cmt_showbiz_012_0016,showbiz_012,Rạp xiếc,,True,,
cmt_showbiz020_2197_r04,showbiz_020,Mỹ Nhân bắn tia trị nám,,True,,
cmt_showbiz008_0005_r10,showbiz_008,"Hương Nguyễn nhưng  nó lại là sự thật một chiều và ko có ai làm chứng cả,chỉ là một lời nói bth",Trung lập,False,,
cmt_showbiz_032_0174,showbiz_032,Vừa Thấy Trúc Linh giờ lại thấy Trâm Anh. Hoa hậu như lá mùa thu.,Trung lập,False,,
cmt_showbiz_033_1749_r10,showbiz_033,"Tuan Anh  nói không có gì làm bằng chứng, thì rõ ràng là vu khống, hàng xóm nói bạn gái gú nhưng đó chỉ là tin đồn bạn cũng khó chịu, vậy nên nói phải đặt mình vào người ta",Trung lập,False,,
cmt_showbiz_020_1761,showbiz_020,Tuyệt🥰,Ủng hộ,False,,
cmt_showbiz020_1026_r02,showbiz_020,"Thủy Gà chẳng lẽ cứ để chúng nó bán hàng giả lộng hành, nó giầu càng giầu thêm rồi những người dùng hàng của nó chết dần chết mòn",Trung lập,False,,
cmt_showbiz_019_0412,showbiz_019,Chuyến này xé lịch chứ hết xé giấy nợ,Trung lập,False,,
cmt_showbiz_043_0551,showbiz_033,Cười lên hình cho đẹp,Trung lập,False,,
cmt_showbiz020_2560_r01,showbiz_020,Hải Yến còn k biết đọc kiểu gì🤣,,True,,
cmt_showbiz_033_0003_r26,showbiz_033,Trung ÊTô a nó đớp mày nghìn tỷ mà nhi tù vè ko ăn hét của . Ko biets nhà nước có tịch thu tài sản phạm pháp của nó bớt ko nhi,Trung lập,False,,
cmt_showbiz_022_0008,showbiz_022,"Câu thoại kinh điển trong phim ngắn ""tất cả chỉ là hiểu lầm, a và cô ấy ko có gì cả""",Trung lập,False,,
cmt_showbiz008_0008_r02,showbiz_008,Bảo Thành cút cmm,Trung lập,False,,
cmt_showbiz_022_0002,showbiz_022,,,True,,
cmt_showbiz_044_2091,showbiz_034,Cuộc đời ma tham thì thâm trên đời này co luật nhân quả hết chi khi người ta chưa thấy thì chưa sợ thôi,Trung lập,False,,
cmt_showbiz_012_0021,showbiz_012,Mong rằng hạn qua nhanh với em!👍,Đồng cảm,False,,
cmt_showbiz015_0013_r02,showbiz_015,Nguyễn Vũ dạ e cám ơn ạ,,True,,
cmt_showbiz011_0027_r13,showbiz_011,Trung Kiên :)))) bỏ con thì là k tệ bằng thằng vi khuẩn vì yêu nhiều ng. Suy nghĩ m lệch lạc nhỉ,Phẫn nộ,False,,
cmt_showbiz020_2847_r01,showbiz_020,Thành Cổn chuẩn ạ.bọn ghen ăn tức ở 😆😆,,True,,
cmt_showbiz004_0012_r09,showbiz_004,"Phòng, chống ma túy - Công an TP. Hồ Chí Minh nó giỡn mặt kìa ad",Phẫn nộ,False,,
cmt_showbiz_044_0383,showbiz_034,Không hiểu vì sao nhiều người lại tin chúng nó nói?!,Trung lập,False,,
cmt_showbiz011_0027_r15,showbiz_011,"Châu Khánh Tiên ủa J nhận cái gì vậy, nó xin lỗi làm fan lo lắng thôi ah 😂",Cà khịa,False,,
cmt_showbiz_033_1975_r01,showbiz_033,Dũng Trần chịu lão,,True,,
cmt_showbiz_020_1482,showbiz_020,Út Nguyễn Út kẻo lại sida nha mẹ,,True,,
cmt_showbiz_034_2108_r01,showbiz_034,Tiep Vu còn ra đc ko nhỉ,,True,,
cmt_showbiz_017_0031,showbiz_017,,,True,,
cmt_showbiz_020_2249,showbiz_020,Út Thiên,,True,,
cmt_showbiz_020_3689,showbiz_020,Báo lá cải,Trung lập,False,,
cmt_showbiz_020_1623,showbiz_020,Nguyễn Thị Tuyến này mẹ ơi,,True,,
cmt_showbiz_044_2135,showbiz_034,Hay nói rất hay,Trung lập,False,,
cmt_showbiz_004_0209,showbiz_004,"Thuốc giả ,thực phẩm chức năng giả là giết người..Phải tử hình",Phẫn nộ,False,,
cmt_showbiz_008_0239,showbiz_008,Đi đâu gây họa day chịu thằng này,Trung lập,False,,
cmt_showbiz_020_3311,showbiz_020,Kệ họ có chi đâu ta,Trung lập,False,,
cmt_showbiz_004_0151,showbiz_004,cha nội này mới là trùm cuối nè,Cà khịa,False,,
cmt_showbiz021_0018_r02,showbiz_021,V-alpha Nguyen có nek,,True,,
cmt_showbiz_014_0033,showbiz_014,"Nhóm anh Ưng âm thầm thành lập, lặng lẽ dính án",Trung lập,False,,
cmt_showbiz018_0043_r01,showbiz_018,"Nguyễn Thúy Vy  xa thì chắc do bà dợ , mà lí do xàm ghê 😂😂😂 giỏi nói đạo lí",Trung lập,False,,
cmt_showbiz_011_0160,showbiz_011,Tao hiểu ròi Đặng Linh Anh là con của virus và bài nhạc nền của J là virus bỏ con giống J,Cà khịa,False,,
cmt_showbiz_022_0005,showbiz_022,"TÓM TẮT : VÌ VỢ ANH ĐÁNH A NÊN ANH ĐÁNH VỢ. 

Đúng k a :)))",Trung lập,False,,
cmt_showbiz004_0013_r04,showbiz_004,"Phòng, chống ma túy - Công an TP. Hồ Chí Minh cán bộ qua test đi. Biết đâu có tin cho cán bộ đăng đấy!",Cà khịa,False,,
cmt_showbiz_034_1078_r08,showbiz_034,"Dây treo nhãn mác, tem nhãn, tag quần áo Phúc Gia , đúng vậy b. Tiền thật, cầm trog tay mh còn chưa chắc, huống là tiền số, giao vào ví người khc. Nó cho hưởng đồg nào biết đồg đó. Lúc cơn tham lên đỉnh điểm, nó kéo xẹc măng tua ví lại, nó nuốt luôn, Vì quyền điều khiển trog tay nó hết. Vậy là mh trơ mỏ, mất luôn cả vốn cả lời.",,True,,
cmt_showbiz_004_0130,showbiz_004,Tuổi nhỏ mà gần to. Thất Đức vậy gây hậu quả sức khỏe cho mọi ng. Trừng trị thích đáng con ranh con này,Phẫn nộ,False,,
cmt_showbiz_004_0136,showbiz_004,"Bọn này định thao túng truyền thông và tranh thủ lòng thương của cộng đồng mạng để dễ bề hoạt động lại khi được thả về nhưng tội này đi xa lắm, mà chú Quang đừng tưởng được về nha, điều tra bổ sung mà chú Quang là người điều hành phía sau thì chú Quang cũng đi nốt nha",Phẫn nộ,False,,
cmt_showbiz_007_0347,showbiz_007,Minh Anh ai cũng nl hoy,,True,,
cmt_showbiz_033_0001_r155,showbiz_033,"Nguyễn Việt Tùng nói chuyện như mấy đứa bị thiểu năng , đi tù như đi nghỉ dưỡng , đến lạy",Phẫn nộ,False,,
cmt_showbiz_020_2289,showbiz_020,Tây Paris,,True,,
cmt_showbiz_021_0014,showbiz_021,Bọn này có kèn trống đầy đủ k nhỉ 🫣,Cà khịa,False,,
cmt_showbiz_034_1090_r08,showbiz_034,Phạm Tố Nga kkkk,,True,,
cmt_showbiz015_0011_r02,showbiz_015,Phúc Huy bọn trẻ nó bảo đấy là sống thật. Sống đúng vs bản thân =]],Trung lập,False,,
cmt_showbiz004_0009_r15,showbiz_004,Thành Vịnh con bé mới quen dô,,True,,
cmt_showbiz011_0037_r12,showbiz_011,Ánh Ánh bcuoi chỗ là biến gì cũng gọi thiên lí ơi kaka,Cà khịa,False,,
cmt_showbiz_025_0040,showbiz_025,Buồn cho chế độ này.,Trung lập,False,,
cmt_showbiz_044_1741,showbiz_034,"cho cá mập vào bờ thôi,,",Trung lập,False,,
cmt_showbiz_004_0241,showbiz_004,Lừa đảo làm hàng giả thì phải sử lý thật nặng ?nhất là đồ ăn và thức uống,Phẫn nộ,False,,
cmt_showbiz007_0009_r01,showbiz_007,Các bạn đừng để mẹ con nhà cầy dắt mũi. Đây đúng là một kịch bản đc dựng lên mà,Trung lập,False,,
cmt_showbiz023_0008_r02,showbiz_023,🤣🤣🤣,,True,,
cmt_showbiz_043_0157,showbiz_033,Nhiều tiền để làm gì chết có mang theo được không mà bây giờ để bêu cái mặt trên mạng XH thật đắng cay,Trung lập,False,,
cmt_showbiz_033_1940_r366,showbiz_033,Tuyền Văn Hóa làm từ thiện chỉ để câu like câu view thôi… tôi xem mấy cái video làm từ thiện mà thấy già tạo quá….,Trung lập,False,,
cmt_showbiz_019_0022,showbiz_019,"Năm 2021 cứ nấu cơm trưa với tối là mở ytb xem Quang Linh, Đông paulo, rồi Linh philip rất hâm mộ luôn. Rồi đợi ra video phát gạo, đi hỏi cưới cho bác trưởng thôn rồi v.v Giờ mình cũng bỏ theo dõi tem Quang Linh rồi càng ngày càng làm lố nhất là ông tiến 😑",Trung lập,False,,
cmt_showbiz007_0034_r02,showbiz_007,Tran Tran,,True,,
cmt_showbiz_033_0001_r60,showbiz_033,Nguyễn Việt Tùng núi cao còn núi cao hơn nữa mấy vù bắt vừa rồi mấy người mấy trắm tỉ,Cà khịa,False,,
cmt_showbiz_043_1993,showbiz_033,Rồi lại thêm nhiều tội khác nữa tịch thu tài sản vào ngân sách quốc gia,Trung lập,False,,
cmt_showbiz_023_0077,showbiz_023,"Đồn thì chie có chuẩn, vì trước đó cucng nv ấy",Trung lập,False,,
cmt_showbiz_033_0001_r175,showbiz_033,Trần Vân thế    Tù có tiền chúng nó có được ra ngoài để đi du lịch nước ngoài ko ..hay chỉ ở một xó  ăn rồi lại nằm cứ cho là ko phải lao động tay chân luôn ... Vậy thì thoải mái  sung sướng zử chưa...ko gì bằng tự do,Cà khịa,False,,
cmt_showbiz_020_3745,showbiz_020,"Tào lao vớ vẩn. Ngta có tiền làm gì việc ngta, mồ mả cũng đưa lên để nói. Đúng thời giờ loạn rồi.",Trung lập,False,,
cmt_showbiz_033_1940_r165,showbiz_033,Tuyền Văn Hóa bà như cáo già hơn thế nữa và chính bà cũng chửi cả ngu bà giỏi nên bà giàu mà sao giờ bảo yếu kém không biết??? OMG???,Trung lập,False,,
cmt_showbiz_044_0007,showbiz_034,Khong bao gio thoat khoi nhan qua duoc !!!!!!,Phẫn nộ,False,,
cmt_showbiz_020_2012,showbiz_020,Trần Hằng,,True,,
cmt_showbiz020_0092_r01,showbiz_020,Dương Đức Khánh he he,,True,,
cmt_showbiz008_0009_r04,showbiz_008,"Vân Dương mất có 4tr ngồi nói xấu, thế k biết anh j đợt này ủng hộ bão được nhiêu ta? Thấy đợt nào ảnh cũng im ru hết nhề 😂 à có, được 2 cái str của fan, năm trước cũng vậy năm nay cũng vậy. Thấy đợt lễ vừa rồi ảnh im ru nhỉ? À, dạo này còn hay xài nhạc trung của nữa 😂",Trung lập,False,,
cmt_showbiz_021_0124,showbiz_021,Phương Linh đăng quang Á khôi 1 Hoa khôi Áo dài Việt Nam 2025.  https://vietnamnet.vn/a-khoi-bui-thi-phuong-linh-dang-quang-cuoc-thi-nao-2488171.html,,True,,
cmt_showbiz_020_1281,showbiz_020,Vậy là hết a,Trung lập,False,,
cmt_showbiz_018_0056,showbiz_018,Lộc Nguyễn ngưỡng mộ tiếp đê =)))),,True,,
cmt_showbiz_009_0076,showbiz_009,Hoàng Trúc Anh má :))),,True,,
cmt_showbiz_012_0248,showbiz_012,Truong ngoc anh. Net dep huyen bi than tuong cua minh. CHUC BAN   VUOT qua song gio cuoc doi,Trung lập,False,,
cmt_showbiz_043_0930,showbiz_033,Mặt trơ,Trung lập,False,,
cmt_showbiz009_0042_r04,showbiz_009,Lan Anh nghe buồn ỉa thật,,True,,
cmt_showbiz019_0003_r05,showbiz_019,Nguyễn Trung Hiếu ok nha. Còn 1 hũ rưỡi cho em lun nè,,True,,
cmt_showbiz020_2344_r01,showbiz_020,Ngọc Cương tớ với bạn lM còn nhi,,True,,
cmt_showbiz_033_1128_r01,showbiz_033,Thích ý kiến m đặt cái tên Facebook t đã thấy m ko bình thường rồi,Trung lập,False,,
cmt_showbiz008_0004_r02,showbiz_008,Thều Lều e hót mà a kkk,Trung lập,False,,
cmt_showbiz_018_0219,showbiz_018,"Thằng này kiểu Enzo Fernandez của Argentina, bỉ vk xong đăng tâm thư kêu mất hết thanh xuân vì lấy vk sớm quá, xong chia tay vài tháng sau đã thấy cặp với con khác. Văn thg này y chang. Ra vẻ nhận lỗi về mình nhg thực chất là nó đẩy sai lầm về ng khác",Trung lập,False,,
cmt_showbiz016_0011_r05,showbiz_016,Lã Xuân Hải npc,,True,,
cmt_showbiz_021_0002,showbiz_021,📌 Mời bạn tham gia Kênh Thông báo (Broadcast channel) của Báo Người Lao Động để nhận được các thông tin mới nhất/nóng nhất/đặc sắc nhất từ Báo Người Lao Động: https://www.facebook.com/nguoilaodong/channels,,True,,
cmt_showbiz021_0004_r02,showbiz_021,Măng Móm làm gì là làm gì hả bà này,Cà khịa,False,,
cmt_showbiz020_2526_r01,showbiz_020,Khai Tran chỗ mình nè cà lang lên đó làm luôn mới buồn 😂,Trung lập,False,,
cmt_showbiz_033_1940_r282,showbiz_033,Tuệ Minh ủng hộ tiền của nó lừa dân rồi lại ủng hộ thì là gì hả mày?,Trung lập,False,,
cmt_showbiz_001_0013,showbiz_001,😀,,True,,
cmt_showbiz_033_1940_r253,showbiz_033,Tuyền Văn Hóa thời sự VTV 1 đây,,True,,
cmt_showbiz_044_1678,showbiz_034,Làm sao phải nghĩ nhiều!!! cứ tịch thu vào kho bạc nhà nước để làm những công trình phúc lợi và phát lương cho dân là được,Trung lập,False,,
cmt_showbiz_020_3743,showbiz_020,"Bình thường, chỗ tui nhiều cái mộ còn gấp mấy lần vậy",Trung lập,False,,
cmt_showbiz004_0007_r02,showbiz_004,"Phòng, chống ma túy - Công an TP. Hồ Chí Minh toy biết tại sao ảnh cccd của  toy xấu, xấu hơn cả mặt mộc của toy bên ngoài 😣",Cà khịa,False,,
cmt_showbiz_020_2183,showbiz_020,Bùi Nhung,,True,,
cmt_showbiz_043_1216,showbiz_033,Vì có tiền chứ vì sao,Cà khịa,False,,
cmt_showbiz004_0008_r04,showbiz_004,"Phòng, chống ma túy - Công an TP. Hồ Chí Minh hơi thấm :)))",Cà khịa,False,,
cmt_showbiz_020_1440,showbiz_020,"Hazz cho người dân làm ăn với chứ nhở, rồi hàng trăm nghìn nhân sự sẽ đi về đâu?",Trung lập,False,,
cmt_showbiz_044_1140,showbiz_034,Ng Tuấn Duy cứu shark ngay,,True,,
cmt_showbiz_020_1897,showbiz_020,Nguyễn Hà Cường,,True,,
cmt_showbiz_007_0038,showbiz_007,"Thôi giờ mọi người đừng anti jack nữa, tầm này mang danh anti nó đã mang tiếng lắm rồi=))",Trung lập,False,,
cmt_showbiz_033_1948_r75,showbiz_033,Hoàng Long mua mỗi 1k nước giặt mà tí tí là nhân viên gọi gạ đủ thứ thấy phiền thật sự luôn có hôm 12h trưa cũng gọi ngủ cũng ko yên với bọn nó,Trung lập,False,,
cmt_showbiz_020_1139,showbiz_020,Quả ni thì bây chết. Đền ẻ kit,Trung lập,False,,
cmt_showbiz_032_0122,showbiz_032,"HH thì mua giải, mẹ MC thì dẫn k nên, xin lỗi suốt từ đầu đến cuối…",Trung lập,False,,
cmt_showbiz_033_1946_r15,showbiz_033,Đàm Đình Hải đó là bạn chưa cầm từng đó tiền! Có chắc gì đã chịu đưa cho ai🤣,Trung lập,False,,
cmt_showbiz008_0012_r16,showbiz_008,"Trần Đức Anh Khoa chứ tao thấy nguyên cái tus này chửi J toàn người miền bắc không thấy, chắc lại có thằng tao người abc NHƯNG tới nơi , thằng ăn cắp đạo nhái hết bài này đến bài khác éo thấy ai nói gì",Trung lập,False,,
cmt_showbiz008_0019_r04,showbiz_008,Nguyễn Lee 9 tháng nghỉ ngơi lại ra đống bài mới 🤭🤭🤭,Trung lập,False,,
cmt_showbiz_034_2114_r01,showbiz_034,Chi Mai nhất né nhìn lùn tam dô tứ dỗ,,True,,
cmt_showbiz_043_1030,showbiz_033,Tiền nhìèù nên cười,Trung lập,False,,
cmt_showbiz_020_2020,showbiz_020,Nguyễn Đoàn Phú,,True,,
cmt_showbiz_033_1699_r07,showbiz_033,Khanh Trung Le vậy cho bình yên :)),,True,,
cmt_showbiz_033_1943_r25,showbiz_033,Đào Hảo mẹ tôi khi nghe tin . Ốm k ăn gì. Huhuhuhu,Trung lập,False,,
cmt_showbiz_013_0117,showbiz_013,2 chó,Trung lập,False,,
cmt_showbiz_033_1420_r01,showbiz_033,Vũ Đức Minh chết cười bà Nhường 🤣,,True,,
cmt_showbiz018_0044_r18,showbiz_018,"Didead Pool mắc cười cái là nó tự nhận nó tồi, xong lần sau nó vẫn đ đổ phở dùm vợ nó mà chỉ hỏi ""em có nóng ko"" clm 🥰🥰🥰 tr ơi là tr",Cà khịa,False,,
cmt_showbiz_034_1080_r25,showbiz_034,"Nguyen Hoa Binh chết cưới phát ngôn của shark 😁.shark đầu tư quảng bá dự án, thất bại thì thôi im lặng, lại còn lên mạng bảo các nhà đầu tư cho dự án là người nghèo, vỗ vào mặt họ à shark",Trung lập,False,,
cmt_showbiz004_0015_r04,showbiz_004,Trang Tô cùng suy nghĩ nè,,True,,
cmt_showbiz_012_0053,showbiz_012,Xin lỗi xin phép cho tôi khen nàng một tiếng đẹp 😄,Ủng hộ,False,,
cmt_showbiz_020_2000,showbiz_020,Gia Linh,,True,,
cmt_showbiz_011_0081,showbiz_011,"Phụ huynh cần phải theo sát giờ giấc sinh hoạt học tập, lối sống của con, không để con em mình xa đà vào những chuyện vô bổ theo trào lưu online livestream về đêm.",Ủng hộ,False,,
cmt_showbiz014_0008_r03,showbiz_014,Hien Dynk nếu làm vợ fuk thì kinh rồi,,True,,
cmt_showbiz_033_0001_r188,showbiz_033,"Phan D. Anh chắc chưa ,đi vô đó ra chắc tốt đẹp,,,cái giàu mà thiếu đạo đức.  thà họ  nghèo mà họ sống có đạo Đức,, con người thiếu đạo đức  thì cũng gánh đc hậu quả",Đồng cảm,False,,
cmt_showbiz_023_0231,showbiz_023,Ngọc Diệp,,True,,
cmt_showbiz_020_1627,showbiz_020,Giang Vân Phan xong,,True,,
cmt_showbiz_011_0194,showbiz_011,Khó chịu zô cùng với cái ông này 🙃,Phẫn nộ,False,,
cmt_showbiz_033_0001_r156,showbiz_033,Nguyễn Việt Tùng đi tù khổ chết mịa vào đó mà sướng khi mất quyền công dân,Phẫn nộ,False,,
cmt_showbiz_033_1946_r50,showbiz_033,Truc Tran số bự quá tui đớp hết🤣,,True,,
cmt_showbiz009_0027_r05,showbiz_009,Ngô Khánh Huyền giả là cc gì ??? Được đi học không ?,Cà khịa,False,,
cmt_showbiz_020_1945,showbiz_020,Trang Anh,,True,,
cmt_showbiz_011_0182,showbiz_011,Má cười khùng :)))) 1 con vi rút thôi mà 4 5 nhà ra vắc xin,Cà khịa,False,,
cmt_showbiz_011_0017,showbiz_011,đã hẹn hò mà bảo chưa yêu là sao vậy ông cố 🫠,Cà khịa,False,,
cmt_showbiz_033_1954_r16,showbiz_033,Thu Hiền @ đâu có thấy cái cổ nào đâu🤣,,True,,
cmt_showbiz_034_2068_r120,showbiz_034,"Đạt Phương cá to, kho mới béo b ạ",,True,,
cmt_showbiz004_0001_r24,showbiz_004,"J.ul nghe hả dạ ghê, tức chết đi được, thiếu hiểu biết u mê quá lận",Phẫn nộ,False,,
cmt_showbiz007_0046_r02,showbiz_007,Đường Tam Tạng đi tu mà rồi học ai cái thói sân si đó zãy,Trung lập,False,,
cmt_showbiz004_0005_r24,showbiz_004,Á Tiên chời ơi hơn thua dí cán bộ nữa kìa 🤣🤣🤣🤣🤣,Cà khịa,False,,
cmt_showbiz_018_0025,showbiz_018,Kêu 2 người xem lại video của mình rồi ngẫm đi biết đâu níu được 😹😹,Cà khịa,False,,
cmt_showbiz004_0003_r05,showbiz_004,Lê Quốc Hiếu phe ngăn 95 nào bị bắt tính típ,,True,,
cmt_showbiz009_0019_r01,showbiz_009,LinKy Hồ trợ lý mà ai cũng biết là ai,Trung lập,False,,
cmt_showbiz_033_0001_r209,showbiz_033,Hùng Mộc mấy người tù này còn cạo mủ cao su . Trăn bò ... Có mà đầy... Làm gì có chuyện vào. Tù ko phải làm gì trừ khi có tiền mướn người làm dùm mình kèm theo phải có chút lộc cho cai,Cà khịa,False,,
cmt_showbiz008_0002_r02,showbiz_008,Hồ Minh Trung tự xem đi má,Trung lập,False,,
cmt_showbiz004_0005_r06,showbiz_004,"Dương Quỳnh Tâm chuyên tạo drama, bất chấp mọi chiêu trò để dc nổi tiếng, dc chú ý, đóng vai ng bị hại, làm ng tốt, dẫn dắt dư luận xưa giờ là nghề của 2ng í mà.. cái qtrong là rất nhìu ng idol, tin theo.. rồi họ dùng cái đó đe di kiem tien, mà kiếm tiền bẩn từ sk ngkhac giờ bể ra vẫn đầy ng kêu tội nghiệp bênh vực, ko hieu nổi",Cà khịa,False,,
cmt_showbiz019_0031_r11,showbiz_019,"Thuỳ Trang Lêu lêu con Đ~ m mày bán đồ lừa đồng bào. Vào trại nhớ ngoan nhen 😂 

https://baomoi.com/quang-cao-sai-su-that-bi-xu-ly-nhu-the-nao-c51639905.epi",,True,,
cmt_showbiz_044_1024,showbiz_034,gặp t chắc lén bỏ 1 thỏi vào túi :V,Cà khịa,False,,
cmt_showbiz_012_0081,showbiz_012,Vì sao phai nên “ cớ sự này…?,Trung lập,False,,
cmt_showbiz_033_1940_r38,showbiz_033,Tuyền Văn Hóa thôi thôi. Có bác ấy lại kéo cả hội fan vào vote 1 * thì chết add ơi 🤣😂,Trung lập,False,,
cmt_showbiz_020_2652,showbiz_020,Minh Quann nè sếp iu cụa anh di roi ngta bảo còn k tin,Trung lập,False,,
cmt_showbiz_020_2445,showbiz_020,Nhiều tiền thế mà ko lo đc mấy mảnh này,Trung lập,False,,
cmt_showbiz018_0041_r01,showbiz_018,Quynh Anh chuẩn,,True,,
cmt_showbiz_033_1955_r25,showbiz_033,"Dũng Nguyễn nuôi béo mới thịt chứ , chỉ tội dân thiếu hiểu biết tin mấy cái sp của nó , tất cả bọn này tiền này đều là lừa của dân cả thôi, nó là 1 hình thức tư bản áp dụng lùa gà cả 200 năm nay rồi mà khi nó diễn ra ở VN dân vẫn bị dính khá nhiều , sách báo thì k chịu đọc tìm hiểu , cứ thích xem nó Live nói phét",Trung lập,False,,
cmt_showbiz016_0010_r07,showbiz_016,Đặng Minh Đức uhm em,,True,,
cmt_showbiz019_0002_r20,showbiz_019,Thanh Thanh,,True,,
cmt_showbiz021_0057_r01,showbiz_021,Vu Quang thật,,True,,
cmt_showbiz_043_1215,showbiz_033,Kiểu đi tù,,True,,
cmt_showbiz004_0007_r03,showbiz_004,Trịnh Thanh có xem tây du ký ko. Mấy ả yêu quái toàn đại mĩ nhân ko đó. Với nhan sắc của 98 không thể so sánh với yêu quái đc,Cà khịa,False,,
cmt_showbiz020_2669_r02,showbiz_020,biết có còn trọn đời nữa k😂😂,Trung lập,False,,
cmt_showbiz032_0019_r01,showbiz_032,Nguyễn Minh Ngọc có lũ fan con nai mới kinh hoàng.Bớt cmt đú theo tụi nó từ đó đi.,Trung lập,False,,
cmt_showbiz_033_1980_r01,showbiz_033,"Nguyễn Tuyết tôi cũng vậy, nói phét kinh khủng.",Trung lập,False,,
cmt_showbiz_033_0001_r96,showbiz_033,Hùng Mộc sau này hết cơ hội lên song nứa chứ,Cà khịa,False,,
cmt_showbiz011_0026_r05,showbiz_011,"Chu Tuấn Anh tẩy con card t mà biết nó đầu tư cty nào làm gì t vô vote 1 sao cho sập sự nghiệp, nó mà 44 t mua gà về nhậu 1 ngày 1 đêm ăn mừng, thứ dơ bẩn, vr còn nhẹ, kí sinh trùng thì đúng hơn",Phẫn nộ,False,,
cmt_showbiz_044_1979,showbiz_034,Nguyễn Hạnh,,True,,
cmt_showbiz_009_0033,showbiz_009,"Ngưng đăng về th lờ này đx k tr , đã 6677 rồi còn xl",Phẫn nộ,False,,
cmt_showbiz018_0033_r01,showbiz_018,Đỗ Tất Đạt câu cmt tâm đắc,Trung lập,False,,
cmt_showbiz013_0010_r01,showbiz_013,Thản Đồ Gỗ gỗ bạch đàn àk,,True,,
cmt_showbiz_044_0026,showbiz_034,"Nhiều vậy tịch thu sửa lại ₫ường liên thôn, làm phúc lợi cho người già neo đơn",Đồng cảm,False,,
cmt_showbiz019_0010_r05,showbiz_019,Nguyễn Vũ xin link xem voi,,True,,
cmt_showbiz_011_0259,showbiz_011,Tính ra miệng thầy kín ghê,Cà khịa,False,,
cmt_showbiz_033_1940_r269,showbiz_033,Tuyền Văn Hóa e đi đâu…tươi thế😁😁,,True,,
cmt_showbiz_033_1940_r538,showbiz_033,"Tuệ Minh  chưa tỉnh à,tiền đó nó lùa những ng mua sp nhà nó,giá trị 100 nó bán ra 1000,rồi nó đánh bóng tên tuổi thôi.t vũng ngu mua hơn 10tr tiền hàng nhà nó chẳng ra cái mẹ gì.Nó tạo nghiệp bán chát thì nó vũng phải đem trả bớt nghiệp nó tạo điều đó là đương nhiên",Trung lập,False,,
cmt_showbiz_008_0025,showbiz_008,"""Lào gì cũng tôi"" là cqq gì đ biết",Trung lập,False,,
cmt_showbiz_007_0344,showbiz_007,Phương Phạm ,,True,,
cmt_showbiz020_1012_r01,showbiz_020,Aldin Aljić đúng bạn..xã hội chừ chỉ có làm nông ..làm công nhân quèn..mới nhẹ nhàng,Trung lập,False,,
cmt_showbiz004_0008_r02,showbiz_004,Nếu fanpage của Ngân là công cụ phục vụ hành vi vi phạm pháp luật là sẽ bị Cơ quan chức năng gửi công văn sang yêu cầu FB đóng bạn ah,Cà khịa,False,,
cmt_showbiz020_2557_r01,showbiz_020,Đức Vẫn Nguyen Thi Ngoc Loan tag mẹ vô,,True,,
cmt_showbiz021_0005_r01,showbiz_021,Sơn Long mua zin cao cấp may ra,,True,,
cmt_showbiz_019_0406,showbiz_019,Tù luôn đi,Trung lập,False,,
cmt_showbiz019_0053_r04,showbiz_019,Phuong Thao Hh quỵt nợ,,True,,
cmt_showbiz019_0014_r07,showbiz_019,"Lưu Kiều Vân mình xem từ đợt 2020 ở xưởng đá troll mấy anh đen vui vui. Sau đó kết nạp a linh philip, a đông, a hùng. Ngày ấy a Tiến chỉ là giúp đỡ ở trên thủ đô. Sau thấy đỡ vui cũng dừng xem",Trung lập,False,,
cmt_showbiz018_0005_r13,showbiz_018,Thảo Vy,,True,,
cmt_showbiz_033_1943_r31,showbiz_033,Hải Lão Đại có thật không nhỉ cách đây 3/4 mình vẫn thấy nó đi ủng hộ bà con khu trong bị bão lũ mà hay tin vịt bạn nhỉ,Trung lập,False,,
cmt_showbiz_004_0022,showbiz_004,Bắt hay lắm.,Ủng hộ,False,,
cmt_showbiz_044_1421,showbiz_034,Kính thưa ......🤣🤣🤣,Trung lập,False,,
cmt_showbiz_034_1082_r02,showbiz_034,Thịt Gà Lá Chanh sashimi,,True,,
cmt_showbiz_021_0027,showbiz_021,Vừa gọi vốn đã bị bắt r😂,Cà khịa,False,,
cmt_showbiz_017_0052,showbiz_017,..,,True,,
cmt_showbiz024_0001_r14,showbiz_024,Trang Vo làm vi pháp có ở đâu cũng bắt mà .,Trung lập,False,,
cmt_showbiz_010_0213,showbiz_010,Em thề em với a Hoàng không có gì cả 🤣,Trung lập,False,,
cmt_showbiz_043_0534,showbiz_033,"Tươi cũng tù, buồn cũng tù
Vui vì đi tù nhà vẫn rất nh xèng",Trung lập,False,,
cmt_showbiz_006_0093,showbiz_006,Lật kèo 😆,Trung lập,False,,
cmt_showbiz_034_2076_r14,showbiz_034,"La'pure Coffee đây là tội phạm lừa đảo có tổ chức, giá như họ tự làm công việc của họ mà ko ảnh hưởng tới ai thì ok, còn đây là đi chiếm đoạt tài sản của ng khác, trộm tiền trên mồ hôi sương máu ng khác b bênh họ là sao?",Trung lập,False,,
cmt_showbiz_044_1963,showbiz_034,Coi cái nào vừa thì chọn nha. Đã đến lúc.,Trung lập,False,,
cmt_showbiz_020_0181,showbiz_020,7) giả trân...,Trung lập,False,,
cmt_showbiz_033_1971_r05,showbiz_033,Hoàng Nguyên bọn làm tự thiền toàn đánh tên tuổi để bán hàng thôi. Núp bóng từ thiện để bán hàng,Trung lập,False,,
cmt_showbiz_034_2103_r11,showbiz_034,Dạo bước chẳng có gì là tự dưng cả. Bị động rồi nên tìm cách tẩy trắng nhưng không thành mà thôi,Trung lập,False,,
cmt_showbiz_032_0067,showbiz_032,Tuần có vài cô hoa hậu,Trung lập,False,,
cmt_showbiz_011_0030,showbiz_011,"Thôi a biến mẹ a đi,cho mạng xã hội sạch e còn kiếm bát cơm cho con em",Phẫn nộ,False,,
cmt_showbiz_043_0922,showbiz_033,Chắc cười vì sắp đc nhập kho 😂,Trung lập,False,,
cmt_showbiz_043_0970,showbiz_033,Cười vì vụ con này tớ😄,Trung lập,False,,
cmt_showbiz020_1009_r01,showbiz_020,Ngoc Xuan đỉnh như thế nào?,,True,,
cmt_showbiz012_0001_r04,showbiz_012,"Ai muốn biết nói tới nói lui bị cho là Phản Động, việc nhà nước làm dân tốt nhất là coi như không biết gì hết.",Phẫn nộ,False,,
cmt_showbiz_004_0081,showbiz_004,Còng chân chứ nó đã đá bao nhiêu nhiêu người thọt chim biết bao người vô tội bị nó hại còn tội phỉ báng dân bắc làm loạn A80 nữa,Phẫn nộ,False,,
cmt_showbiz011_0036_r07,showbiz_011,Lê Thị Mỹ Huyền tên bà giống t vậy😂😂😂 tưởng bị hack nick,,True,,
cmt_showbiz_004_0046,showbiz_004,"Bán hàng giả từ 2023 mà giờ mới bị tóm,",Cà khịa,False,,
cmt_showbiz018_0007_r03,showbiz_018,"Love flourish vấn đề là trong lúc yêu nổ to quá, nào là strong commitment, just love dont share,... Nổi tiếng các clip ""dạy yêu"" nhưng chính bản thân sau cùng còn thất bại trong hôn nhân nữa thì bị chê cười là đúng.
Mà từ đầu là 2 đứa nó yêu nhau nghe sặc mùi kinh doanh, toàn lấy chuyện tình yêu cả 2 để PR cho các sản phẩm như group chào cờ hay ddvs, ko có mấy thứ đó chắc bỏ nhau lâu r",,True,,
cmt_showbiz_018_0047,showbiz_018,Mặt ông này nhìn là k có thiện cảm luôn á :))),,True,,
cmt_showbiz_044_1014,showbiz_034,Đúng đẵng cấp người có ăn học có khác nhờ 😅😅😅😅😁😁😇🕳️🕳️🕳️🕳️🕳️,Cà khịa,False,,
cmt_showbiz012_0006_r09,showbiz_012,"An Nguyễn  !! Về khoa học hình sự nếu là người có chuyên môn thì vài ngày, giỏi là một giờ là bắt được rồi.",Trung lập,False,,
cmt_showbiz_044_1592,showbiz_034,Xác sống rồi,Trung lập,False,,
cmt_showbiz_020_2067,showbiz_020,Thao Hoang,,True,,
cmt_showbiz_023_0114,showbiz_023,Câu lai vô duyên,Trung lập,False,,
cmt_showbiz_033_1975_r15,showbiz_033,"Loan Ngô ông, ko phải bà😆",,True,,
cmt_showbiz_023_0235,showbiz_023,"Nhưmg bầu mà k xấu, k
Lên cần phải nói giỏi, k ai tin là đúng",Trung lập,False,,
cmt_showbiz_008_0237,showbiz_008,Nộp phạt thôi… làm gì mà căng.. chỉ cần sự thật phơi bầy,Trung lập,False,,
cmt_showbiz018_0042_r13,showbiz_018,Vũ Huỳnh Sam vì lúc đó đã có chuyện gì xảy ra đâu. Ngta đang hạnh phúc phán ô này nọ kia còn kì hơn. Chứ thực tế mặt ô này khó mà đàng hoàng nổi :)),Cà khịa,False,,
cmt_showbiz_020_0922,showbiz_020,Vàng trong. Dân vẩn còn nhiêu,Cà khịa,False,,
cmt_showbiz023_0002_r14,showbiz_023,Vi Nè Tui đọc cmt thấy bé nào gần nhà bảo bả có con gái nữa rùi,Trung lập,False,,
cmt_showbiz_020_1790,showbiz_020,Ô ye khơ mon,,True,,
cmt_showbiz019_0181_r12,showbiz_019,Anh Ngọc Fb mình có vjdeo lấy lời khai,,True,,
cmt_showbiz010_0004_r01,showbiz_010,Quan Anh nhìn tởm thật luôn kakak,,True,,
cmt_showbiz_013_0159,showbiz_013,:)))) 16 tỷ chứ có phải 16tr đâu :)))) húp cũng khó trôi lắm :v,Trung lập,False,,
cmt_showbiz_020_2147,showbiz_020,Thanh Hoa,,True,,
cmt_showbiz_033_1941_r92,showbiz_033,Mỹ Dung cái m thấy là cái nó muốn cho m thấy,Trung lập,False,,
cmt_showbiz_025_0026,showbiz_025,Đọc rồi mới biết là vẫn còn nhiều kẻ ngu thật🤔,Cà khịa,False,,
cmt_showbiz_020_0828,showbiz_020,Rồi cuối cùng bằng cả đời ai là người được hưởng đây.😌😌😌😌,Trung lập,False,,
cmt_showbiz_007_0289,showbiz_007,Nam Thái idol a dính phốt dữ v ,,True,,
cmt_showbiz_011_0070,showbiz_011,Thế hệ 8x chúng tôi thời đó vì đam mê bóng đá hay thức khuya xem Euro và World cup . Sáng dậy bị nói lên chửi xuống. Nghĩ buồn cho bọn trẻ thời nay.,Đồng cảm,False,,
cmt_showbiz013_0042_r02,showbiz_013,Nguyễn Văn Đức làm v ko sợ hả =)),,True,,
cmt_showbiz_001_0007,showbiz_001,Sn 97 nhìn mặt thấy ghê dị,Cà khịa,False,,
cmt_showbiz032_0004_r03,showbiz_032,Anh Minh chuẩn,Trung lập,False,,
cmt_showbiz_044_1441,showbiz_034,Lên đường,Trung lập,False,,
cmt_showbiz_018_0422,showbiz_018,"Nhật Linh 

Chưa biết tin giả hay thật nhưng t nhớ ngày họ cưới nhau chúng ta đều share tin và tự nhủ “ồ thì ra hạnh phúc vẫn còn trên đời”.
Thôi tốt nhất từ giờ đừng tin thứ gì 🤣",,True,,
cmt_showbiz_007_0275,showbiz_007,"Rồi lúc no chưa nổi tiếng may ma có theo no cho dinh bầu hk. Đung đổ lỗi cho ai., tai do mình thích nó quá cứ nghĩ sẽ đến muốn chiếm đoạt nó.. nhiều cặp ngta im lặng sao thấy cặp này lu xu bu..",Trung lập,False,,
cmt_showbiz_033_1978_r11,showbiz_033,Hà Nguyên đừng vì bề nổi bạn ạ,,True,,
cmt_showbiz_044_2302,showbiz_034,Đang trả nghiệp với vợ con.,Trung lập,False,,
cmt_showbiz_033_1940_r478,showbiz_033,Tuệ Minh thì m xin vô tò vs nó đi.,,True,,
cmt_showbiz007_0025_r01,showbiz_007,Nguyễn Thư dúng là dan ong tệ pạc phận ,,True,,
cmt_showbiz011_0026_r09,showbiz_011,Chu Tuấn Anh vim chất tẩy rửa củng k trị được,Cà khịa,False,,
cmt_showbiz009_0038_r01,showbiz_009,Khánh Vi Dậy hả bà Thơ,,True,,
cmt_showbiz_033_1173_r02,showbiz_033,Kim Nguyen cứ khoe của thì bị bế hết,,True,,
cmt_showbiz_043_1752,showbiz_033,Chị bị bắt mà tưởng chị đi nhận huân chương lao động vậy 🙄,Trung lập,False,,
cmt_showbiz019_0052_r10,showbiz_019,"Ngo Duc Chien kẹo này do Hằng, Linh, Tiên hợp tác sản xuất chứ ko phải quảng cáo thuê.",,True,,
cmt_showbiz_034_2103_r09,showbiz_034,"Văn Nghiêm Dinh tự đái ướt chân mình, hay như các cụ xưa nói: tự tay bóp d…ái kêu đau",Trung lập,False,,
cmt_showbiz_019_0016,showbiz_019,Tôi đã mua 3 hũ vì hâm mộ QL 🥹,Ủng hộ,False,,
cmt_showbiz_018_0111,showbiz_018,Làm rầm rộ. Chia sẻ đạo lý nhiều về tình yêu mà tình yêu của m thì ko giữ dc. Hài hước thật,Cà khịa,False,,
cmt_showbiz_034_1107_r01,showbiz_034,Đặng Hải Đăng vk hai sắc để cho thằng đạo diễn,Trung lập,False,,
cmt_showbiz_020_2914,showbiz_020,Chị thiệt thòi những người mất tiền dùng hàng kém chất lượng nhưng thôi coi như là mọi người làm từ thiện và tịch thu tài sản để làm đường và trường học cho người vùng cao và bão lũ,Trung lập,False,,
cmt_showbiz_033_1948_r01,showbiz_033,Hoàng Long ngu,,True,,
cmt_showbiz_020_3335,showbiz_020,chuẩn .ko fai cư có tiền mà dc xây ntn,Trung lập,False,,
cmt_showbiz_020_1341,showbiz_020,rãnh rãnh qua hốt cái ổ gái bên Thái Văn Lung luôn mấy sếp ơi,Trung lập,False,,
cmt_showbiz_033_1749_r03,showbiz_033,Tuan Anh tốn thuế là cần phải là xấu 🤣,,True,,
cmt_showbiz_033_1957_r31,showbiz_033,Tân Trân Nhât,,True,,
cmt_showbiz008_0012_r13,showbiz_008,Đỗ Minh Nhựt cay.....,,True,,
cmt_showbiz_011_0242,showbiz_011,Thua jack mỗi đứa con 💀,Cà khịa,False,,
cmt_showbiz_017_0019,showbiz_017,,,True,,
cmt_showbiz_016_0001,showbiz_016,cũng là thằng nghiện thôi :)) ko hiểu chúng nó thần tượng gì từ thằng này,Trung lập,False,,
cmt_showbiz_004_0193,showbiz_004,"Đọc bài của bác, tui rớm nước mắt, đừng đổ cho thằng Tàu, toàn người Việt mình giết nhau thôi, và các bác nào còn nhớ vụ em ck mụ Kim Tiến sản xuất thuốc chống ung thư bằng bột tre, cho tui hỏi thằng đó bị xử thế nào ý nhỉ ? Lâu tui quên mất rồi…",Đồng cảm,False,,
cmt_showbiz008_0117_r01,showbiz_008,Đặng Đạt bãi nào cũng dính nể thật,,True,,
cmt_showbiz_030_0074,showbiz_030,Giờ làm ăn hay mua bán gì cũng phải cần có giấy tờ hẳng hoi nói chuyện mới lại ngta,Trung lập,False,,
cmt_showbiz_033_1951_r12,showbiz_033,Đang đợi con lừa đảo,Trung lập,False,,
cmt_showbiz_032_0209,showbiz_032,Lạy,,True,,
cmt_showbiz_009_0006,showbiz_009,Hải Nam thg nyc nằm ôm em đang lướt fb xem ltinh cùng nhau mà con tảm tiêu nhắn tin nó còn buông e ra quay phắt đi để rep thì giữ đồ của 2 đứa đã là gì nhỉ =)))))))))))))),Phẫn nộ,False,,
cmt_showbiz_033_1947_r57,showbiz_033,Phạm Nga   hóa ra khi ngưỡng mộ ai đó con người có thể u mê và ngô xuẩn đến mức này.,Trung lập,False,,
cmt_showbiz_023_0227,showbiz_023,"Ở page Con là Bo đây ý, m còn đọc đc cmt Hoà viết có câu "".. Mấy bố con"" thì ko thể nào có mỗi Bo mà viết vậy đâu nhỉ kaka",Trung lập,False,,
cmt_showbiz_033_0014_r05,showbiz_033,Kien Do nghìn tỷ này thì án treo cổ,,True,,
cmt_showbiz_009_0274,showbiz_009,"Bây giờ a nói là dung dịch phụ nữ anh để xúc miệng đi , còn bvs là do anh bị trĩ nên a xài còn quần lót ren đồ là tại a bận thấy thoải mái hơn quần tam giác thâm kim anh hay bận đi rồi tôi tin anh trong sạch !",Trung lập,False,,
cmt_showbiz011_0037_r04,showbiz_011,Nguyễn Thanh Anh Quân nó làm như yêu đương như chọn hàng á. Chưa bao h tức ai mà đi chủi trên mọi mặt trận như này,Phẫn nộ,False,,
cmt_showbiz_034_2069_r06,showbiz_034,Boo Nhi bé nhỏ đúng rồi luật nhân quả,,True,,
cmt_showbiz_020_2101,showbiz_020,Sang Võ,,True,,
cmt_showbiz_044_1778,showbiz_034,"Shark Bình tìm thấy Long mạch rồi đó , chuẩn bị đi theo Shark Thủy là vừa",Trung lập,False,,
cmt_showbiz_033_1952_r30,showbiz_033,Lai Tony có bị bắt bị sao vẫn là thánh thần rồi . Là người có công . Tất cả chỉ là oan sai =)) u mê . Bảo sao dễ bạo động,Trung lập,False,,
cmt_showbiz009_0005_r13,showbiz_009,Hoàng Uyên đỉnk nè b,,True,,
cmt_showbiz008_0067_r01,showbiz_008,Trần Dũng quá buồn🤧🤧🤧,,True,,
cmt_showbiz004_0016_r04,showbiz_004,Lê Thị Mỹ Dung có hẹn rồi nha chị,,True,,
cmt_showbiz_043_1490,showbiz_033,"Đm bị bắt mà vẫn cười, vote tiêm 4 mũi cho chắc chắn",Trung lập,False,,
cmt_showbiz_044_0094,showbiz_034,xung quỹ nhà nươc,Trung lập,False,,
cmt_showbiz012_0007_r07,showbiz_012,Vì đói quá bây giờ phải đi bới móc những cái cũ kiếm ăn kkk,Trung lập,False,,
cmt_showbiz008_0009_r05,showbiz_008,Nguyễn Thanh Tú có thực sự dùng MXH k 🤣🤣,,True,,
cmt_showbiz_023_0186,showbiz_023,Nhìn bé gái còn lớn hơn bo mà bảo con gái Hoà thì chịu r,Trung lập,False,,
cmt_showbiz019_0011_r06,showbiz_019,Min bản chất câu chuyện là lợi dụng hình ảnh nghèo đói để marketing. Đáng nhẽ ra phải trả lương cho các diễn viên châu phi đó. Đây ko trả lương mà gọi là từ thiện.,Phẫn nộ,False,,
cmt_showbiz_033_1947_r38,showbiz_033,Tâm Bình An nó lừa dc 100 nó bỏ ra 10 để lần sau nó lừa 1000 bạn ạ. đâu phải là cứ đi từ thiện thì là tâm nó tốt đâu. mà còn chưa biết nó từ thiện ntn ngoài những video nó đăng lên trên trang cá nhân của nó…,Trung lập,False,,
cmt_showbiz_032_0091,showbiz_032,Cười điên :)),Trung lập,False,,
cmt_showbiz_043_0682,showbiz_033,"Lên Cao bao nhiêu thì tự rơi cao bây nhiêu ... Sút đâu mẻ trán, nổi lên bao nhiêu thì tại tiếng nhân gấp nhiều",Trung lập,False,,
cmt_showbiz_033_1948_r56,showbiz_033,Hoàng T Kim u mê tận cùng...,,True,,
cmt_showbiz_012_0116,showbiz_012,Trời năm nay những người có tiếng đều vào đây tham quan. ￼ Hết gặp nhau chắc vui  nha.,Cà khịa,False,,
cmt_showbiz_019_0066,showbiz_019,Mong pháp luật sử lý nghiêm .  Những người nổi tiếng hay  làm càn . Nước ngoài người cấm người nổi tiếng . Làm quảng cáo,,True,,
cmt_showbiz_033_0001_r82,showbiz_033,"Hùng Mộc ca nguyên giám đốc xxx Hải Phòng cả nc biết đi bao lâu thì đc ra thế bạn? 😂 ko tiền mới khổ, còn tiền nhiều thì chỉ mất tự do, còn thích ăn gì, muốn gặp bạn bè người nhà lúc nào cũng đc.",Cà khịa,False,,
cmt_showbiz_018_0482,showbiz_018,Loan Kim mãi mãi là bao lâu 🤔,,True,,
cmt_showbiz018_0043_r07,showbiz_018,Nguyễn Thúy Vy Nguyễn Đăng nè m,Trung lập,False,,
cmt_showbiz_022_0059,showbiz_022,,,True,,
cmt_showbiz_020_3174,showbiz_020,Ko xây đx  thì mới ghen tỵ với ngta. Chứ ngta có tiền xây cho bố ngta thế đéo nào chẳng đc mắc gì mà nói vượt cấp. Bỏ kiểu ghen ăn tức ở đi. Thời gian đấy nghĩ lm gì ra tiền mua sữa cho con đi mấy thánh onl bàn phím ak,Trung lập,False,,
cmt_showbiz_029_0025,showbiz_029,Hát như đấm vào tai,Trung lập,False,,
cmt_showbiz_032_0229,showbiz_032,"Con trai tui mới tiểu học, nhìn vào nó nhận định phán câu chí lý” mẹ ơi, cô nớ học thuộc lòng hả mẹ, phát âm tiếng anh như tụi con rứa mẹ”😵‍💫😵‍💫",Trung lập,False,,
cmt_showbiz_020_0387,showbiz_020,"Thu hồi hết về chia cho M trung khắc phục thiên tai , xd lại cuộc sống",Trung lập,False,,
cmt_showbiz_020_2364,showbiz_020,Tao là tao nể phục nhất mấy đứa dám đi thẩm mỹ viện nằm im cho ngta tiêm những chất hoá học rồi chiếu tia mả mẹ gì đó lên người! Bác sỹ học hành 6 7 năm tiêm thuốc vào người mình còn chưa bik là có bị sốc hay ko mà mấy con dời dám nằm cho mấy đứa học ko hết cấp 3 cầm cây kim tiêm vào người mình những chất mà mình cũng chẳng biết nó là cái gì chỉ với mục đích làm đẹp đúng là chưa thấy quan tài chưa đổ lệ mấy chú công an cứ làm mạnh tay vào cho mấy con dời sáng mắt ra,Trung lập,False,,
cmt_showbiz_021_0043,showbiz_021,Chắc là đủ bài,,True,,
cmt_showbiz004_0002_r16,showbiz_004,Kiều Kiều cùng phe nên bênh dữ lắm,,True,,
cmt_showbiz_044_0547,showbiz_034,Của thiên trả địa .,Trung lập,False,,
cmt_showbiz_021_0063,showbiz_021,Lê Quốc Kiệt bạn của bạn đúng không?,,True,,
cmt_showbiz015_0004_r16,showbiz_015,PHAN VĂN THẮNG tui chưa nhận thức hay là bác không có nhận thức =)))),Trung lập,False,,
cmt_showbiz011_0042_r02,showbiz_011,"Nguyen Ga Thái tan tành dell j tiền nhà nó tính bằng cân.Nó chủ cty,làm nhạc thì hậu trường cần đếch j hình ảnh.Quan trọng tin chuẩn ko để chửi thôi",Phẫn nộ,False,,
cmt_showbiz_012_0157,showbiz_012,Tham ô hối lộ tụi nó làm ráo riết như vậy thì dân mừng. Ko hối lộ thì éo ai lọt cửa quan . Xh này thật nhiều chuyện hài...,Trung lập,False,,
cmt_showbiz_034_0036_r07,showbiz_034,"Tina Pham ngồi đấy mà hả hê ,giai đoạn phạm tội là chưa ly hôn , nó khai ra chia cho thì khóc còn chả xong!",Phẫn nộ,False,,
cmt_showbiz_034_2072_r20,showbiz_034,Vu Son giờ mới nhốt,,True,,
cmt_showbiz_006_0061,showbiz_006,Nghĩa Lê ê,,True,,
cmt_showbiz_020_1426,showbiz_020,Làm thẩm mỹ mà giàu vậy thì tôi k tin....,Trung lập,False,,
cmt_showbiz_020_1939,showbiz_020,Hanh Ng,,True,,
cmt_showbiz_012_0051,showbiz_012,Rồi xong luôn,,True,,
cmt_showbiz_020_2126,showbiz_020,Lê Hà,,True,,
cmt_showbiz_004_0210,showbiz_004,Đọc mà không cầm được nước mắt. Cũng nhiều người trong hoàn cảnh như vậy. Thế mới biết hàng giả nó nguy hiểm như thế nào ?,Đồng cảm,False,,
cmt_showbiz_004_0135,showbiz_004,chăm chỉ bán hang giả hàng kém chất lượng cho mọi  người rồi trích 10% doanh số ra để đi thiện nguyện lấy lòng hả?,Phẫn nộ,False,,
cmt_showbiz_024_0069,showbiz_024,Tran Thanh Van Khanh top lý do 🤩,,True,,
cmt_showbiz_010_0172,showbiz_010,trời sinh 1 cặp rồi còn gì,Trung lập,False,,
cmt_showbiz006_0003_r34,showbiz_006,Hiên Tượng Vật Lý Dạ sống qq là như nào vậy ạ😭,,True,,
cmt_showbiz_020_2665,showbiz_020,Thời chưa nổi nhỏ bạn t làm mụn riết mặt như cái mâm. Dẹp nghỉ phẻ luôn 🤭,Trung lập,False,,
cmt_showbiz_018_0070,showbiz_018,"Phí thanh xuân của bả,,cảm thấy thương tất cả phụ nữ chúng ta❤️",Đồng cảm,False,,
cmt_showbiz020_2835_r06,showbiz_020,Cam Le Qúa đúng,,True,,
cmt_showbiz020_1004_r06,showbiz_020,Hoàng Hiếu xem lại đi.đừng có táp như cá dồ,Trung lập,False,,
cmt_showbiz007_0067_r01,showbiz_007,Hiếu Prince 😂,,True,,
cmt_showbiz_011_0275,showbiz_011,Giá cầu siêu = cái giá rùng mình @@,Cà khịa,False,,
cmt_showbiz_021_0021,showbiz_021,Còn rẻ hơn mấy con quán ktv😂,Cà khịa,False,,
cmt_showbiz020_1990_r01,showbiz_020,Thuan Pham mình cũng k biết đọc 🧐,,True,,
cmt_showbiz006_0030_r12,showbiz_006,"Phương Nguyễn con óc chó này, chơi cho sướng () rồi kể công",Trung lập,False,,
cmt_showbiz_020_1526,showbiz_020,"Rồi túm lại là ""trốn thuế"" hay lại là bán hàng GIẢ nhỉ🙄🙄??",Trung lập,False,,
cmt_showbiz_020_0394,showbiz_020,"Trời, woa",Trung lập,False,,
cmt_showbiz_019_0169,showbiz_019,"Nghề giàu nhanh nhất vn là lừa đảo + bán hàng giả
Qui trình xây dựng hình ảnh xong di lùa gà :)) . Di từ thiện tẩy trắng",Trung lập,False,,
cmt_showbiz_020_1505,showbiz_020,Của Thiên thì lai phải trả Địa,,True,,
cmt_showbiz_033_1940_r442,showbiz_033,Tuyền Văn Hóa phải không tuyền VH ơi,,True,,
cmt_showbiz019_0031_r17,showbiz_019,Nguyễn Kim Ngân khác gì bị bọn nó lừa đảo đâu,,True,,
cmt_showbiz016_0006_r02,showbiz_016,Quang Hải lao vo cung,Trung lập,False,,
cmt_showbiz_034_1078_r07,showbiz_034,"Dây treo nhãn mác, tem nhãn, tag quần áo Phúc Gia Bạn ko biết cơ chế góp hụi hoạt động ntn nên mới nói chuyện mâu thuẫn vậy. Bạn đang nghĩ chơi hụi là cứ gửi $ cho 1ng cầm hộ à? 
1 người góp hụi vừa là đi vay - vừa là cho vay , ví dụ bạn cần gấp 10tr thì bạn lấy trước nên ko có lãi, ko cần gấp thì lấy sau thì tất nhiên có lãi. 
Thế là công bằng chứ hên xui j ??",,True,,
cmt_showbiz_020_0938,showbiz_020,Mai Mít nẻu mình có 2700 mình cũng đu từ thiện :))),Trung lập,False,,
cmt_showbiz_044_0144,showbiz_034,"bố làm gì mà lắm tiền thế ,nhìn mặt bố đầu thấy 2 chử thông minh đâu",Trung lập,False,,
cmt_showbiz018_0010_r16,showbiz_018,Nữ NHi phụ nữ giờ qua hay bàn tay vẫn chưa xác dc dc bến đỗ cuối,Trung lập,False,,
cmt_showbiz_033_1940_r158,showbiz_033,Tuyên Nguyễn  không khéo lại đồng bạc đâm toạc tờ giấy thii,Trung lập,False,,
cmt_showbiz_034_1314_r01,showbiz_034,"Nguyễn Tuấn bởi nó biết PO giàu nó mới lấy, thằng điểu mà, chắc nó thả con tép bắt con tôm, PO thì nhìn cái giàu nhưng ko biết giàu bằng nghề gì, giờ thì PO ôm chứ sao, còn vk lớn hốt đi mẻ lớn rồi lo gì nữa đâu",Trung lập,False,,
cmt_showbiz_020_3196,showbiz_020,ngta có tiền ngta làm gì mặc ngta đi. sao lúc họ mới xây không đưa ra ý kiến đi. mà để đến khi ngta sa cơ vào nói gì cũng hay :)),Trung lập,False,,
cmt_showbiz020_2841_r52,showbiz_020,Ngọc Việt Nam vô sư vô sách quỷ thần bất trách,Trung lập,False,,
cmt_showbiz020_0007_r03,showbiz_020,"Nguyễn Trường Tuấn 
Thấy nhiều rồi nên cũng quen!",,True,,
cmt_showbiz018_0045_r22,showbiz_018,"Dinh Phuong Linh  đấy triết lý tình cảm bảo người khác không bảo được nhau, 11 năm bảo thay đổi là đổi mới cười chứ 11 tháng nó bị nhạt m ơi 🤣
Còn m bảo nghiệp tới nhanh á? T đang nhìn nè 🤣 
Không biết gì về nhân quả báo ứng thì đừng hả họng ra nhắc cho t 🌚",Cà khịa,False,,
cmt_showbiz_020_2337,showbiz_020,Chứ bệnh viện nhà nước còn sai phạm huống gì mailisa.😂,Trung lập,False,,
cmt_showbiz019_0025_r03,showbiz_019,Nguyễn Sin 20 triệu lại bằng cả vườn chuối😌😌,Trung lập,False,,
cmt_showbiz011_0020_r09,showbiz_011,Trang Heli Trang Heli thế mà xong phiên live ý nó kiếm sương sương 2 đồng đấy m🤣🤣🤣,Cà khịa,False,,
cmt_showbiz_043_1775,showbiz_033,Đặng Kiều Trinh  nhìn cổ lão thứ 2 kìa,,True,,
cmt_showbiz019_0010_r12,showbiz_019,Milly Milly thế mà fan bênh bảo gặp nạn . Mong nó sẽ vượt qua đấy 😂,Trung lập,False,,
cmt_showbiz011_0047_r03,showbiz_011,Đỗ Lan Anh nếu mới quen Kem năm ngoái thì chắc cx tầm năm ngoái thuiii,Cà khịa,False,,
cmt_showbiz_024_0014,showbiz_024,Chơi tí cho nhiều cảnh nghĩ ra nhiều thiết kế độc lạ :)),Trung lập,False,,
cmt_showbiz_033_1940_r327,showbiz_033,Đức Tít's không xem thời sự à,,True,,
cmt_showbiz004_0002_r27,showbiz_004,Diễm Huỳnh cút bà cố nội nhà m. Bớt gây nghiệp lại,Phẫn nộ,False,,
cmt_showbiz011_0046_r10,showbiz_011,Linh Anh dính vi rút r,Cà khịa,False,,
cmt_showbiz018_0150_r04,showbiz_018,Thái Nguyễn cút,,True,,
cmt_showbiz_034_2068_r59,showbiz_034,Tifosi đổi tiền từ thẻ qua tiền mặt nó cắt phế 30% hút máu ghê vl,Trung lập,False,,
cmt_showbiz_034_0280_r01,showbiz_034,Lan Trần đúng là tỷ tỉ,,True,,
cmt_showbiz020_1001_r11,showbiz_020,Tuấn Tiền Tỷ lời nói của tỷ phú có sức nặng ngàn cân,Trung lập,False,,
cmt_showbiz_043_0327,showbiz_033,Tài sản sag hết tên ng khác r chứ sao :)),Trung lập,False,,
cmt_showbiz009_0009_r08,showbiz_009,Page chuyên cmt dạo thằng này ai yêu cũng bị chửi thì chả oan đâu :)),Cà khịa,False,,
cmt_showbiz_018_0038,showbiz_018,"Từ lúc nghe ổng kể ổng kêu bả cho ổng 10 năm, thành công r thì ổng cưới bả là t thấy ba chấm r :)) gặp th nào nói z vs t là next liền bộ tưởng 10 năm ngắn lắm hay gì",Cà khịa,False,,
cmt_showbiz011_0044_r02,showbiz_011,cỡ này thì chịu rồi nói gì nữa,Trung lập,False,,
cmt_showbiz_006_0102,showbiz_006,Ố ồ.bao năm ko nói bjo mới kiện thì còn gì danh tiếng hả ô.,Trung lập,False,,
cmt_showbiz_034_0037_r01,showbiz_034,Hoàng Huy Châu mấy đứa bốc phét đứa nào chẳng vậy,Cà khịa,False,,
cmt_showbiz_011_0256,showbiz_011,K lquan cơ mà thầy làm xong thầy leak thông tin khách hàng thế này sau ai dám nhờ thầy nữa :))) chán thầy thật:))),Phẫn nộ,False,,
cmt_showbiz_034_0008_r02,showbiz_034,"Thuy Nguyen Nổi tiếng nói láo, lừa đảo mới nhiều người nghe và bị lừa.Làm việc chân chính nói mấy người nghe.",Cà khịa,False,,
cmt_showbiz_033_1941_r37,showbiz_033,Xôi Lạc no,,True,,
cmt_showbiz020_0004_r18,showbiz_020,Nguyễn Nga trước mình cũng ngưỡng mộ lắm nhưng từ lúc biết họ làm giàu từ đâu thì ôi thôi!,Trung lập,False,,
cmt_showbiz_043_0496,showbiz_033,"Bà làm cùng tôi mua 4 lọ trị thối mồm từ kiếp trước hơn 1tr, tôi bảo ra nha khoa lấy cao răng thì không chịu",Trung lập,False,,
cmt_showbiz_029_0041,showbiz_029,"K học qua trường lớp mà sao dám nhận Danh Ca Sĩ vậy. 
Giờ dễ Thành Ca Sĩ quá",Trung lập,False,,
cmt_showbiz_023_0127,showbiz_023,Có con là niem vui hp có gi mà phải dấu,Trung lập,False,,
cmt_showbiz011_0040_r12,showbiz_011,"Linh Vũ tính ra bao nhiêu đứa lên tiếng và ko lên tiếng chắc đều bị thụt thịt hết rồi, quá giỏi",Cà khịa,False,,
cmt_showbiz_033_0001_r187,showbiz_033,"Cam Đinh đúng luôn bạn. Án kinh tế, khó thoát. Tài sản có đủ để bù cho khoản trốn thuế khổng lồ kia ko?",Trung lập,False,,
cmt_showbiz014_0005_r35,showbiz_014,"Toan Tran mày thì nên tìm hiểu về vấn đề đó đi, mới sống đc 2 năm ở miền nam thì lại mất gốc, mày gốc bắc hay gốc trung vậy. Sao lại chối bỏ quê hương gốc gác của mình.",Trung lập,False,,
cmt_showbiz_019_0326,showbiz_019,"Huê hậu 3 ngón tay Thùy Tiên đây mà
1 giơ 3 ngón tay
2 bị tố xé giấy nợ
3 chơi với nhà phân phối cám chim
4 đú thằng Quang Linh
5 bán hàng quảng cáo láo siêu lợi nhuận",,True,,
cmt_showbiz_011_0100,showbiz_011,Loại vô văn hoá này xem làm gì cả hai đứa đều không ra gì hết nhạc gì mà thô tục phảm cảm quá vậy trời tôi thích bài phản biện của bạn,Phẫn nộ,False,,
cmt_showbiz_034_0009_r13,showbiz_034,Hrung Bya người ta lấy của người giàu chia người nghèo. Còn ông Bình ổng lấy của người giàu ổng ôm 1 mình...cho nên PL hỏi tội ổng,Cà khịa,False,,
cmt_showbiz_033_1941_r108,showbiz_033,Lan Phong mà dân bị lừa còn nhiều hơn,,True,,
cmt_showbiz_020_1902,showbiz_020,Vân Nguyễn,,True,,
cmt_showbiz_034_0009_r06,showbiz_034,Đi Tìm Chân Lý Họ siêng làm quá nên vào too .🤣,Cà khịa,False,,
cmt_showbiz_044_0792,showbiz_034,Bọn xác giờ mà điều tra ra khéo lụm hết,,True,,
cmt_showbiz_033_1947_r72,showbiz_033,Phạm Nga thế thì chịu suy nghỉ của bạn rồi,Trung lập,False,,
cmt_showbiz_020_1228,showbiz_020,"Toàn kem trộn tự sản xuất 
Nhiều người bị nhiễm độc chì thủy ngân ăn vào nội tạng 
Nhiều người biết là trộn vẫn thích dùng vì muốn đẹp nhanh",Trung lập,False,,
cmt_showbiz_008_0269,showbiz_008,là tới hè mới hát được ah? vậy giờ ở nhà viết nhạc hè là vừa,Trung lập,False,,
cmt_showbiz004_0002_r22,showbiz_004,Thanh Thy,,True,,
cmt_showbiz008_0053_r02,showbiz_008,Nguyễn Nam Thắng a lâu dừ mô hầy.,,True,,
cmt_showbiz_044_1044,showbiz_034,,,True,,
cmt_showbiz_019_0004,showbiz_019,Kể cả không đăng cũng không “rũ bùn đứng dậy sáng lòa” được dâu nhé,Cà khịa,False,,
cmt_showbiz006_0003_r30,showbiz_006,Bích Huế có link thì móc ra? :) hk móc ra link thì ăn nói xà lơ,Trung lập,False,,
cmt_showbiz013_0036_r02,showbiz_013,Nguyễn Nhất sáng mắt ra,Trung lập,False,,
cmt_showbiz_007_0355,showbiz_007,Huyen Bich vô đọc tn 😂,,True,,
cmt_showbiz018_0044_r05,showbiz_018,"Hieu Nguyen bạn nói sai rồi, ctay đã lỗi đàn ô chứ chưa nói gì hôn nhân kkk",Trung lập,False,,
cmt_showbiz_004_0125,showbiz_004,cho con gian thương ác ôn 20 năm tù.,Phẫn nộ,False,,
cmt_showbiz_020_0028,showbiz_020,Đúng là tay cán bộ chụp ảnh🥰,Trung lập,False,,
cmt_showbiz020_0838_r01,showbiz_020,Kỳ Anh AI mà,,True,,
cmt_showbiz_011_0052,showbiz_011,ki nó vừa hèn hò chán chê quay ra tính toán,Phẫn nộ,False,,
cmt_showbiz004_0001_r09,showbiz_004,"Phòng, chống ma túy - Công an TP. Hồ Chí Minh buôn bán mỹ phẩm và thực phẩm giả này thật sự trên mạng còn rất nhiều, hy vọng nhà nước mình ra quân dẹp loạn hết những người này, để trả lại xã hội tốt đẹp hơn cho những người tiêu dùng, mỗi lần lên mạng lướt toàn thấy mấy anh chị quảng cáo thuốc làm đẹp và mỹ phẩm mà công dụng như tiên vậy á. mà tay nào tay nấy giàu sụ",Phẫn nộ,False,,
cmt_showbiz_044_1203,showbiz_034,"thằng lùn này có chất giọng rất điêu,mặc dù nó giỏi công nghệ thì tôi ko dám phủ nhận. nhưng giỏi mà đi lừa dân góp vốn đầu tư tiền ảo là tôi đã nghi nghi rùi. Cách nói chuyện nhìn vào ánh mắt gian xảo và cái mồm điêu, tay chân thì khua khoắng là biết con ng ko thật.",Trung lập,False,,
cmt_showbiz014_0002_r39,showbiz_014,"Thành Nghĩa Sh ah, tks b",,True,,
cmt_showbiz_011_0033,showbiz_011,Hẹn hò = chưa yêu. Thua Gia Cát Lượng mỗi cây quạt :)),Cà khịa,False,,
cmt_showbiz_004_0156,showbiz_004,Cái đoạn cuối ổng như bị bắt quả tang tội mờ ám trông đến buồn cười,Cà khịa,False,,
cmt_showbiz007_0002_r01,showbiz_007,Nguyễn Minh Nhật gì vậy a trai ,Trung lập,False,,
cmt_showbiz004_0005_r01,showbiz_004,"Phượng Tím 🔥'CAM của mấy Chú CA đỉnh. Tí thì k nhận ra N98 Iuôn á 😂 Iời khaii của N98 đâyy nè.. semm bênn ➡️  Hóng Hớt Đường Phố

😅",Cà khịa,False,,
cmt_showbiz_011_0109,showbiz_011,"Lố bịch, dàn dựng chả ai biết tụi có yêu thật ko lên nói như đúng rồi",Cà khịa,False,,
cmt_showbiz_034_0850_r04,showbiz_034,Hoàng Duy Luận  số 1 rồi cũng về cát bụi 🙏,,True,,
cmt_showbiz016_0010_r06,showbiz_016,"Dat Pham chả có gì là sân si cả, ghét thì chửi đó là cái điều quá bình thường, còn anh bảo kh nhận chắc em đã thèm nhận anh làm ae 🤡👉 D25 Cntt không nhận thì bảo trường đánh trượt hồ sơ em với 🤡👉",Trung lập,False,,
cmt_showbiz_044_1842,showbiz_034,khoe giau mà ủng hộ đuoc ai gio con đi lừa,Trung lập,False,,
cmt_showbiz004_0006_r02,showbiz_004,Nguyễn Kim Ngân trong khi bị hại bị chưởi nguuu,Phẫn nộ,False,,
cmt_showbiz_033_1437_r12,showbiz_033,Hường Nguyễn Thị ôi cái nhận thức…🥲,,True,,
cmt_showbiz_011_0196,showbiz_011,Thề đến nỗi cái mỏ như cá  TRÊ anh vẫn thích thề :)),Cà khịa,False,,
cmt_showbiz020_1500_r01,showbiz_020,Thanh Meo's đang lương 25 củ,,True,,
cmt_showbiz011_0037_r15,showbiz_011,"Ha Ngoc Bich nói thêm, bọn chửi nó làm như tử tế lắm, nhìn lại mình thì cũng như nó  =))",Cà khịa,False,,
cmt_showbiz_011_0271,showbiz_011,"Ý là nó bị điên hay t bị overthinking v 🤡 tđn nó bảo sau này nó thích đặt tên con là Hoàng Linh hoặc Linh Anh, mà bh nó đặt cái tên đấy cầu siêu cầu ơ cho đứa bé kia? Não có vấn đề hay IQ bị kém nhỉ",Cà khịa,False,,
cmt_showbiz013_0029_r06,showbiz_013,"Cong Lao ko tin pt , được vì  có nhiều kinh nghiệm rồi , ở đó mà nói ko chuyên gia lùm xùm",Trung lập,False,,
cmt_showbiz008_0021_r01,showbiz_008,Y rứa😁. Tui ở giữa nhưng hơi nghiêng phía jack xí. Coi như rút bài học.,Trung lập,False,,
cmt_showbiz007_0040_r01,showbiz_007,MIU Boutique https://www.facebook.com/profile.php?id=100055871364388,,True,,
cmt_showbiz_010_0244,showbiz_010,Thanh Kiuu bít ngay mờ,,True,,
cmt_showbiz_034_2081_r05,showbiz_034,"Tùng Nguyễn Trình bày hay k trình bày thì sớm muộn cũng bắt thôi , đâu phải lên mxh trình bày mới bị bắt đâu",Trung lập,False,,
cmt_showbiz018_0027_r02,showbiz_018,"Ni Uri nổi tiếng vì tài năng,nhan sắc hay zàu hay sít-đing zậy Ngân",Cà khịa,False,,
cmt_showbiz_020_0216,showbiz_020,,,True,,
cmt_showbiz_043_0660,showbiz_033,Vì nó quá nhiều tiền lên nó ko sợ,Trung lập,False,,
cmt_showbiz008_0031_r03,showbiz_008,"Nguyen Huyen + 1 đứa gọi người khác là bò,ý là hết văn hả ? “Họ chỉ có sự thật”,phiến diện quá không 🤡",Trung lập,False,,
cmt_showbiz_019_0345,showbiz_019,Đẩy thuyền hay quá đi lần 1 cặp thứ gì chịu nổi 😅,Trung lập,False,,
cmt_showbiz_020_1319,showbiz_020,Thấy trên tik tok ngày xưa quảng cáo kinh lắm mà 😆😆,,True,,
cmt_showbiz_007_0115,showbiz_007,Cao Loan sáng giờ có hóng hớt dụ này hem,Trung lập,False,,
cmt_showbiz011_0027_r16,showbiz_011,Phuoc Nguyen :)) ủa bà nó im lặng nó k đính chính là nó nhận rồi bà thử nói sai coi nó chịu im chịu cho ngta chửi nó à? Nó tồi nó nhận chứ ko phải chắc bà vs tui còn ở đây cmt mà k bị fan nó táp quá,Phẫn nộ,False,,
cmt_showbiz_033_1616_r01,showbiz_033,Đoàn Việt Khánh tự tin mà bác,,True,,
cmt_showbiz_020_3620,showbiz_020,Báo Hiếu cho bố xây như nào kệ nta soi mói,Trung lập,False,,
cmt_showbiz020_1339_r05,showbiz_020,ThAnh MÓm Art  bớt nói lại  để nguời ta không biết mình nhà nghèo.... mày tưởng muốn đánh là dễ à..   xin lỗi m. Tao ra sẽ  xã hội tự lập  gần 15 năm rồi. . thử đánh t  thử coi...   t vào viện đắt nhất ở sài gòn nằm 1 tháng.   1 ngày 10 triệu..  .. gia đình đó có mà bán nhà quỳ lạy van xin..  hở tí là đòi đánh nhau..  chắc hơn pháp luật .  T cần đéo gì phải  biết điều với con chó nghèo nhà m..  mày đã đi trị ở malisa lần nào chưa.. mà phán như đúng rồi.   Trong khi tao là đứa đang trị  mụn .. là khách hàng của nhà malisa.   Bọn tao còn không lo lắng..  mà chúng m phán xét  như đúng rồi,Trung lập,False,,
cmt_showbiz_011_0084,showbiz_011,Nể bọn rảnh ngồi  xem live vô bổ. Còn có bọn ngu mất 130k để được cmt chửi nữa chứ. Khó hiểu giới trẻ 😂😂,Cà khịa,False,,
cmt_showbiz_033_1948_r76,showbiz_033,Hoàng Long trong đó có cả tôi nè,,True,,
cmt_showbiz_009_0072,showbiz_009,chắc chắn,Trung lập,False,,
cmt_showbiz006_0053_r03,showbiz_006,Đặng Hảo sống thì như con cờ hó nhưng đụng cái để quyển luật lên liền. Chi z. Trc khi học luật thì bảo idol m học cách làm người đi đã. Phổi bạn bỏ con h đòi cái đìn đuỵt à,Trung lập,False,,
cmt_showbiz019_0004_r12,showbiz_019,Hóng Biến Đường Phố lừa ai vậy m...vo hok,,True,,
cmt_showbiz_044_1734,showbiz_034,"công nhận mấy Shark VN lùa giỏi thật chứ, toàn dân đào lửa lên tivi nói đạo lý hay nhỉ",Trung lập,False,,
cmt_showbiz_033_1940_r550,showbiz_033,Tôi chờ đợi tin con to mồm này bắt lâu rồi ... Tôi dị ứng với con to mồm lừa đảo này,Trung lập,False,,
cmt_showbiz_034_1076_r20,showbiz_034,Kiến Thức Kinh Tế BML có phải Bình mặt L ko mn,,True,,
cmt_showbiz_033_0001_r21,showbiz_033,Nguyễn Việt Tùng chẳng ai thích nghỉ dưỡng ở trong tù he he he he,Cà khịa,False,,
cmt_showbiz019_0014_r11,showbiz_019,Ls Trần Thanh Tuấn khải Silk mặt dày bậc nhất VN r 👍,Trung lập,False,,
cmt_showbiz_033_1953_r72,showbiz_033,Thanh Thúy Mình Thấy Bạn Ý Giỏi Tốt Hơn Mình Và Bạn Đấy@.!,,True,,
cmt_showbiz_043_0923,showbiz_033,Tội phạm kinh tế dùng kinh tế giải quyết thôi đơn giản mà kkk,Trung lập,False,,
cmt_showbiz_034_0009_r01,showbiz_034,"Hrung Bya chia dân nghèo thì dân lại lấy tiền ăn nhậu ,ăn chơi ko ai chịu đi làm nữa vì có tiền tỷ rồi ai đi làm chi cho cực cái thân kkk",Cà khịa,False,,
cmt_showbiz015_0025_r10,showbiz_015,Khánh Nguyễn wibu à :),,True,,
cmt_showbiz_020_1378,showbiz_020,Kết quả và nhân quả là làm từ thiện nhiều mà tâm mong cầu và phô trương bày vẽ là ko có Phước báu gj cả nghe chưa người trần gian,Trung lập,False,,
cmt_showbiz_044_1148,showbiz_034,Hèn gì nhiều tiền thế,Trung lập,False,,
cmt_showbiz_011_0119,showbiz_011,Dẹp bọn xàm này hết đi,Phẫn nộ,False,,
cmt_showbiz_043_1485,showbiz_033,Vừa live ủng hộ bà con rơi nước mắt. Giờ lại như vậy. Vẫn tươi k cần tưới. Ảo thật đâyd,Trung lập,False,,
cmt_showbiz018_0013_r04,showbiz_018,Nguyễn Yến quen lâu chắc gì đã hạnh phúc chị 🤣,Cà khịa,False,,
cmt_showbiz_020_2901,showbiz_020,"📢 TUYỂN DỤNG CÔNG NHÂN TỔ LƯU HÓA – ƯU TIÊN GẮN BÓ LÂU DÀI
Công ty Hutchinson – Ngọc Lâm, Mỹ Hào, Hưng Yên
🔹 Ca làm việc & mức thu nhập:

🌞 Ca ngày (12 tiếng): 480.000đ

🌙 Ca đêm (12 tiếng): 560.000đ + 30.000đ tiền ăn/ca

🌞 Ca ngày Chủ nhật: 700.000đ

🌙 Ca đêm Chủ nhật: 750.000đ

🔸 Yêu cầu:
Sức khỏe tốt, chăm chỉ, có tinh thần trách nhiệm
Ưu tiên những anh em muốn làm việc ổn định, lâu dài
Thu nhập ổn định 
Môi trường làm việc chuyên nghiệp, thân thiện
📍 Địa điểm: Ngọc Lâm, Mỹ Hào, Hưng Yên
📞 Liên hệ Zalo: 0365 558 817 (để trao đổi cụ thể)
 Nếu bạn đang tìm một công việc ổn định – thu nhập tốt – lâu dài, hãy gia nhập cùng Hutchinson ngay hôm nay!",Trung lập,False,,
cmt_showbiz016_0010_r05,showbiz_016,Đặng Minh Đức :),,True,,
cmt_showbiz_018_0003,showbiz_018,"aizzz theo dõi đôi này từ năm đại học, lúc biết cưới nhau cũng mừng. thế mà cũng ko đi đến cuối cùng nhau đc",Đồng cảm,False,,
cmt_showbiz_043_0675,showbiz_033,Đây mới chỉ có trốn thuế quá nhiều nhiều còn chưa nói hàng có đúng ko,Trung lập,False,,
cmt_showbiz_007_0273,showbiz_007,Ngọc Xoàn Ngọc Hân 🤨,,True,,
cmt_showbiz_033_1963_r11,showbiz_033,"Đặng Thiết chỉ có người ngu mới đi mua thuốc và TPCN trên mạng thôi, uống vào ko chết là may ở đó mà khỏi",Trung lập,False,,
cmt_showbiz004_0004_r08,showbiz_004,Phan Thanh đỡ ???? bán hàng ung thư kêu đỡ??? nhân cách đạo đức tư duy bị chó tha mất rồi hay sao vậy,Phẫn nộ,False,,
cmt_showbiz_044_0031,showbiz_034,Rứa là vô tù bóc lịch để po ngoài đời cho anh khác kkkk,Cà khịa,False,,
cmt_showbiz_012_0040,showbiz_012,"Pecky lừa đảo nó ngấm trong máu,di truyền ADN từ tổ tông.Cướp nganng dựt dọc,tham lam độc ác vơ độ!",Phẫn nộ,False,,
cmt_showbiz_004_0227,showbiz_004,"Người kinh doanh tử tế có lợi cho mình , có lợi cho khách hàng giúp cho nền kinh tế phát triển !  Một điều quan trọng kinh doanh TỬ TẾ là tích đức TẠO PHÚC cho chính họ và gia đình họ !",Ủng hộ,False,,
cmt_showbiz020_0132_r12,showbiz_020,Tâm An shop chưa xả đồ xong,,True,,
cmt_showbiz_007_0210,showbiz_007,Nhật Hàoo,,True,,
cmt_showbiz_033_1747_r03,showbiz_033,Nhật Vinh thế b đã làm đk cái lồn gì chưa,Trung lập,False,,
cmt_showbiz_020_1983,showbiz_020,Nguyen Luyen,,True,,
cmt_showbiz_033_1940_r186,showbiz_033,Dương Nguyễn Huy Thủy toàn video cũ thôi.,,True,,
cmt_showbiz021_0004_r10,showbiz_021,Nguyễn An Ninh thổi cho kèn k dựng được nữa thì thôi =)),,True,,
cmt_showbiz004_0003_r03,showbiz_004,Hoàng Minh Luân lên ĐL túm 98 về đó bạn :))) mới diễn ở ĐL xong,,True,,
cmt_showbiz008_0008_r11,showbiz_008,"Đỗ Văn Võ câm họng lol m lại liền, ăn Lào Gì cũng tôn riết lú hả m. Mất dạ***y quen thói",Trung lập,False,,
cmt_showbiz032_0001_r06,showbiz_032,Nguyen Thi Khanh Ly bị nói mua giải,Trung lập,False,,
cmt_showbiz012_0004_r06,showbiz_012,,Trung lập,False,,
cmt_showbiz_020_1680,showbiz_020,Phạm Phương Anh,,True,,
cmt_showbiz018_0015_r10,showbiz_018,Ủa Sơn đẳng cấp thật! mình 1 vợ 2 bồ nên khum biết !,Trung lập,False,,
cmt_showbiz_020_1745,showbiz_020,Mailisa mailisa mailisa,Trung lập,False,,
cmt_showbiz_030_0250,showbiz_030,Con đấy mà ca sĩ á ??????,Trung lập,False,,
cmt_showbiz_043_1743,showbiz_033,Chị Hường cười tươi phết,,True,,
cmt_showbiz_020_1615,showbiz_020,Cứ lên mạng khoe làm cái gì. im đi sống có khi giờ lại ngon,Trung lập,False,,
cmt_showbiz_020_1865,showbiz_020,Minh Hiếu lụm sếp🙇🏽‍♀️,,True,,
cmt_showbiz_019_0424,showbiz_019,Được 7 tỷ quảng cáo nhanh giàu rồi,,True,,
cmt_showbiz_020_1664,showbiz_020,Xuyên Xuyên,,True,,
cmt_showbiz_011_0221,showbiz_011,Lời thề sắp vận vào người rồi đấy 😂,Cà khịa,False,,
cmt_showbiz_033_1976_r04,showbiz_033,Hải An Home y chang,,True,,
cmt_showbiz_024_0032,showbiz_024,Khơi nguồn cảm hứng Tạ Kiều Anh,Trung lập,False,,
cmt_showbiz_044_1941,showbiz_034,"Giàu có bằng lừa đảo , úp bô xong rửa tiền bằng vài cái công ty :))) thằng này nên nhốt thật kỹ vào",Trung lập,False,,
cmt_showbiz014_0002_r36,showbiz_014,"Nguyễn Khang ke ho đi,làm gi làm dung an chan tu thiện la dc,còn muốn quảng cáo cho ai kiếm tiền thì co Pháp luật,tui chỉ thích những bài hát của ông nay,tuổi thơ",,True,,
cmt_showbiz015_0005_r02,showbiz_015,"Lê Duy  tao thấy mày cũng đàn bà vãi lồn ấy, độ nó sai pháp luật nó sử chứ liên quan cc gì lôi vấn đề địa chỉ ra, cái gì đúng nói đúng sai thì sai chứ",Trung lập,False,,
cmt_showbiz018_0035_r27,showbiz_018,Thuỳ Linh những người hay nói đạo lý thường…à mà thôi kaka,Cà khịa,False,,
cmt_showbiz018_0044_r19,showbiz_018,Tuyết Mai tn con trai gì đổ phở cũng đíu làm dc văn vở vl :)),Cà khịa,False,,
cmt_showbiz004_0002_r30,showbiz_004,Diễm Huỳnh m kêu ai cút.Kh vừa ý m hay gì..,Phẫn nộ,False,,
cmt_showbiz_005_0070,showbiz_005,Đẹp trai dữ chưa 🥲,Trung lập,False,,
cmt_showbiz_043_1410,showbiz_033,Nụ cười luôn hé,Trung lập,False,,
cmt_showbiz_043_0517,showbiz_033,Chả mấy khi đc lên sóng quốc gia mị 🤣🤣🤣,Trung lập,False,,
cmt_showbiz_032_0073,showbiz_032,HH k dk thi quốc tế. Chắc Hương thi r,Trung lập,False,,
cmt_showbiz_011_0096,showbiz_011,"Riêng cá nhân mình thì mấy cái thành phần ca nghệ sĩ, với một bộ phận tốp top thì không bao giờ xem và theo dõi..",Phẫn nộ,False,,
cmt_showbiz_004_0016,showbiz_004,Chắc phải tặng Ngân98 vài nải chuối để đem vào trại dùng dần dần .....,Cà khịa,False,,
cmt_showbiz_044_0214,showbiz_034,Bình...Xấc...!,Trung lập,False,,
cmt_showbiz009_0024_r07,showbiz_009,Trọng Đức hay men,,True,,
cmt_showbiz_044_1638,showbiz_034,Nhất lùn nhì lé,Trung lập,False,,
cmt_showbiz012_0006_r16,showbiz_012,"Nguyễn Phước Thành vũ, đoàn di băng, rồi sắp đến malisa có phải không? Bắt tôi thì có được gì phải không bạn? Tôi nói thế nào rồi chứ, hic",Trung lập,False,,
cmt_showbiz_009_0195,showbiz_009,"Tk loèn . Người đã xấu, nết cũng như 💩.",Trung lập,False,,
cmt_showbiz_020_1776,showbiz_020,Lên thớt à,,True,,
cmt_showbiz_033_0001_r171,showbiz_033,Hồng Chill vậy vào đi ảnh hưởng cả đời con đấy lý lịch mẹ vào trại vì trốn thuế mai này con cái rất khó khăn vì nếu là đảng viên sẽ rất thiệt thòi,Đồng cảm,False,,
cmt_showbiz_034_0036_r02,showbiz_034,Tina Pham Ổng khai ra chia cho vợ 50 thì mệt á nha. Ts này trong thời gian chưa ly hôn mà,Cà khịa,False,,
cmt_showbiz019_0003_r04,showbiz_019,"Phan Việt Anh  Thôi xin ông mãnh, nó làm chủ tịch công ty kinh doanh kiêm cò từ thiện Angola mà ông phán nó nai tơ, ông đổ cho 2 em kia xúi bẩy dẫn dắt, mà ko biết bản thân ông là con bò bị thằng Linh dắt mũi nghĩ rằng nó bị 2 con kia thao túng 🤣🤣🤣🤣🤣🤣",Phẫn nộ,False,,
cmt_showbiz_020_3053,showbiz_020,Ở chỗ tôi mộ của con cái ko được phép đẹp hơn mộ các cụ. Nếu muốn mộ con cái đẹp thì các cụ phải đẹp hơn. Đấy là quê chồng tôi. Còn bên dân tộc dao chúng tôi chết là đào sâu chôn chặt. Nhà ai có điều kiện thì xây luôn từ lúc chôn. Ai chưa có điều kiện thì để ba năm sau đốt sớ rồi xây,Trung lập,False,,
cmt_showbiz008_0002_r50,showbiz_008,Dõan Đại Hiệp Người có exp,,True,,
cmt_showbiz_033_1253_r04,showbiz_033,Thắng Gen,,True,,
cmt_showbiz018_0010_r04,showbiz_018,Billy Tran thanh toán =)))),,True,,
cmt_showbiz_044_0742,showbiz_034,"Hèn chi thiếu vàng , giá vàng lên",Trung lập,False,,
cmt_showbiz004_0001_r06,showbiz_004,"Phòng, chống ma túy - Công an TP. Hồ Chí Minh cty Zubu nghĩa là sao Ad nhỉ ?! Mà sao em này đc chăm kỹ thế Ad, lắc chân + lắc tay nuôn 😄",Cà khịa,False,,
cmt_showbiz020_1024_r02,showbiz_020,"Minh Hiếu và quan trọng là họ làm từ thiện nhiều, giúp đở bao nhiêu hoàn cảnh khó khăn b nhỉ",Trung lập,False,,
cmt_showbiz015_0004_r14,showbiz_015,Vo Trung Nhan thì mới nói em còn trẻ còn chưa đủ nhận thức thì làm nên trò trống gì mới ba tí tuổi dầu yêu với đương không lo học :v giờ còn thức…mai lên trường sao học,Trung lập,False,,
cmt_showbiz_020_1954,showbiz_020,Võ Quý Dương,,True,,
cmt_showbiz_011_0134,showbiz_011,"1 vài điều nhảm nhí thì lên top, còn những thứ văn - mĩ thì cno kêu nhạt!",Cà khịa,False,,
cmt_showbiz_033_0001_r70,showbiz_033,Vũ Văn Hùng jo ra rồi đấy,,True,,
cmt_showbiz_004_0131,showbiz_004,Xã hội quá nhiều đứa ngu mới dung dưỡng vô số loại ký sinh trùng béo mẫm này!,Cà khịa,False,,
cmt_showbiz_009_0150,showbiz_009,Ai cx có lời chỉ có chúng ta ngu hoy 🤣,Trung lập,False,,
cmt_showbiz001_0001_r01,showbiz_001,Nguyễn Phương thì chơi ma toé biểu sao ko chất! 😅,Cà khịa,False,,
cmt_showbiz018_0035_r17,showbiz_018,Đỗ Duy nghe từ bữa t cũng nói y như này 🤣,Cà khịa,False,,
cmt_showbiz_044_2172,showbiz_034,Thị trường còn tiếp tục dọn sạch rác.,Cà khịa,False,,
cmt_showbiz_034_2072_r33,showbiz_034,Anhdo Kim,,True,,
cmt_showbiz_007_0366,showbiz_007,Kim Anh ứ ừ không :)),,True,,
cmt_showbiz_044_1032,showbiz_034,mới có mấy ngày không ăn đồ búp bê nấu sao mặt anh xanh như nhớt thế kia,Trung lập,False,,
cmt_showbiz_020_2049,showbiz_020,Nguyễn Lý Thùy Dương,,True,,
cmt_showbiz_020_1858,showbiz_020,Bé Quỳnh sốc,,True,,
cmt_showbiz_016_0047,showbiz_016,Hà Quang Minh là sao nhỉ,,True,,
cmt_showbiz008_0061_r01,showbiz_008,Hưng Tây có tính toán hết rồi =)),,True,,
cmt_showbiz_033_1899_r01,showbiz_033,Phạm Tuân 3 tháng nữa là giảm cân thành công thôi,Trung lập,False,,
cmt_showbiz_043_1248,showbiz_033,"Chẳng có gì thắc mắc nếu hiểu tâm lý cũng như tâm trạng của phạm nhân,cụ thể 1 là cố tỏ ra tự tin là mình hoàn toàn ổn định 2 là tỏ rõ bản chất của một đại gia dân xã hội bất chấp coi thường pháp luật",Trung lập,False,,
cmt_showbiz_033_1181_r02,showbiz_033,Thu Mây thật nhỉ,,True,,
cmt_showbiz_033_1969_r03,showbiz_033,"Hà Thuý b nói m thấy đúng. Tiền bạn ấy thu đc từ việc bán hàng ko chất lượng, rồi bạn ấy lại quay qua làm từ thiện 1 ít trong số lãi khủng đó mà mng.",Trung lập,False,,
cmt_showbiz006_0013_r01,showbiz_006,"Simp Lo Nếu NSCĐ mà đạo nhạc thì Yt nó gỡ xuống phút mốt rồi, ko còn để trên đó tới giờ đâu. Còn sếp của mấy sì ki thì hình như có 1 mv bị Yt gỡ thẳng tay, cả 1 năm nay ko thấy ra clip mới trên yt thì phải. Còn gọi ST là thằng hỏng lẽ muốn gọi chuỵ?",Trung lập,False,,
cmt_showbiz_043_0609,showbiz_033,Nụ cười mãn nguyện khi được ăn cơm Nhà Nước,Trung lập,False,,
cmt_showbiz_033_1942_r02,showbiz_033,Dõan Đại Hiệp Tất cả vì lòng tham ko đáy!,,True,,
cmt_showbiz_030_0043,showbiz_030,Ủa vậy bạn mang hộp đồng đi thưa đi cho nhanh bạn lên đây la làng la sớm có tại dụng gì,Trung lập,False,,
cmt_showbiz013_0047_r03,showbiz_013,P. Trọng k sao đâu bro ơi,Trung lập,False,,
cmt_showbiz019_0184_r09,showbiz_019,Ngân lệ bà đó dí ác quá,Trung lập,False,,
cmt_showbiz_017_0068,showbiz_017,Ll,,True,,
cmt_showbiz_030_0280,showbiz_030,Mệt loz với con này quá chưa nổi được nhiêu mà hay ra dẻ quá ak,Trung lập,False,,
cmt_showbiz016_0028_r14,showbiz_016,Nguyễn Tiếm Luân ông gayy à????,,True,,
cmt_showbiz022_0007_r31,showbiz_022,"Lê Trọng Đức đã ly hôn rồi có ngoại tình nữa hả bác @@ 
Ở với nhau có vợ có  chồng thì mới gọi là ngoại tình chứ =)))) ly hôn r đường ai nấy đi thì là trai chưa vợ gái chưa ck đến với nhau ai cấm mà ngoại tình hả zời",Trung lập,False,,
cmt_showbiz_033_1953_r24,showbiz_033,"Nguyễn Trãi sao ngu thế, nó lùa được 1000 tỉ, nó lấy 100 tỉ làm từ thiện. Nó lãi 900 tỉ, thế mà vẫn ko tỉnh ngộ. Haizz",Trung lập,False,,
cmt_showbiz_020_2993,showbiz_020,Nghi Phan,,True,,
cmt_showbiz_020_1487,showbiz_020,Mai đi xa rồi,Trung lập,False,,
cmt_showbiz014_0008_r05,showbiz_014,"Hien Dynk zống t quá,",,True,,
cmt_showbiz_010_0048,showbiz_010,Anh V chưa nói thì chưa tin🤣,,True,,
cmt_showbiz_033_1940_r277,showbiz_033,Nguyễn Thị Chung,,True,,
cmt_showbiz020_2149_r01,showbiz_020,Hoa Tươi Phú Nhuận quê bạn ở mô,,True,,
cmt_showbiz_044_1003,showbiz_034,30 tuổi mày mày lừa bao nhiu người rồi,Trung lập,False,,
cmt_showbiz_044_1709,showbiz_034,gà tự chạy vào chuồng chứ có ai lùa đâu kkkk,Trung lập,False,,
cmt_showbiz_043_0210,showbiz_033,"Trốn thuế thì truy thu thôi có ""vơ vét tham nhũng"" đâu mà chả tươi..",Trung lập,False,,
cmt_showbiz020_0149_r03,showbiz_020,Thom Nguyen tui cũng chịu thua luôn,,True,,
cmt_showbiz_034_0009_r20,showbiz_034,Hrung Bya chị làm gương trước đi ạ bán nửa tài sản chia ng nghèo đi tụi e noi theo hjhj,Cà khịa,False,,
cmt_showbiz018_0045_r09,showbiz_018,Minh Minh cần trô là cái gì z bà 🥹,,True,,
cmt_showbiz_044_1056,showbiz_034,Dũng Hằng,,True,,
cmt_showbiz_015_0056,showbiz_015,"Nghe nó xin lỗi mà như kiểu lỗi là của nhà nước, của cđm đã khiến nó phải xin lỗi ấy. Lớn đầu có mấy mặt con rồi cũng có tí danh tiếng mà ăn nói tục tĩu như mấy đứa trẻ con cấp 2 cấp 3",Trung lập,False,,
cmt_showbiz007_0031_r19,showbiz_007,Khánh Hoàng dcu bro thơ hay vl,,True,,
cmt_showbiz_004_0208,showbiz_004,Loại sát nhân ko gươm ko giáo.Cho nó uống hết chỗ thuốc đó để nó cảm nhận nỗi đau đớn của người bệnh.,Phẫn nộ,False,,
cmt_showbiz_009_0340,showbiz_009,"Tao tính 3 phải, phe nào đông tao theo phe đấy:)",Trung lập,False,,
cmt_showbiz_033_1949_r57,showbiz_033,"Ngọc Trâm Từ tháng 1/2021 đến tháng 6/2025: Hoàng Hường đã:
- Để ngoài sổ sách kế toán doanh thu gần 1800 tỷ
- Kê sai quy định thuế giá trị gia tăng doanh thu gần 2100 tỷ

Trốn thuế 2100 tỷ nghĩa là cả lợi nhuận là khoảng hơn 5000 tỷ. Vậy mà làm từ thiện vài chục tỷ trong đó khoảng 70% là của fan đóng góp và 30% của Hoàng Hường. Tốt dữ chưa?",Trung lập,False,,
cmt_showbiz_044_0432,showbiz_034,Làm giàu nhanh chóng thế sợ quá,Trung lập,False,,
cmt_showbiz_033_0058_r06,showbiz_033,Nguyễn Quý ngu vl,,True,,
cmt_showbiz020_2830_r04,showbiz_020,Lê Diệu Anh chả tác dụng gì lời chúc suông,Trung lập,False,,
cmt_showbiz_018_0302,showbiz_018,chịu k biết 2 bạn này là ai cho đến khi tin ly hôn rầm rộ 🙂,Trung lập,False,,
cmt_showbiz_033_1940_r91,showbiz_033,"Luyen Nguyen vào đây xem,",,True,,
cmt_showbiz011_0028_r01,showbiz_011,Nguyễn Vân Quỳnh cứ hiện mặt th tồi tệ này quài tui thấy ma t tức lun á bà :))),Cà khịa,False,,
cmt_showbiz014_0004_r08,showbiz_014,"Nguyễn Tuấn Anh mn càng bình luận và bàn tán nhiều có khi vô tình là làm cho MV đó càng nổi, càng nhiều n xem càng tăng view. Mà k bình luận thì lại bảo dư luận k biết gì. Giờ làm sao ta. Có khi đó là cách quảng cáo hay đó bác.",,True,,
cmt_showbiz_007_0356,showbiz_007,Lúc ngua thì năm ngửa cho nó đủ . thứ con gai mat nếp . đủ rồi thì đem ra cho thiên hạ cuoi ko bit sau ho.,Trung lập,False,,
cmt_showbiz_020_0635,showbiz_020,T còn k BT đọc số này là số bnhiu. 😭,Trung lập,False,,
cmt_showbiz_020_1781,showbiz_020,Mọt gông,,True,,
cmt_showbiz018_0045_r10,showbiz_018,Yến Linh mà nói chung chắc chắn 2 người này chia tay là do ngoại tình chắc luôn chứ ko thể nào yêu 10 kết hôn 2 năm lại chia tay. đồng ý là cuộc sống vô thường nhưng nếu yêu lâu v thì hôn nhân ít nhất cũng 4 5 năm. nên là CDM khịa ổng bả là như v đó,Cà khịa,False,,
cmt_showbiz_020_1928,showbiz_020,Huỳnh Thái An,,True,,
cmt_showbiz018_0001_r05,showbiz_018,"YAN TV là kì đó, dừng lại gì còn chưa rõ mà. K tin lắm đâu",Trung lập,False,,
cmt_showbiz_025_0013,showbiz_025,Chị ấy xứng đáng con cháu Bà Trưng Bà Triệu,Trung lập,False,,
cmt_showbiz_043_0145,showbiz_033,Con này coi thường pháp luật Việt Nam nên Mỹ Nhu nhơ như vậy,Trung lập,False,,
cmt_showbiz_044_0042,showbiz_034,Phải tử hình thằng này,Phẫn nộ,False,,
cmt_showbiz_012_0129,showbiz_012,"Chắc cô ây ko tin có ngày bị tạm giam vì mình nổi tiếng, thật tiếc.",Đồng cảm,False,,
cmt_showbiz018_0045_r18,showbiz_018,Sương Trà Thật. Toàn 1 lũ chỉ chờ ngta ngã xuống để đạp lên. Mệt,Phẫn nộ,False,,
cmt_showbiz_043_1128,showbiz_033,Nó đang nghĩ nó đã cống hiến hết mình cho từ thiện chăng,Trung lập,False,,
cmt_showbiz_011_0067,showbiz_011,Hôm qua lướt qua mình không muốn nghe hôm nay lại lên trang nhất thực sự quá nhảm nhí dẹp bớt các vấn đề này cho xã hội nhờ,Cà khịa,False,,
cmt_showbiz_013_0158,showbiz_013,"Có đất 2ty là cùng khá rồi,",Trung lập,False,,
cmt_showbiz_020_2111,showbiz_020,Ngô Kim Chi,,True,,
cmt_showbiz016_0040_r04,showbiz_016,Hết Sạch Tiền project sekai á,,True,,
cmt_showbiz_020_2878,showbiz_020,Ai sẽ là boss cuối,Trung lập,False,,
cmt_showbiz_020_0425,showbiz_020,bả bán hàng siêu thiệt,Trung lập,False,,
cmt_showbiz019_0035_r10,showbiz_019,Huy Lê màu gạch tôm chứ nghệ gì😅,,True,,
cmt_showbiz_012_0185,showbiz_012,Chủ tịch nước sai phạm hơn chục năm còn bị huống chi dân đen,Trung lập,False,,
cmt_showbiz_033_1970_r19,showbiz_033,Nguyễn Hiền chuẩn luôn,,True,,
cmt_showbiz004_0006_r03,showbiz_004,"Peter Nguyen cmt thì chạy seeding đc chứ ng mua hàng sao đông vậy, dân mình sao ngu dữ dội =)))))))",Cà khịa,False,,
cmt_showbiz_044_1355,showbiz_034,nó giàu là bằng tiền của mọi người chứ nó có làm dc gì đâu,Trung lập,False,,
cmt_showbiz004_0012_r03,showbiz_004,Vô Thần chứ ko lẽ điều tra tới đâu là phải đăng báo tới đó à :)))),Cà khịa,False,,
cmt_showbiz_012_0030,showbiz_012,Chắc giờ này mấy NS làm từ thiện năm xưa giờ bị sốt  rét ác tính cả rồi nhỉ 😀🐕🪏,Cà khịa,False,,
cmt_showbiz018_0012_r01,showbiz_018,Nữ NHi phụ nữ là thanh xuân còn đàn ông chắc thanh trà :))),Cà khịa,False,,
cmt_showbiz004_0005_r05,showbiz_004,"Phòng, chống ma túy - Công an TP. Hồ Chí Minh có người nhanh hơn đó cán bộ ơi
Đó là những bà hóng hớt hơn🤣",Cà khịa,False,,
cmt_showbiz019_0011_r03,showbiz_019,"Thanh Tung Nguyen chuẩn 👌 nhiều người họ ko biết phân biệt giúp đỡ với người ta bỏ sức lao động ra làm kiếm tiền nhỉ rõ ràng là thằng QL nó lấy hình ảnh của họ , họ lao động thì sao gọi là giúp đỡ nhỉ ko có họ thì ko ai biết QL là ai",Phẫn nộ,False,,
cmt_showbiz_020_2828,showbiz_020,Ly Ly,,True,,
cmt_showbiz014_0001_r11,showbiz_014,Bí Mật Showbiz nhóm này là nổ hủ tướng nhé 😂,,True,,
cmt_showbiz_033_1941_r67,showbiz_033,Xôi Lạc tui ko có à 🙂,,True,,
cmt_showbiz_044_0021,showbiz_034,Quo số tiền này mà trợ giúp cho đồng bào bị lũ lụt là quá  hay luôn ac,Đồng cảm,False,,
cmt_showbiz_011_0019,showbiz_011,"Bí mật 
. Hết e nhé 🤣🦋🦋",,True,,
cmt_showbiz_033_0001_r91,showbiz_033,Nguyễn Việt Tùng nghỉ dưỡng. Hài vl. Mày vào đấy mà nghỉ dưỡng đi xem nó tnao?,Cà khịa,False,,
cmt_showbiz_044_0481,showbiz_034,Dầu để làm gì giàu để mắc vào lao lý những điều mình không muốn làm mà lại mắc phải thì là kiếm được tiền dầu cũng vô dụng trả hơn ai được cái gì tốt nhất là một người giản dị sống bình thường biết mình biết người tôn trọng lẫn nhau sống có ý nghĩa tương thân tương ái giúp đỡ nhau có một cuộc sống bình yên nhất còn giàu thì có được ăn cả đâu vướng vào lao lý thì người ta cũng thu trắng tay không được hơn cái gì xã hội công bằng ai có tội thì phải trừng trị ai đúng đắn thì được khen ngợi đó là pháp luật nghiêm minh nhất của nước Việt Nam,Trung lập,False,,
cmt_showbiz_034_0009_r12,showbiz_034,Hrung Bya 🤣🤣🤣,,True,,
cmt_showbiz019_0014_r08,showbiz_019,Hwang Cheng nghe nói 3 đứa đó lên đà lạt  thuê farm quay. Nói chung vì lòng tham thôi. Xin lỗi chẳng qua đã bị phát hiện.,Trung lập,False,,
cmt_showbiz_044_1624,showbiz_034,Nghĩ thấy buồn !,Trung lập,False,,
cmt_showbiz_020_2283,showbiz_020,Minh Anh Vinfast,,True,,
cmt_showbiz_033_1940_r59,showbiz_033,"Thơm Đinh báo tuổi trẻ kìa má, họ chỉ được dẫn nguyên văn",Trung lập,False,,
cmt_showbiz024_0050_r01,showbiz_024,Minh Nguyen chơi 1 mình thì chỉ bắt đi cai nghiện. Còn tổ chức chơi hội nhóm thì đúng là đi xa,Trung lập,False,,
cmt_showbiz_013_0211,showbiz_013,nói thật là t đút cơm cho cháu ăn t cũng đớp đc vài thìa nói gì đến mẹ bắp =))),Trung lập,False,,
cmt_showbiz012_0003_r12,showbiz_012,Hải Âu thế là hợp đồng bán diêm à,Trung lập,False,,
cmt_showbiz_021_0007,showbiz_021,22 tuổi người ta còn lo đi học hành chưa kịp ra trường đi xin việc mà cô bé này đã có nhiều chức vị trong cuộc đời nhỉ từ á khôi đến tú bà giờ sang làm tù nhân rồi 🤣,Cà khịa,False,,
cmt_showbiz_033_0001_r25,showbiz_033,Nguyễn Việt Tùng bà phương hằng vào tù đấy có nhiều tiền ở ngoài xã hội nó nể trọng vào tù ngoan như cún,Cà khịa,False,,
cmt_showbiz006_0030_r27,showbiz_006,Phương Nguyễn  vừa hèn vừa bẩn,,True,,
cmt_showbiz_044_0612,showbiz_034,Bây giờ mới thấm. Tiền nhiều để làm gì. Chạy án chăng,Trung lập,False,,
cmt_showbiz_004_0013,showbiz_004,Còn con Nguyễn Phương Hằng phải bị bắt thì mới yên !!,Phẫn nộ,False,,
cmt_showbiz009_0006_r01,showbiz_009,Kot Kot việt này bt quá a,,True,,
cmt_showbiz_044_0842,showbiz_034,OMG,,True,,
cmt_showbiz_020_2992,showbiz_020,Ngoc Hai Nguyen,,True,,
cmt_showbiz020_2301_r09,showbiz_020,Hồng Vân xin cảm ơn..😌😌😌,,True,,
cmt_showbiz_004_0050,showbiz_004,"Á hậu với hoa hậu? Theo tôi có mà ác hậu thì có, người đẹp mà tâm bửn thì chỉ vứt vào thùng rác là đúng nhất ?",Cà khịa,False,,
cmt_showbiz_033_0001_r161,showbiz_033,Hùng Mộc tội các cụ đau xương khớp uống đỡ chút như giảm đau sau đâu lại vào đó 1lieu trình 10tr,Cà khịa,False,,
cmt_showbiz_020_1446,showbiz_020,Phiếu Bé Ngoan trc mấy hôm còn viết tâm thư,,True,,
cmt_showbiz004_0003_r01,showbiz_004,Phạm Coca những người hâm mộ ngân 98 mua hàng của nó dùng giờ sao đây,Đồng cảm,False,,
cmt_showbiz_033_0003_r72,showbiz_033,"Trung ÊTô mình ko dung túng nhưng ít nhất cũng từ thiện được nhiều .vi phạm pl trốn thuế vẫn còn phải nộp trả nhà nước. Còn phần hàng giả thì chưa biết thực tế chưa có kl .nhưng vẫn còn hơn những kẻ thuốc tây. Sữa giá .máy chạy thận giả bố tổ lũ dã man.mong HH nộp công quỹ nghiêm túc với luật thuế ,để lại tiếp tục bán hàng có thu nhập khủng nhà nước mình có lợi.chỉ mk g là đừng hàng giả mọi người vẫn ủng hộ HH.mình theo dõi HH nhưng thực tế chưa mua sp gì của em ấy",Trung lập,False,,
cmt_showbiz009_0041_r01,showbiz_009,Luan Thai sao bằng céo🤨,,True,,
cmt_showbiz_011_0126,showbiz_011,Thị hiếu bệnh hoạn.,Cà khịa,False,,
cmt_showbiz_034_1078_r05,showbiz_034,"Dây treo nhãn mác, tem nhãn, tag quần áo Phúc Gia bt ko ngoo đâu, đánh trúng lòng tham mới bị ngoo",,True,,
cmt_showbiz_020_1611,showbiz_020,Hịu,,True,,
cmt_showbiz_044_1018,showbiz_034,"Thủ đô thì shark Bình và hh 
Còn hcm Bắc em ZUBU 😀",Cà khịa,False,,
cmt_showbiz015_0004_r04,showbiz_015,"Thắng Dẹo làm đc j ngồi nói địt đéo ,tiền toàn do cộng đồng đóng góp chứ có làm j",Trung lập,False,,
cmt_showbiz007_0048_r03,showbiz_007,Nguyễn Khánh Vy pộ phin này catting nhìu dữ,,True,,
cmt_showbiz_043_1912,showbiz_033,Nguyễn Văn Huỳnh dùng đi,,True,,
cmt_showbiz020_1004_r37,showbiz_020,Vu Doan Tram Anh m kiện báo đi án điểm còn tội gì T ko tiện nois ra nhé,Trung lập,False,,
cmt_showbiz004_0005_r23,showbiz_004,"Phòng, chống ma túy - Công an TP. Hồ Chí Minh má ơi! Cán bộ chắc là genZ hả 🤣",Cà khịa,False,,
cmt_showbiz_033_1965_r15,showbiz_033,"BonKem Trang giàu nhanh , ko có nền tảng thì chỉ trốn thuế với lừa đảo thôi. Chứ kiếm tiền tỷ đâu ra dễ vậy",Trung lập,False,,
cmt_showbiz_012_0005,showbiz_012,Năm thanh lọc à,Cà khịa,False,,
cmt_showbiz_012_0135,showbiz_012,Buồn người nổi tiếng,Đồng cảm,False,,
cmt_showbiz020_0136_r15,showbiz_020,Đình Ngọc triệu :))))))))))),,True,,
cmt_showbiz020_1239_r03,showbiz_020,Junior Salcedo đi cái đkmm,,True,,
cmt_showbiz_009_0054,showbiz_009,Sao bằng bộ đôi hủy diệt này được,Trung lập,False,,
cmt_showbiz018_0035_r03,showbiz_018,Selina Nguyen sống như vc nhưg về pháp lý vẫn chưa là vc nên có thể 1 trog 2 sẽ phát sinh suy nghĩ khác ng còn lại. Kiểu tui chưa là vok/chok chính thức của anh/em thì sao tui phải này nọ lọ chai. Nhưh ng kia quan điểm khác. Nói chung tình cảm ko nói trc đc điều gì. Mưa tới đâu mát mặt tới đó.,Cà khịa,False,,
cmt_showbiz_033_1406_r03,showbiz_033,Quỳnh Tú chắc chị làm content:)),,True,,
cmt_showbiz_043_1762,showbiz_033,"Hãy thả tự do cho chị ấy
Từ tầng 30",Trung lập,False,,
cmt_showbiz_044_0252,showbiz_034,Ui ! Sao nó làm giàu giỏi nhi ?,Trung lập,False,,
cmt_showbiz_030_0256,showbiz_030,Nhìn cái mặt nhỏ này là thấy không ưa noi rồi mặt lao,Trung lập,False,,
cmt_showbiz_012_0120,showbiz_012,Cái ji vậy trời 😡,Phẫn nộ,False,,
cmt_showbiz009_0002_r20,showbiz_009,Nguyễn Đức Ý Nguyễn Thị Ánh Tuyết,,True,,
cmt_showbiz020_2144_r46,showbiz_020,Nguyễn Thành Quang má m đẻ ra bằng j á m,,True,,
cmt_showbiz007_0041_r10,showbiz_007,Mai Phuong Hoang họp club hội cấp 1 nè🤣,Trung lập,False,,
cmt_showbiz_020_1597,showbiz_020,giải thể lúc nào,Trung lập,False,,
cmt_showbiz011_0020_r03,showbiz_011,Trang Heli Trang Heli  sao thằng này đi ra đường mà k bị ai đấm nhở🤔,Cà khịa,False,,
cmt_showbiz020_0096_r01,showbiz_020,Anh Len Nguyen còn dài dài vợt hết các anh ả chuồn bị tình thần,Trung lập,False,,
cmt_showbiz_030_0240,showbiz_030,Người ta hát máy đời rồi giờ lên nói ngủ luôn đi bà nội,Trung lập,False,,
cmt_showbiz012_0111_r01,showbiz_012,Phu Lun Can Tho hỏi gồ.,,True,,
cmt_showbiz_011_0098,showbiz_011,Lũ ngáo.,Phẫn nộ,False,,
cmt_showbiz_033_0001_r16,showbiz_033,Nguyen Anh Tuấn một ngày từ bằng nghìn thu ở ngoài,,True,,
cmt_showbiz_011_0171,showbiz_011,"thăng vi rút này còn tồi hơn cả jack,",Phẫn nộ,False,,
cmt_showbiz_017_0057,showbiz_017,Trần Nhung,,True,,
cmt_showbiz019_0010_r25,showbiz_019,Huyen Anh,,True,,
cmt_showbiz_019_0112,showbiz_019,"Thương Tiên thật sự, mong Tiên được hưởng mức án cao nhất",Trung lập,False,,
cmt_showbiz006_0003_r10,showbiz_006,Bích Huế thì bạn cho mình xin bằng chứng từ các fanpage chính thức hoặc facebook cá nhân chính chủ của jack thừa nhận có con với thiên an lúc scandal mới nổ ra là mình hết cãi mà,,True,,
cmt_showbiz_007_0106,showbiz_007,Trịnh Yến Nhi tình củm ghê :))),,True,,
cmt_showbiz_009_0059,showbiz_009,Minh Hằng hí,,True,,
cmt_showbiz_033_1962_r01,showbiz_033,Nguyễn Hồng Hà bà tin thế em,,True,,
cmt_showbiz020_1004_r38,showbiz_020,"Song Hoàng không phải là ""khá nghiêm trọng ""...mà là rất quan trọng. OK",Trung lập,False,,
cmt_showbiz_043_1807,showbiz_033,Ê nhưng sao bả cười hoài dạ 🙂‍↔️🙂‍↔️🙂‍↔️🙂‍↔️,Trung lập,False,,
cmt_showbiz_033_2008_r06,showbiz_033,Anh Vland chuẩn,,True,,
cmt_showbiz004_0001_r05,showbiz_004,"J.ul tôi cũng vừa nói nhau với mấy đứa đấy xong bạn ak , nghĩ haz thật, bán hàng giả kém chất lượng có hại cho sức khỏe mà chúng nó còn bênh dk , chắc ng nhà nó k mua phải lên nó mạnh mồm nói thế chứ thử hỏi ng nhà nó mua phải uống bao nhiêu năm rồi phát bệnh ra  liệu nó còn bênh dk k , nghĩ haz tư duy bênh",Phẫn nộ,False,,
cmt_showbiz_020_1786,showbiz_020,Lên thớt . buồn,,True,,
cmt_showbiz_044_0760,showbiz_034,Cho ta chỉ hử😆,Trung lập,False,,
cmt_showbiz_033_1942_r25,showbiz_033,Dõan Đại Hiệp đúng là đại hiệp,,True,,
cmt_showbiz_013_0119,showbiz_013,"Thích được bệnh giống Bắp, quạ mổ này 😡",Trung lập,False,,
cmt_showbiz_011_0218,showbiz_011,Ối giồi ôi...!!! twist mới nữa hả?,Cà khịa,False,,
cmt_showbiz_033_1940_r168,showbiz_033,Linh Neymar Jr. chuẩn,,True,,
cmt_showbiz_007_0208,showbiz_007,Lê Phương Thanh haiz,,True,,
cmt_showbiz_004_0065,showbiz_004,Quảng cáo...nổi đanh...lừa....,,True,,
cmt_showbiz020_2869_r01,showbiz_020,"Thuý Diệu ok e iu nha, kệ cmnd",,True,,
cmt_showbiz020_3029_r11,showbiz_020,Vi Vo uh đúng rồi ạ nhưng nói đây họ chưa đưa ra công bố kết luận gì a.nen ta chưa nên nói họ vậy a.,Trung lập,False,,
cmt_showbiz011_0027_r04,showbiz_011,"Ngọc Hoa nó đc tiền á bà, bòn quá đi chứ",Cà khịa,False,,
cmt_showbiz_033_1957_r22,showbiz_033,Khuyên Đô hường khg hàng giả chỉ trốn thuế,Trung lập,False,,
cmt_showbiz_024_0252,showbiz_024,Ủa mà sao ở trong nhà mà biết Sài hay v tr,Trung lập,False,,
cmt_showbiz_006_0123,showbiz_006,🥰,,True,,
cmt_showbiz_011_0263,showbiz_011,Thầy đỉnh thật,Ủng hộ,False,,
cmt_showbiz020_1004_r35,showbiz_020,Vu Doan Tram Anh bạn sắp bị bế đi rồi,,True,,
cmt_showbiz_020_2852,showbiz_020,Bull Trần,,True,,
cmt_showbiz_017_0084,showbiz_017,Phạm Gia,,True,,
cmt_showbiz020_2671_r01,showbiz_020,Nhí Dương thời toi,,True,,
cmt_showbiz_005_0029,showbiz_005,Sương Cao hài ẹ,,True,,
cmt_showbiz018_0005_r12,showbiz_018,"Hạ Trang càng về sau càng tệ đó bạn, admin thì lạm quyền kéo mem sang bạo lực member khác, dung túng không giải quyết, rồi lòi ra một đống phốt xong lưu trữ gr luôn, t vào từ cái thời nó còn bổ ích đến lúc đóng thì cũng không tha thiết gì nữa",Phẫn nộ,False,,
cmt_showbiz_020_0637,showbiz_020,Mình dốt toán ae giải dùm mình với,Trung lập,False,,
cmt_showbiz019_0025_r23,showbiz_019,Nguyễn Bảo Ngọc cần kiểm chứng với những con người này . Người việt lại dìm hàng việt trong khi viên kẹo k gây ảnh hưởng sk chỉ noi sai trong lượng còn hơn nhung nguoi nâng đở hàng nước ngoài trong khi k bit sản xuất ntn . Quảng cáo cũng lố như ai . Vậy mà lên án ngkhac,,True,,
cmt_showbiz_020_3030,showbiz_020,Sai là dùng tiền bẩn xây thì quá là sai,Trung lập,False,,
cmt_showbiz_034_1172_r01,showbiz_034,Thanhha Le a sắp cứu mỹ nhân đy,,True,,
cmt_showbiz_020_1399,showbiz_020,Mong chính quyền tịch thu hết tài sản của tụi nó. Đem ủng hộ thiên tai.,Trung lập,False,,
cmt_showbiz_044_2175,showbiz_034,Dũng sĩ diệt Starup. :),Cà khịa,False,,
cmt_showbiz_020_1697,showbiz_020,Huyền Thái,,True,,
cmt_showbiz_008_0184,showbiz_008,Rẻ jack nay có giá 55 củ,Trung lập,False,,
cmt_showbiz_009_0331,showbiz_009,Lê Thị Hương m theo phe nào nói luôn đi,,True,,
cmt_showbiz004_0005_r04,showbiz_004,Long Hoàng,Trung lập,False,,
cmt_showbiz_033_1940_r328,showbiz_033,Tuyền Văn Hóa giống chị sáu đi giữa hai hàng lính...,Trung lập,False,,
cmt_showbiz007_0046_r05,showbiz_007,Đường Tam Tạng  của Jack đây có chị e nào muốn giao lưu làm vài nháy khai trương vs Jack k nào 🤣🤣🤣🤣,Trung lập,False,,
cmt_showbiz004_0009_r27,showbiz_004,"Lưu Bích Trâm lúc nó vào capcap hay trước lúc đăng có thể cắt đj mà , nó ko cắt post lên để lùa mấy đứa fan trâu bò :)))",Cà khịa,False,,
cmt_showbiz_020_1659,showbiz_020,🎁 Nhận quà liền tay – vào nhận ngay! mb6688.store,Trung lập,False,,
cmt_showbiz016_0019_r01,showbiz_016,Bùi Văn Định Ảnh này là đợt tự lên mà. Dc mấy hôm rồi. Áo phông trắng quần jean xanh,Trung lập,False,,
cmt_showbiz_023_0125,showbiz_023,Bé này là con nuôi ở làng nụ nhá,Trung lập,False,,
cmt_showbiz_033_0001_r98,showbiz_033,Hùng Mộc thấy ngày xưa vụ nước hoa thanh hương nguyễn văn 12 đi tù sướng hơn ở ngoài có tiền là tiên án kinh tế bồi thường tiền nhiều giám án như trịnh văn quyết FLC,Cà khịa,False,,
cmt_showbiz018_0008_r02,showbiz_018,Châu Khang Tuyết Như Đức Phú,,True,,
cmt_showbiz_044_2036,showbiz_034,,,True,,
cmt_showbiz_044_1276,showbiz_034,Bất nghĩa sẽ bất tín bất nhân. Chú trình của kẻ nào đó?!,Trung lập,False,,
cmt_showbiz_020_2231,showbiz_020,Tôn Thất Tuệ,,True,,
cmt_showbiz_021_0079,showbiz_021,Rẻ nhỉ,Trung lập,False,,
cmt_showbiz004_0008_r04,showbiz_004,"Nguyễn Thắng Lợi công cụ gây án thì chả có quyền tạm thu, tới cả con người kia còn tạm giam đc chứ nói gì 1 cái trang trên mxh bro",Cà khịa,False,,
cmt_showbiz_032_0056,showbiz_032,Đêm kinh hoàng 😌,Trung lập,False,,
cmt_showbiz018_0048_r09,showbiz_018,"Trần Loan đang bảo con bé kia ngoại tình 1 lần r kia kìa, t thấy del tin dc",Trung lập,False,,
cmt_showbiz_012_0089,showbiz_012,Ko biết đâu mà lần,,True,,
cmt_showbiz_021_0146,showbiz_021,kính triếu yêu mà lớp trang điểm,Trung lập,False,,
cmt_showbiz_020_1268,showbiz_020,"https://www.facebook.com/groups/1563104171525841 cho e thả cái nhóm vào hóng, lát em quay lại nha",,True,,
cmt_showbiz_033_1437_r48,showbiz_033,Hường Nguyễn Thị Nín…,,True,,
cmt_showbiz_033_1419_r01,showbiz_033,Lê Thu Thảo My chắc kiểu biết bị bắt rồi nên cười tươi vô để ngta tưởng dỡn rồi ekip nó up bài video đi từ thiện blabla ngta k biết tưởng nó chơi chơi chứ k bị bắt,Trung lập,False,,
cmt_showbiz_020_0343,showbiz_020,Khủng khiếp quá,Trung lập,False,,
cmt_showbiz_020_3610,showbiz_020,Khổ khi con người ta lúc thịnh vượng thì không có điều tiếng gì nhưng lúc dậu đổ bìm leo thì cái này không đc cái kia không đc mệt lắm,Trung lập,False,,
cmt_showbiz_020_2700,showbiz_020,Xin mời thì sinh tiếp theo…,Trung lập,False,,
cmt_showbiz004_0013_r05,showbiz_004,"Mei Mei nó co uon đau,kkk",Ủng hộ,False,,
cmt_showbiz_043_1556,showbiz_033,Đéo hiểu sao từ lúc bị túm cứ cười nhơn nhơn 😒. Muốn vả thật,Trung lập,False,,
cmt_showbiz_004_0216,showbiz_004,"Tất cả những kẻ làm ăn thất đức , lừa đảo mới nhanh giàu. 
Cần phải loại bỏ để cho XH được sạch sẽ ! 
Nhiều người vào tung hô nó là tuổi trẻ tài cao. 
Ai tung hô thì vô tù chăm sóc nó nha.",Trung lập,False,,
cmt_showbiz_033_0001_r105,showbiz_033,"Nguyễn Việt Tùng tiền núi khi đã trốn thuế tới 1,8k tỏi thì chưa tuyên án chứ tuyên án lúc đó t sợ đái ỉa tại chỗ chứ cười. Trương mỹ lan còn cúp điện nói gì mấy tay dạt dẹo này. Chưa tính nếu dính vào sx hàng giả thì còn to tội.! Chiếc ô lớn đến đâu 1 khi đã rách thì mưa vẫn lọt thôi.",Phẫn nộ,False,,
cmt_showbiz_044_1862,showbiz_034,Tiễn shark,Trung lập,False,,
cmt_showbiz_020_3306,showbiz_020,Thì kệ người ta,Trung lập,False,,
cmt_showbiz_043_1061,showbiz_033,Nụ cười như k hề có chuyện gì,Trung lập,False,,
cmt_showbiz_033_1940_r476,showbiz_033,Tuyền Văn Hóa nguyễn thị nhung,,True,,
cmt_showbiz007_0033_r01,showbiz_007,Trâm Phạm bỏ qua tnao đc cái loại bỏ con,Trung lập,False,,
cmt_showbiz022_0007_r17,showbiz_022,Lê Trọng Đức có nó chả tung vội,,True,,
cmt_showbiz_033_1955_r03,showbiz_033,Dũng Nguyễn Đúng đó,,True,,
cmt_showbiz019_0002_r23,showbiz_019,Bí Mật Showbiz nó còn lập lờ vụ chứng nhận FDA nữa :)) FDA nào chứng nhận cái giống ôn này,Cà khịa,False,,
cmt_showbiz_034_0005_r01,showbiz_034,Ly Ngo muốn giàu như họ khum,,True,,
cmt_showbiz021_0005_r08,showbiz_021,Nguồn cung quá nhiều thì rớt giá thôi :)),Cà khịa,False,,
cmt_showbiz_033_1940_r25,showbiz_033,Trâm Lê nước chó chấm chó mà.,,True,,
cmt_showbiz_020_2835,showbiz_020,Be Heo,,True,,
cmt_showbiz_009_0172,showbiz_009,Ngann Ng,,True,,
cmt_showbiz_018_0104,showbiz_018,Ủa thấy hay tư vấn tình yêu lắm mà! Đúng là ai nói chuyện mà chẳng hay đúng không! Hơi buồn! Ai rồi cũng sẽ khác!,Trung lập,False,,
cmt_showbiz004_0004_r18,showbiz_004,"Phan Thanh k biết ngu hay cố tính ngu nữa, thôi cứ ngu tiếp vậy đi rồi tự mình làm tấm gương cho con cháu nó noi theo nhé 😏😏",Phẫn nộ,False,,
cmt_showbiz_034_0651_r01,showbiz_034,Thuỳ Trang cướp của  đồng đội á em,,True,,
cmt_showbiz_033_1940_r293,showbiz_033,"Tuyền Văn Hóa Tôi ko tin HH bị bắt. Hh luôn là người phụ nữ rất,tuyệt vời. Rất có tài và có tâm. Chị luôn ủng hộ em mọi việc em làm . Chúng nó vì ghen ăn tức ở mới  nói xấu em gìm em thôi. Khổ thán em.",Trung lập,False,,
cmt_showbiz016_0010_r14,showbiz_016,"Đặng Minh Đức đưa acc thật cho m vào check đem ảnh t ra công kích à, tao lại rành mấy thằng nhóc con m quá",Phẫn nộ,False,,
cmt_showbiz_017_0054,showbiz_017,,,True,,
cmt_showbiz_033_1942_r80,showbiz_033,"Văn Quang im im thì lại khó giàu.mà thực sự mình chưa tin tưởng ai nổi tiếng ở các trang mạng xã Hội cả, nếu có hâm mộ, ngưỡng mộ thì có nhưng nói về lòng tin trả tin ai hết",Trung lập,False,,
cmt_showbiz023_0003_r26,showbiz_023,Lovely Linh nó bị điên á mà kkk,,True,,
cmt_showbiz007_0028_r17,showbiz_007,Hau Nguyen đc dúi tiền á,,True,,
cmt_showbiz_034_1090_r06,showbiz_034,Hàng Nhật nội địa  chính hãng Bình Mê L,,True,,
cmt_showbiz_023_0123,showbiz_023,.,,True,,
cmt_showbiz007_0029_r01,showbiz_007,"Bảo Ming thì tháng 2 là bầu được 6 tháng rồi phá,lúc này dễ dính bầu khi mà phá thai lắm,bạn vô đọc kĩ bài TA là hiểu",Trung lập,False,,
cmt_showbiz_012_0224,showbiz_012,ăn cả cứt,Trung lập,False,,
cmt_showbiz_018_0277,showbiz_018,Mắc ỉa,Trung lập,False,,
cmt_showbiz024_0004_r08,showbiz_024,Tony Tran Có tiền mà ko từ cái tài ra thì chắc chắn sẽ có tật. Cái đó chả cần bàn cãi hay nhắc tới. Cái ngạn ngữ của dân gian là có tài có tật. Ko cần chính,Trung lập,False,,
cmt_showbiz_011_0206,showbiz_011,Bich Thuy dramma hot nhất hiện nay cho m bt :),Cà khịa,False,,
cmt_showbiz009_0020_r04,showbiz_009,Ngọc Hồng Lựu cùng 1 loại nên nó thế.,Trung lập,False,,
cmt_showbiz_009_0035,showbiz_009,Đã là người thứ ba là chấp nhận thì buộc phải chấp nhận mấy cái của chính thất rồi. Chứ ko ngta đường đường chính đâu gọi là người t3 làm gì cha🤣 giống như chấp nhận người có vợ con còn đc nói gì ba cái hình ảnh của cha 😌,Cà khịa,False,,
cmt_showbiz_009_0159,showbiz_009,"Thằng này từ xưa hồi tứ hoàng đã toàn được 3 ông còn lại kêu oai oái vì tiền dồn hết vào bđs với mua cổ phần,gọi nó là mr sự nghiệp đâu có sai cần gì lùa gà toàn gà tự chui vào chuồng chứ anh có tốn tí sức nào đâu,cuối cùng 3 đứa hưởng lợi lẫn nhau và chỉ đổi lại chút tai tiếng 😂😂",Trung lập,False,,
cmt_showbiz_034_1076_r05,showbiz_034,Nên Tag CA vào :))) BML và Búp phê đi xa rồi nổi ntn dễ vớt lắm :)))),,True,,
cmt_showbiz_043_0888,showbiz_033,Đời vẩn tươi,Trung lập,False,,
cmt_showbiz_021_0073,showbiz_021,Chung Nguyễn em mà biết em cắm mẹ xe đi 2 ae đi:)),Cà khịa,False,,
cmt_showbiz010_0046_r05,showbiz_010,Kỳ Anh em méo thích th này 😆,,True,,
cmt_showbiz_020_1644,showbiz_020,Yên Lương Minh Tiên,,True,,
cmt_showbiz_007_0303,showbiz_007,Thư Thư,,True,,
cmt_showbiz023_0003_r10,showbiz_023,Cao Thanh 🤮,,True,,
cmt_showbiz_034_1076_r17,showbiz_034,Dương Ngọc Linh tin chuẩn chưa để đi đồn,,True,,
cmt_showbiz_033_1953_r70,showbiz_033,Nguyễn Công Tú Bán hàng kém chất lượng là sai với đời ròii,Phẫn nộ,False,,
cmt_showbiz_043_1415,showbiz_033,chụp ảnh vẫn tươi thật,Trung lập,False,,
cmt_showbiz004_0009_r17,showbiz_004,Người đẹp cần xem chiếc này kỹ hơn thì qua bên em bài T3 nha 🥰,,True,,
cmt_showbiz_033_1556_r01,showbiz_033,Nhung Cao chụp ảnh tươi kia 😒,,True,,
cmt_showbiz_018_0072,showbiz_018,"Phí thanh xuân của bả,,cảm thấy thương tất cả phụ nữ chúng ta❤️",Đồng cảm,False,,
cmt_showbiz011_0047_r05,showbiz_011,"Phương Phương Có dám kiện ko, con kia nắm bằng chứng ko đưa ra đó, cho nó kiện rồi ra tòa mới đưa, virus mới tan tành",Phẫn nộ,False,,
cmt_showbiz_011_0058,showbiz_011,"Cuối cùng J97 vẫn tốt hơn, ảnh tệ nhưng ảnh không lèm bèm",Ủng hộ,False,,
cmt_showbiz_020_1958,showbiz_020,Lịch Lê,,True,,
cmt_showbiz_012_0057,showbiz_012,Ánh đẹp hơn con 98,Cà khịa,False,,
cmt_showbiz_034_0009_r15,showbiz_034,"Hrung Bya đợt lũ này. C có ủng hộ miếng nào, chia bớt cho người nghèo hơn c chưa ạ :))))",Cà khịa,False,,
cmt_showbiz_034_0006_r14,showbiz_034,Hùng Phan,,True,,
cmt_showbiz_044_2224,showbiz_034,Quá vừa lòng,Trung lập,False,,
cmt_showbiz_044_2215,showbiz_034,Nhiều tiền cũng ko sướng đâu,Trung lập,False,,
cmt_showbiz024_0004_r06,showbiz_024,Cương Ngọc Nguyễn may quần áo trại!,,True,,
cmt_showbiz_033_1942_r13,showbiz_033,Dõan Đại Hiệp nghiện giờ còn k muốn bắt ấy,,True,,
cmt_showbiz_033_0001_r131,showbiz_033,Hồng Chill chuẩn,,True,,
cmt_showbiz008_0005_r12,showbiz_008,Phạm Hùng Sơn thắc mắc là sau bên kia không kiện vu khống mà im lặng quá. Cứ làm phát cho xong chứ hở chút quay xe mệt vãi lìn.,Trung lập,False,,
cmt_showbiz012_0011_r02,showbiz_012,Tui tưởng chỉ có mấy bà mấy cô mê C thôi chứ.Hihihi,Cà khịa,False,,
cmt_showbiz_044_1803,showbiz_034,Khả năng cao là Toang 🙏😂,Trung lập,False,,
cmt_showbiz018_0010_r03,showbiz_018,"Khánh Linh đàn ông 50 tuổi lấy được vợ khi giàu, đàn bà 50 tuổi lấy được chồng cũng chỉ khi giàu thôi :)))",Cà khịa,False,,
cmt_showbiz_011_0135,showbiz_011,Cần phải kiểm soát chặt chẽ để cứu lấy tương lai đất nước,Phẫn nộ,False,,
cmt_showbiz_032_0119,showbiz_032,Búi tóc đêm CK vô top 2 trùng hợp thật.,Trung lập,False,,
cmt_showbiz_020_1051,showbiz_020,Làm 1 đời. Bây giờ chó ăn hết.,Trung lập,False,,
cmt_showbiz_004_0237,showbiz_004,"Tôi đố ông nào tìm được  ông ,bà nào kinh doanh toàn đồ thật mà giầu ,thật giầu nghe .?",Cà khịa,False,,
cmt_showbiz_033_2001_r01,showbiz_033,Tran An nó làm như thế mới Lừa đc nhiều hơn,Trung lập,False,,
cmt_showbiz_044_2416,showbiz_034,🙏🙏🙏  đời kg như tg nhé 🤣,Trung lập,False,,
cmt_showbiz_044_2003,showbiz_034,Kiều Tâm,,True,,
cmt_showbiz_020_1516,showbiz_020,Thuỷ Đàm Đàm Thanh Tâm Mai đi xa luôn rồi 🥹,,True,,
cmt_showbiz_033_1952_r07,showbiz_033,Tuan Tran Minh tag vk ông vào gấp 🤣🤣🤣,,True,,
cmt_showbiz_018_0167,showbiz_018,"một, một lền",Trung lập,False,,
cmt_showbiz_033_1940_r443,showbiz_033,Tuyền Văn Hóa,,True,,
cmt_showbiz_012_0219,showbiz_012,sao toàn người giầu có và xinh đẹp cái gì cũng có mà lại thiếu đạo đức và sự lương thiện thế nhỉ? xh bây giờ biết tin ai?,Trung lập,False,,
cmt_showbiz_033_1940_r424,showbiz_033,Tuyền Văn Hóa ngưỡng mộ c ấy sao giàu cỡ đó hoá ra toàn đào lửa,Trung lập,False,,
cmt_showbiz019_0020_r07,showbiz_019,"Phương Lan Trịnh Nguyễn cty livestream bán sản phẩm do 2 anh em Đại dương và tiểu dương làm chủ, 2ae xuất phát từ làm idol tiktok làm clip hài rồi phất lên mở được cái công ty to đùng tên Ba con cừu, ban đầu mn tin tưởng 2ae vì quảng cáo chân thật sản phẩm, nhưng mới năm ngoái dính cái phốt to đùng là cty bán hàng nói dối nguồn gốc xuất xứ, ông em Tiểu dương ngoại tình,bị vợ phát hiện lập mưu tống tiểu tam vào tù, 2ae đã bị cấm sống , và đang tuồn hàng hóa tồn kho của cty ra ngoài với giá rẻ, nhất là  với các thị trường Đông nam á",,True,,
cmt_showbiz_019_0010,showbiz_019,Sao ko nhắc tới lỗi: Thiếu đạo đức nhỉ? Cái đó là căn cốt mà???,Phẫn nộ,False,,
cmt_showbiz020_0189_r02,showbiz_020,Diệp Quỳnh 2 ngàn bảy trăm tỏi🤣,,True,,
cmt_showbiz_044_1050,showbiz_034,Hằng Nguyễn,,True,,
cmt_showbiz_011_0239,showbiz_011,Hay thề lắm đợt này chớt mẹ nè,Cà khịa,False,,
cmt_showbiz_020_3214,showbiz_020,"Bố cái loại báo vớ vẩn.  Nta có tiền thì nta xây , ngòii đây mà sân si.  Bố m có tiền bố m cũng xây cho cả họ.",Trung lập,False,,
cmt_showbiz_020_2158,showbiz_020,Le Hanh,,True,,
cmt_showbiz011_0047_r06,showbiz_011,Nguyen Ga Thái thì z mới khịa đó 🤣,Phẫn nộ,False,,
cmt_showbiz_032_0290,showbiz_032,Trên hình đẹp mà trên live ngược vạy troi😂,Trung lập,False,,
cmt_showbiz_033_1978_r20,showbiz_033,"Hà Nguyên ! Trích ra một phần rất nhỏ lợi nhuận kiếm từ việc làm ăn phi pháp làm từ thiện, tạo vỏ bọc hoàn hảo nhưng lưới trời lồng lộng không bg thoát được.",Trung lập,False,,
cmt_showbiz_010_0141,showbiz_010,Tính ra ảnh bảo hoa hồng của nhân viên là thật chứ anh có điêu đâu =)))),Trung lập,False,,
cmt_showbiz_020_1777,showbiz_020,Sếp e!,,True,,
cmt_showbiz_034_2071_r16,showbiz_034,Doãn Trí Bình không ngờ đại hiệp lại nói đc câu hay đến vậy!,Trung lập,False,,
cmt_showbiz007_0037_r05,showbiz_007,Trâm Phạm ứ ừ free đó bạn,,True,,
cmt_showbiz_012_0068,showbiz_012,"Chắc  không  sao  nghỉ  dưỡng  vài  năm ra, xèng vàng  còn  đủ  xài  đến  lúc  chết",Cà khịa,False,,
cmt_showbiz020_1326_r01,showbiz_020,"Ông Đức Phố Thời kỳ thanh lọc này,nhân quả sẽ ko bỏ xót bất kỳ ai.Vũ trụ đang loại bỏ dần những thực thể,mang nguồn nl ko phù hợp với thế giới mới của một kỷ nguyên tương lai mới.
10 phần đi 7 còn 3,đi 2 còn 1 mới ra thái bình.ADIĐÀPHẬT 🙏",Trung lập,False,,
cmt_showbiz_033_0001_r45,showbiz_033,Trần Vân nghe bà PH nói chưa b tề? Khổ cực quá nên bà ra bất mãn luôn dó,Cà khịa,False,,
cmt_showbiz_043_1680,showbiz_033,Ý là cứ cười í 🤣,Trung lập,False,,
cmt_showbiz_021_0036,showbiz_021,Phụ hồ 2 tháng cũng được 😅,Cà khịa,False,,
cmt_showbiz_034_0899_r02,showbiz_034,Hiếu Ngô …Chắc là có …🤣🤣🤣,,True,,
cmt_showbiz_044_0508,showbiz_034,Làm đc bn năm cho kho bạc,Trung lập,False,,
cmt_showbiz_020_2046,showbiz_020,Thùy Linh,,True,,
cmt_showbiz_043_1197,showbiz_033,Đại sứ thương hiệu Luonvuituoi à,Trung lập,False,,
cmt_showbiz_034_2084_r04,showbiz_034,"Dũng Nguyễn chó ăn cức nó quen rồi. tính tẩy trắng lấy lòng tin xong làm kèo nữa đó, tốt đẹp gì đâu cái loại này",Trung lập,False,,
cmt_showbiz_025_0062,showbiz_025,Hãy lo cho cuộc sống của mình còn việc đại sự đã có người lo!,Trung lập,False,,
cmt_showbiz_033_1948_r09,showbiz_033,"Hoàng Long bạn ý tốt thật nhưng hàng của hh dùng k như quảng cáo tâm này năm ngoái mình mua cặp dau goi, gọi chán lắm",,True,,
cmt_showbiz_011_0234,showbiz_011,Bùi Khánh Huyền Ngọc Kem đăng nhạc jack là hiểu r :))),Cà khịa,False,,
cmt_showbiz011_0036_r06,showbiz_011,Lê Thị Mỹ Huyền tại cây láp nó to,,True,,
cmt_showbiz_011_0045,showbiz_011,Lan Anh Nguyen =)))) nè c,,True,,
cmt_showbiz019_0183_r04,showbiz_019,"Ying Ying gian ác còn lươn lẹo , ăn trên xương máu ngta 😀 tội chưa xử á",Trung lập,False,,
cmt_showbiz_012_0056,showbiz_012,"Bắt nhiều thật, đội ngũ nhân sự Juve năm nay hoạt động tích cực quá 😆",Cà khịa,False,,
cmt_showbiz_021_0026,showbiz_021,Giá rớt ae nhể? Rẻ phết😂,Cà khịa,False,,
cmt_showbiz_020_1799,showbiz_020,thiệc hong,,True,,
cmt_showbiz_044_1229,showbiz_034,Rồi lá lại rụng về cội thôi...nhiều nhà tò đang xây cất...,Trung lập,False,,
cmt_showbiz004_0003_r01,showbiz_004,Lê Quốc Hiếu đồng ý quan điểm. Thật sự mấy cò đất cũng làm từ thiện dữ lắm🤣,Đồng cảm,False,,
cmt_showbiz_033_1940_r528,showbiz_033,Ngọc Toàn thế chú cũng bị lừa à,,True,,
cmt_showbiz008_0016_r08,showbiz_008,"Ngọc Như em tag chị vô có gì hem,sao xoá cmt rồi",,True,,
cmt_showbiz_019_0387,showbiz_019,chạy đâu cho hết nắng :))),Trung lập,False,,
cmt_showbiz_004_0197,showbiz_004,"Đúng vậy 
Làm ăn tử tế chỉ đủ ăn chứ không sa hoa được 
Cầu mong mọi người làm ăn tử tế",Ủng hộ,False,,
cmt_showbiz_044_0014,showbiz_034,Giới hoan hô công an,Ủng hộ,False,,
cmt_showbiz020_2150_r10,showbiz_020,Thanh Vinh,,True,,
cmt_showbiz_033_0001_r05,showbiz_033,Nguyễn Việt Tùng một khi bi làm thit thi nhiêu tiền cho đủ 🤣,Cà khịa,False,,
cmt_showbiz009_0042_r01,showbiz_009,Lan Anh đặc trưng của thằng đặc cầu này rồi cậu ạ. Tớ cũng thấy tởm ☠️,Trung lập,False,,
cmt_showbiz_033_1958_r03,showbiz_033,Hoà Lê Quang nói xàm gì vậy,,True,,
cmt_showbiz_044_2275,showbiz_034,Bình của 3 năm trước như này.thì em PO có yêu anh ko.,Trung lập,False,,
cmt_showbiz_032_0251,showbiz_032,Nhìn cũng hợp MW nè,Trung lập,False,,
cmt_showbiz_020_1213,showbiz_020,Khổ mấy bạn nhân viên mất việc .,Trung lập,False,,
cmt_showbiz019_0033_r01,showbiz_019,Phương Dung đúng vậy chúng nó live bán đầy ra đã bóc thì bóc hết cho công bằng đi.,Trung lập,False,,
cmt_showbiz_044_0163,showbiz_034,Đây kiểu làm giả ăn thật. Giàu kiểu này sao mà bền đc,Trung lập,False,,
cmt_showbiz_012_0104,showbiz_012,"Nếu đúng vậy , rất tiếc cho DV nổi tiếng , được ngưỡng mộ !",Đồng cảm,False,,
cmt_showbiz_043_1369,showbiz_033,Nhiều người cũng ko bằng người ta đâu mà thấy lên đây cũng chửi ghê quá..thật bất công với những người lương thiện cũng cống hiến làm từ thiện quá nhiều mà đến lúc vẫn chỉ dk  nhận lại những lời cay độc ..thật chả hiểu con người,Trung lập,False,,
cmt_showbiz_020_0766,showbiz_020,Khủng thiệt,Trung lập,False,,
cmt_showbiz016_0028_r15,showbiz_016,Nguyễn Tiếm Luân liêm nhưng sĩ 🤣,,True,,
cmt_showbiz_044_1547,showbiz_034,Nhìn Cá Mập này cứ hãm thế nào ấy 🤭🤭🤭,,True,,
cmt_showbiz020_0900_r03,showbiz_020,"Dương Tâm Như chỉ khả thi để 2 danh từ đứng kế nhau là khi ông đó tên là Magic 😑, như kiểu Doctor Thanh, Doctor Đồng",Trung lập,False,,
cmt_showbiz_006_0106,showbiz_006,Vinh Đào,,True,,
cmt_showbiz_004_0142,showbiz_004,"Sao t ghét 2 đứa này quá trời, gian manh xảo trá, hại người, gong cổ đi hết dùm đi 🙏",Phẫn nộ,False,,
cmt_showbiz_024_0002,showbiz_024,Bảo sao lắm bộ thời trang do đội này thiết kế người mẫu mặc nhìn như người trời,Trung lập,False,,
cmt_showbiz_008_0304,showbiz_008,vậy là bé sol nhịn 11 tháng à =)),,True,,
cmt_showbiz_006_0054,showbiz_006,Tôi có thắc mắc tại sao đến tận bây giờ Jack mới có động thái gọi là kiện nhỉ?,Trung lập,False,,
cmt_showbiz020_2841_r38,showbiz_020,Minh Hải có hiểu chữ Phật là gì không mà dám nói câu Phật là Ma vậy?,Trung lập,False,,
cmt_showbiz_020_2747,showbiz_020,😛,,True,,
cmt_showbiz007_0048_r04,showbiz_007,Project Runway Vietnam chị Phương,,True,,
cmt_showbiz011_0026_r02,showbiz_011,Chu Tuấn Anh anh đâu có đẹp cở KSH mà đòi tẩy :))) bữa nay anh thức tới sáng,Cà khịa,False,,
cmt_showbiz010_0004_r04,showbiz_010,Quỳnh Như,,True,,
cmt_showbiz020_2483_r01,showbiz_020,Phuong Nguyen,,True,,
cmt_showbiz_043_0562,showbiz_033,Nhìn tươi như chụp ảnh CCCD ý nhỉ.,Trung lập,False,,
cmt_showbiz018_0023_r09,showbiz_018,Nhi Trần founder của cái nhóm sẽ education hơn triệu members nên nhiều người biết b à,,True,,
cmt_showbiz011_0038_r06,showbiz_011,Na Quỳ thật sao có loại mặt dày như thằng này ko biết 😂,Cà khịa,False,,
cmt_showbiz_012_0024,showbiz_012,Thật hay đùa vậy ?,,True,,
cmt_showbiz030_0005_r06,showbiz_030,Mai Hoài Bảo ca sĩ chợ thui chứ sao hạng nó lm lớn ra tò tới nơi,Trung lập,False,,
cmt_showbiz_034_0037_r05,showbiz_034,Hoàng Huy Châu  mô i.  Vén. Lên.  Mô ng. Lec.  Xanh xanh.   Nhìn. Hoi.  Ghê b hi,,True,,
cmt_showbiz_033_1946_r21,showbiz_033,"Trung Nguyên tôi bán quả táo 100k tôi nhập 5k tôi mang đi từ thiện 2,5k. Ông ủng hộ tôi 1000 quả đi việc thiện nào cũng sẽ có mặt tôi 🐧",Trung lập,False,,
cmt_showbiz_030_0039,showbiz_030,"D.A.vy cho no bai độc quyền "" lấy con chim ra ne,xog bắt con c'u a nhét zo ..."" cho nó tự đặt tên đi. Chưa gì tự cho mình tài năng rồi.",Trung lập,False,,
cmt_showbiz_020_0688,showbiz_020,Nhìu chuyện,Trung lập,False,,
cmt_showbiz004_0100_r01,showbiz_004,"Nguyên Hồ 🔥'CAM của mấy Chú CA đỉnh. Tí thì k nhận ra N98 Iuôn á 😂 Iời khaii của N98 đâyy nè.. semm bênn ➡️  Hóng Hớt Đường Phố

😅",Cà khịa,False,,
cmt_showbiz011_0048_r09,showbiz_011,"Lê Thị Hà Ly do bả kia nữa thôi, đã bắt bỏ 1 đứa còn chơi nó chơi nữa thì nó cũng kp dang vừa :))) quá xứng đôi vừa lứa",Cà khịa,False,,
cmt_showbiz_006_0059,showbiz_006,😱,,True,,
cmt_showbiz_044_0288,showbiz_034,nghèo tí mà ko nói phét ko phạm pháp thì vẫn là ok ăn tiền bẩn xong nói đạo lý vứt vứt hết vào tù,Trung lập,False,,
cmt_showbiz015_0003_r03,showbiz_015,"Sáng Duyên  mình không bênh, nhưng cái xã hội này đặc biệt là những người có tư tưởng như bạn. Người ta làm tốt 100 lần bạn k để ý, người ta làm sai 1 lần bạn lên ý kiến về họ? 
Bạn có chắc là đời bạn chưa từng sai không? Đánh người chạy đi không ai đánh người chạy lại, thay vì nói lời cay đắng thì không nói tốt hơn, họ làm sai tự họ chịu chứ bọn có chịu thay họ đéo đâu",Trung lập,False,,
cmt_showbiz_032_0035,showbiz_032,"Coking show, năm sau dẹp đi",Trung lập,False,,
cmt_showbiz_034_1077_r06,showbiz_034,Giang Nguyen nhập đội Juventus thôi sau shark Thuỷ sẽ là cá mập B Ì N H nhỉ,Trung lập,False,,
cmt_showbiz_007_0209,showbiz_007,Kim Ngân ,,True,,
cmt_showbiz_004_0228,showbiz_004,Bọn này cho đu tù hết,Phẫn nộ,False,,
cmt_showbiz004_0011_r04,showbiz_004,"Phòng, chống ma túy - Công an TP. Hồ Chí Minh ê cô luôn",,True,,
cmt_showbiz013_0027_r06,showbiz_013,Nguyen Anh Tuan thật không bạn để mình đi đồn,,True,,
cmt_showbiz_011_0150,showbiz_011,Khỏi cãi nx nha:)),,True,,
cmt_showbiz004_0007_r05,showbiz_004,"Trung Trung 😄khi yêu quái hiện nguyên hình cơ mà, chứ lúc xinh đẹp là  biến hình để mê hoặc ng roài 😅",Cà khịa,False,,
cmt_showbiz_034_0001_r04,showbiz_034,Diễn Đàn Tây Nguyên,,True,,
cmt_showbiz_008_0058,showbiz_008,Ánh Ngọcc kìa,,True,,
cmt_showbiz_043_1247,showbiz_033,Chắc nhiều tiền chạy nên cười tươi như vậy nạ!,Trung lập,False,,
cmt_showbiz_019_0005,showbiz_019,"nếu nhận hoàn toàn trách nhiệm, xin lỗi chân thành và sẵn sàng đền bù thiệt hại cho khách hàng đã mua. thì mọi chuyện đâu có đi quá xa.",Ủng hộ,False,,
cmt_showbiz_007_0319,showbiz_007,Bảo Trân,,True,,
cmt_showbiz_004_0183,showbiz_004,Cán bộ cử hẳn 1 người chuyên  rep còm của dân à . Ko thấy sót cái nào 😆😆😆,Cà khịa,False,,
cmt_showbiz011_0036_r01,showbiz_011,Lê Thị Mỹ Huyền xì 1 cái cả làng chạy 🥲,,True,,
cmt_showbiz_033_0001_r176,showbiz_033,Hùng Mộc nghỉ dưỡng chứ còn gì dân nào trong tù mà biết nó phải lao động đâu,Cà khịa,False,,
cmt_showbiz_004_0153,showbiz_004,"tui hiểu cảm giác của ông , ông đừng diễn nữa cho ta chửi ông thêm",Phẫn nộ,False,,
cmt_showbiz013_0112_r02,showbiz_013,Nguyễn Quang Huy Ra vẻ thẩm phán 🤣,,True,,
cmt_showbiz_033_1857_r01,showbiz_033,Diệp Trần thể hiện khí chất ấy,,True,,
cmt_showbiz_018_0403,showbiz_018,Đặng Dung,,True,,
cmt_showbiz_043_1558,showbiz_033,Hệ sinh thái tai to mặt béo. Toàn face id ăn nữa ăn tiếp,Trung lập,False,,
cmt_showbiz_004_0095,showbiz_004,Vừa lòng lắm .nó lai làm như bố đời thiên ha .nguyên nguời toàn hàng giả mà làm y như công chúa cái giẻ rách .nhốt càng lâu càng tốt .kiếm tiền phi pháp mà còn không chia sẻ thiên nguyên 1 đồng mà toàn video xài tiền như nước,Phẫn nộ,False,,
cmt_showbiz_020_0724,showbiz_020,Còn nhiều người Đướng tên nữa ko phải nhiêu đó đâu hé,Trung lập,False,,
cmt_showbiz_020_1972,showbiz_020,😲😲,,True,,
cmt_showbiz_044_0800,showbiz_034,Vậy mà Shark hk nhanh trí chuyển cho Gas An Bình một ít đầu tư 😋,Trung lập,False,,
cmt_showbiz_011_0255,showbiz_011,Này thì lấy sự nghiệp con cái ra thề nè he,Cà khịa,False,,
cmt_showbiz009_0039_r02,showbiz_009,Trần Thị Hoài Nhân ê ổng giải thích vậy là mng quay xe rồi á đâu cóa ngồi cmt chửi =))))),Trung lập,False,,
cmt_showbiz_018_0266,showbiz_018,"Là sao?
Khum hỉu",Trung lập,False,,
cmt_showbiz023_0001_r05,showbiz_023,Anh Thơ Hồ Giang sang tuổi thứ 3 bà . Về Bắc Giang mà xem. Đkkh để làm khai sinh cho bé.,Trung lập,False,,
cmt_showbiz_033_0001_r198,showbiz_033,Nguyễn Việt Tùng với tỷ cũng ddax nặng rùi thà tham o nhiều chút còn lay tiền do chạy an,Cà khịa,False,,
cmt_showbiz019_0020_r05,showbiz_019,Lão Fang 3 con cừu là cái gì vậy bạn?,,True,,
cmt_showbiz_008_0081,showbiz_008,Dính án điểm r :)) t cười chec,Trung lập,False,,
cmt_showbiz_043_1353,showbiz_033,Hoàng Thị Hoài Linh  chị H nhà ta biết nè,,True,,
cmt_showbiz020_1520_r05,showbiz_020,Tùng Hoàng u mê ko chịu chấp nhận sự thật à haha,Cà khịa,False,,
cmt_showbiz011_0027_r08,showbiz_011,Trung Kiên ồ quao v là tẩy trắng dc r,,True,,
cmt_showbiz_019_0026,showbiz_019,"Mấy cái lọ này Bên TQ cn sx có mười mấy tệ 1 lọ, nhiều còn chưa đến 10 tệ
Oem nhãn mác, ăn uống chả có chất đg chỉ thêm tốn tiền",Cà khịa,False,,
cmt_showbiz_043_1016,showbiz_033,Lên ảnh thì vẫn phải xinh đẹp. Haha,Trung lập,False,,
cmt_showbiz_004_0126,showbiz_004,"Tội nghiệp cho mấy người tin vào mấy con lởm này, nổi tiếng…về
Thất đức",Phẫn nộ,False,,
cmt_showbiz020_2591_r01,showbiz_020,Song Gio nghiêm hết cỡ thì cũng chỉ hành chính là hết,Trung lập,False,,
cmt_showbiz_033_1940_r295,showbiz_033,Diệp NgọcHoài tượng đài sụp đổ em iu ạ,Trung lập,False,,
cmt_showbiz_020_1013,showbiz_020,Người thì tiền nhiều vô kể mình mong một chút nhỏ thôi cũng đỡ hơn rồi,Trung lập,False,,
cmt_showbiz_011_0080,showbiz_011,"Đọc tin này tin quốc tế còn hay hơn ưa nhau lắm cắn nhau đau chả có ai tốt ở đây cả 
Tất cả như 1 kịch bản và tất cả đều có lợi",Cà khịa,False,,
cmt_showbiz_033_0006_r02,showbiz_033,"Thiên Kim  rồi bạn xem , đổ tội rất nhanh",Trung lập,False,,
cmt_showbiz_033_1941_r79,showbiz_033,Xôi Lạc mày cứ ủng hộ nó đi còn dân quảng bình thì xin lổi nhé .,Trung lập,False,,
cmt_showbiz_004_0068,showbiz_004,"Trong ảnh k phải Ngân 98 đâu, Ngân này sao xấu zữ zậy",Cà khịa,False,,
cmt_showbiz_044_0059,showbiz_034,Mẹ đéo lo làm mà ăn toàn lừa đảo,Phẫn nộ,False,,
cmt_showbiz_012_0023,showbiz_012,Khoe khoang sống sang chảnh ha con,Cà khịa,False,,
cmt_showbiz_033_1940_r317,showbiz_033,Hue Phan cảm ơn bạn chúc bạn và gia đình btvv.hp ấm áp!,Trung lập,False,,
cmt_showbiz016_0021_r01,showbiz_016,Phạm Thanh Hưng ky nguyen vuon minh,,True,,
cmt_showbiz004_0011_r02,showbiz_004,Phùng Thế Linh CLG rất nhạy cảm b nha🤣🤣,Phẫn nộ,False,,
cmt_showbiz_015_0060,showbiz_015,"Alo Sao nhập ngũ đấy à, sao có thể dại dột như thế hả Sao nhập ngũ...",Trung lập,False,,
cmt_showbiz011_0020_r06,showbiz_011,"Kiều Anh đấm gì,dân mạng cho nó bao nhiêu gạch với trứng thối,cần gì ra ngoài.ở biệt phủ gạch ăn trứng thối đủ rồi",Cà khịa,False,,
cmt_showbiz_033_1940_r530,showbiz_033,Quàng Hương gì thế e mình,,True,,
cmt_showbiz012_0020_r01,showbiz_012,Quyền Nguyễn Huong Van,,True,,
cmt_showbiz009_0024_r03,showbiz_009,Tường Vi tộc cái cc,,True,,
cmt_showbiz_009_0055,showbiz_009,Nguyễn Hồng Nhung Vân Anh VũTô Hoài Thu,,True,,
cmt_showbiz_021_0092,showbiz_021,Ngại hết cả phúc sơn =))))))),Cà khịa,False,,
cmt_showbiz020_2182_r02,showbiz_020,Hoài Thương kkk,,True,,
cmt_showbiz020_1004_r01,showbiz_020,Vu Doan Tram Anh báo nào dám nói láo. Đọc thì phải hiểu chứ,Trung lập,False,,
cmt_showbiz_006_0068,showbiz_006,,,True,,
cmt_showbiz_043_0161,showbiz_033,Đằng sau nụ cười  😂 là biển rộng nước mắt 😭,Trung lập,False,,
cmt_showbiz020_1840_r01,showbiz_020,"Nguyen Nhung mình ko biết hết, nhưng ở mình có bạn à. Họ dùng 1 liệu trình năm 2018, đến này vẫn đẹp, ko dùng lại chỉ dùng sp thông thường,  mình ko nói là tất cả, nhưng về mảng cải thiện da mình thấy ok đó ban",Trung lập,False,,
cmt_showbiz009_0028_r02,showbiz_009,"Cường thánh thần, giỡn vậy có nên không trời, em xin phép đá cái vía này bay xuống 18 tầng địa ngục nha trời, anh không ác ai ác, ông cố ơi 🌝",Trung lập,False,,
cmt_showbiz_020_1126,showbiz_020,còn vỏ hộp có dc hoàn tiền k,Trung lập,False,,
cmt_showbiz_018_0026,showbiz_018,"Cưới để làm content à
?",Cà khịa,False,,
cmt_showbiz006_0003_r01,showbiz_006,Nguyễn Quang Huy ủa có nhận r mà,,True,,
cmt_showbiz_004_0132,showbiz_004,"Đọc cmt bênh với kêu tội nghiệp 2 đứa này mà t nản với tư duy cdm. Bán hàng giả hại sức khỏe bao nhiêu người rồi trục lợi ăn sung mặc sướng. Lâu lâu đi từ thiện tẩy trắng mà mấy con ngu vẫn bênh bất chấp. Có đui cũng thấy mờ mờ là 2 đứa này nó mưu mô cỡ nào. Đã bị công an triệu tập 1 lần và thừa biết mắc tội gì nhưng vẫn về nhà đóng vai thiên thần bị hại. Nhập kho rồi vẫn còn lên khóc, mặt dày ăn xin lòng thương hại.",Phẫn nộ,False,,
cmt_showbiz_033_1437_r38,showbiz_033,"Hường Nguyễn Thị tên hường bảo sao bênh nhau thế, vì ngooo giống nhao",Trung lập,False,,
cmt_showbiz_025_0059,showbiz_025,Cho cái tội ngu người....đi là vừa🤣🤣,Trung lập,False,,
cmt_showbiz024_0003_r01,showbiz_024,Dat Nguyen Việt Việt,Trung lập,False,,
cmt_showbiz_020_1696,showbiz_020,<3 <3 <3,,True,,
cmt_showbiz_020_2060,showbiz_020,Hoa Ngo,,True,,
cmt_showbiz_044_1676,showbiz_034,Thằng lùn hết tinh vi.,Trung lập,False,,
cmt_showbiz_006_0033,showbiz_006,Jack việc,Trung lập,False,,
cmt_showbiz011_0046_r01,showbiz_011,Gia Ân vl ạ,,True,,
cmt_showbiz020_3544_r01,showbiz_020,Khánh Phong Đạt Eng nói chuẩn nì,,True,,
cmt_showbiz009_0046_r09,showbiz_009,nghe tới khúc này tui cũng thấy cấn cấn :))))),Trung lập,False,,
cmt_showbiz_011_0086,showbiz_011,Phong sát cho lẹ đi ạh. Lướt feed cứ vi khuẩn xuất hiện miết,Cà khịa,False,,
cmt_showbiz_033_1942_r58,showbiz_033,Dõan Đại Hiệp chấm cho cmt bạn lên top,,True,,
cmt_showbiz015_0002_r06,showbiz_015,Bui Khac Chung hay vl,Trung lập,False,,
cmt_showbiz014_0003_r01,showbiz_014,Hương Trà k kịp :)),,True,,
cmt_showbiz_007_0013,showbiz_007,nhờ ơn nhỏ này mà giờ th jack tầy quầy luôn r 🥰 nghỉ ăn chia nữa luôn nhe con gái,Trung lập,False,,
cmt_showbiz_020_2692,showbiz_020,Năm nay chị đón Noel ở đâu?🥴,Trung lập,False,,
cmt_showbiz_033_1953_r66,showbiz_033,Nguyễn Trãi lừa chỗ này 10 r bù chỗ kia 3 ấy mà,Cà khịa,False,,
cmt_showbiz_033_0001_r41,showbiz_033,Nguyễn Việt Tùng vào chưa mà biết,,True,,
cmt_showbiz_033_0001_r67,showbiz_033,Phan D. Anh chỉ sợ vào rồi tự nhiên phát bệnh hiểm nghèo.,Cà khịa,False,,
cmt_showbiz013_0010_r07,showbiz_013,Hoangplaza Nguyen Hoàng Đàn hay Bạch đàn ??,,True,,
cmt_showbiz_010_0044,showbiz_010,Tú Anh thật là vcđ’😂,,True,,
cmt_showbiz_025_0071,showbiz_025,Gần đây vn bắt rất nhiều người đối lập.  Ko lẻ? 😅,Trung lập,False,,
cmt_showbiz020_1023_r01,showbiz_020,Thành Trần hơn 2000 người nhé.,,True,,
cmt_showbiz_033_1971_r06,showbiz_033,Trần Ánh Hồng thuế chỉ là cái cớ thôi nhé,,True,,
cmt_showbiz_044_2195,showbiz_034,"dù cho trăm khéo ngàn khôn, gặp phải thần..ồn xuống dốc ko phanh:))",Trung lập,False,,
cmt_showbiz009_0033_r02,showbiz_009,Lê Mỹ Hạnh mày chưa biết trước giờ ông này ở chung cư thì nhân viên ra vào như chợ à ? Từ thời NST cả nhà Ngân + trợ lí + nhân viên phải 10 người trong cái chung cư đấy,Trung lập,False,,
cmt_showbiz020_0309_r02,showbiz_020,Bảo Quỳnh  đen :))),,True,,
cmt_showbiz020_2155_r04,showbiz_020,Quỳnh Lâu Ngọc Vũ_琼楼玉宇 🤣🤣🤣,,True,,
cmt_showbiz018_0001_r28,showbiz_018,Inside the Box đáng lẽ k có ai chê bai nếu đôi này k nói đạo lí về tình yêu b à,Cà khịa,False,,
cmt_showbiz_044_2020,showbiz_034,,,True,,
cmt_showbiz_043_1187,showbiz_033,chồng tao chống lưng👏👏👏😏😏😏,Trung lập,False,,
cmt_showbiz_011_0209,showbiz_011,Thể loại này nên phong sát toàn bộ đi,Phẫn nộ,False,,
cmt_showbiz004_0004_r01,showbiz_004,Tanka Quán - 128 Nguyễn Viết Xuân - Hà Đông quán ế lắm hả,,True,,
cmt_showbiz_021_0216,showbiz_021,Mọi người cứ nâng cao quản điểm lên thế Chứ như cô ngọc trình kia có sao đâu,Trung lập,False,,
cmt_showbiz008_0028_r03,showbiz_008,Hieu Ho  có tô chức là mẹ + jec + ô quản lý mệt mỏi.. Là cố tình tô chuc họp báo 🤭,Trung lập,False,,
cmt_showbiz_010_0222,showbiz_010,"“Em nào là nhân viên, em nào là đối tác, con lợn này chối ác”",Trung lập,False,,
cmt_showbiz015_0003_r01,showbiz_015,"Sáng Duyên vãi đạn, mình thấy bạn để thông tin thì bạn học hết có cấp 3 trong khi ổng học hết cao đẳng bảo ngta vô học ảo ma ca na da",Trung lập,False,,
cmt_showbiz011_0020_r02,showbiz_011,"Kiều Anh nhém quả ""RẮM"" ý,bốc mùi ơi là bốc mùi rùi,mà nó cứ cố.khổ e đang tu",Cà khịa,False,,
cmt_showbiz014_0006_r07,showbiz_014,Quốc Thái làm gì có.cược kiếm ló,,True,,
cmt_showbiz_020_3643,showbiz_020,"tao mà có tiền tao xây còn hơn vua càng long nữa , chứ ở đó mà mê tín",Trung lập,False,,
cmt_showbiz_033_1948_r20,showbiz_033,Hoàng T Kim Kiểu quá tam ba bận nà kaaa,,True,,
cmt_showbiz_016_0034,showbiz_016,"đó là lý do tại sao số 36, Bộ pc, ""con chó cao bằng cái ghế"", ""người dùng thread có độ ngu cao bằng người rừng"" tồn tại khắp fb t",Trung lập,False,,
cmt_showbiz013_0013_r08,showbiz_013,Đỗ Tuấn Hải 100 k tiền gì vậy bạn???,,True,,
cmt_showbiz009_0033_r01,showbiz_009,Trần Thanh thà để xiền ăn 3 bát mì cay còn hơn 🤗,Trung lập,False,,
cmt_showbiz_011_0023,showbiz_011,Nhìn cái mặt Iồn thằng này bực đ chịu được. Đã 6 thì bớt nói lại đi tr.😌,Phẫn nộ,False,,
cmt_showbiz_020_0915,showbiz_020,Rồi số tài sản này đi về đâuu :))),Trung lập,False,,
cmt_showbiz_011_0192,showbiz_011,=)) Vai dớt vẫn thua rách nhé.,Cà khịa,False,,
cmt_showbiz_012_0028,showbiz_012,An roi phải nha ra chu  gio ko tjnh vao dien viên. An trên mau moi người,Đồng cảm,False,,
cmt_showbiz_044_0553,showbiz_034,Lấy ở đâu ra tiền vàng nhiều thế,Trung lập,False,,
cmt_showbiz_018_0496,showbiz_018,Bùi Hồ Song Tuyền nữa trợi,,True,,
cmt_showbiz015_0003_r15,showbiz_015,Đạ Mấu khét luôn bác,Trung lập,False,,
cmt_showbiz_034_1078_r04,showbiz_034,"Dây treo nhãn mác, tem nhãn, tag quần áo Phúc Gia nghe mày comment ngứa hết cả dái tao",,True,,
cmt_showbiz011_0027_r02,showbiz_011,Cổ Ngọc sau vụ này thì đừng chửi jack nữa vì có thằng n còn tệ hơn cả thằng j97,Phẫn nộ,False,,
cmt_showbiz_044_0953,showbiz_034,Má giàuuuuuu,Trung lập,False,,
cmt_showbiz_014_0002,showbiz_014,"Web Drama thì làm Giang Hồ, Từ thiện thì chọn Quận Hoàng Kiếm, phố nhà giàu từ thiện, h thêm quả quảng cáo web cá độ :> H còn thiếu con Thuý nữa đủ combo luôn á chời",,True,,
cmt_showbiz_044_2234,showbiz_034,Người đang làm trời đang nhìn mà,Trung lập,False,,
cmt_showbiz020_0900_r01,showbiz_020,Đỗ Nhật Dũng bác sĩ ma thuật,,True,,
cmt_showbiz_034_2070_r46,showbiz_034,"Duy Son Nguyen khó đấy bạn ,",,True,,
cmt_showbiz019_0002_r29,showbiz_019,Duong Thanh Thao hỏa hay hạ,,True,,
cmt_showbiz004_0016_r06,showbiz_004,Lê Thị Mỹ Dung vậy thì chị phải đi cùng em hết kiếp gòi😅,,True,,
cmt_showbiz004_0005_r18,showbiz_004,"Phòng, chống ma túy - Công an TP. Hồ Chí Minh khum có mình làm ad mấy page hài đi cán bộ 😂 nhắm câu nào là té ghế câu đó",Cà khịa,False,,
cmt_showbiz_012_0070,showbiz_012,Bắt tù hết bọn lừa đảo làm người dân giờ sống vô cảm . Mất lòng tin,Phẫn nộ,False,,
cmt_showbiz_034_2068_r74,showbiz_034,"Lê Duy Hoàng Đúng đấy bác ạ. Hồi sinh viên mình nghĩ chỉ cần có 1 căn nhà chung cư HN, ở ngoại thành hoặc mấy quận xa xa cũng được là tốt lắm rồi. Giờ thì có hơn cả mục tiêu, vậy mà vẫn cảm thấy chưa hài lòng.

#tifosi",Trung lập,False,,
cmt_showbiz023_0004_r10,showbiz_023,"Phan Thi đến cr cũng công khai r nếu có con mắc j k công khai luôn, dân mình cũng nhiều chuyện đi lo hộ quá",Trung lập,False,,
cmt_showbiz_020_1558,showbiz_020,Còn con boos của hệ thống magicskin nữa chắc sớm muôn,Trung lập,False,,
cmt_showbiz_033_1975_r10,showbiz_033,"Dũng Trần thế có lợi nhuận là được trốn thuế rồi cho là chưa hiểu luật 
Thông tin chính phủ mà sao Ko biết cả nước biết rồi ạ",Trung lập,False,,
cmt_showbiz_009_0353,showbiz_009,Đcm. Mấy bà là nạn nhân hết,,True,,
cmt_showbiz_007_0310,showbiz_007,"Đời thật ngộ à nghen. Cứ thích đu theo thần tượng, đòi rụng trứng này nọ cho lắm vào rồi Ship Lol đến tận chym nó mà còn bày đặt phốt này nọ. Đc ca sỹ nổi tiếng chịch sướng quá hoá điên rôi hay gì...? đồ còn nhà mất nết.",Trung lập,False,,
cmt_showbiz_033_1940_r23,showbiz_033,"Tuyền Văn Hóa chi trôn thuế mới nhanh giàu,",,True,,
cmt_showbiz_009_0047,showbiz_009,ngoại tình nghiêm túc được mà :))... Bà Thu vợ Người Phán Xử chia sẻ 🤡,Trung lập,False,,
cmt_showbiz004_0013_r02,showbiz_004,Thu Thảo cay cú quá thì vào đó thay nó ngồi tò đi nó biết ơn mày nhiều 😚,Phẫn nộ,False,,
cmt_showbiz_012_0203,showbiz_012,Thế mới có tiền cho bồ trẻ 40 tỷ chứ.,Trung lập,False,,
cmt_showbiz_020_2257,showbiz_020,Bùi Hậu,,True,,
cmt_showbiz025_0003_r12,showbiz_025,Nghia Vu,,True,,
cmt_showbiz_034_2068_r01,showbiz_034,"Tifosi đúng kiểu nuôi gà, to mới thịt",Trung lập,False,,
cmt_showbiz_033_1941_r10,showbiz_033,Họ Lâm giống t vậy,,True,,
cmt_showbiz_008_0292,showbiz_008,Còn quá nhẹ,Trung lập,False,,
cmt_showbiz_033_0368_r01,showbiz_033,Nga Bui bình tỉnh chị ơi,,True,,
cmt_showbiz_033_1940_r144,showbiz_033,Tuyền Văn Hóa bị na,,True,,
cmt_showbiz012_0002_r03,showbiz_012,Charlotte Web ngoài đời cũng có kẻ thì giàu có..người thì nghèo khó..vào tù cũng vậy..cô ấy muốn trong đó cũng giống như ngoài cuộc sống..giàu nghèo đều có..như thế mới cân bằng được,Trung lập,False,,
cmt_showbiz_033_1963_r10,showbiz_033,Bao Do khỏi sống hả b,,True,,
cmt_showbiz_033_1792_r04,showbiz_033,Quang Anh Nguyễn chắc tầm 20 năm thôi e 😀,,True,,
cmt_showbiz_044_0347,showbiz_034,cho chúng nó chết hết đi vì giàu trên xương máu của người khác...,Trung lập,False,,
cmt_showbiz009_0002_r23,showbiz_009,Nguyễn Hồng Vương hahhaa ghép y bài lun,,True,,
cmt_showbiz012_0010_r01,showbiz_012,Thiên Thanh,,True,,
cmt_showbiz015_0004_r03,showbiz_015,Thắng Dẹo khứa này là ai làm được gì dạ ?,Trung lập,False,,
cmt_showbiz_020_2712,showbiz_020,Vũ Mạnh Linh,,True,,
cmt_showbiz_033_2007_r01,showbiz_033,Đình Hải bà,,True,,
cmt_showbiz_020_2997,showbiz_020,Trang Bear,,True,,
cmt_showbiz_044_0367,showbiz_034,Làm cả đời k kiếm đk 1 tỷ luôn á,Trung lập,False,,
cmt_showbiz_044_0136,showbiz_034,Ông trời ơi sao có nhieuf người làm ác hại dân hút máu dàn ông sao o phạt họ đi ông ơi,Trung lập,False,,
cmt_showbiz004_0007_r03,showbiz_004,Hoa Hướng Dương sắp tới mấy má nào đang bán hàng mà thấy ngưng hay trốn là biết bán hàng s r đó nha mấy ní.Bán hàng giả mới sợ bị CA tóm nên tạm thời ngưng ko bán nữa.,Cà khịa,False,,
cmt_showbiz_043_0392,showbiz_033,Thì nó nghĩ : mình nhiều tiền đổi màu đơn giản .,Trung lập,False,,
cmt_showbiz_043_0570,showbiz_033,Mình chưa bao giờ được hh giúp nhưng mình vẫn thích xem líp hh làm từ thiện  dù có trốn thuế thì hh cũng đem tiền đi giúp đồng bào chớ có ai làm được đâu hh làm sai có nhà nước xử mong mọi người đừng vì thế mà ném đá hh,Trung lập,False,,
cmt_showbiz_044_0426,showbiz_034,Tiền đó tha hô mà phát cho danh nghèo,Trung lập,False,,
cmt_showbiz011_0031_r03,showbiz_011,"Nguyen Viet Bao Trung đấy. Ông cứ tưởng tượng nó áp dụng cách phân tích nhạc đấy vào tình ái, ông là nam còn gật gù thì dăm ba em kém nó tận 10 tuổi trình nào mà thoát nổi :)))",Cà khịa,False,,
cmt_showbiz_043_0951,showbiz_033,Này có tính toán hết rồi. bắt trốn thuế nên tính hết. tù kinh tế đi vài năn rồi ra vẫn là đại gia. làm truyền thông từ thiện tốt. nên nhiều người quý. Công an điều tra 2100 tỉ nhưng đó là bè nổi thôi.,Trung lập,False,,
cmt_showbiz020_0935_r01,showbiz_020,Thập Nguyễn Nhửng ai Nếu dùng chưa hết mà ngưng thì đừng vội bỏ thùng rác đưa đến trả lấy lại tiền bắt bồi thường .,Trung lập,False,,
cmt_showbiz_044_0677,showbiz_034,Thua vàng bé mr pips 😆,Trung lập,False,,
cmt_showbiz_044_1484,showbiz_034,Shack nghĩ là lu loa lên là OK ko ngờ án tại ví,Trung lập,False,,
cmt_showbiz020_1003_r01,showbiz_020,Tuấn Lang e cũng tính nộp đơn xin việc,,True,,
cmt_showbiz024_0010_r02,showbiz_024,Vũ Thanh Tùng chuẩn 😂,,True,,
cmt_showbiz_020_3590,showbiz_020,Thực ra chưa biết cụ thể kết quả ra sao. Uh từ thiện là thật. Nhưng nếu sai phạm phi pháp lừa dân kiếm 100 tỉ bỏ 1tỷ ra từ thiện. Từ thiện cho ng dân nhưng cũng lừa dân thì có đáng và gia trị từ thiện đó ko còn giá trị. Người được giúp thì cho rằng chị ấy tốt. Còn người bị chị ay làm mình bị thiệt hại thì oán.,Trung lập,False,,
cmt_showbiz_018_0394,showbiz_018,Ad group chào cờ đây mà :)),Trung lập,False,,
cmt_showbiz009_0027_r08,showbiz_009,Ngô Khánh Huyền bố tao đéo ngủ với phò đâu. Mà phò lại xấu như mày thì càng không rồi :)) đầu óc như comment thì cũng lại càng k,Cà khịa,False,,
cmt_showbiz020_1543_r05,showbiz_020,Trần Mến,,True,,
cmt_showbiz021_0001_r07,showbiz_021,Đào Gia Hy 18 củ là nó ăn chênh đút túi riêng ấy,Cà khịa,False,,
cmt_showbiz011_0034_r03,showbiz_011,Quynh Anh Nguyên cơ bản tại nó giàu vs có fame nên con nào cx muốn cắm vô mà,Trung lập,False,,
cmt_showbiz_020_1917,showbiz_020,Vương Huyền Trang,,True,,
cmt_showbiz_020_0131,showbiz_020,Ảnh lãnh đạo nguồn.,Trung lập,False,,
cmt_showbiz020_2144_r14,showbiz_020,Gil Lâm vãi cả ép =)),,True,,
cmt_showbiz008_0002_r40,showbiz_008,"Dõan Đại Hiệp nào, ko trêu bạn 🐧",,True,,
cmt_showbiz_033_0001_r183,showbiz_033,Hùng Mộc án điểm xử xong vào trại thì vẫn như bthg chứ cái j mà cả nước biết?cào phím mà ngu,Phẫn nộ,False,,
cmt_showbiz_021_0090,showbiz_021,6tr là được gặp cô tiên rồi,Cà khịa,False,,
cmt_showbiz_020_0722,showbiz_020,Mỹ Duyên rửa mắt,,True,,
cmt_showbiz_009_0220,showbiz_009,Nhỡ ddvs là a dùng thì sao nhỉ 😌 a mặc đồ lót nữ thì sao 🥹,Trung lập,False,,
cmt_showbiz_033_0001_r135,showbiz_033,Nguyen Anh Tuấn - mình rất đồng quan điểm với bạn !!,,True,,
cmt_showbiz_033_1940_r75,showbiz_033,Tuyền Văn Hóa doanh nghiệp nghìn tỷ thật,,True,,
cmt_showbiz_011_0238,showbiz_011,Đúng là Cộng sự với Rác 97,Cà khịa,False,,
cmt_showbiz012_0099_r01,showbiz_012,"Kéo dài tới giờ, vào Google hiểu hết kkk",Cà khịa,False,,
cmt_showbiz_044_1832,showbiz_034,Nguyễn Văn Tạch,,True,,
cmt_showbiz_043_1746,showbiz_033,"Cười cũng đi tò, mà không cười thì cũng đi tò. Vậy tội dell gì mà không cười. Thế mà cũng thắc mắc.",Trung lập,False,,
cmt_showbiz018_0047_r05,showbiz_018,Long Trường sân si time 😗,,True,,
cmt_showbiz011_0030_r01,showbiz_011,"Nguyễn Thị Kiều thì nghĩ mình thao túng tâm lý giỏi nhưng lộ bản chất r. Nói nhăng nói cuội, càn nói càng bỉ ổi",Phẫn nộ,False,,
cmt_showbiz009_0030_r11,showbiz_009,Do Vu Ha My g đọc hii,,True,,
cmt_showbiz025_0015_r01,showbiz_025,"Trần Hoàng Phú
Tôi ủng hộ bạn.",,True,,
cmt_showbiz_044_1805,showbiz_034,Ngu người,Trung lập,False,,
cmt_showbiz014_0006_r05,showbiz_014,"Yến Bae kkkk, uy tín quá",,True,,
cmt_showbiz_044_0147,showbiz_034,Doanh nhân thành đạt,Trung lập,False,,
cmt_showbiz_044_1916,showbiz_034,Mik có 3tr đô cần đầu tư sark nào cần không,Trung lập,False,,
cmt_showbiz019_0010_r14,showbiz_019,"Milly Milly hồi đầu drama, trong lúc Linh Hằng mở họp báo cúi đầu xin lỗi đồ. Thì bà Tiên ""chủ động đề xuất ký hợp đồng quảng cáo nhằm che giấu vai trò là cổ đông sáng lập"" cơ mà. Tiền vẫn muốn húp, tù thì kh muốn đi",,True,,
cmt_showbiz_043_0235,showbiz_033,Tài sản tiền của đã gửi đi nước ngoài nhờ ngưòi thân đứng tên hết ời,Trung lập,False,,
cmt_showbiz_004_0119,showbiz_004,Sao công an không vào cuộc cái phòng khám quốc tế của con gọi là bác sĩ phương anh Mercy điện biên phủ . Nó gạt từ 50 triệu trở lên không hà.,Phẫn nộ,False,,
cmt_showbiz004_0003_r06,showbiz_004,"Phòng, chống ma túy - Công an TP. Hồ Chí Minh có phải cán bộ vừa về khôngThôn 13 ơi🤔",,True,,
cmt_showbiz020_1668_r01,showbiz_020,Trần Thảo ce ta chỉ cần 1 vài tệp chơi chơi thôi cung  khó. Mà Bà Mai này hằng này thở thôi cũng ra tiền,Cà khịa,False,,
cmt_showbiz020_1004_r15,showbiz_020,Vu Doan Tram Anh loại mù màu,,True,,
cmt_showbiz_004_0145,showbiz_004,Tối Ngân nhớ Quang..ngân khai quang ra nữa...thì vui.. 😂,,True,,
cmt_showbiz_004_0018,showbiz_004,Lương bàng Quang chắc vô tội 🤣🤣,Cà khịa,False,,
cmt_showbiz015_0003_r08,showbiz_015,Sáng Duyên  thế ngta làm idol vô học chỗ nào bạn nói xem,Trung lập,False,,
cmt_showbiz018_0050_r10,showbiz_018,Vương Phùng s fan nó mất dạy dữ v :))))),,True,,
cmt_showbiz_020_1716,showbiz_020,Ủa,,True,,
cmt_showbiz_004_0083,showbiz_004,Có tội bị bắt là đúng nhưng không nhất thiết phải còng Chân  cho người ta như vậy,Đồng cảm,False,,
cmt_showbiz018_0042_r02,showbiz_018,Trinh Anh Phụng ừ đúng r bạn ơi.nghe cứ bị sao ấy nhỉ quá dài dòng😆,Trung lập,False,,
cmt_showbiz_020_1771,showbiz_020,Điếc,,True,,
cmt_showbiz004_0005_r02,showbiz_004,Dương Quỳnh Tâm đúng kiểu thao túng luôn!!,Cà khịa,False,,
cmt_showbiz_033_1976_r24,showbiz_033,Hải An Home quá chuẩn luôn,,True,,
cmt_showbiz020_1543_r08,showbiz_020,Lan Anh,,True,,
cmt_showbiz020_2353_r01,showbiz_020,Hồng Trần Lưu nhân viên chị Mai mà,,True,,
cmt_showbiz_043_1174,showbiz_033,thì làm hình ảnh quen rồi.quan trọng là cười đc bao lâu,Trung lập,False,,
cmt_showbiz_034_0246_r01,showbiz_034,Hồ Thị Lễ Nói hay quá! Kkkkk,,True,,
cmt_showbiz014_0020_r04,showbiz_014,Mai Nguyễn ngũ hổ nghiện,,True,,
cmt_showbiz_033_0001_r168,showbiz_033,Phan D. Anh nó nhục hơn con chó .chỉ có những con lợn ngang bằng nó thì mới nghĩ nó sướng thôi,Phẫn nộ,False,,
cmt_showbiz019_0185_r05,showbiz_019,Nguyễn Hữu Thành nhà tù,,True,,
cmt_showbiz_033_1948_r30,showbiz_033,"Hoàng Long mua 100k được 3 lọ. dùng một lọ chưa phân nửa, xúc hai ba lần thấy răng ố vàng là ngưng luôn",Trung lập,False,,
cmt_showbiz_008_0071,showbiz_008,Minh Thư Van Anh t cười chết :),,True,,
cmt_showbiz_034_2081_r15,showbiz_034,Tùng Nguyễn : chuẩn,,True,,
cmt_showbiz019_0182_r08,showbiz_019,Sa Ni giờ vào thi hoa hậu tù tội việt nam thì ăn chặt còn gì:)),Trung lập,False,,
cmt_showbiz_020_2181,showbiz_020,Hoang Nhieu,,True,,
cmt_showbiz_033_0001_r47,showbiz_033,"Nguyen Anh Tuấn tất nhiên r. Còn ng nghèo thì khả năng cao là mạt kiếp nghèo, tới lúc chếc vẫn còn nghèo. Còn Hoàng Hường, nó chỉ mất tự do 1 thời gian ngắn thôi. Xong xuôi nó lại là người giàu, có tiếng nói^^",Cà khịa,False,,
cmt_showbiz_044_0585,showbiz_034,Cái giá phải trả cho việc bỏ vợ bỏ con đó mọi người,Trung lập,False,,
cmt_showbiz004_0001_r07,showbiz_004,Hoang Nguyen Pham tin real,Trung lập,False,,
cmt_showbiz_020_2778,showbiz_020,chúc mừng sếp Maiii,Trung lập,False,,
cmt_showbiz019_0021_r07,showbiz_019,Lê Hồng Nhung nghiệp,,True,,
cmt_showbiz_033_1940_r395,showbiz_033,"Nó bị bắt yên tâm cho bao nhiêu gia đình vì các mẹ già tin lời qc của nó,trúng ô tô, trúng nhà,trúng vàng mà rút tiền tiết kiệm mua củ nó nhét đầy gầm giường, đầy tủ.",Trung lập,False,,
cmt_showbiz_020_2280,showbiz_020,Leo Âu Dương,,True,,
cmt_showbiz_013_0077,showbiz_013,K hiểu sao họ lại có những video này nhỉ,Trung lập,False,,
cmt_showbiz_033_1940_r320,showbiz_033,Thúy La lên vtv1 tối nay thì giả gì,,True,,
cmt_showbiz_044_1091,showbiz_034,"Muốn biết số phận của Shark như thế nào, chờ hồi sau sẽ rõ.",Trung lập,False,,
cmt_showbiz_044_1304,showbiz_034,… Tiếng Gọi Theo Shark Thuỷ … Vào TO Thôi !!!,Trung lập,False,,
cmt_showbiz_043_0027,showbiz_033,Nụ cười thách thức,Trung lập,False,,
cmt_showbiz_020_2626,showbiz_020,Liễu Liễu gở b h lun,,True,,
cmt_showbiz_020_2703,showbiz_020,Mailisa nó mà lấy nội tạng cũng chả ai biết vì vào đó ko được dùng điện thoại.,Trung lập,False,,
cmt_showbiz005_0003_r26,showbiz_005,Mie Victorya  bà thật dũng cảm 🤣🤣🤣🤣,,True,,
cmt_showbiz_012_0109,showbiz_012,"Thật đáng tiếc một người đẹp ! 
Tại sao không thủ phận làm một diễn viên xuất sắc để ĐẠI GIA LO CHO MÀ PHẢI LÀM ĐẠI GIA ???",Cà khịa,False,,
cmt_showbiz_044_1144,showbiz_034,Ông nào có diễn cầm tam thế xem cho shack 1 quẻ.,Trung lập,False,,
cmt_showbiz_009_0143,showbiz_009,Khả năng đúng như zậy🙂,Trung lập,False,,
cmt_showbiz_020_1864,showbiz_020,Trần Phước Sinh sếp,,True,,
cmt_showbiz_033_1988_r03,showbiz_033,"Người Kể Chuyện Không sớm thì muộn, đúng ko bác?",,True,,
cmt_showbiz_030_0144,showbiz_030,Dương Ái Vy mắc cở quá kakakkaka háy thì như qq họ ca sĩ qq,Trung lập,False,,
cmt_showbiz_018_0046,showbiz_018,"Ông này t k có thiện cảm nha. Mặt kiểu bad boy, đểu đểu sao đó 😅 Bởi ngta nói k sai yêu là 1 chuyện cưới rồi thì lại là 1 câu chuyện khác. Những va chạm trong cuộc sống vck mà k xử lí tốt thì tình cảm dễ bị mài mòn theo thời gian lắm. Ko sống vs nhau vì trách nhiệm thì cũng sẽ li hôn thôi. Hôn nhân k có màu hồng đâu",Cà khịa,False,,
cmt_showbiz004_0015_r10,showbiz_004,Phạm Hữu Khánh Vi kkk ra là thế. cán bộ ngụ ý sâu xa quá mình k hiểu hết,,True,,
cmt_showbiz011_0046_r03,showbiz_011,Nhung Đinh hẹn hò mà ko yêu là sao :) gòi hỏi ra chi cho mang nhục thêm dị,Cà khịa,False,,
cmt_showbiz032_0008_r02,showbiz_032,Duc Duy tiếng anh chỉ là tl phụ nha m.Tl xong tiếng việt là đủ win rồi.Bớt đem tiếng anh ra bắt bớ.nếu lôi tiếng anh ra phản đối thì con nai của m còn ko biết tl bằng tiéng anh thì lấy đếu gì đòi win?,Trung lập,False,,
cmt_showbiz_007_0073,showbiz_007,Phương Nguyên phổi t tăng hiệu suất quá m ạ,,True,,
cmt_showbiz_009_0137,showbiz_009,chi những người nghèo là k mất gì :),Trung lập,False,,
cmt_showbiz_010_0140,showbiz_010,hẹn hò nhưng đâu phải là ny đâu🙂,Trung lập,False,,
cmt_showbiz015_0005_r02,showbiz_015,"Trần Annh Tú cầm chai sờ ting có ống hút thì còn đủ wow e nhỉ :))) căn bản nổi tiếng quá . xong đang làm hình ảnh gương mẫu  anti thì nhiều ,chỉ chờ có thế",Trung lập,False,,
cmt_showbiz_008_0291,showbiz_008,Shop mình sẵn váy xinh 💗,Trung lập,False,,
cmt_showbiz_044_1007,showbiz_034,Ăn người nghèo nuôi người giàu trách chi mình làm mãi ko giàu,Trung lập,False,,
cmt_showbiz_033_0007_r06,showbiz_033,Ngọc Tâm dạ k dám ạ 🙏,,True,,
cmt_showbiz011_0047_r02,showbiz_011,Đỗ Lan Anh wow hôm bữa mới thấy trên tiktok 1 chị nữa cũng nói cha này nt tán tỉnh,Phẫn nộ,False,,
cmt_showbiz_019_0113,showbiz_019,Bảo chỉ nhận job quảng cáo k tìm hiểu kĩ về thông tin sản phẩm nhưng mà cổ phẩn cao cmn nhất công ty =)))))) cô Tiên ơi là cô Tiên,,True,,
cmt_showbiz_016_0006,showbiz_016,Che mặt anh t như diễn viên phim seg vậy. Giỏi thì đừng có che,Trung lập,False,,
cmt_showbiz_020_1679,showbiz_020,Nguyễn Thị Bích Phượng,,True,,
cmt_showbiz_043_0004,showbiz_033,Thì chưa thấy quan tài chưa đổ lệ,Trung lập,False,,
cmt_showbiz018_0027_r06,showbiz_018,Ni Uri 😆😆😆😆,,True,,
cmt_showbiz_034_1283_r01,showbiz_034,Thanh Hoàng  lo mua nghệ đi ông kkk,,True,,
cmt_showbiz_020_1783,showbiz_020,Nhím Ngố uầyyyy,,True,,
cmt_showbiz_015_0055,showbiz_015,Shisha mà cấm thì tốt nhất nên cấm mẹ luôn thuốc lá còn độc hơn.,Trung lập,False,,
cmt_showbiz_020_2198,showbiz_020,Ly Ly Nguyễn,,True,,
cmt_showbiz_033_1976_r20,showbiz_033,Hải An Home đúng đúng,,True,,
cmt_showbiz_033_1943_r01,showbiz_033,Đào Hảo mẹ tui tui nói hh bi bắt k tin.còn bảo giàu nên ng ta ganh ghét.đến chịu các bà già,Trung lập,False,,
cmt_showbiz018_0035_r15,showbiz_018,"Thuỳ Linh ngta hay nói mà, nói đạo lý thường sống như …. mà",Cà khịa,False,,
cmt_showbiz_018_0080,showbiz_018,"lên mạng chỉ ngta cách yêu nhau, còn mình thì 3 chấm",Cà khịa,False,,
cmt_showbiz_020_2496,showbiz_020,Lúa chín đến lúc phải gặt thôi,Trung lập,False,,
cmt_showbiz_007_0190,showbiz_007,Tẩy trắng đéo thành công :))) rác rưởi,Trung lập,False,,
cmt_showbiz_021_0066,showbiz_021,Chúc các con vợ may mắn :))),Cà khịa,False,,
cmt_showbiz009_0042_r03,showbiz_009,Lan Anh ok mày :)))),Trung lập,False,,
cmt_showbiz_020_2715,showbiz_020,Hoàng Nga,,True,,
cmt_showbiz_020_1685,showbiz_020,Hoàng Nhàn,,True,,
cmt_showbiz_032_0189,showbiz_032,Gì v chài 🙄,Trung lập,False,,
cmt_showbiz_020_3262,showbiz_020,Lại ghen ghét sân si.,Cà khịa,False,,
cmt_showbiz_033_1949_r34,showbiz_033,Khánh Huyền đúng vậy,,True,,
cmt_showbiz009_0008_r08,showbiz_009,Vân Mây ko phải bây giờ mới dính tranh cãi đâu bạn:)) vụ này lớn nên nhiều ng mới để ý thôi chứ trc giờ ông này bao nhiêu lần gây tranh cãi rồi,Trung lập,False,,
cmt_showbiz009_0009_r05,showbiz_009,"Page chuyên cmt dạo gần đây nhất thấy thằng này bảo chưa có suy nghĩ kết hôn vì vẫn tập trung cho sự nghiệp là thấy tởm rồi. Yêu bao năm mà chưa có suy nghĩ kết hôn, lúc chán thì bỏ à ?",Phẫn nộ,False,,
cmt_showbiz018_0045_r13,showbiz_018,"Sương Trà v là bà ch biết ngày xưa bị phốt r, cũng chia tay chia chân lùm xùm. Xong bạn nữ thứ tha quay lại như chưa hề có cuộc chia ly. Rõ là mqh của mình còn đang có vấn đề mà lên chia sẻ kinh nghiệm ty chi? Dạy nổi ai?",Trung lập,False,,
cmt_showbiz_004_0144,showbiz_004,"Siêng làm thì siêng thật, nhưng hại đồng bào mình thì thương k nổi. Đồng cảm với  nó thì chỉ có người nhà bác sĩ thôi :)))",Đồng cảm,False,,
cmt_showbiz008_0053_r02,showbiz_008,Thanh Tuyền sao bà này nọ với ảnh z,,True,,
cmt_showbiz_033_1946_r03,showbiz_033,"Trung Nguyên Hường thu lợi nhuận khủng, nhả ra một chút làm từ thiện cũng phải thôi, thấm gì với phần Hường thu về sau hiệu ứng.",Cà khịa,False,,
cmt_showbiz008_0008_r10,showbiz_008,"Coi chừng đúm đầu tôm cắn đây, giờ bọn nó 🌶️ lắm nên hay đi cắn bậy",Trung lập,False,,
cmt_showbiz004_0016_r03,showbiz_004,"Phòng, chống ma túy - Công an TP. Hồ Chí Minh Cán bộ hãy đợi đấy. Kiếp sau em sẽ đầu thai vào nhà cán bộ!",Cà khịa,False,,
cmt_showbiz_044_0749,showbiz_034,Vk cũ chắc cười tươi lắm nè🤣,Trung lập,False,,
cmt_showbiz_043_1439,showbiz_033,Cười này ngon rồi,Trung lập,False,,
cmt_showbiz_044_1969,showbiz_034,Cô vợ đầu chắc lúc này cười tét háng 😆😆,Trung lập,False,,
cmt_showbiz_025_0042,showbiz_025,𝖵𝗂̀ 𝗍𝗈𝖺̀𝗇 𝗍𝗋𝗂̣. 𝖡𝖺́𝖼 𝖯𝗁𝖺𝗇 𝖵𝖺̆𝗇 𝖦𝗂𝖺𝗇𝗀 đ𝖺̂𝗎? 𝖫𝖺̀ 𝗊𝗎𝖺̂𝗇 đ𝗈̣̂𝗂 𝗇𝗁𝖺̂𝗇 𝖽𝖺̂𝗇. 𝖢𝖺̉ 𝗇𝗎̛𝗈̛́𝖼 𝗍𝗁𝗂́𝖼𝗁. 𝖪𝗈 𝖺𝗂 𝗍𝗁𝗂́𝖼𝗁 𝗄𝖾̉ 𝖺̆𝗇 𝖻𝗈̀ 𝖽𝖺́𝗍 𝗏𝖺̀𝗇𝗀 𝗅𝗎́𝖼 𝖼𝗈𝗏𝗂𝖽 𝖼𝖺̉.  𝖭𝗈́ 𝖽𝗂𝖾̂̃𝗇 𝗍𝖺̣̂𝗉 𝗁𝗎̀. 𝖰Đ𝖭𝖣 𝖼𝖺̂̀𝗆 𝖼𝗈̛̀ 𝗅𝖺̀ 𝗉𝗁𝖺̂́𝗍.,Trung lập,False,,
cmt_showbiz_034_2068_r53,showbiz_034,Tifosi quá đúng,Trung lập,False,,
cmt_showbiz020_1174_r01,showbiz_020,Trần Trung Hiếu 🐾e ổn k🤣,,True,,
cmt_showbiz_004_0186,showbiz_004,Sao cán bộ chụp hình ngân 98 xấu quá dạ,Cà khịa,False,,
cmt_showbiz010_0012_r02,showbiz_010,Phương Thảo chắc xưa chê lép ko thèm =))))) đi sửa vú cái iu luôn =)))))))))))),Trung lập,False,,
cmt_showbiz_020_2321,showbiz_020,Hồng Dưỡng,,True,,
cmt_showbiz020_1222_r01,showbiz_020,Tân Dolce chắc bị bế rồi cháu zai ơi,,True,,
cmt_showbiz_020_3479,showbiz_020,Sao mà nói nặng vậy bần nông là người mà.con cái có hieu bme hp xã hội bình đẳng phong kiến đâu.phat ngôn ko học,Trung lập,False,,
cmt_showbiz008_0022_r01,showbiz_008,"Phương Đào sao, cay à. Cay đi kiện hộ nó đi",Trung lập,False,,
cmt_showbiz019_0012_r02,showbiz_019,"Thành Công gỡ tiktok đi bạn. Vô bổ lắm. Bán hàng thì trời ơi. Trend thì xàm xí đú, toàn tụi TQ thao túng tâm lý ng xem để bán hàng.",Cà khịa,False,,
cmt_showbiz_004_0063,showbiz_004,Nhớt giả chưa thấy bắt ai,Cà khịa,False,,
cmt_showbiz009_0009_r07,showbiz_009,"Trần Thành Long ủa ba đánh tráo khái niệm vừa thôi, có phải đi làm gái đâu mà ko đc cưng chiều. Ủa bộ giàu là éo chiều bạn gái à? Đầu óc dùng đi trồng rau à?",Phẫn nộ,False,,
cmt_showbiz009_0047_r02,showbiz_009,"Hà Anh Vũ  thì 3 con Pháo, Emma Nhất Khanh, Ngọc Kem đều bị thằng VR cho mọc sừng cách đây mấy tháng rồi nên 3 con này cay lên kế hoạch trả thù. Ngọc Kem thì ra mặt trả thù bằng livestream còn 2 con kia trả thù bằng nhạc dizz =))",Trung lập,False,,
cmt_showbiz008_0002_r30,showbiz_008,Dõan Đại Hiệp lậy bố =)))),Trung lập,False,,
cmt_showbiz007_0005_r19,showbiz_007,Xanh Dương t thấy mỏ m mới thâm á😀,,True,,
cmt_showbiz009_0003_r01,showbiz_009,"My My Nguyen ý là thằng này xấu ý, mình có cần phải hóng ko😔",Trung lập,False,,
cmt_showbiz004_0005_r06,showbiz_004,Lê Phương Hà quá đúng luôn chị ơi,Cà khịa,False,,
cmt_showbiz_033_1941_r39,showbiz_033,Xôi Lạc kkk e kbh ủng hộ nha,,True,,
cmt_showbiz_033_1978_r19,showbiz_033,Trần Ngọc Khánh chuẩn luôn.,,True,,
cmt_showbiz_033_1940_r51,showbiz_033,Nga Nguyen,,True,,
cmt_showbiz_020_0636,showbiz_020,Quá sợ.,Trung lập,False,,
cmt_showbiz007_0012_r04,showbiz_007,Phương Doanh thật là dữ dội,,True,,
cmt_showbiz_020_3588,showbiz_020,Người ta có tiền thì họ làm j là việc của họ,Trung lập,False,,
cmt_showbiz020_1004_r32,showbiz_020,17 chi nhánh giờ còn 9 thôi b,Trung lập,False,,
cmt_showbiz_007_0385,showbiz_007,Lê Kim Như Ngọc há há,,True,,
cmt_showbiz020_2829_r21,showbiz_020,Huyênlinhnhi Huyênlinhnhi  nc buồn cười nhỉ. Ngta có tiền mua đất sây mộ. Thì liên quan gì tới ai nhỉ.,Trung lập,False,,
cmt_showbiz_020_0192,showbiz_020,Trao quà mà mắt nhìn đi chỗ khác là các cháu học ở các đấng cao minh ạ,Trung lập,False,,
cmt_showbiz004_0004_r13,showbiz_004,"Phy Ngn-Phn má cha ơi, con có nói nó từ thiện đâu cha ? Con nói em nó có làm việc tốt, VIỆC TỐT NHIỀU NGHĨA LẮM KHÔNG PHẢI CỨ DÒM TỪ THIỆN MÀ “PHÁN”. Đã nó sai rồi, CA bắt rồi thì nói chi cái sai nữa ba, phải chi chưa bắt thì nói vô, giờ bắt bà nó rồi, nói đi nói lại cũng nhiêu đó thôi.",Đồng cảm,False,,
cmt_showbiz011_0038_r03,showbiz_011,"Na Biết đâu nó bị ysl
Cay đời quá nên hẹn hò cùng lúc 4,5 cô cho đỡ sầu đời 🤣",Cà khịa,False,,
cmt_showbiz_018_0092,showbiz_018,"Chưnga kiến bnhiu cặp yêu nhau bao năm rôid cưới dc 1,2 năm tan vỡ =))) chán luôn",Cà khịa,False,,
cmt_showbiz_007_0304,showbiz_007,Ứ ừ là cái gì nhờ 🤔,Trung lập,False,,
cmt_showbiz011_0048_r05,showbiz_011,Hằng Thu ảnh ko lèm bèm mà ảnh hành động :)) ảnh vứt luôn mấy đứa con :)) thui nè hok có ẩu,Cà khịa,False,,
cmt_showbiz_020_1750,showbiz_020,xog,,True,,
cmt_showbiz004_0004_r10,showbiz_004,Phy Ngn-Phn đọc hiểu không ? Có ai bảo là nó làm vậy đúng đâu ? Vậy chứ ta đi tù rồi ra tù là kêu bắn bỏ hả ba ? Đang nói về việc em nó có làm việc tốt có gì cho em nó con đường làm lại đó trời ?,Phẫn nộ,False,,
cmt_showbiz_020_2109,showbiz_020,My Vo,,True,,
cmt_showbiz011_0046_r06,showbiz_011,Mun Tạ cha như này hổng dám nhận luôn 🤭,Cà khịa,False,,
cmt_showbiz007_0046_r12,showbiz_007,Trâm Mít Hà Thị Thu Thảo ỉa trãi 🤣,,True,,
cmt_showbiz_004_0230,showbiz_004,Cám ơn bạn đã thay lời cho mình và bao người tốt trong xh này chúc bạn bình an,Đồng cảm,False,,
cmt_showbiz_030_0209,showbiz_030,Ko ưa từng cái nhìn đâu tiên luôn :))),Trung lập,False,,
cmt_showbiz_033_1966_r01,showbiz_033,Nguyễn Trung đầy người vẫn tung hô đó chi😀,,True,,
cmt_showbiz020_0900_r06,showbiz_020,Đỗ Nhật Dũng Doctor chính là ĐỘC TỐ 🤣,,True,,
cmt_showbiz007_0054_r25,showbiz_007,Trần Thanh Mẫn Corn https://fb.watch/7fRBaPg9ac/   Nè đéo phải 1 mình tao thấy cđ đó xàm lồn đâu. Tại tụi bây làm lố qá đó ,,True,,
cmt_showbiz015_0010_r06,showbiz_015,Đình Đồng nhìn ný giống tộc hơn,,True,,
cmt_showbiz_018_0329,showbiz_018,:))) t vẫn thấy tội bà Tizi bỏ 10 mấy năm công sức hầu hạ rốt cuộc vẫn đ được gì,Trung lập,False,,
cmt_showbiz009_0035_r04,showbiz_009,Thành Hiển 😏 hơn đàn bà chỗ nào mà nói,Trung lập,False,,
cmt_showbiz_043_1376,showbiz_033,Kiểu đố các anh bắt được iêm😂😂,Trung lập,False,,
cmt_showbiz_044_0037,showbiz_034,Cái thằng khi nói mồm nó cứ vén lên thấy gian kinh,Phẫn nộ,False,,
cmt_showbiz018_0035_r07,showbiz_018,My Hanh Pham hăm bít nữa,,True,,
cmt_showbiz020_1990_r02,showbiz_020,Thuan Pham 2 ngìn 7 trăm tỏi,,True,,
cmt_showbiz_033_1954_r22,showbiz_033,"Thu Hiền toimuanhieubino lừaonh mua trung thưởng 2,3 chuc đơn hàng",Trung lập,False,,
cmt_showbiz_043_0620,showbiz_033,"Ôi giời ôi ai biết thực hư thế nào .để mà làm đúng pháp luật 90% trong dân chẳng cái gì đúng .k sai cái này thì sai cái khác . chẳng qua quá nắm.to nắm mới bị sờ thôi .họ sai đã có pháp luật ,mình đâu biết sự tình mà phán xét làm gì.tôi là tôi vẫn khâm phục vì họ thông minh,cần đảm,dám nghĩ,dám làm,",Trung lập,False,,
cmt_showbiz_033_1406_r01,showbiz_033,Quỳnh Tú  nó có tiền có quan hệ mà. Có vô tù cũng bình thường thôi 10 năm đi.thì 3 năm về. Trước đây bầu k  vào tù còn xây hẳn 1 biệt thự trong đó. Sau đó bị lộ lên bây giờ họ làm gắt gao hơn. Quan trọng là có tiền. Kiểu bọn làm cờ bạc mạng í. Nó lãi 100 tỷ thì đi 10 năm vẫn vui vẻ. 5 năm ra .vẫn ok mà,Trung lập,False,,
cmt_showbiz_033_0001_r51,showbiz_033,Nguyễn Việt Tùng tiền lừa đảo thì nói làm gì,,True,,
cmt_showbiz_033_0001_r64,showbiz_033,Hồng Chill cẩn thận 7tr5 kaka,,True,,
cmt_showbiz_034_2105_r01,showbiz_034,Bui Tien Suong thủy vào nồi trc chứ,,True,,
cmt_showbiz_024_0247,showbiz_024,"chao ơi 
Kim Dinh Tong đọc nì",Trung lập,False,,
cmt_showbiz_009_0228,showbiz_009,Sao phải khóc vì thg mồm vẩu mặt xấu k bít 🙏🏻 mồm thì hơn cả đàn bà,Trung lập,False,,
cmt_showbiz_033_1942_r63,showbiz_033,Văn Quang vậy là ông chưa cập nhật tin tức òi,Trung lập,False,,
cmt_showbiz_004_0202,showbiz_004,"....Hay thật....!? Bây giờ người bị hại lại van xin kẻ bất nhân (sản xuất hàng giả, thuốc giả) ... phải có lương tâm....? Nếu có lương tâm thì chúng không làm vậy. Có van xin thì: Xin nhà Chức trách hãy phát huy cao tinh thần trách nhiệm, vì mạng sống của người dân mà quản lý cho tốt. Trị cho nghiêm kẻ vi pháp luật may ra ... xã hội trong sạch phần nào...?",Phẫn nộ,False,,
cmt_showbiz015_0004_r17,showbiz_015,Nguyễn Thái Nhã donate trăm củ là tiền xây trường mà. Lạy ông cóc 😭🙏,Trung lập,False,,
cmt_showbiz_007_0339,showbiz_007, Thiên Trang ,,True,,
cmt_showbiz_033_0001_r32,showbiz_033,Nguyễn Việt Tùng mày thử tự nhốt mình trong phòng nhà mày 1 tháng xem mày có giống đi nghỉ dưỡng ko,Phẫn nộ,False,,
cmt_showbiz_007_0047,showbiz_007,Nhỏ này trưởng nhóm antifan ruồi chúa chắc lun 😅😅😅,Trung lập,False,,
cmt_showbiz_010_0182,showbiz_010,Nguyễn Lê Thanh bữa m hỏi nè,,True,,
cmt_showbiz_015_0071,showbiz_015,Cái này đúng . Nói tục chửi thề ghê quá,Trung lập,False,,
cmt_showbiz014_0002_r24,showbiz_014,"An Diệu rồi, cũng không có nghĩa vụ trình báo cho cô. Và ít nhất là ko vi phạm pháp luật.",Trung lập,False,,
cmt_showbiz_033_0001_r62,showbiz_033,Tạ Thái bạn nói chuẩn,,True,,
cmt_showbiz018_0012_r07,showbiz_018,Nữ NHi hãy nhìn vào mẹ của bạn để biết thương thanh xuân của ng phụ nữ hơn,Đồng cảm,False,,
cmt_showbiz020_0089_r01,showbiz_020,Giang Hồng Ngọc lúc nó ngồi lay trym nó dùng app đấy.,Trung lập,False,,
cmt_showbiz_044_2383,showbiz_034,"Đầu nó có lõi rồi mà mọi người lại vào  bảo nó tự nhiên lên mxh   khai ra, Là do tâm lý phạm tội nó luôn luôn lo sợ một ngày bị lộ ra, và đến khi nó hóng được khả năng đang bị CA điều tra, với bản năng chối tội thì nó mới nghĩ ra cái trò tưởng là khôn, nhưng lại thành ngu. Tất cả nhưng clip vck nó làm cũng chỉ để mị dân đánh lừa dư luận, Hi Vọng dân khôn lên để bớt bị lừa đi. kg thằng này thì thằng khác cũng sẽ lừa những người vừa tham vừa thiếu hiểu biết.",Trung lập,False,,
cmt_showbiz008_0001_r02,showbiz_008,"Theanh28 Entertainment  Hát dỡ, ngu, còn fèn nữa, cấm luôn là đc, đầu độc hỏng mịa lứa trẻ.",Trung lập,False,,
cmt_showbiz018_0015_r28,showbiz_018,"Vũ Hoàng Hải ultr, vậy đứa con đó cũng khổ lắm à, vì bm nó nhìn nó kiểu tại mi mà ta ko li dị vậy",Trung lập,False,,
cmt_showbiz_020_2633,showbiz_020,Hải Yến sờ tới malisa r,,True,,
cmt_showbiz_001_0005,showbiz_001,Ngáo đá mới ra đc những bài nghe tên bài đã bậy vạ rồi,Phẫn nộ,False,,
cmt_showbiz_020_1290,showbiz_020,Thôi chết e đang dở liệu trình,Trung lập,False,,
cmt_showbiz_044_0380,showbiz_034,Hôm bắn hắn để tui đấm hắn cái chơ nó lấy tiền tui đòi không được,Trung lập,False,,
cmt_showbiz_013_0064,showbiz_013,Lu cho,Trung lập,False,,
cmt_showbiz_020_2043,showbiz_020,Trang Dua,,True,,
cmt_showbiz_034_2068_r47,showbiz_034,Phạm Thế Hưng tôi cũng chỉ nói lên suy nghĩ của tôi thôi 😂,Trung lập,False,,
cmt_showbiz013_0029_r07,showbiz_013,Lê Nguyên đó là mtq gởi cho thằng dở người phạm thoại thôi,Trung lập,False,,
cmt_showbiz_019_0014,showbiz_019,"Mọi diễn biến mới sẽ được update tại đây nhé cả nhà 👇
https://www.facebook.com/groups/151787973464464",,True,,
cmt_showbiz018_0046_r01,showbiz_018,Phuong Dung nhà ngta giàu lm thêm mấy đám nữa cũng ko sao,Trung lập,False,,
cmt_showbiz_008_0301,showbiz_008,Anh hát chơi chơi...rồi anh bị..,Cà khịa,False,,
cmt_showbiz_012_0122,showbiz_012,Tham thi tham …,Phẫn nộ,False,,
cmt_showbiz_007_0087,showbiz_007,Nhi Trần  ứ ừ dới vyyyy,,True,,
cmt_showbiz_034_2068_r38,showbiz_034,Van Pham có lẽ nào li hôn tập 1 là cái cớ để chia đôi,Trung lập,False,,
cmt_showbiz_034_0012_r03,showbiz_034,Đinh Hoán  có ô ng. Nào ở.  T.  H.    Cũng.   Giàu.   Nứt đất.  Bo vợ. Con.  Chạy Theo. Con.  Làm gái.     Bo2. Con. Thơ dai.  Cho ch    ê.   Sắp.  Có cái kết     ê chề b.  H.,Cà khịa,False,,
cmt_showbiz_044_0965,showbiz_034,Tiền nhiều để đi tò,Trung lập,False,,
cmt_showbiz_008_0392,showbiz_008,4tr mà đc minh oan cũng đáng,Trung lập,False,,
cmt_showbiz_020_2399,showbiz_020,Trời thẩm mĩ viện mà khám chữa bệnh mới ge,Trung lập,False,,
cmt_showbiz_033_1940_r270,showbiz_033,Tuyền Văn Hóa tươi thế chắc có người cứu🤣,,True,,
cmt_showbiz_017_0059,showbiz_017,,,True,,
cmt_showbiz018_0012_r15,showbiz_018,Nữ NHi hãy nhìn vào mẹ của bạn để biết thương thanh xuân của ng phụ nữ hơn,Đồng cảm,False,,
cmt_showbiz_030_0191,showbiz_030,Hát hội chợ mà tưởng mình là ngôi sao,Trung lập,False,,
cmt_showbiz_018_0083,showbiz_018,"Hồi đó đám cưới PR rầm rộ quá tr, cổ tích ngôn tình đồ mà, lúc đó t k biết 2 đứa này là ai. Nổi vì cái gì luôn 😂",Cà khịa,False,,
cmt_showbiz_034_2075_r16,showbiz_034,"Sleep Drift chứ bạn không tố cáo thì cơ quan điều tra họ căn cứ đâu mà điều tra. Như ông Bình kia mà không ai tố cáo thì lấy đâu điều tra, bạn nghĩ bên CA họ rảnh quá à.",Trung lập,False,,
cmt_showbiz024_0019_r02,showbiz_024,Trần Chương em mỗi lần ra khơi thì sao,,True,,
cmt_showbiz_044_2127,showbiz_034,Pha này gọi là không hỏi mà khai,Trung lập,False,,
cmt_showbiz_020_0535,showbiz_020,Học 14 năm mà t hôg bik đọc số luôn 🙈,Trung lập,False,,
cmt_showbiz_033_1940_r520,showbiz_033,"Tây Tâm bọn lol này ,cắn nổi nó ko mà sủa",Trung lập,False,,
cmt_showbiz019_0181_r25,showbiz_019,Phan Thị Hương Lan,,True,,
cmt_showbiz_043_0228,showbiz_033,Về  sinh 3 cháu nữa vẫn OK,Trung lập,False,,
cmt_showbiz_020_3079,showbiz_020,Bần nông thì đã sao,Trung lập,False,,
cmt_showbiz009_0038_r01,showbiz_009,Châuu Thươngg vì nó có tiền bạn à,,True,,
cmt_showbiz_033_0001_r147,showbiz_033,Hồng Chill sướng NV sao đầy ô vẫn phải làm hồ sơ bệnh án giả để k phải ngồi tù ạ.như vậy thì trương thị mĩ hoa đâu phải chết.năm can đâu bị xử tử.bọn đó k giàu thì ai mới giàu b,Phẫn nộ,False,,
cmt_showbiz019_0188_r04,showbiz_019,Chinh Chinh k được chọc bạn,,True,,
cmt_showbiz_020_1970,showbiz_020,Laura Nguyễn,,True,,
cmt_showbiz020_1026_r05,showbiz_020,Thủy Gà k có j chào đảo cả,,True,,
cmt_showbiz_009_0266,showbiz_009,Đó đó bắt đầu thao túng tâm lý đó :)),Trung lập,False,,
cmt_showbiz_020_1906,showbiz_020,:))),,True,,
cmt_showbiz_004_0113,showbiz_004,Làm gì mà xiềng tay xiềng chân như con thú vậy côn an nhà sản. Nhân quyền ở đâu,Phẫn nộ,False,,
cmt_showbiz018_0035_r13,showbiz_018,"Thuỳ Linh giống như bs vậy, trị bệnh gì thì mắc bệnh đấy .",Cà khịa,False,,
cmt_showbiz_034_1080_r09,showbiz_034,Nguyen Hoa Binh cho e lót dép hóng với,,True,,
cmt_showbiz_020_0709,showbiz_020,K biết giờ chị mai nghĩ gì nhỉ,Trung lập,False,,
cmt_showbiz020_1775_r02,showbiz_020,Đỗ Xuân Hà ah nếu vậy thì ...,,True,,
cmt_showbiz_044_0423,showbiz_034,Sổ đỏ shark còn ít hơn Ngân 98,Trung lập,False,,
cmt_showbiz_033_0001_r36,showbiz_033,Lan Phương thế b không biết rồi 😂😂😂,,True,,
cmt_showbiz_034_1442_r01,showbiz_034,Nguyễn Thành Danh ép quá ảnh xịt 💩 á,,True,,
cmt_showbiz_020_0629,showbiz_020,học chưa hết cấp 2 mà AD Uy tín cho 13 con số chẳng biết đọc nữa,Trung lập,False,,
cmt_showbiz_001_0017,showbiz_001,Đếm được bao nhiêu năm đếm được đếm được =)),,True,,
cmt_showbiz020_0134_r02,showbiz_020,Pham Minh Hải 101 triệu usd là chuẩn,,True,,
cmt_showbiz014_0002_r04,showbiz_014,Minh Minh lùa bitkinhdom quá trời :)) bị khưi ra thì nói mình cũng là bị hại,Trung lập,False,,
cmt_showbiz011_0039_r05,showbiz_011,"Nguyễn An bị chửi nên thầy live đính chính lại, chứ bị chửi im mồm chịu đựng à ??, để tk đó càn rối trên mxh à ??",Phẫn nộ,False,,
cmt_showbiz_020_2261,showbiz_020,Đinh Thúy,,True,,
cmt_showbiz_020_1737,showbiz_020,Nguyễn Van Anh sếp e mãiđixa 👋🏻,,True,,
cmt_showbiz018_0042_r10,showbiz_018,"Vũ Huỳnh Sam thì mình nhận mình phiến diện được chưa. Quan điểm cá nhân của mình mà. Mình có đưa ra cái fact nào đâu bạn :)) 
Nhận xét về HL, CV-TT hay PA của bạn cũng phiến diện chứ gì nữa, bạn làm như ai cũng thích 4 người bạn nhắc tên đến ấy :))
Mình xem hài bắc là nhiều nên không có thích HL, ai chứ riêng HL thì bác mình nhận xét mặt quắt tai dơi, dẻo mỏ lừa người từ 2008 lúc xem cái dvd hài của ổng rồi :)))
CV-TT hay PA thì mình thích xem phim Việt xưa và đặc biệt là phim bộ ngoài bắc, và mình cũng chẳng quan tâm đến bóng đá nên bộ 3 này mình không quan tâm :))",Trung lập,False,,
cmt_showbiz032_0006_r02,showbiz_032,An Pham chị em mà lại 😆,,True,,
cmt_showbiz_012_0076,showbiz_012,"Giám khảo TNA:
“Chị chỉ thị phạm một lần thôi nhé! Nhìn rõ nhé” 😂😂😂",Cà khịa,False,,
cmt_showbiz019_0181_r46,showbiz_019,Anh Ngọc Tao uoc dc quan ly nhà giam này,,True,,
cmt_showbiz012_0004_r21,showbiz_012,Minh Nguyen ngáo vc,,True,,
cmt_showbiz004_0019_r02,showbiz_004,"Phòng, chống ma túy - Công an TP. Hồ Chí Minh cb dễ thương và siêu việt quá cb ơi",Cà khịa,False,,
cmt_showbiz020_0136_r14,showbiz_020,Quang Thịnh hai triệu bảy trăm ngàn triệu,,True,,
cmt_showbiz013_0048_r05,showbiz_013,"Mỡ Mỡ thì mình mới bluan là quan trọng là cái bà kia chi ntn ấy. Nghe ăn nói hách dịch quá, lạng quạng lòi ra nhiều cái là đi tò như chơi",Trung lập,False,,
cmt_showbiz_044_2422,showbiz_034,"lên đây nhìn chán đời nhỉ,",Trung lập,False,,
cmt_showbiz_020_1976,showbiz_020,Cẩm Vân,,True,,
cmt_showbiz_030_0159,showbiz_030,Tin Nguyen,,True,,
cmt_showbiz_017_0024,showbiz_017,K,,True,,
cmt_showbiz_034_1076_r03,showbiz_034,Kiến Thức Kinh Tế hoá ra đi lên từ úp bô :)),,True,,
cmt_showbiz_023_0026,showbiz_023,"🥲bầu kệ ngta liên quan gì , mình có nuôi hộ họ không mà tìm hiểu ?",Trung lập,False,,
cmt_showbiz_034_2081_r14,showbiz_034,Anh Tu Toh Kiểu có tật giật mình ấy b,,True,,
cmt_showbiz_033_0001_r133,showbiz_033,"Hồng Chill đến chịu tư duy , hay cả nhà e đi tò nên e biết rõ vậy",Cà khịa,False,,
cmt_showbiz_020_2243,showbiz_020,Kim Anh Nhữ,,True,,
cmt_showbiz_033_1962_r14,showbiz_033,Nguyễn Thị Huế cụ mua gì hả b,,True,,
cmt_showbiz_033_1940_r07,showbiz_033,Tuyền Văn Hóa,,True,,
cmt_showbiz_012_0092,showbiz_012,Vẫn đẹp hơn ngân 98 nhiều kk,Cà khịa,False,,
cmt_showbiz009_0038_r18,showbiz_009,Quỳnh Như nghe đi,,True,,
cmt_showbiz_008_0144,showbiz_008,Cấm 99 năm đi cho gọn,Trung lập,False,,
cmt_showbiz019_0016_r12,showbiz_019,"Du Phạm thông tin rõ ràng là nó có góp vốn, em đang thắc mắc về con số hình như bị sai thôi. Chứ còn nếu nó kp cổ đông, chỉ ăn lợi nhuận vs tư cách quảng cáo, đại sứ thương hiệu, thì nó biết gì về quy trình sản xuất mà bắt nó",,True,,
cmt_showbiz_008_0004,showbiz_008,sự xuất hiện của thằng này đã là vi phạm thuần phong mỹ tục rồi mà dẹp nó luôn dùm càng tốt :v,Trung lập,False,,
cmt_showbiz_020_1963,showbiz_020,Hậu Nguyễn,,True,,
cmt_showbiz016_0010_r02,showbiz_016,Kem Đào mẹ Lý khóc lụt nhà mất,,True,,
cmt_showbiz_034_0994_r03,showbiz_034,Nguyễn My nào nào 😂,,True,,
cmt_showbiz_004_0030,showbiz_004,Trăm tỷ thì chân thung,Cà khịa,False,,
cmt_showbiz_033_0001_r74,showbiz_033,Nguyen Anh Tuấn khổ nhất là mẹ ko đc chăm sóc những đứa con,Đồng cảm,False,,
cmt_showbiz_020_1660,showbiz_020,Tố Quyên,,True,,
cmt_showbiz008_0036_r04,showbiz_008,Nguyễn Hà Anh  có bãi cứt liếm hoài k chán :))),Trung lập,False,,
cmt_showbiz_011_0142,showbiz_011,vẫn thua jack 2 đứa:<,Cà khịa,False,,
cmt_showbiz_032_0279,showbiz_032,trả lời như đốn vào lầm 🥲,Trung lập,False,,
cmt_showbiz_010_0196,showbiz_010,Bui Thanh Huyen :) ra là vậy,,True,,
cmt_showbiz_033_1940_r431,showbiz_033,Trần Ngà,,True,,
cmt_showbiz_018_0318,showbiz_018,Hiền Nguyễn người của xã hội mệt dữ 😆,,True,,
cmt_showbiz_004_0077,showbiz_004,Gian dối để làm giàu ... ?,Cà khịa,False,,
cmt_showbiz_013_0057,showbiz_013,Tao thà tin tay vịn còn trinh còn hơn tin phạm thoại -)),Trung lập,False,,
cmt_showbiz_019_0165,showbiz_019,"Tpcn  Mỹ phẩm thì hầu như ai bán cũng nói qúa, nếu bài trừ thì làm ơn quét hết một lần trên cõi mạng này dùm cái.",Trung lập,False,,
cmt_showbiz009_0020_r08,showbiz_009,"Trần Duy Quang gì z má, yêu nó ko biết giờ nó nói trước nó yêu nó tin. Giờ nó tìm hiểu ra mới biết rồi bỏ đó. Tml kia đóng vai nạn nhân nên bóc luôn",Trung lập,False,,
cmt_showbiz_033_0001_r04,showbiz_033,"Nguyễn Việt Tùng dưỡng dưỡng cái cc, chứ ở đó mà dưỡng,",Cà khịa,False,,
cmt_showbiz_011_0090,showbiz_011,Nhạc nhảm nhí !,Cà khịa,False,,
cmt_showbiz_021_0012,showbiz_021,"T thấy cái dòng mùa giải đầu tiên của cuộc thi rồi đó , khả năng mùa đầu tiên và cuối cùng 😆",Cà khịa,False,,
cmt_showbiz_043_0182,showbiz_033,Vì bả có nhiều fan. Đặc biệt hơn là những fan này còn manh động. Vì nhà nào cũng sẽ có 1-2 ng là fan bả 🤣,Trung lập,False,,
cmt_showbiz_034_2097_r04,showbiz_034,Tran Quynh ờ. Thì sao,,True,,
cmt_showbiz_020_1363,showbiz_020,Ai cũng liem cho đến khi bị bớ :)),Trung lập,False,,
cmt_showbiz018_0009_r01,showbiz_018,Vĩnh Anh Pham cũng thấy z mà sao nổi quá,Cà khịa,False,,
cmt_showbiz_018_0215,showbiz_018,nó ly hôn xong rồi lại quen đứa khác cho mà xem,Trung lập,False,,
cmt_showbiz_012_0263,showbiz_012,"Rất thích vai diễn của em, việc nào ra việc nấy.",Trung lập,False,,
cmt_showbiz_034_2072_r50,showbiz_034,Vu Son ko hỉu sao ata cũng đào lửa mà lại lên giảng cảnh báo mn đừng tham gia tiền ảo để tránh bị đào lửa nhể! Sao ta? Hay ata nghĩ mình là ông trời ta! Hihi hổng hỉu!,Trung lập,False,,
cmt_showbiz_033_0001_r162,showbiz_033,Trần Vân nếu được xài internet thì mới gọi là sướng được .,Cà khịa,False,,
cmt_showbiz_011_0162,showbiz_011,Thua jack mỗi 5 triệu,Cà khịa,False,,
cmt_showbiz_020_2238,showbiz_020,Hồng Nhung,,True,,
cmt_showbiz_021_0205,showbiz_021,,,True,,
cmt_showbiz_033_1946_r18,showbiz_033,"Doan VU nói nãy giờ mà ông ko chịu hiểu tôi nói! Nếu sai phạm tui mong pháp luật phạt thật nặng! 
Vấn đề tui nói là cũng ghi nhận việc tốt mà bạn đó đã từng làm cơ mà! Tôi đâu có cổ suý cho sai phạm đâu! Sai thì để pháp luật nghiêm trị",Trung lập,False,,
cmt_showbiz004_0013_r06,showbiz_004,Thu s bênh kiểu ngu ngục dữ k biết,Cà khịa,False,,
cmt_showbiz_023_0207,showbiz_023,mac j quan tam den con qq này quài chi zi ta,Trung lập,False,,
cmt_showbiz_034_2068_r135,showbiz_034,Theo lâu rồi. Tội phạm kt đâu dễ bắt,Trung lập,False,,
cmt_showbiz_012_0112,showbiz_012,Mà liên quan gì đến hậu môn đâu hậu có phải người Việt Nam đâu sủa làm gì,Cà khịa,False,,
cmt_showbiz_043_1902,showbiz_033,Bà Hằng giàu khủng luôn cơ mà lúc bà ý bị bắt cũng ko hớn hở tới mức này luôn. Ko hiểu con mụ này nó chuẩn bị cỡ nào trc đó rồi mà nó nhơn nhơn vậy,Trung lập,False,,
cmt_showbiz_020_0305,showbiz_020,Chạy đâu cho thoát,Trung lập,False,,
cmt_showbiz010_0092_r02,showbiz_010,Bảo Trâm 6 còn md,,True,,
cmt_showbiz_033_0001_r129,showbiz_033,Nguyễn Việt Tùng tiền chị lối mọi thứ việc,,True,,
cmt_showbiz012_0005_r04,showbiz_012,"Huy Le 
Mô Phật nếu cô có sự suy nghĩ như bạn thì không có TNA của ngày hôm nay",Trung lập,False,,
cmt_showbiz_019_0025,showbiz_019,"Tpcn hot trend do ng nổi tiếng bán online => 🙏mô phật, amen, bye
Phương châm mua sắm của t:
✴️Mua online: 
✅✅ quần áo, đồ gia dụng thì ok
✅ thực phẩm, thuốc, hoá mỹ phẩm phải mua MALL THƯƠNG HIỆU
✴️KHÔNG BAO GIỜ MUA:
❌ hot trend
❌❌ ng nổi tiếng bán
❌❌❌ thực phẩm chức năng",Cà khịa,False,,
cmt_showbiz007_0005_r20,showbiz_007,Xanh Dương còn thâm như lol mẹ m chưa :)) lên đọc thông tin đi,Trung lập,False,,
cmt_showbiz019_0021_r06,showbiz_019,Thu An nhiều người thương nó thế đấy,,True,,
cmt_showbiz_033_1947_r17,showbiz_033,Phạm Nga còn u mê lắm 🤣,,True,,
cmt_showbiz_007_0335,showbiz_007,Hoàng Việt Thịnh Nguyễn,,True,,
cmt_showbiz015_0016_r07,showbiz_015,Hùng Lê tôi đang dụ người nói ra câu này đấy . Tất cả vì tiền cả . Shisha với thuốc lá điện tử không đóng thuế nên bị cấm,Trung lập,False,,
cmt_showbiz_033_0001_r116,showbiz_033,Nguyễn Việt Tùng b thử xem s :)),,True,,
cmt_showbiz018_0012_r02,showbiz_018,Chus Chus mới bỏ follow cái độp,Cà khịa,False,,
cmt_showbiz_034_1078_r66,showbiz_034,"Dây treo nhãn mác, tem nhãn, tag quần áo Phúc Gia",,True,,
cmt_showbiz_033_1941_r57,showbiz_033,Xôi Lạc Ủng họ nó đi tò nhé,,True,,
cmt_showbiz019_0053_r02,showbiz_019,Phuong Thao 😊,,True,,
cmt_showbiz_020_2317,showbiz_020,Thạo Tây,,True,,
cmt_showbiz_020_0735,showbiz_020,Al làm hay thiệt 🙏,Trung lập,False,,
cmt_showbiz_043_0663,showbiz_033,"Nó học bà Hằng cái nụ cười trước pháp luật này nè, mà nó ko biết 1 điều, nó ko giống bà Hằng, bà ấy bị bắt chỉ vì những phát ngôn ngu xuẩn, còn nó là 1 con cáo già lọc lừa mất dạy nhất hành tinh",Trung lập,False,,
cmt_showbiz_033_0001_r134,showbiz_033,Nguyễn Việt Tùng lên háo nổi như cồn rồi. K có chạy đc đâu. Khôn lên đi,Phẫn nộ,False,,
cmt_showbiz019_0003_r01,showbiz_019,"Trước đó, thời điểm bị khởi tố hồi tháng 5, cơ quan điều tra thông tin hoa hậu Thùy Tiên hưởng lợi gần 7 tỷ đồng trong vụ án này. Tuy nhiên, theo kết luận điều tra cuối tháng 8, Tiên hưởng lợi hơn 6,8 triệu đồng từ hoa hồng tiếp thị liên kết bán kẹo Kera. Về hơn 12 tỷ đồng cơ quan điều tra xác định là tiền 5 bị can hưởng lợi bất chính, kết luận điều tra chưa chỉ ra cụ thể mỗi bị can ""đút túi"" bao nhiêu tiền.",Trung lập,False,,
cmt_showbiz_020_3785,showbiz_020,"Cái này chẳng thầy nào nói dc.bố ng ta là ng bthuong,đến đời ng ta là Vua thì ng ta vẫn tôn sùng bố ng ta lên là chuyện bthuong.tiền của ng ta,ng ta muốn làm gì là việc của ng ta.thấy hay thì xem,ko hay thì kệ.ng ta sai thì có pháp luật,ko thích ng ta thì ko liên quan là xong.",Trung lập,False,,
cmt_showbiz_011_0161,showbiz_011,anh gần bằng Jack rồi :)),Cà khịa,False,,
cmt_showbiz_004_0061,showbiz_004,May là mình chưa dùng sp😁,Cà khịa,False,,
cmt_showbiz_020_0276,showbiz_020,"Hôm trước thấy QC hay quá tính mua, mà mắc quá ngán tiền chưa mua, may mắn!",Trung lập,False,,
cmt_showbiz_020_1674,showbiz_020,🥹🥹🥹🥹,,True,,
cmt_showbiz_020_1756,showbiz_020,Xếp e Malaysia,,True,,
cmt_showbiz018_0035_r03,showbiz_018,Thuỳ Linh những đứa nói đạo lý thường sống như lol 🤣,Cà khịa,False,,
cmt_showbiz_018_0054,showbiz_018,Lại mãi mãi là 2 năm,Cà khịa,False,,
cmt_showbiz_018_0115,showbiz_018,Là sao nuaa,,True,,
cmt_showbiz_020_3217,showbiz_020,Toàn bọn ghen ăn tức ỉa rồi cắn xé lung tung,Trung lập,False,,
cmt_showbiz_017_0040,showbiz_017,.,,True,,
cmt_showbiz_044_2320,showbiz_034,Số phận ko tin ko đc đến ngày là phải vào kho thui,Trung lập,False,,
cmt_showbiz_024_0155,showbiz_024,Nhờ mai thúy mới có nhiều cảm hứng sáng tạo,Trung lập,False,,
cmt_showbiz_033_1953_r67,showbiz_033,"Nguyễn Trãi Nó lừa vài năm nó bỏ một tháng ra từ thiện , thì khoan gì?",Cà khịa,False,,
cmt_showbiz004_0013_r01,showbiz_004,"Uyen Nhi Au Ha à.. bên ấy hông xài page nên gửi bên này đăng giùm cho nhân dân biết..
Waooooo !",Cà khịa,False,,
cmt_showbiz_012_0014,showbiz_012,"Học tập TVQ trả hết , khắc phục hậu quả xong lại vi văn vu …",Cà khịa,False,,
cmt_showbiz015_0005_r12,showbiz_015,"Minh Ken ai nói fan phủng j, bạn nói việc đem địa chỉ ra là đàn bà thì mình nói thôi. Fact chứ đéo ai thèm hạ thấp làm j",Trung lập,False,,
cmt_showbiz009_0034_r04,showbiz_009,Phạm Minh Anh,Cà khịa,False,,
cmt_showbiz_015_0050,showbiz_015,"Chúng mày cắn anh t đi, sao nhập ngũ hot cũng vì có anh, ghặp máy quay né thật nhanh, đặc sản bã mía tạo thành tinh hoa.Tiếng lành cứ thế đồn xa, anh ban vĩnh viễn người cha của mình.Tình cảm dứt khoác phân minh, em út ghặp nạn bị rình kick ngay",Trung lập,False,,
cmt_showbiz004_0004_r11,showbiz_004,"tư duy kiểu này thì Ý Phan Như quá đỉnh r, đỉnh âm bi 🤭",Cà khịa,False,,
cmt_showbiz018_0025_r11,showbiz_018,Phương Phương chập cheng á :),,True,,
cmt_showbiz_044_1516,showbiz_034,Đã là con số mà lại là con số bằng lập trình thì phải có người điều khiển.,Trung lập,False,,
cmt_showbiz007_0040_r09,showbiz_007,An Nhi nè,,True,,
cmt_showbiz014_0002_r35,showbiz_014,Nguyễn Khang Tre già măng mọc. Sóng sau dồn sóng trước. Mấy bài chất lượng dưới trung bình ntn các ông cứ làm audio không thôi thì vẫn mãi được coi là huyền thoại. Chứ ra mấy sản phẩm ố dề ối dồi ôi phèn không đạt chất lượng như này chả khác nào xúc phạm thanh xuân của khán giả 8x 9x. Bài học cho tất cả chúng ta đam mê thì cứ đam mê nhưng đừng baoh tham quyền cố vị níu kéo hào quang đã tắt.,Trung lập,False,,
cmt_showbiz_024_0194,showbiz_024,Sao vậy trời một tài năng 🥺,Trung lập,False,,
cmt_showbiz_020_1792,showbiz_020,băm xơi,,True,,
cmt_showbiz_033_0001_r90,showbiz_033,Nguyễn Việt Tùng mất mẹ quyền công dân,,True,,
cmt_showbiz_020_2527,showbiz_020,Quan hẹ lớn,Trung lập,False,,
cmt_showbiz009_0034_r01,showbiz_009,Giải thích chạ hỉu nói rì kkk,Trung lập,False,,
cmt_showbiz005_0003_r30,showbiz_005,Mie Victorya coi chừng 🐕 táp bạn ơi,,True,,
cmt_showbiz023_0003_r02,showbiz_023,Hà Phương con của chị gái,,True,,
cmt_showbiz_043_1290,showbiz_033,“Cố tỏ ra là mình ổn…”,Trung lập,False,,
cmt_showbiz_020_2294,showbiz_020,Ngọc Loan,,True,,
cmt_showbiz_004_0088,showbiz_004,bắc hoàng hường nam ngọc ngân,,True,,
cmt_showbiz020_1816_r01,showbiz_020,Minh Thuan :)))),,True,,
cmt_showbiz_021_0089,showbiz_021,Gọi vốn thất bại 🤣,Cà khịa,False,,
cmt_showbiz019_0002_r03,showbiz_019,Bí Mật Showbiz  quảng cáo rất đánh tráo khái niệm làm lầm tưởng 20kg rau =1 viên kẹo,,True,,
cmt_showbiz_018_0471,showbiz_018,Này thì tình yêu mà đạo lý:)),Trung lập,False,,
cmt_showbiz_024_0258,showbiz_024,Rất nhiều thiết kế chắc chắn được chấm lúc giữa những cơn phê ☺️☺️☺️,Trung lập,False,,
cmt_showbiz_044_0469,showbiz_034,Hèn gì vàng nó lên giá như thế.,Trung lập,False,,
cmt_showbiz_020_0116,showbiz_020,6.🤣🤣🤣,,True,,
cmt_showbiz_033_1514_r01,showbiz_033,Hoai Nam Vu vướng gì đâu 😂😂😂,,True,,
cmt_showbiz_034_0036_r04,showbiz_034,Tina Pham  bà cả là  quý nhân  phát tài. ...hai là trượt tài vì ăn,Cà khịa,False,,
cmt_showbiz011_0040_r11,showbiz_011,Minh Sang thua gì hơn hẳn có quạt máy vs điều hòa,Cà khịa,False,,
cmt_showbiz_033_1940_r259,showbiz_033,Mau Nguyễn vtv đưa tin chắc k sai,,True,,
cmt_showbiz_004_0121,showbiz_004,"…
Hà hà hà …
Đây là … TẤM GƯƠNG CHO NHỮNG KẺ LỢI DỤNG UY TÍN XÃ HỘI ĐỂ TRỤC LỢI …
Sẽ còn nhiều bọn … VIỆT GIAN, BÁN NƯỚC, ÂM MƯU THÙ ĐỊCH CŨNG SẼ BỊ MỜI ĐI XƠI CƠM TẬP TRUNG … thôi.",Ủng hộ,False,,
cmt_showbiz019_0031_r18,showbiz_019,Lê Vũ Việt thằng ngáo,,True,,
cmt_showbiz004_0005_r11,showbiz_004,Á Tiên tới giờ nghỉ trưa cán bộ mới rảnh biết khum?🤣🤣🤣,Cà khịa,False,,
cmt_showbiz_012_0063,showbiz_012,Ngực bé thế,Cà khịa,False,,
cmt_showbiz_012_0073,showbiz_012,Thích mỗi quả vếu to ^^,,True,,
cmt_showbiz019_0181_r43,showbiz_019,Khả Phú …,,True,,
cmt_showbiz_018_0075,showbiz_018,"đôi nào chia tay tao cũng k quan tâm, nhưng đôi này xin phép thả haha. sống đạo lý với văn mẫu quá mà 😆😆",Cà khịa,False,,
cmt_showbiz_044_0210,showbiz_034,má ơi giàu,Trung lập,False,,
cmt_showbiz_044_0944,showbiz_034,Shark cc.. sâu mọt,Trung lập,False,,
cmt_showbiz_020_2781,showbiz_020,"Làm ăn chân chính thì k giàu dc ,mà giàu kiểu này thì ko nên giàu .",Trung lập,False,,
cmt_showbiz_034_0009_r04,showbiz_034,Hrung Bya ham ăn lười làm thì nằm đó mà mơ,Cà khịa,False,,
cmt_showbiz_022_0010,showbiz_022,Chắc video clip là AI :)))),Trung lập,False,,
cmt_showbiz009_0035_r11,showbiz_009,"Phạm Quang Thành ông nghĩ người ta dở, nhưng lại không biết đấy là người ta cố tình rùm beng lên 😅😅. Chắc ông nghĩ mấy page như này rảnh đi up bài hóng drama chơi 🤣🤣",Trung lập,False,,
cmt_showbiz022_0015_r03,showbiz_022,Lan Anh Nguyễn có nói mà. ý nó là lúc đó ngoại tình vợ nó đã bỏ qua và lựa chọn tha thứ rồi nhưng giờ li hôn lại công khai ra 🥲,Trung lập,False,,
cmt_showbiz_034_2083_r09,showbiz_034,"Tĩnh Lặng nghiệp nào quật, con PO cũng là 1 dạng bị lừa thôi, nó làm từ 2021 đã quen cô diễn viên chưa???",Trung lập,False,,
cmt_showbiz_011_0075,showbiz_011,Ủng hộ nội dung của bài viết. Thiết nghĩ NN nên có chế tài cấm sóng những nội dung tiêu cực nhố nhăng trên mạng để tránh các con giời bị xô vào quá mức. Việc lên mạng nói năng chửi bới tục tĩu nên bị kiểm duyệt ngay từ khâu cho lên sóng và nên có chế tài phù hợp để răn đe những mầm mống khác,Ủng hộ,False,,
cmt_showbiz_044_2169,showbiz_034,Cá mập bị up sot,Cà khịa,False,,
cmt_showbiz_011_0227,showbiz_011,"Bình thường mà, ấy nhiều thế mà k có con vô sinh mới lo ý =))))))",Cà khịa,False,,
cmt_showbiz_018_0067,showbiz_018,"Xưa hay content về tình yêu, yêu xa, giữ lửa, làm mới ty, hôn nhân, gia đình lắm mà 😒",Cà khịa,False,,
cmt_showbiz_008_0298,showbiz_008,ko cho nó hát luôn phạt nó 1tỷ còn nhẹ,Phẫn nộ,False,,
cmt_showbiz_018_0077,showbiz_018,Cha này đạo lý tình yêuuuu cưới rồi mới thấm 🙂🙂,Ủng hộ,False,,
cmt_showbiz_020_0542,showbiz_020,ôi nhiều số 0 quá tui hết biết đọc luôn à,Trung lập,False,,
cmt_showbiz_034_0006_r04,showbiz_034,Hương Phạm Nguyen thực tế thì chia nhau hớp hết rồi.,Cà khịa,False,,
cmt_showbiz_020_2301,showbiz_020,Minh Thảo,,True,,
cmt_showbiz008_0002_r08,showbiz_008,Nguyễn Giang ai trốn ?,Trung lập,False,,
cmt_showbiz020_1025_r01,showbiz_020,"Binh Le cái trò trốn thuế của họ thôi,vạch lá gì ,sao qua mắt được CA.",Trung lập,False,,
cmt_showbiz_012_0042,showbiz_012,"Vụ này từ 2007, 2008 mà giở 2025 rồi người ta mới gửi đơn tới công an?",Trung lập,False,,
cmt_showbiz_020_1735,showbiz_020,Huỳnh Thái An Huynh My Quyen sếp,,True,,
cmt_showbiz_034_0009_r03,showbiz_034,"Hrung Bya tiền đó từ đâu ra, lừa đảo của người bị hại, không trả người bị hại mà cho vs bố thí này nọ à óc, nếu mày bị lừa thì không nên đòi lại tiền nhé",Phẫn nộ,False,,
cmt_showbiz_044_2363,showbiz_034,"Chết vì tham,,,gương cho những kẻ tưởng mình khôn,,,,??",Trung lập,False,,
cmt_showbiz024_0001_r02,showbiz_024,"A Trí có cái máu nghệ thuật thế này thì chục năm trước kiểu gì cóng rồng cóng phượng với lửa ma chẳng quấn quanh nhà, nhỉ 🤪🤪🤪",Trung lập,False,,
cmt_showbiz_034_1080_r14,showbiz_034,Nguyen Hoa Binh bài học cái củ lông:)),,True,,
cmt_showbiz_033_1940_r27,showbiz_033,Tuyền Văn Hóa  ủa sao trông phấn khởi thế,,True,,
cmt_showbiz_009_0131,showbiz_009,Khanh Quỳnh,,True,,
cmt_showbiz_020_3784,showbiz_020,Vãi chỉ sợ k có tiền thoii . Chứu có tiền t  xây như này cho bố t ...,Trung lập,False,,
cmt_showbiz_020_3310,showbiz_020,"Tiền của họ họ thích làm gì họ làm, khi ng ta nổi tiếng nhiều tiền từ thiện miễn phí các kiểu thì đám đông tung hô, đến lúc vấp 1 cái thi nhau trù dập , ngán",Trung lập,False,,
cmt_showbiz_020_0065,showbiz_020,Tung Nguyen Quách Thuận mấy bà ơi,,True,,
cmt_showbiz_020_1846,showbiz_020,Toét,,True,,
cmt_showbiz016_0006_r17,showbiz_016,Lưu Tu  vtv làm ăn cẩu thả tao ko chửi vtv chứ ko lẽ tao chửi bố mẹ mày hả thằng óc cứt :))),Trung lập,False,,
cmt_showbiz004_0009_r18,showbiz_004,Lưu Bích Trâm quay up thoii chứ k phải live,,True,,
cmt_showbiz_021_0144,showbiz_021,Trà Giang,,True,,
cmt_showbiz021_0004_r06,showbiz_021,6 củ thì thổi phồng mồm luôn ấy chứ 😂😂,Cà khịa,False,,
cmt_showbiz_044_1519,showbiz_034,Đi hơi lâu,Trung lập,False,,
cmt_showbiz_020_2168,showbiz_020,Tân Ngũ,,True,,
cmt_showbiz_020_3615,showbiz_020,Lê Hà có đúng ko a,,True,,
cmt_showbiz_017_0096,showbiz_017,"2.Kết quả, qua việc áp dụng đồng bộ các biện pháp nghiệp vụ, Phòng Cảnh sát kinh tế phát hiện chủ tài khoản mạng xã hội Tiktok “Gia đình Hải Sen” của Lê Văn Hải, sinh năm 1996, ở thôn Thành Tây, xã Văn Phú, huyện Nho Quan, là thành viên sáng lập của Công ty TNHH Hải Bé, có địa chỉ ở thôn Thành Tây, xã Văn Phú, huyện Nho Quan thường xuyên đăng tải các video bán các mặt hàng là mỹ phẩm, thực phẩm chức năng, trong đó có thực phẩm bảo vệ sức khỏe “Siro ăn ngon Hải Bé”…

Tiến hành kiểm tra đối với Công ty TNHH Hải Bé do Trần Đại Phúc, sinh năm 1990, ở thị trấn Giao Thủy, huyện Giao Thủy, tỉnh Nam Định là Giám đốc, Lê Văn Hải là thành viên sáng lập, lực lượng Công an phát hiện, thu giữ nhiều mặt hàng là mỹ phẩm và thực phẩm chức năng không có đầy đủ hóa đơn, chứng từ chứng minh nguồn gốc xuất xứ…",Trung lập,False,,
cmt_showbiz011_0002_r02,showbiz_011,Dương Thị Thương a rách đứng t2 rồi,,True,,
cmt_showbiz_017_0018,showbiz_017,,,True,,
cmt_showbiz016_0011_r04,showbiz_016,"Lã Xuân Hải sao ko zích cno lại, hay bố cũng bú ác",Cà khịa,False,,
cmt_showbiz_033_0001_r144,showbiz_033,Nguyễn Việt Tùng cứ nghĩ đến bỏ đàn con thơ ko có bàn tay của người me cũng là dở rồi.,Phẫn nộ,False,,
cmt_showbiz014_0004_r02,showbiz_014,Nguyễn Tuấn Anh hết thời. Đi giao lưu cả chi ca phú đủ kiểu :)),Trung lập,False,,
cmt_showbiz_009_0348,showbiz_009,+ 1 máy hối hận trong em 🙄,Trung lập,False,,
cmt_showbiz_020_3488,showbiz_020,Gớm các ông k có tiền cứ ngồi đó mõm hoài,Trung lập,False,,
cmt_showbiz009_0035_r25,showbiz_009,Nguyễn Hạnh vụ bên hàn ở đâu có st v,,True,,
cmt_showbiz_018_0079,showbiz_018,Này thì đạo lý tình yêu. Vừa lòng tau lắm,Ủng hộ,False,,
cmt_showbiz_034_0366_r01,showbiz_034,Nguyễn Huyền mình nghèo mình k hiểu đâu bác kkk,Trung lập,False,,
cmt_showbiz011_0037_r25,showbiz_011,"Cary Cary đã đi chơi , năm tay , ôm hôn mà còn tìm hiểu :)))) dm ko hiểu suy nghĩ quan điểm tìm hiểu của mấy thằng nv là gì ( kiểu như qhtd đi hợp thì mới yêu ) mà cho qhtd thì tụi nó lại bảo thứ con gái dễ dãi :))) clg mấy tk mà có tính hãm l nó cái gì cũng nói đc.",Trung lập,False,,
cmt_showbiz004_0009_r08,showbiz_004,Dương Đình Khang,,True,,
cmt_showbiz013_0010_r03,showbiz_013,,,True,,
cmt_showbiz_021_0067,showbiz_021,Chắc ông trùm Nguyễn Đức Việt cầm đâu,Cà khịa,False,,
cmt_showbiz_044_2009,showbiz_034,Phạm Thuỳ Ninh,,True,,
cmt_showbiz_044_1001,showbiz_034,Kiều Oanh Thượng 597 cây kkk,,True,,
cmt_showbiz_020_1031,showbiz_020,Phuong Ha có mún xin vía giàu k c😂,,True,,
cmt_showbiz007_0004_r01,showbiz_007,Trúc Quỳnh Mà kh biếc nick fb,Trung lập,False,,
cmt_showbiz_044_0253,showbiz_034,"Tiền tiêu sao cho hết, làm báo nhiêu gia đình tán gia bại sản, vợ chồng lý hôn vì lâm vào cảnh nợ nần chồng chất",Trung lập,False,,
cmt_showbiz_004_0031,showbiz_004,Ra Hoàng Thành mà hỗn với bề trên là Chết ngay. Ko nói nhiều. Cọp cái bẽ nang ngay,Phẫn nộ,False,,
cmt_showbiz012_0001_r01,showbiz_012,"Ngan Duong nó lại được xét vào diện tối mật ai thắc mắc đi tù ấy, giải thích vậy đc chưa bác",Trung lập,False,,
cmt_showbiz008_0005_r04,showbiz_008,Khang Nguyên rõ ràng sai vẫn bênh sợ thật.,Trung lập,False,,
cmt_showbiz023_0004_r11,showbiz_023,"Hx chua dể thì biewts tnao dc má, nta có nói đâu, kể cả có con hay k cũng k thể biết bằg đàng gái",Trung lập,False,,
cmt_showbiz_020_2668,showbiz_020,Hưởng ứng phong trào làm giàu …. Rồi ai giàu là bắt hết rất rất hay VN số1,Trung lập,False,,
cmt_showbiz_033_0058_r15,showbiz_033,Nguyễn Quý ngooo dân,,True,,
cmt_showbiz_033_1437_r18,showbiz_033,Hường Nguyễn Thị não Bà có vấn đề à,,True,,
cmt_showbiz_019_0085,showbiz_019,Khôn nhưng không ngoan,Trung lập,False,,
cmt_showbiz_011_0010,showbiz_011,Thằng Iồn điên,,True,,
cmt_showbiz_044_0053,showbiz_034,Trong nước mà giám lừa đảo,Phẫn nộ,False,,
cmt_showbiz_012_0167,showbiz_012,"Chắc 20 Năm trước nhìn em còn ngon nước nên chưa thấy điểm mù của cơ thể, 20 năm sau các hệ thống điện nước đã bắt đầu xuống cấp nên mới bị phát hiện",Trung lập,False,,
cmt_showbiz007_0028_r27,showbiz_007,Dương Hạnh Hương chắc mình đần thiệt rồi 🐮🐮🐮,,True,,
cmt_showbiz_034_2068_r83,showbiz_034,Phạm Thế Hưng tv nói chưa lý hôn nhé kkk,,True,,
cmt_showbiz_033_1948_r43,showbiz_033,Hoàng T Kim mua 3 đơn một lúc ... thấy HH hỗ trợ bà con vùng lũ nen cũng ủng hộ,Trung lập,False,,
cmt_showbiz019_0278_r01,showbiz_019,Vân Ng bị bắt chưa b,,True,,
cmt_showbiz007_0072_r01,showbiz_007,Trần Thanh Thão Gái lứa gì nghe ứ ừ là phái lấm,,True,,
cmt_showbiz_001_0002,showbiz_001,Ngông cuồng,Phẫn nộ,False,,
cmt_showbiz_007_0326,showbiz_007,Nguyễn Minh Anh,,True,,
cmt_showbiz019_0203_r04,showbiz_019,Chuyện ma Chú 3 Duy mỏ hỗn  dữ vị,Trung lập,False,,
cmt_showbiz_033_0001_r40,showbiz_033,Hùng Mộc đúng rồi,,True,,
cmt_showbiz_032_0059,showbiz_032,Linh Đan HH xinh đẹp,,True,,
cmt_showbiz_004_0181,showbiz_004,Đừng có giựt còn ten của Hình Sự ạ😅,Trung lập,False,,
cmt_showbiz_020_0644,showbiz_020,Nhung Nguyễn đọc sao má.,,True,,
cmt_showbiz019_0014_r05,showbiz_019,Lưu Kiều Vân vẫn xem thì cẩn thận dính phốt hàng lởm tiếp nhé b,Trung lập,False,,
cmt_showbiz_020_0513,showbiz_020,Hai triệu Bảy trăm ngàn tỉ,Trung lập,False,,
cmt_showbiz011_0026_r11,showbiz_011,Nguyễn Hồng Minh hội ce bảo có ddvs là tẩy được😂,Cà khịa,False,,
cmt_showbiz_033_1429_r01,showbiz_033,Phạm Giang loại trâu bò,,True,,
cmt_showbiz_021_0034,showbiz_021,Giá cũng ổn áp đấy 😅,Cà khịa,False,,
cmt_showbiz_020_3327,showbiz_020,Đúng là khi ngta sa cơ tụi kền kền này cái gì nó cũng moi đc,Trung lập,False,,
cmt_showbiz_009_0015,showbiz_009,"Từ bao h ko xoá hình vẫn để video là chứng minh ko ngoại tình dạ ?? Nhiều thg vẫn để hình cưới vẫn cắm sừng đấy thôi, hình ảnh có nói lên là chung tình đâu ní",Trung lập,False,,
cmt_showbiz010_0092_r01,showbiz_010,La Duyên cuối cùng cũng công khai,,True,,
cmt_showbiz016_0033_r03,showbiz_016,Nguyễn Đức Duy,,True,,
cmt_showbiz_020_1301,showbiz_020,Muốn giàu thì phải dính vào pháp luật thôi,Trung lập,False,,
cmt_showbiz019_0022_r05,showbiz_019,Vu Nguyen-Van toang thật r :)),Trung lập,False,,
cmt_showbiz_008_0065,showbiz_008,mới sồn sồn đc bên tiktok cái bị sở bế kkk t cười ói,Trung lập,False,,
cmt_showbiz_023_0108,showbiz_023,Có con là niem vui hp có gi mà phải dấu,Trung lập,False,,
cmt_showbiz_032_0254,showbiz_032,Thì hay không do nhà nước,Trung lập,False,,
cmt_showbiz_033_1976_r27,showbiz_033,Hải An Home tui thấy con này trên mang là lướt luôn k xem nói thì hút mây hút gió thế mà nhiều người bỏ cả tiền triệu mua sp,Trung lập,False,,
cmt_showbiz_004_0033,showbiz_004,Múa mồm zu chưa,,True,,
cmt_showbiz_033_1973_r04,showbiz_033,Hồ Thủy bọn nó có tiên nó đút hết rồi,,True,,
cmt_showbiz_033_1490_r01,showbiz_033,Vũ Lại hệ thống của n cả nghìn tỏi chứ kp trăm tỏi như dân đồnnn đâu . Quá khủng khípppp .,Trung lập,False,,
cmt_showbiz020_2144_r43,showbiz_020,Nguyễn Thành Quang oh. Bã làm gì gđ mày mà cay dữ :)),Trung lập,False,,
cmt_showbiz004_0012_r01,showbiz_004,Vũ Hùng Mình đang bị ảo ạ ?,,True,,
cmt_showbiz010_0004_r10,showbiz_010,"Sơn Lý chuẩn r bác , quan trọng là cả 2 tin tưởng nhau thì 4 ng đều hạnh phúc 🌚",Trung lập,False,,
cmt_showbiz018_0045_r05,showbiz_018,"Sương Trà tại ngta ghét kiểu đạo lí thôi!!! Có lần t nghe thằng này bảo là cần phải cần trô nó mà nghĩ đhs luôn!!!
Nhưng công nhận đám cưới đẹp vcl",Cà khịa,False,,
cmt_showbiz_043_1554,showbiz_033,Tù mà vẫn cứ tươi như đi nhận giải ý nhỉ,Trung lập,False,,
cmt_showbiz_009_0318,showbiz_009,quay phim đen à,Trung lập,False,,
cmt_showbiz_011_0216,showbiz_011,Có cái câu chuyện đb..mà báo nào cũng đăng..hết mẹ nói bài rồi,Cà khịa,False,,
cmt_showbiz_033_0001_r136,showbiz_033,Hùng Mộc án điểm có như đỗ hữu ca k b.,,True,,
cmt_showbiz_033_1943_r05,showbiz_033,Đào Hảo đr,,True,,
cmt_showbiz_034_0009_r05,showbiz_034,"Hrung Bya tại sao phải chia, lười làm ham ăn ham nhậu cứ đòi người ta chia cho à, tự làm mà ăn đi",Cà khịa,False,,
cmt_showbiz_018_0063,showbiz_018,"https://youtu.be/su65tbszQRw?si=zWEGmQcmVu8TsS89
như tên bài",,True,,
cmt_showbiz_019_0203,showbiz_019,Ve sầu thoát xác 😂,Trung lập,False,,
cmt_showbiz_043_0312,showbiz_033,Nó làm được tốt một việc nhưng nó còn làm bao nhiêu việc sai phạm nữa đối với những người dân mua phải hàng giả của nó Có gì mà tốt nên pháp luật phải trừng trị,Trung lập,False,,
cmt_showbiz_033_1962_r05,showbiz_033,Nguyễn Hồng Hà kể luôn với mẹ em đi,,True,,
cmt_showbiz020_0508_r02,showbiz_020,Tấn Đạt ai mà,,True,,
cmt_showbiz_034_1078_r36,showbiz_034,"Dây treo nhãn mác, tem nhãn, tag quần áo Phúc Gia 😪",,True,,
cmt_showbiz_044_2438,showbiz_034,đứng thiền luôn ak 🤣,Trung lập,False,,
cmt_showbiz_020_2146,showbiz_020,Đỗ Hồng Nhung,,True,,
cmt_showbiz004_0005_r05,showbiz_004,"Bình Yên nó thả 1 bầy bot đi điều hướng dư luận luôn, tụi này ko xem pháp luật ra gì cả, con Hoàng Hường cũng vậy, giờ nó toàn đăng clip đi thiện nguyện, còn bên con Ngân thì lên bài kéo con Ngân clg xuống vì nó biết ngta ghét con clg hơn nên sẽ bênh nó trong vụ này",Cà khịa,False,,
cmt_showbiz004_0002_r19,showbiz_004,Diễm Huỳnh hàng này còn lời hơn ma túy gấp nhiều lần mà tội sao bằng ma túy đc,Cà khịa,False,,
cmt_showbiz018_0035_r01,showbiz_018,Selina Nguyen chắc sống như vợ chồng nó vẫn khác là vợ chồng thật =))),Cà khịa,False,,
cmt_showbiz020_1244_r02,showbiz_020,Ky Vo anh đóng tiền nâng z. ú à?🤪,,True,,
cmt_showbiz_020_2340,showbiz_020,"Mấy cái cmt toàn nói lời hay ý đẹp 
Bả chạy quảng cáo đó, tui soi hết rồi🤣
Chứ vô toptop xem mấy cmt xem nhiều người chê sp dã man luôn ý",,True,,
cmt_showbiz020_0901_r01,showbiz_020,Nguyễn Anka Kiều ra nhà tắmkkk,,True,,
cmt_showbiz011_0039_r08,showbiz_011,Nguyễn Châu đã là thấy cùng thì đừng có lên live bos 1 bài 1 vd là đủ ko cần phải live lũng j live lên nhìn phản cảm lắm 🧏,Phẫn nộ,False,,
cmt_showbiz018_0001_r01,showbiz_018,"Inside the Box ko phải bây mới chê nma thật sự lúc họ đang trên đỉnh cao thì mấy ai dám nói, mình thấy cặp này ko ổn như những gì họ thể hiện, chỉ là cảm giác mình thấy thế thôi chứ ko có ác ý gì vs họ cả 🥲",Trung lập,False,,
cmt_showbiz_020_3699,showbiz_020,Bà ý có tiền mà để mộ bố mẹ ông bà hoang sơ mới đáng trách. Còn biết đến tổ tông là có hiếu. Nhưng nếu chị Mai  không phô trương thì đỡ khổ.,Trung lập,False,,
cmt_showbiz_044_0041,showbiz_034,Loại hút máu đồng bào tử hình,Phẫn nộ,False,,
cmt_showbiz012_0007_r01,showbiz_012,Thien Chaleunsouk cA thích rảnh hay không là tùy ảnh,Trung lập,False,,
cmt_showbiz_033_0001_r115,showbiz_033,"Nguyễn Việt Tùng có tiên mua tiên cũng được, nên tụi nó tươi cười là đúng rồi..",Cà khịa,False,,
cmt_showbiz_021_0178,showbiz_021,,,True,,
cmt_showbiz_020_2590,showbiz_020,Úi trời để cho bọn nó lộng hành ăn đủ rồi giờ pháp luật VN mới sờ gáy chứ.,Trung lập,False,,
cmt_showbiz009_0008_r03,showbiz_009,cay vkl,Trung lập,False,,
cmt_showbiz006_0025_r02,showbiz_006,Bích Ngân fan trung thành anh j97,,True,,
cmt_showbiz_011_0027,showbiz_011,Anh ko có bắt. Anh nhờ trả tiền giùm. Đm a,Phẫn nộ,False,,
cmt_showbiz_012_0096,showbiz_012,Ở với CS là thế! Người nào mà giàu có chúng nó không tha bao giờ! Chúng nó tìm cách để Chiếm Đoạt Tài San!,Phẫn nộ,False,,
cmt_showbiz_020_3763,showbiz_020,"Tiền của ng ta ưng làm gì thì làm , thời đại này còn so bì với hồi xưa nữa",Trung lập,False,,
cmt_showbiz_033_0003_r03,showbiz_033,"Trung ÊTô án kinh tế bữa nay bỏ tuwr hình rồi nên vênh váo quá b à. Khắc phục hậu quả + đi ít năm về vẫn sống khoẻ vs ""số còn lại"".",Cà khịa,False,,
cmt_showbiz011_0044_r01,showbiz_011,ThẢo Sushin đúng r vì mình cũng vậy tính mình lúc ức chế k cãi lại được sắp khóc luôn ấy,Đồng cảm,False,,
cmt_showbiz_011_0024,showbiz_011,"Xem thì thấy thằng này nó rất lì và cãi cùn nhé, nó sẽ ko bao giờ nhận sai về mình đâu. Cãi với nó chỉ thêm tức thôi. Lần sao có live như thế nữa thì 3 cô nên ngồi chung 1 chỗ, để nó mời 1 cô thì có 2 cô hỗ trợ🤭. 3 cô cứ nói ý mình nói thôi, nó nói sai dập nó liền sau đó thì rút, cho nó tức, chứ mấy cô yếu tâm lý quá vô làm ko lại nó rồi lại bị nó dắt. Sau đó 3 cô cứ tổ chức live riêng của của mình, nó bâng quơ về đứa người yêu nhưng đừng nhắc tên. Mấy đứa như nó mặt thì lì nhưng nó rất để tâm người ta nói gì về nó, nó sẽ nhảy dựng lên 🤭",Phẫn nộ,False,,
cmt_showbiz_018_0139,showbiz_018,Mưa đến đâu mát mặt đến đó thui . hiện tại thì tui yêu chồng tui . còn sau này hên xui à :)))),Trung lập,False,,
cmt_showbiz_043_1507,showbiz_033,Rạng rỡ quá chị ơi cười tươi thế này khi nào có dịp lại làm thêm kiểu nữa hehe,Trung lập,False,,
cmt_showbiz_004_0161,showbiz_004,Thương anh bàng quang nhiều 🥹,,True,,
cmt_showbiz020_2628_r01,showbiz_020,Thu Hiền hqua vừa nói chị nhỉ,,True,,
cmt_showbiz004_0001_r11,showbiz_004,"J.ul thiệt chứ, mấy má nhỏ còn đòi viết thư xin tha nữa kìa 😂😂😂",Cà khịa,False,,
cmt_showbiz004_0008_r02,showbiz_004,"Phòng, chống ma túy - Công an TP. Hồ Chí Minh cán bộ à",Cà khịa,False,,
cmt_showbiz_020_1815,showbiz_020,Kèn,,True,,
cmt_showbiz_034_2107_r01,showbiz_034,"Hoàng Kim Dương Tôi chỉ cần 90 tỷ, bằng 1/10 thôi là tôi ở nhà nấu cơm cho con, sáng đưa vợ con đi làm, ở nhà chơi game chém gió, viết lách linh tinh, rồi tối đón về, tối đi ngủ sớm :v 

#tifosi",Trung lập,False,,
cmt_showbiz_004_0204,showbiz_004,"Bài viết rất hay có sự truyền cảm về nhân cách, rất mong những ai kinh doanh và làm bất cứ việc gì nên đặt cái tâm đức của mình vào công việc, mình vì mọi người nhé...",Ủng hộ,False,,
cmt_showbiz011_0031_r04,showbiz_011,Nguyen Viet Bao Trung e cũng có 1 thời u mê anh ơi 🥹🥹🥹,Đồng cảm,False,,
cmt_showbiz_011_0051,showbiz_011,Tự nhiên thấy Jack còn tốt hơn. Ko lèm bèm đàn bà như ông này🙂,Phẫn nộ,False,,
cmt_showbiz_019_0474,showbiz_019,"Bvay ham hố wa,tuog lai rạg ság chỉ vì vài câu noi ko đúg sự thật thì jo cái giá fai trả cug xứg tầm",Trung lập,False,,
cmt_showbiz018_0005_r17,showbiz_018,"Trinh Ái Phương Dương oh quao, không ngờ có người cũng thấy như vậy. Mãi cứ thấy cổ suý td hơn là giáo dục giới tính",Cà khịa,False,,
cmt_showbiz_020_1778,showbiz_020,Phuc Nguyen Bui quéo quèo,,True,,
cmt_showbiz_033_1954_r12,showbiz_033,Huy Chín Tư cơ địa hơi dị :)),,True,,
cmt_showbiz_033_1792_r03,showbiz_033,Bằng Giang chắc biết án phạt ko bao nhiêu nên vẫn tươi lắm a ạ,Trung lập,False,,
cmt_showbiz020_1255_r01,showbiz_020,Duoc Nguyenvanduoc  lại dạng háng thoii a,,True,,
cmt_showbiz008_0008_r03,showbiz_008,Philips Duka 3lan là cái gì v ô:)),Trung lập,False,,
cmt_showbiz_033_0001_r154,showbiz_033,"Đào Như Công chuẩn nếu thêm khoản hàng giả kém chất lượng thì đi tù mọt kiếp. 20 năm liệu có còn sống mà ra làm người giầu được không?.Đinh La Thăng,Nguyễn đức Chung Thì biêt án chồng án biết ngày nào ra.",Phẫn nộ,False,,
cmt_showbiz_033_1953_r52,showbiz_033,"Living Area CHUẨN THỬ HỎI TÀI SẢN HÀNG NGHÌN TỶ CỦA NÓ Ở ĐÂU RA . NHẼ RA PHẢI BẮT CON NÀY CÁCH ĐÂY 5 NĂM RỒI . NHƯNG CHẲNG HIỂU ĐỪNG SAU NÓ CÓ THẾ LỰC NÀO MÀ GIỜ MỚI BỊ PHANH PHUI RA . CON NÀY TÔI LẮM RÕ LUÔN , NÓ TRƯỚC PHÁT TRIỂN MẠNG SAU THỜI HUẤN HOA HỒNG . LÚC ĐẦU CŨNG LIVE PHÁT THẺ ĐIỆN THOẠI CÂU VIU CÂU LIKE KÉO NGƯỜI THEO DÕI . ĐC THỜI GIAN CHUYỂN QUA BÁN HÀNG ĐA CẤP LÊN DẦN , QUAY BỎ ÍT TIỀN QUAY CLIP GIÚP ĐỠ TỪ THIỆN .",Trung lập,False,,
cmt_showbiz_021_0234,showbiz_021,"CUỘC THI NGÀY XƯA TÌM NGƯỜI ĐẸP 
CÔNG DUNG NGÔN HẠNH MỚI ĐẠT MÀ 
NGÀY NAY MỤC ĐÍCH ĐÃ THAY ĐỔI 
THƯƠNG MẠI ĐÃ LẤN ÁT MẤT RỒI 
TIÊU CHUẨN TÙM LUM ĐỂ QUẢNG CÁO 
MỤC ĐÍCH CÂU KÉO CÁC ĐẠI GIA 
HOẶC LÀ LÀM CUỘC TRAO ĐỔI KHÉO 
CHỮ TIỀN LÀM MÉO MÓ HẾT RỒI 
CÁI THỜI TIỀN BẠC PHẢI ĐẠT ĐƯỢC 
LÒNG NGƯỜI RẺ MẠT QUÁ ĐI THÔI 
NHÂN CÁCH CHÓ ĐÃ THA MẤT RỒI 
TÌNH NGƯỜI GHẺ LẠNH VỚI NHAU THÔI 
CON NGƯỜI VIỆT NAY QUÁ THAY ĐỔI 
CŨNG TẠI THỜI THẾ CÓ THẾ THÔI",,True,,
cmt_showbiz_020_1549,showbiz_020,Tốt,,True,,
cmt_showbiz011_0034_r06,showbiz_011,Quynh Anh Nguyên ổng nổi được 15 năm rồi mà 🤣🤣🤣,Cà khịa,False,,
cmt_showbiz_004_0127,showbiz_004,Suốt ngày đăng khoe ăn của ngon vật lạ tiền nhiều giàu có sang chảnh … giờ lòi ra toàn bọn lừa đảo …,Cà khịa,False,,
cmt_showbiz020_2831_r02,showbiz_020,Hùng Linh vào việc,,True,,
cmt_showbiz009_0012_r01,showbiz_009,Lưu Thanh Thuỷ của ổng,,True,,
cmt_showbiz_018_0006,showbiz_018,Ê sao để ý ai mấy đôi làm đám cưới linh đình mà trụ được có 1-2năm là tan vị tròi hết đôi xemesis rồi đến đôi này,Cà khịa,False,,
cmt_showbiz008_0028_r01,showbiz_008,Hieu Ho su dung có tô chuc là mẹ +jec + ô quản lý mệt mỏi đó 🔗🔗🔗👉,Trung lập,False,,
cmt_showbiz024_0019_r03,showbiz_024,Trung Nguyễn chỉ cần có gió Đông anh ạ 😮‍💨,,True,,
cmt_showbiz_033_0001_r93,showbiz_033,Nguyễn Việt Tùng NGUYỄN PHƯƠNG HẰNG RẤT RẤT NHIỀU TIỀN,Trung lập,False,,
cmt_showbiz021_0063_r01,showbiz_021,Tien Dat 650,,True,,
cmt_showbiz016_0004_r13,showbiz_016,Hoàng Minh https://vt.tiktok.com/ZSDNbcdj2/ nghe nó nói đi,,True,,
cmt_showbiz_020_3799,showbiz_020,"Khi mọi thứ chưa có gì thì ko thấy ai soi mói, chỉ có vấn đề là moi móc đử thứ ra để câu view.
Tiền họ làm gì họ làm, họ sai thì có pháp luật làm việc.",Trung lập,False,,
cmt_showbiz_033_1940_r305,showbiz_033,Tuyền Văn Hóa nhà ko có tivi nên vẫn ngủ mơ,,True,,
cmt_showbiz_033_0617_r02,showbiz_033,Huy Nguyễn sao nó lắm tiền nhỉ,,True,,
cmt_showbiz_019_0514,showbiz_019,Chị này đẹp người mà đi sai đường,Trung lập,False,,
cmt_showbiz019_0013_r05,showbiz_019,Thanh Xuân Đặng Đồ tồi. Sao c lại spoil 😤,,True,,
cmt_showbiz019_0182_r06,showbiz_019,Nguyễn Thanh Quân thiệt luôn từ đầu drama tới h t vẫn ko muốn tin nhưng tới nước này thật sự TT hết cứu dc rồi. Từng rất thích bạn ấy,Trung lập,False,,
cmt_showbiz020_0404_r01,showbiz_020,Lan Hương  chuẩn kkkk,,True,,
cmt_showbiz_034_2071_r33,showbiz_034,"Doãn Trí Bình rồi ông lừa cô cô, hại quá nhi đến cụt tay, ông chịu hậu quả chưa",Trung lập,False,,
cmt_showbiz_044_0002,showbiz_034,Nay cơ quan công an chắc tìm thấy long mạch của Shark Bình r,Cà khịa,False,,
cmt_showbiz015_0023_r10,showbiz_015,Nguyễn Phạm Quang Minh cố def đê. Tày con =]],,True,,
cmt_showbiz_044_2176,showbiz_034,Tất cả bài của sack hết tại sao ly dị và tại sao lấy vợ mới các b cứ ngĩ kỹ đi đều tính toán từ đầu,Cà khịa,False,,
cmt_showbiz_044_1329,showbiz_034,Đào hố tự chôn👍,Trung lập,False,,
cmt_showbiz_010_0194,showbiz_010,Phạm Minh Tuyền như me í,,True,,
cmt_showbiz_033_1940_r251,showbiz_033,Thân Nguyễn ý là video bạn xem của Hh thật ra là video cũ nó chạy lại chứ ko phải video trực tiếp mới nhất đâu,Trung lập,False,,
cmt_showbiz006_0028_r01,showbiz_006,Trọng Nghĩa chuan,,True,,
cmt_showbiz008_0006_r05,showbiz_008,Kiều lớp 12A4 VE88 nhìn là biết con nít miệng còn hôi sữa mà ăn nói mất dạy:))),Trung lập,False,,
cmt_showbiz_012_0134,showbiz_012,Trời. Em còn thiếu thốn gì đâu mà còn cố tình vi phạm pháp luật vậy Ánh????,Đồng cảm,False,,
cmt_showbiz009_0034_r07,showbiz_009,"Kha Cảnh Đằng đương nhiên là do mấy em gái rùi =))))) thì quy trình như tui nói đó, ""mình sẽ thay đổi anh ấy"" -> ""yêu khổ ơi khổ"" -> ""ghét cay ghét đắng""
cha này sẽ k bao giờ thay đổi đâu nên kiểu j cũng có một em khác bắt đầu cái quy trình này =)))))",Cà khịa,False,,
cmt_showbiz009_0009_r09,showbiz_009,Bùi T. Mạnh kiểu này ăn chơi qua đường thôi :)),Cà khịa,False,,
cmt_showbiz018_0062_r01,showbiz_018,Phuong Thegiang em thấy giờ xàm xàm sao á,,True,,
cmt_showbiz_004_0162,showbiz_004,https://vnexpress.net/ngan-98-bi-bat-4950676.html?utm_source=facebook&utm_medium=fanpage_VnE&utm_term=bgr&utm_campaign=phuonguyen&fbclid=IwZnRzaANZXwxleHRuA2FlbQExAAEeF8HZ9P78INdlXsLMbz996yMge3bihyjtLXa-uyHflG6Z28x4pmxDtae_494_aem_C3Bx9wuZUuFEaBUwolNndQ,,True,,
cmt_showbiz_020_1017,showbiz_020,Vc nha này khẩu nghiệp wa..nói nhg lời khg thật khg ak,Trung lập,False,,
cmt_showbiz020_0131_r05,showbiz_020,Chinh Hải Quỳnh 2 triệu 7 trăm nghìn triệu 😆 😆,Trung lập,False,,
cmt_showbiz009_0002_r01,showbiz_009,Thanh Thủy đọc xong cmt này tui cũng oải nè,Trung lập,False,,
cmt_showbiz_044_1341,showbiz_034,Chỉ có ông trời thầu hiểu ai tử tế,Trung lập,False,,
cmt_showbiz_020_1167,showbiz_020,Phương Linh,,True,,
cmt_showbiz009_0027_r10,showbiz_009,Ngô Khánh Huyền thế bạn có cắm không 🤨,,True,,
cmt_showbiz_044_0947,showbiz_034,"Hắn nói đàn ông ba mươi tuổi mà không có nổi một trăm triệu là vứt, giờ nó có bao nhiêu cũng... vứt.",Trung lập,False,,
cmt_showbiz_034_0719_r01,showbiz_034,Kim Hương đi ăn cướp mà,,True,,
cmt_showbiz_008_0157,showbiz_008,Trần Trang đóm chúa vào bênh idol đi bro,,True,,
cmt_showbiz_012_0006,showbiz_012,Tham lam của người làm quả báo ngay. Sống lương thiện cho lòng thanh thản,Ủng hộ,False,,
cmt_showbiz_020_3438,showbiz_020,Ngta xây thế nào thì kệ cm ngta.ghen ăn tức ở muôn đời nát . 😏,Trung lập,False,,
cmt_showbiz_043_1092,showbiz_033,chắc tẩu tán đi hết rồi :v,Trung lập,False,,
cmt_showbiz021_0054_r03,showbiz_021,Sơn Em clm,,True,,
cmt_showbiz_015_0003,showbiz_015,"Xây dựng hình ảnh nhiều xong vì lỡ mồm hút ( đ biết phải lỡ hay ko) mà giờ đi 1 sải luôn , pha xử lý khét đấy , anti đc thêm đà để dìm xuống , chịu hẳn =))",Trung lập,False,,
cmt_showbiz_020_1165,showbiz_020,Khánh An,,True,,
cmt_showbiz016_0033_r08,showbiz_016,Takeshi Asakura cận cmm bố nó làm công an,,True,,
cmt_showbiz_024_0173,showbiz_024,Chắc bác chảnh ko nhận thiết kế cho bác nào đó rùi . Nên bị thù,Trung lập,False,,
cmt_showbiz_033_1941_r55,showbiz_033,Lan Phong làm màu thôi bỏ con tép bắt con tôm. Hùm bạn oi,Trung lập,False,,
cmt_showbiz_012_0082,showbiz_012,Dân bắc k,,True,,
cmt_showbiz_007_0374,showbiz_007,Ann Nhiên theo b ch này ntn 🤣,,True,,
cmt_showbiz013_0042_r07,showbiz_013,Nguyễn Văn Đức đu -)) v là tui nhát hả ta nhỏ giờ ko dám làm v luôn làm mất tiền còn lấy tiền để dành bù vô nữa=)),Trung lập,False,,
cmt_showbiz_034_1078_r41,showbiz_034,"Thế nên mình mới nói bình luận phía trên đang quy chụp các hình thức "" đưa tiền cho người khác cầm là ngu"". Như các nạn nhân trong bài viết này thì là đưa tiền cho 1 cty phát triển tiền ảo. Còn đây người dân gửi tiền vào là đưa tiền cho ngân hàng thế thôi. Mà thật ra thì cũng chẳng khác nhau là mấy. 1 vài ngân hàng bị nhà nước còn can thiệp được chứ khi nền kinh tế yếu kém nhiều ngân hàng cùng bị thì cũng chẳng có gì đảm bảo. Thế nên mới có luật bảo hiểm tiền gửi.... Và chỉ được thanh toán tối đa 125tr/ 1 ngân hàng.",Trung lập,False,,
cmt_showbiz020_0001_r02,showbiz_020,"Sau khi Viện Kiểm sát nhân dân Tối cao phê chuẩn, Cục Cảnh sát điều tra tội phạm về tham nhũng, kinh tế, buôn lậu đã thi hành các Quyết định, Lệnh nêu trên đúng quy định của pháp luật.

Cục Cảnh sát điều tra tội phạm về tham nhũng, kinh tế, buôn lậu đang tiếp tục củng cố tài liệu, chứng cứ chứng minh hành vi phạm tội của các bị can đã khởi tố; đồng thời, mở rộng điều tra xử lý toàn diện, triệt để đối với hành vi sai phạm có tổ chức của các bị can và các cá nhân liên quan; xác minh, kê biên, phong tỏa, phục vụ thu hồi triệt để tài sản cho Nhà nước.",Trung lập,False,,
cmt_showbiz019_0180_r22,showbiz_019,Đoàn Ngọc ngon,,True,,
cmt_showbiz_017_0048,showbiz_017,Nguyễn Hương,,True,,
cmt_showbiz_021_0115,showbiz_021,"Sau cuộc thi sắc đẹp, Phương Linh chia sẻ cô muốn tham gia các hoạt động cộng đồng có ý nghĩa và lan tỏa những giá trị tốt đẹp cho xã hội: https://bit.ly/4bDg5Hp",,True,,
cmt_showbiz018_0042_r18,showbiz_018,"Dâu Tây bruh, hơi ko liên quan nhưng mà nghe bạn tả ""đàn ông mặt quắt tai dơi, người thì gầy gò ốm yếu"" thì cứ như đang chửi thằng này vậy 🥲",Cà khịa,False,,
cmt_showbiz_044_1553,showbiz_034,"Thế mới gọi là bờ-lóc-chain ko thể nào xoá dấu vết được 1 đời nó mấy đời người, kiểu này xong",Trung lập,False,,
cmt_showbiz_044_0461,showbiz_034,"Ai nhiều tiền mà chân tay k hoạt động, chỉ ăn của người khác rồi sẽ gặp quả báo",Trung lập,False,,
cmt_showbiz_030_0063,showbiz_030,Tao hông chịu nổi,Trung lập,False,,
cmt_showbiz_034_1078_r52,showbiz_034,"Dây treo nhãn mác, tem nhãn, tag quần áo Phúc Gia vậy để Ngân Hàng cũng ngu à",,True,,
cmt_showbiz_008_0079,showbiz_008,Tue San chết mẹ m chưa🤣,,True,,
cmt_showbiz018_0012_r01,showbiz_018,Bá Đạt,Cà khịa,False,,
cmt_showbiz_010_0126,showbiz_010,Chẳng sao cả chỉ tại nấy đứa cdm rảnh háng á chứ ai rảnh để đi soi chuyện người khác đâu,Trung lập,False,,
cmt_showbiz_019_0269,showbiz_019,M.N ĐÂU CÓ LO LẮNG ĐÂU. NGƯỜI LO LẮNG LÀ TIÊN,Trung lập,False,,
cmt_showbiz_032_0235,showbiz_032,😂🤣🤣🤣,,True,,
cmt_showbiz_043_0323,showbiz_033,"Tươi cười vì nó là người có rất nhiều tiền để rồi ko phải đi tò, vài hôm lại thả ra tác oai tác quái trở lại, có gì đâu",Trung lập,False,,
cmt_showbiz_011_0156,showbiz_011,Đặng linh anh là lặng đi anh à 🤣,Cà khịa,False,,
cmt_showbiz_020_1294,showbiz_020,Nhân viên thất nghiệp một loạt…Tết lại ko tiền  lo mưu sinh,Trung lập,False,,
cmt_showbiz_004_0104,showbiz_004,"Haha...mấy con ngu chưa trải sự đời...ở VN làm ăn bất chính mà còn khoe khoang....CA nó nuôi cho mập rồi nó bắt,tịch thu hết tài sản sung vào cho nhà nước...",Cà khịa,False,,
cmt_showbiz009_0025_r02,showbiz_009,"Lee Lee là không lên tiếng thì bị chửi hến, lên tiếng cũng có ai tin đâu nhỉ🥹
Ngồi đợi xem ai đi qua quăng cái bằng chứng khách quan cho hóng",Trung lập,False,,
cmt_showbiz_020_1822,showbiz_020,Noel mailisa ya ya ya,,True,,
cmt_showbiz_033_1956_r05,showbiz_033,Ok,,True,,
cmt_showbiz009_0005_r11,showbiz_009,Sayo Momo Nguyễn Lại Quỳnh ối dồi m,,True,,
cmt_showbiz_008_0021,showbiz_008,Thượng tôn pháp luật. Nhìn nhận sai phạm rồi sẽ trưởng thành tốt hơn.cố lên,Trung lập,False,,
cmt_showbiz_034_2076_r08,showbiz_034,"Tên Người Dùng : Cho chết mẹ cái loại lừa đảo, chốn thuế , khoe khoang lại còn dạy đời. Ở đấy mà tổn với chả thương",Trung lập,False,,
cmt_showbiz_008_0098,showbiz_008,Vỗ tay,Trung lập,False,,
cmt_showbiz_033_0001_r205,showbiz_033,"Hùng Mộc nó làm cái giấy bệnh xong nó ra bệnh viện nằm, lúc đó tiền nó mới phát huy.",Cà khịa,False,,
cmt_showbiz_020_1420,showbiz_020,Sếp mai đang đi du lịch chưa kịp về mà!,Trung lập,False,,
cmt_showbiz_043_2016,showbiz_033,Mình đọc bl rất nhiều người BL thiếu văn minh và không có học.Nếu HH không học hành không giỏi giang làm gì có cơ đồ và giúp đỡ bao nhiêu hoàn cảnh khó khăn nhiều người chỉ giỏi lên chỉ trích HH nhưng có làm được bằng HH không hay chỉ bằng nửa móng tay của HH vậy tất nhiên HH không đóng thuế là sai Pháp luật thì phải chịu với pháp luật chứ đừng lên đây chửi người ta như vậy ngứa mắt người đọc BL lắm nhé không giúp được gì cho xã hội thì nên im lặng và lướt qua thôi hiểu không 🙂‍↔️😡😡😡,Trung lập,False,,
cmt_showbiz_030_0050,showbiz_030,ê t kh thich bà dav,Trung lập,False,,
cmt_showbiz_011_0046,showbiz_011,Tính ra ông kia xì zách. Thằng này xì bàn luôn. Ncc,Phẫn nộ,False,,
cmt_showbiz_043_1751,showbiz_033,Ông già tôi đã sốc khi nghe tin này,Trung lập,False,,
cmt_showbiz_033_1976_r07,showbiz_033,Hải An Home chuẩn,,True,,
cmt_showbiz_044_1232,showbiz_034,,,True,,
cmt_showbiz_033_0001_r170,showbiz_033,Nguyễn Việt Tùng mất quyền công dân. Bị ghi vào sổ đen. Chả thằng nào muốn cả nha,Cà khịa,False,,
cmt_showbiz_030_0148,showbiz_030,Dương Ái Vy ca sĩ mới mà láo,,True,,
cmt_showbiz_043_1857,showbiz_033,Tran Tat Ha cười tươi,,True,,
cmt_showbiz004_0019_r03,showbiz_004,"Trang Trinh 🔥mới semm vjd Iời khaii của N98. 'CAM của mấy Chú CA đỉnh. Tí thì k nhận ra N98 luôn á 😂 semm bênn ➡️  Hóng Hớt Đường Phố

😅",Cà khịa,False,,
cmt_showbiz016_0010_r13,showbiz_016,"Đặng Minh Đức acc clone mà có lí lẽ, chứ đưa cái acc thật mà phát ngôn ngu cũng vậy.",Cà khịa,False,,
cmt_showbiz004_0005_r08,showbiz_004,Lê Phương Hà besttttt,,True,,
cmt_showbiz011_0038_r04,showbiz_011,Na hay nó nghĩ nó đẹp thiệt ta,Cà khịa,False,,
cmt_showbiz020_2266_r05,showbiz_020,Hoàng Công Minh mai đề về con chi rứa 😂,,True,,
cmt_showbiz_004_0165,showbiz_004,"Hông ấy mình pts cái mặt cho sáng lên xíu đc hông cán bộ, nhìn ko nhận ra 🥶",Cà khịa,False,,
cmt_showbiz_043_0232,showbiz_033,"Vì người ta chuẩn bị sẵn hết rồi, đến như 1 quy trình phải có",Trung lập,False,,
cmt_showbiz019_0030_r02,showbiz_019,Cường Nguyễn cùng suy nghĩ,,True,,
cmt_showbiz_016_0018,showbiz_016,Bắt nhốt lại nếu sử dụng chất cấm,Trung lập,False,,
cmt_showbiz_033_0001_r150,showbiz_033,Nguyễn Việt Tùng đã gọi là đi tù thì đến thế hệ sau cùng gột k sạch.goi là tù giam lỏng cũng chả sướng đâu,Phẫn nộ,False,,
cmt_showbiz020_2736_r02,showbiz_020,Gia Tuong Duong thật,,True,,
cmt_showbiz009_0020_r06,showbiz_009,"Nguyễn Trọng ông cố ơi ông cố, coi lại đi, livestream mới nhất của ông Vi Rút cũng nhận ổng có nhắc về NK trước kìa? Sau đó NK mới lên đáp trả. Còn tui nói luôn là tui ko có làm gì sai, ko lăng nhăng ngọai tình nên tui ko sợ bị nói xấu hay bóc phốt nha",Trung lập,False,,
cmt_showbiz007_0028_r16,showbiz_007,Dương Hạnh Hương Chắc đần thật mới bênh jack🤣,,True,,
cmt_showbiz_020_1809,showbiz_020,Ơ tr,,True,,
cmt_showbiz_044_0735,showbiz_034,Biết ông này vì mxh cứ nhắc thôi chứ chưa xem hắn nói lần nào...🤔,Trung lập,False,,
cmt_showbiz_011_0180,showbiz_011,Này khầy chứ thầy j,,True,,
cmt_showbiz_044_2300,showbiz_034,Chắc anh đang cố nhắm mắt để thoát khỏi giấc mơ,Trung lập,False,,
cmt_showbiz_018_0135,showbiz_018,Rồi ai mở bát năm nay mà sao nhiều cặp chia tay vậy 🥲🥲🥲,Trung lập,False,,
cmt_showbiz020_1004_r11,showbiz_020,Đào Văn Tùng kkkkkk đừng tưởng đỏ là chín,,True,,
cmt_showbiz025_0001_r05,showbiz_025,Nguyễn Hào cổ vũ mạnh vào,,True,,
cmt_showbiz_011_0207,showbiz_011,Thì bỏ đi rồi lại chả không có con,Cà khịa,False,,
cmt_showbiz018_0025_r10,showbiz_018,"Dung Truong điên như nào bạn? Tui có liên quan gì mà bỏ bạn? Muốn thể hiện thì ra chỗ khác, mình tóm tắt những gì mình hóng được chứ đ có nhu cầu nghe bạn nêu suy nghĩ của bạn nhé :))))",Trung lập,False,,
cmt_showbiz_044_2019,showbiz_034,Ơ,,True,,
cmt_showbiz018_0045_r02,showbiz_018,"Sương Trà tại nghe đồn li hôn do ông chồng có tảm tiêu á, mà fan lâu năm bảo hồi đó ổng cũng làm mấy vụ rồi. có cdm từng bắt gặp ổng đi với bà nào á mà thân thiết lắm",Cà khịa,False,,
cmt_showbiz_019_0426,showbiz_019,Mai Hương Phạm Trần chạy không nổi rồi,,True,,
cmt_showbiz020_2373_r01,showbiz_020,"Khổng Minh Vương lời quá, phải cản lại",,True,,
cmt_showbiz006_0009_r03,showbiz_006,Nguyễn Tuyết Nguyên do idol bạn bắt cá nhìu qá bị bồ khui chứ đâu phải TA phốt đâu 😂,Trung lập,False,,
cmt_showbiz_012_0041,showbiz_012,Sao ko nghe bat may a can bo tham nhung dua len tian bat con dan den ko,Phẫn nộ,False,,
cmt_showbiz_043_0867,showbiz_033,"Ăn lộc của muôn dân lại đi chửi muôn dân xoe xoé như chị Hường; hễ muôn dân gặp hoạn nạn là lao vào chia sẻ khóc lóc và sau đó là y như rằng, bán hàng luôn lúc mếu máo. Bán thì đi chỗ khác, chọn lúc khác mà bán chứ; cơ hội, khôn lỏi kiểu đó mà lắm mợ còn nhận là Bồ Tát cho được. ""Sặc"" thì úp bô xong bảo người ta là ""chuột nhắt"" nữa. Biết là ai cũng có thể sai lầm nhưng người tốt sai lầm khác với loại bất nhân mạn tính",Trung lập,False,,
cmt_showbiz_034_0654_r01,showbiz_034,Huyen Nguyen ây da cũng cũng nè chị.kkk,,True,,
cmt_showbiz019_0181_r01,showbiz_019,Anh Ngọc đẩy thuyền tiếp nào 🤣,,True,,
cmt_showbiz_018_0114,showbiz_018,Khi chúng ta đạo lý quá nhiều và nó thất bại thì giống như chúng ta tự vả vào mặt vậy,Cà khịa,False,,
cmt_showbiz008_0103_r01,showbiz_008,Bận lọ,Trung lập,False,,
cmt_showbiz_020_1857,showbiz_020,Đan Khánh Đỗ sếp…,,True,,
cmt_showbiz_007_0126,showbiz_007,răng còn đéo ngay thẳng thì nói ai nghe,Trung lập,False,,
cmt_showbiz_015_0023,showbiz_015,"Anh tôi xây bao nhiêu cái trường, làm bao nhiêu cái cầu. Hút hít tí thì có làm sao 🐧
Nhiều thằng pc con vẫn lôi cái văn làm từ thiện để biện hộ cho cái vi phạm của thằng bố nó 😃",Trung lập,False,,
cmt_showbiz_033_0001_r02,showbiz_033,Nguyễn Việt Tùng đã án điểm cả nước biết rồi thì ở đấy mà nghỉ dưỡng 😆,Cà khịa,False,,
cmt_showbiz019_0180_r04,showbiz_019,Đỉnh Nguyễn nó khai từ lúc bị bắt r thì ms cấm xuất cảnh để điều tra củng cố hồ sơ chứ. Trc đấy chỉ phạt hành chính tội quảng cáo lố thôi 😀😀,,True,,
cmt_showbiz_034_0006_r11,showbiz_034,Minh Thu Nguyễn giúp đỡ người ngheod có ích hơn,Đồng cảm,False,,
cmt_showbiz020_0131_r03,showbiz_020,Trần Ngọc Hiền triệu hồi ai hả,,True,,
cmt_showbiz_011_0050,showbiz_011,Vừa được dit 2 em gái ngon nghẻ vừa hốt cả đống tiền trong live. Gia cát lượng cũng chỉ hơn anh vài phút là cùng 🐧,Cà khịa,False,,
cmt_showbiz007_0057_r01,showbiz_007,Phạm Khánh Huyền có khi nào ảnh bị oan k,,True,,
cmt_showbiz_021_0044,showbiz_021,Lạ gì đâu 10 thì 9 r :)),Cà khịa,False,,
cmt_showbiz_019_0086,showbiz_019,"Vào tù e sẽ được tất cả, không biết xưa quỵt tiền của bà kia có đúng không. Gieo nhân nào được quả đó",Trung lập,False,,
cmt_showbiz008_0002_r24,showbiz_008,Nguyễn Tiến An nó đ ụ trên bàn thờ nhà m hay sao mà đốt nhang cho nó vậy đóm chó,Trung lập,False,,
cmt_showbiz011_0047_r04,showbiz_011,Phương Phương kkk,Cà khịa,False,,
cmt_showbiz_020_0452,showbiz_020,Chóng mặt quá,Trung lập,False,,
cmt_showbiz018_0045_r28,showbiz_018,"Thùy Dương t quen chồng t từ lớp 10, đến năm 24 mới cưới. Giờ đã cưới được hơn 2 năm rồi, thi thoảng cũng có cãi nhau những chuyện vụn vặt nhưng 2 bên đều nhường nhịn và tôn trọng nhau.",Đồng cảm,False,,
cmt_showbiz019_0004_r08,showbiz_019,Eric Nguyen bọn nó là 1 ruột mà xác định lập ra để lừa đảo rồi,Trung lập,False,,
cmt_showbiz_044_0027,showbiz_034,"Đốt đi một ít cho nó mang đi,, chứ cũng cố gắng mạnh mẽ mới lượm đc nhiều thế",Cà khịa,False,,
cmt_showbiz_020_2102,showbiz_020,Phan Quỳnh My,,True,,
cmt_showbiz020_0022_r01,showbiz_020,Nguyễn Trung 😁😁,,True,,
cmt_showbiz009_0034_r01,showbiz_009,Phan Hiếu Nguyễn,Trung lập,False,,
cmt_showbiz020_2490_r02,showbiz_020,Hồng Nhung 2 ngàn 7 trăm nghìn triệu bạn ơi,Trung lập,False,,
cmt_showbiz030_0021_r01,showbiz_030,Trunq Võ cái hát hay hay ko nó là cái khác còn cái này quyền tác giả .  Hát chưa có sự cho phép lạ mệt mệt chiến này bồi thường ốm,Trung lập,False,,
cmt_showbiz_033_1975_r14,showbiz_033,Dũng Trần chửi là NGUUU thì lại tự ái,,True,,
cmt_showbiz_034_0863_r01,showbiz_034,Phuong ProMax sợ thầy luôn kkk 🤣,Trung lập,False,,
cmt_showbiz_020_0919,showbiz_020,Ke ăn o hết người lần o ra,Cà khịa,False,,
cmt_showbiz_043_0765,showbiz_033,Vì chị nhiều tiền nên cười,Trung lập,False,,
cmt_showbiz_033_0557_r01,showbiz_033,Phượng Tạ nó đẻ liên tục. Lồn ko nghỉ luôn. Nó tính cả rồi. Xem từ 20022 nó bắt đầu kinh dónh là nó đẻ liên tục,Trung lập,False,,
cmt_showbiz_007_0068,showbiz_007,,,True,,
cmt_showbiz007_0026_r01,showbiz_007,Thanh Nga cuộc sống muôn màu mà em : D,,True,,
cmt_showbiz_043_0642,showbiz_033,Nó đã có lương để làm quảng bá ban hàng đánh bóng hình ảnh  để chục loi  . Lừa hút xương máu từ người già đến trẻ con thì đương nhiên mặt nó phải cười trên nỗi đau của người khác thôi,Trung lập,False,,
cmt_showbiz020_2849_r02,showbiz_020,"Anh Thư Channel chuẩn chính xác bạn a...theo cái nhìn tổng quan dưới góc nhìn thực tế  ....làm từ thiện cho người  nghèo là 1 cách rửa tiền...buôn bán sử dụng hàng giả hàng kém chất lượng , lừa dối, móc túi  hợp pháp người tiêu dùng ...mua 1 bán thành 10...kd về nghành thẩm mỹ làm đẹp thu hút lượng khách giàu có...lợi nhuận thu về kếch xù...các bạn  ko hiểu giá trị cốt lõi của đồng tiền đến từ đâu để làm  từ thiện xây này xây kia...bây giờ nhà nước rà soát thanh tra kiểm chứng tất cả các mặt hàng mà  doanh nghiệp đa & đang sử dụng bán  cho dân  người  tiêu dùng....các  hộ kd những mặt hàng chua được  cơ quan nhà nước kiểm định cấp phép được luu hành thì  coi chừng đi trải nghiệm dài hạn  , có thời gian ngồi suy nghĩ..ôi giá mà , ước j...ôi ngày về sao xa quá...giá trị của tự do muôn năm...",Trung lập,False,,
cmt_showbiz_008_0186,showbiz_008,Sao hợp với số 5 quá vậy,Trung lập,False,,
cmt_showbiz_034_1078_r33,showbiz_034,"Dây treo nhãn mác, tem nhãn, tag quần áo Phúc Gia nói như chú suốt đời nhặt sắt vụn à",,True,,
cmt_showbiz_033_0001_r17,showbiz_033,Nguyễn Việt Tùng xem phim ít thôi =))) nghĩ lúc nào cũng như phim ảnh à =)),Cà khịa,False,,
cmt_showbiz_033_0003_r04,showbiz_033,"Trung ÊTô Với tạo niềm tin, cho những người đang tin tưởng, mà vẫn mua "" hàng tồn "" tiếp tục....😅😁",Cà khịa,False,,
cmt_showbiz_020_3203,showbiz_020,"Má ta ko có tiền chứ có tiền tao xây mộ bố tao còn to hơn . Đúng là hết chuyện để bàn khẩu nghiệp moi chuyện mồ mả nhà người ta lên . 
Chỉ có đứa ko có tiền với cái đứa có tiền mà muốn nuốt vào mồm thì mới không nghĩ đến việc làm đẹp cho mộ phần và phần thờ tự .",Trung lập,False,,
cmt_showbiz_018_0073,showbiz_018,11 năm iu nhau là sống trong ảo tưởng màu hồng càng lâu ngấm vào sương tuỷ rồi . Lên khi kết hôn  bị sốc nặng Hơn mấy đứa iu ít ngày chưa thấm cái tình iu màu hồng vào máu lên  ko thất vọng quá nhiều dễ chấp nhận hiện thực hơn. Dễ dung hoà cuộc sống hôn nhân hơn😄😄,Phẫn nộ,False,,
cmt_showbiz_033_0001_r203,showbiz_033,Hà Liên Liên Hà đầu mày còn đ có khả năng đọc và hiểu ý :))),Cà khịa,False,,
cmt_showbiz020_2146_r19,showbiz_020,Lê Sơn rửa tiền đấy ông ơi,,True,,
cmt_showbiz016_0002_r30,showbiz_016,Tien Anh anh ơi em có mũ 3 giáp 3 ༼ つ ◕_◕ ༽つ🗣,Trung lập,False,,
cmt_showbiz_044_2421,showbiz_034,tham thi thâm,Trung lập,False,,
cmt_showbiz_032_0090,showbiz_032,Đọc thuộc lòng dữ chưa :)),Trung lập,False,,
cmt_showbiz_034_1077_r01,showbiz_034,Giang Nguyen điều tra đã,,True,,
cmt_showbiz_043_0342,showbiz_033,Người đàn bà có khuôn mặt cười,Trung lập,False,,
cmt_showbiz018_0001_r14,showbiz_018,Inside the Box dạo này hay quan điểm cá nhân quá. Đơj mưa mới mát mặt thì sao tự vào rửa mặt bôi kem cho mát. Đợi chờ gì cho mệt. Ng nổi tiếng mà hay văn vẻ quá.,Trung lập,False,,
cmt_showbiz_020_0920,showbiz_020,Mailisa có nghĩa là ďi høi xa,Cà khịa,False,,
cmt_showbiz_020_3391,showbiz_020,Tào lao. Có tiền muốn xây nhà như nào thì xây. Giờ bố mất rồi ta muốn xây mộ cho bố thế nào kệ họ. Lắm chuyện. Toàn admin đi moi chuyện thiên hạ ko sợ quật thì thôi.,Trung lập,False,,
cmt_showbiz_034_1080_r10,showbiz_034,Nguyen Hoa Binh địt mẹ mày im mồm,,True,,
cmt_showbiz_004_0026,showbiz_004,"Đúng rồi , nuôi con nào mập mập rồi thịt thôi , khỏi đi gom tiền làm gì cho mệt ,có người gom dùm rồi , ko biết tiếp theo là ai",Cà khịa,False,,
cmt_showbiz_020_3668,showbiz_020,Dẫn dắt dư luận quá . Ai có tiền chẳng thế. T mà có tiền thì sống ko khác gì trụ vương luôn,Trung lập,False,,
cmt_showbiz_044_2451,showbiz_034,🙏🙏🙏Nam Mô A Di Đà Phật khi hết phước thì hoạ tới.,Trung lập,False,,
cmt_showbiz020_0794_r03,showbiz_020,Nguyễn Vinh cướp của th cha conmemay à,,True,,
cmt_showbiz_020_2202,showbiz_020,Đặng Thị Minh Trâm,,True,,
cmt_showbiz_034_1080_r04,showbiz_034,Nguyen Hoa Binh xác lụm hết của dân rồi đi du hí trời Âu xong Xác bảo hoan hỉ. rồi bảo mất tiền oan. Doanh nhân mà lừa người nghèo của VN thì thua rồi. làm người lớn mà thế này thì về nhà để mẹ dạy lại nhá. hơ hơ,,True,,
cmt_showbiz_011_0153,showbiz_011,Thúy Vy  bày đặt quay lưng vs jack đồ ha :),Cà khịa,False,,
cmt_showbiz020_2742_r03,showbiz_020,Dang Thai Anh nó vào đấy thì ở tù thật nhưng ng nhà nó nhét tiền vào nó vẫn sướng hơn người nghèo,Trung lập,False,,
cmt_showbiz_018_0044,showbiz_018,Thấy tội Tizi chứ thằng dẻo miệng này t đ ưa,Phẫn nộ,False,,
cmt_showbiz_034_1107_r03,showbiz_034,Đặng Hải Đăng công nhận. Tối um,,True,,
cmt_showbiz_033_1940_r52,showbiz_033,Tuyền Văn Hóa đang làm TN mà.,,True,,
cmt_showbiz004_0014_r04,showbiz_004,Chu Đình Văn cho ma toé dễ cháy hơn :)),,True,,
cmt_showbiz024_0007_r01,showbiz_024,Aflacko Torpe lừa đc 1 lần thôi ko lừa đc lần 2 đâu 😆,Trung lập,False,,
cmt_showbiz_033_1955_r49,showbiz_033,Tuyet Tuyet ngu chứ ko phải ko biết 🤭🤭,,True,,
cmt_showbiz_029_0079,showbiz_029,,,True,,
cmt_showbiz004_0004_r19,showbiz_004,"Cuong Nguyen có làm tự thiện là tao khen, còn nó sai thì nó bóc lịch mấy chục cuốn cũng dc, còn mày khôn quá ko biết hốc xong có nhả được đồng nào ra từ thiện ko nữa",Cà khịa,False,,
cmt_showbiz_020_3416,showbiz_020,"Chị Mai rất tốt, luôn giúp đỡ mọi người, bán sản phẩm mỹ phẩm chất lượng giá cả phải chăng, đó là mình nói Chị Mai bên cạnh nhà mình. Còn Chị Mai này thì chờ cơ quan chức năng công bố nạ",Trung lập,False,,
cmt_showbiz_010_0134,showbiz_010,Lấp khoảng trống scandal :))),Trung lập,False,,
cmt_showbiz_018_0160,showbiz_018,Nói lắm vc,Trung lập,False,,
cmt_showbiz_020_2031,showbiz_020,Huyền Trang,,True,,
cmt_showbiz018_0037_r10,showbiz_018,Karmi Nguyen nghĩ ra được từng ấy chữ xong chắc quên mất lý do chính ly dị,Trung lập,False,,
cmt_showbiz004_0008_r03,showbiz_004,"Phòng, chống ma túy - Công an TP. Hồ Chí Minh uầy rep đỉnh thế cán bộ, mê nhaaaaa",Cà khịa,False,,
cmt_showbiz011_0045_r03,showbiz_011,Nguyên Hachi dạo này thấy nhiều vụ chắc là muốn vùi lắp hay gì rôi kkkk,Cà khịa,False,,
cmt_showbiz_013_0206,showbiz_013,Mình tuy chả ủng hộ được đồng nào nhưng hóng drama từng phút kk . Mô phật,Trung lập,False,,
cmt_showbiz020_2742_r05,showbiz_020,Dang Thai Anh uhm làm có nhiu sống nhiu cho chắc nhỉ,Trung lập,False,,
cmt_showbiz021_0005_r04,showbiz_021,Sơn Long đó là ông chưa nhìn thấy cam chiếu yêu của các chú CA rồi. Lúc đó 600k còn chê đắt á,Cà khịa,False,,
cmt_showbiz_009_0185,showbiz_009,Vi khuẩn còn có con lợi con hại . Chứ virut thì chả con nào có lợi :)),Trung lập,False,,
cmt_showbiz_044_0030,showbiz_034,Sao  họ  có  Vâng  nhiều  thế  nhỉ  mình  nửa  chỉ  cũng  chẳng  mua  được,Cà khịa,False,,
cmt_showbiz_018_0193,showbiz_018,"Đúng là văn hoa lý luận của mấy thằng hay nói đạo lý về tình yêu trên mạng toàn là một thứ chẳng ra gì 😌
Tóm lại chỉ để biện hộ cho hai chữ chia tay cho đở ngại 🤣",Trung lập,False,,
cmt_showbiz025_0007_r03,showbiz_025,Nguyễn Phương Dung tại tao sợ,,True,,
cmt_showbiz_033_1942_r84,showbiz_033,Dõan Đại Hiệp đại hiệp nói kì qá,,True,,
cmt_showbiz_018_0069,showbiz_018,"Cũng content yêu đương thì càng nhiều càng bội thực, bác sĩ tình yêu nhưng ko chữa được bệnh của mình",Cà khịa,False,,
cmt_showbiz_015_0032,showbiz_015,Trong kiến thức và trí nhớ của mình thì mình chưa bao giờ nghe và thấy video của cá nhân hay tập thể bị bắt hay bị phạt do sử dụng shisha hay nhà nước có thông báo chính thức cấm ( do bản thân k cập nhật kiến thức đầy đủ ) a Độ nói đúng a ý cũng k ngu đến mức đánh đổi sự nghiệp để lấy mấy hơi shisha,Trung lập,False,,
cmt_showbiz_044_1974,showbiz_034,Tiến Pham Anh,,True,,
cmt_showbiz004_0002_r29,showbiz_004,Sam Sam biến,,True,,
cmt_showbiz020_1001_r09,showbiz_020,Minh Hoàng Lê chưa có thông tin chuẩn xác chúng mày đừng vội đắc ý sớm. Họ sai thì có pháp luật xử lý. Chưa đến lượt chúng mày lên tiếng,Trung lập,False,,
cmt_showbiz_020_2718,showbiz_020,Thanh Phương,,True,,
cmt_showbiz009_0014_r01,showbiz_009,"Hoang My ê tả què là gì vậy,",,True,,
cmt_showbiz008_0036_r05,showbiz_008,Nguyễn Hà Anh  nói vậy bị táp chết giờ🤣,,True,,
cmt_showbiz015_0004_r26,showbiz_015,Thắng Dẹo,,True,,
cmt_showbiz_020_2379,showbiz_020,Chuyến này chị mai chắc đi xa lắm đây,Trung lập,False,,
cmt_showbiz019_0017_r11,showbiz_019,Thảo Thảo để mình đẩy cmt này lên top giùm bạn hihi,Trung lập,False,,
cmt_showbiz_020_2428,showbiz_020,Giá như ngày xưa k đặt tên là mailìaxa thì có phải tốt rồi k,Trung lập,False,,
cmt_showbiz_020_0306,showbiz_020,Thật rồi,Trung lập,False,,
cmt_showbiz_032_0027,showbiz_032,Quế Anh - Trâm Anh. Kakaka,,True,,
cmt_showbiz_004_0146,showbiz_004,Mấy chú công an hốt thằng này vào để vc nó đoàn tụ dùm cái. Đừng để nó ở ngoài diễn trò dắt mũi mấy  con bò nữa.,Phẫn nộ,False,,
cmt_showbiz_033_1957_r04,showbiz_033,Khuyên Đô mày bình luân viết cho đúng chính ta dum cái,Trung lập,False,,
cmt_showbiz019_0052_r05,showbiz_019,Ngo Duc Chien không biết sao dám nhận quảng cáo Làm ăn gì thiếu trách nhiệm vậy,,True,,
cmt_showbiz_043_1530,showbiz_033,I love hoàng hường,Trung lập,False,,
cmt_showbiz004_0018_r02,showbiz_004,"Lưu Thị Dung 🔥mới semm vjd Iời khaii của N98. 'CAM của mấy Chú CA đỉnh. Tí thì k nhận ra N98 Iuôn á 😂 semm bênn ➡️  Hóng Hớt Đường Phố

😅",Cà khịa,False,,
cmt_showbiz011_0065_r01,showbiz_011,Ha Chiixem r bà cỵ,,True,,
cmt_showbiz_033_2001_r10,showbiz_033,"Tran An nói ngu thì tự ái, thật sự ko hiểu luôn các bà các mẹ có tuổi rồi ko hiểu được sự gian xảo của bọn này đâu làm màu để có lợi cho 1 nó đớp gấp 5,10 lần ở đó mà giúp",Trung lập,False,,
cmt_showbiz018_0044_r13,showbiz_018,Tuyết Mai mắc ear ghê 🙂,,True,,
cmt_showbiz_020_3724,showbiz_020,Xàm,,True,,
cmt_showbiz_033_1940_r345,showbiz_033,Tuyền Văn Hóa iuuuu,,True,,
cmt_showbiz_020_2996,showbiz_020,Nguyễn Xuyến,,True,,
cmt_showbiz_011_0145,showbiz_011,Định mệnh. Toàn thằng xấu xấu lại còn điên điên bỏ con là sao ta🤣,Cà khịa,False,,
cmt_showbiz_023_0124,showbiz_023,Xem đầy đủ https://o.vgt.tv/vrsG,,True,,
cmt_showbiz_034_0350_r01,showbiz_034,Nguyễn Châu ????,,True,,
cmt_showbiz_012_0098,showbiz_012,Rau ngon cho trưởng trại,Cà khịa,False,,
cmt_showbiz_008_0302,showbiz_008,Lại là số 5,,True,,
cmt_showbiz_043_1198,showbiz_033,Cuời đi hồi nữa phán án tử hình thì không cười được nữa kkk,Trung lập,False,,
cmt_showbiz_034_1090_r15,showbiz_034,Vũ Hải mắt 1 mí kkk,,True,,
cmt_showbiz_033_0001_r143,showbiz_033,"Nguyễn Việt Tùng thì mày vào đó mà nghĩ dưỡng, thấy người ta sa cơ là thừa nước đục thả câu, ganh tị với HH mới mở mồm nói, éo nhìn những gì HH làm cho mn, cái loại mặt người dạ thú",Phẫn nộ,False,,
cmt_showbiz_034_0005_r02,showbiz_034,Thanh Truc cũng muốn mà sợ đi tò.kkk,,True,,
cmt_showbiz_019_0013,showbiz_019,Đã sai từ đầu thì xử lý kiểu gì cũng éo được :),Cà khịa,False,,
cmt_showbiz020_0508_r04,showbiz_020,Loan Phuong chưa gặp,,True,,
cmt_showbiz_019_0021,showbiz_019,Cá nhân đang cảm thấy Quang Linh đang quá lợi dụng hình ảnh sau những việc ở Châu Phi để làm kinh doanh,Phẫn nộ,False,,
cmt_showbiz_043_1946,showbiz_033,"Việc gì ra việc đó, sai đã có pháp luật, nhưng mặt tốt là Hoàng Hường làm rất nhiều việc ý nghĩa, tấm lòng hảo tâm của Hường nhất định tôi sẽ mãi ghi nhớ khi giúp rất nhiều những hoàn cảnh khó khăn, chia sẻ gánh nặng cho chính quyền và nhân dân cả nước!",Ủng hộ,False,,
cmt_showbiz_033_1947_r08,showbiz_033,Phạm Nga em no tội trốn thuê thui,,True,,
cmt_showbiz_033_0001_r65,showbiz_033,Hùng Mộc trốn thuế bao nhiêu giờ nộp đủ lại thế thôi,Cà khịa,False,,
cmt_showbiz009_0014_r02,showbiz_009,Yu Ngô chắc giống cái quần què ha,,True,,
cmt_showbiz025_0022_r01,showbiz_025,Nguyên Thuận cái đầu này chỉ để làm kiểng cho vui kg tích sự gì.,Cà khịa,False,,
cmt_showbiz_033_1940_r69,showbiz_033,Thanh Hảo nó nói đúng đấy,,True,,
cmt_showbiz_043_1770,showbiz_033,Vẫn còn cười tươi lắm,Trung lập,False,,
cmt_showbiz_033_0001_r167,showbiz_033,Hùng Mộc chuẩn đó,,True,,
cmt_showbiz011_0039_r03,showbiz_011,Nguyễn An ???,,True,,
cmt_showbiz_043_1925,showbiz_033,Thùy Dương,,True,,
cmt_showbiz024_0094_r01,showbiz_024,"Dương Quỳnh Thương chuẩn c

Tiếc cho ntk số 1 Vn",,True,,
cmt_showbiz007_0003_r02,showbiz_007,,Trung lập,False,,
cmt_showbiz018_0050_r27,showbiz_018,Đinh Dung me too,,True,,
cmt_showbiz018_0008_r01,showbiz_018,Sương Mai hehe vào rồi mới hiểu thấu nạ 🤭🤭,Cà khịa,False,,
cmt_showbiz018_0042_r19,showbiz_018,"Tư Đồ Mạt ư tui thấy chả nói tui mệt

Quạt tích điện: https://s.shopee.vn/8UuaRHpkbw
Máy xấy tóc: https://s.shopee.vn/6fSvOC4Yhk
Áo kiểu nữ: https://s.shopee.vn/3VVtblRq64
Quần nỉ ống suông: https://s.shopee.vn/2fwmcU2LNA
Tất cổ cao: https://s.shopee.vn/7Kiau0Bjdx
Giấy rút: https://s.shopee.vn/6Kq3icUHnq
Khăn tắm: https://s.shopee.vn/2LJux136iq
Khẩu trang 5d: https://s.shopee.vn/1VknxDiHxk
Combo 2 chai nước giặt đồ lót: https://s.shopee.vn/AUfcgF2J8f",,True,,
cmt_showbiz007_0001_r02,showbiz_007,Dương Nguyễn mấy năm trc phốt jack để đc nổi tiếng mấy năm sau k ngoi lên đc nên quay lại bênh để kiếm tí hào quang củng có mục đích cã thấy TA nó lên quá nên nóng mặt mà kể cả ai đúng ai sai ko quan trọng cái chính là ng 2 mặt này nên né vì chơi với nó có ngày bán mình lúc nào chả hay quen cả nó cả TA giờ nó lên bênh loại này làm bé ba vì tiền nó củng chịu nữa,Trung lập,False,,
cmt_showbiz020_1822_r01,showbiz_020,Thảo Thảo đr bn 🤣🤣🤣,,True,,
cmt_showbiz021_0003_r06,showbiz_021,Thanh Nam là tắt đèn mập mờ à bác? Có được ấn hoàn hàng k thế,Cà khịa,False,,
cmt_showbiz_033_1942_r26,showbiz_033,Dõan Đại Hiệp ui hay gặp bác này đi dạo nhỉ,,True,,
cmt_showbiz016_0007_r16,showbiz_016,Thái Tử Đăng tôi bị ngu :),,True,,
cmt_showbiz_033_1982_r16,showbiz_033,Nguyễn Vũ Quân cho đi tàu suốt cũng ok. Tôi đảm bảo dân Việt ta ủng hộ. Loại này tù về nó sẽ lừa tiếp,Trung lập,False,,
cmt_showbiz_033_1940_r362,showbiz_033,Tuyền Văn Hóa hình này đầy đủ và đẹp này,,True,,
cmt_showbiz_020_0955,showbiz_020,Ăn Sài ko biết bao đời mới hết 🤣,,True,,
cmt_showbiz006_0030_r04,showbiz_006,Phương Nguyễn kiện cái làm giảm uy tín và hình ảnh thôi. Chứ mấy cái còn lại thì kiện thế choá nào đc. Cx giống vụ virus ý,Trung lập,False,,
cmt_showbiz_009_0023,showbiz_009,Thì tính ra hồi ck cũ t nó chưa xoá hình 2 đứa trên fb nó vẫn ngoại tình được mà :))),Cà khịa,False,,
cmt_showbiz012_0002_r01,showbiz_012,Phương Thúy Lê Nếu bị sờ đến thì vẫn dính đòn,Trung lập,False,,
cmt_showbiz018_0006_r02,showbiz_018,Triệuu Vy vị hả bà,,True,,
cmt_showbiz009_0008_r01,showbiz_009,Nguyen Hoai Anh +1 kì án 😂,Trung lập,False,,
cmt_showbiz_013_0187,showbiz_013,"Đơn giản việc đút cơm cho em, t còn đớp được 2 thìa, nói gì vài chục tỏi😆",Trung lập,False,,
cmt_showbiz_044_0417,showbiz_034,có người vợ làm doanh nhan giỏi má phu bạc cũng o chách ai được,Trung lập,False,,
cmt_showbiz019_0186_r01,showbiz_019,Pham Ha nka mà ta,,True,,
cmt_showbiz_044_0057,showbiz_034,Quá dư dật trong cuộc sống hôm nay  !,Cà khịa,False,,
cmt_showbiz_033_0001_r122,showbiz_033,Nguyễn Việt Tùng bao nhiêu tiền thì truy thu ngân sách nhà nc hết :))),Cà khịa,False,,
cmt_showbiz_033_0003_r06,showbiz_033,Trung ÊTô mở rộng điều tra. Ăn quả hàng giả hàng đểu nữa . cứ bình tĩnh. Ko phải mỗi trốn thuế đâu. Vụ này công an môi trường làm nữa mà. Đâu phải mỗi kinh tế đâu,Phẫn nộ,False,,
cmt_showbiz010_0007_r01,showbiz_010,Thuỳ Dương Bn đag xúc phạm suneo đó 😂,,True,,
cmt_showbiz_008_0312,showbiz_008,Người ta không còn gọi anh là jack 5 củ nữa vì bây giờ anh đã đổi mới nâng tầm giá trị của mình thành “jack 55 củ” 🤣🤣,Trung lập,False,,
cmt_showbiz009_0037_r01,showbiz_009,Nguyễn Thị Thương,,True,,
cmt_showbiz_044_0124,showbiz_034,Ai giàu cứ sờ gáy,Trung lập,False,,
cmt_showbiz021_0021_r01,showbiz_021,chi ri bà hiểu lầm hẻ😂😂😂,,True,,
cmt_showbiz009_0002_r11,showbiz_009,Xuân Dũng Nguyễn ác nhơn thiệt sự =)),,True,,
cmt_showbiz_013_0062,showbiz_013,nhìn thể loại xăng pha nhớt là mình đã k thích chút nào rồi,Trung lập,False,,
cmt_showbiz_044_0815,showbiz_034,Phương Oanh nghèo rồi,,True,,
cmt_showbiz_004_0148,showbiz_004,Lươn bàng quang :)),,True,,
cmt_showbiz011_0034_r04,showbiz_011,Quynh Anh Nguyên công nhận tui cũng thế .,,True,,
cmt_showbiz_043_0489,showbiz_033,vì nó nhiều tiền . nên nó không sợ,Trung lập,False,,
cmt_showbiz_044_0676,showbiz_034,Gọi lk hòa câu cá mập trên khô,Trung lập,False,,
cmt_showbiz021_0004_r05,showbiz_021,Trần Mạnh Ninh 6tr k kèn trống t đá cho chẻ mõm =))),Cà khịa,False,,
cmt_showbiz_010_0075,showbiz_010,Nguyễn Ngọc Linh ha ha ha,,True,,
cmt_showbiz008_0021_r13,showbiz_008,"Tâm Võ 😏😏 ngại thật, vừa ngại vừa vô duyên",Trung lập,False,,
cmt_showbiz_043_0495,showbiz_033,c ấy tin nhữg lúc tnay chỉ cần 1 nụ cười toả sáng😀,Trung lập,False,,
cmt_showbiz_004_0236,showbiz_004,Tội này phải bắn,Phẫn nộ,False,,
cmt_showbiz_020_0036,showbiz_020,Hoang Ngoc thấy chưa,,True,,
cmt_showbiz_011_0113,showbiz_011,Giới trẻ quan tâm rầm rộ những việc nhảm nhí như vầy rõ ràng là sự thất bại của nền giáo dục.,Phẫn nộ,False,,
cmt_showbiz020_0096_r03,showbiz_020,"Thuy Huong Nguyen vậy hả thấy hay lối viết hài nữa thì khen thôi,u7 rồi cũng ko biết nước biển mân",Trung lập,False,,
cmt_showbiz004_0002_r11,showbiz_004,Diễm Huỳnh cái cmt xuất sắc dễ sợ lun. Thay lời mún nói,Cà khịa,False,,
cmt_showbiz_020_1728,showbiz_020,Buồn 😞,,True,,
cmt_showbiz_043_1229,showbiz_033,1800 trăm tỷ ăn chơi nhảy múa đi tù như di hội,Trung lập,False,,
cmt_showbiz024_0038_r01,showbiz_024,Eric Dang chuẩn anh,,True,,
cmt_showbiz012_0005_r04,showbiz_012,"Jessica Nguyen béo thì thịt thôi, để già dai , toàn xương",Trung lập,False,,
cmt_showbiz007_0037_r09,showbiz_007,"Linh Nguyenlinh t còn ko tham gia để ý chuyện này, h tao lướt mới thấy mặt nó , nc mà mắt đảo đảo thấy hiểm",Trung lập,False,,
cmt_showbiz_033_1943_r29,showbiz_033,Đào Hảo tui thấy nhớ chị Ngọc béo.,,True,,
cmt_showbiz_009_0293,showbiz_009,Anh này thua anh Đích Lép mỗi cái đám cưới 🐥,Trung lập,False,,
cmt_showbiz_044_1312,showbiz_034,Rồi cá mập gặp phải cá triều đình rồi… :)) ko biết cá triều đình có cho cá mập gia nhập clb Ju… ko nữa :)),Trung lập,False,,
cmt_showbiz_033_1978_r06,showbiz_033,Hà Nguyên đấy là 1 cách để giảm án hh con nhé 🤣🤣🤣,Trung lập,False,,
cmt_showbiz_033_0001_r77,showbiz_033,"Nguyễn Việt Tùng Thu hết tài sản, đi án điểm khung 10-20 năm.",Phẫn nộ,False,,
cmt_showbiz_033_1958_r10,showbiz_033,Hoà Lê Quang thì có lách mới có đi làm từ thiện đc . Ng có 1 ng nói doanh thu của đại nam đóng vào quỷ hằng hữu đó . K biết chuyện gì phía sau hè,Trung lập,False,,
cmt_showbiz_019_0050,showbiz_019,Ai rồi cũng đi lùa gà thôi :))),Trung lập,False,,
cmt_showbiz_020_2892,showbiz_020,"TMV Mailisa đã từng bị xử phạt vì những sai phạm nghiêm trọng như quảng cáo khai trương khi chưa có giấy phép, sử dụng thiết bị can thiệp trái phép vào cơ thể người, và khám chữa bệnh không phép. Những hành vi này không chỉ vi phạm quy định pháp luật mà còn tiềm ẩn rủi ro lớn cho người tiêu dùng. Hy vọng cơ quan chức năng sẽ tiếp tục giám sát chặt chẽ để bảo vệ quyền lợi của khách hàng và đảm bảo an toàn trong ngành thẩm mỹ.",,True,,
cmt_showbiz_043_1154,showbiz_033,Vì nó biết trước sẽ có ngày vô tò nên nó đã tẩu tán hết tài sản và chấp nhận ngồi tổ mấy năm hy sinh đời mẹ củng cố đời con,Trung lập,False,,
cmt_showbiz_043_1937,showbiz_033,,,True,,
cmt_showbiz_019_0251,showbiz_019,Cạn lời!,Trung lập,False,,
cmt_showbiz_033_0001_r145,showbiz_033,Hùng Mộc  bác có biết trại giam z30d ko? Sướng như nghĩ dưỡng là có thật nhé,Cà khịa,False,,
cmt_showbiz_033_1827_r01,showbiz_033,Cao Văn Phúc phải đẹp:)),,True,,
cmt_showbiz_020_2097,showbiz_020,Trần Lệ Quyên,,True,,
cmt_showbiz_033_1793_r01,showbiz_033,Hiền Anh Nguyễn vẫn cười đc là được rồi 🤣🤣🤣,,True,,
cmt_showbiz_033_1940_r572,showbiz_033,Mặt vẫn tươi cười lắm,Trung lập,False,,
cmt_showbiz009_0023_r09,showbiz_009,Khánh Trang thiệt bà ơi,,True,,
cmt_showbiz_033_0001_r192,showbiz_033,Đào Như Công cho thằng phan D Anh đi cùng luôn,Cà khịa,False,,
cmt_showbiz_033_1940_r141,showbiz_033,Tuyền Văn Hóa k giải thích được đâu shop ơi🤣🤣,Trung lập,False,,
cmt_showbiz_020_1878,showbiz_020,😩😩😩😩,,True,,
cmt_showbiz_011_0124,showbiz_011,"K qtam đang lo cơm ao gạo tiền, dịch bệnh thì ngày càng  nhiều 😭😭",Đồng cảm,False,,
cmt_showbiz009_0024_r13,showbiz_009,Pham Quynh Anh Lê Châu Ly Hạ Trâm đó vậy đó,,True,,
cmt_showbiz_044_1057,showbiz_034,Lê Văn Bảo,,True,,
cmt_showbiz007_0020_r01,showbiz_007,Kim Thanh Các bạn đom đóm vào xem :))) Mv mới của Jack đạo nhạc Hoa Ngữ...! Các bạn bấm vào video để xem dẫn chứng : https://youtube.com/shorts/CKXxhbFx_CA?si=QLOKALXH3L8FHqh1,Trung lập,False,,
cmt_showbiz013_0010_r02,showbiz_013,Thản Đồ Gỗ thế e nó qua lấy chưa Thản,,True,,
cmt_showbiz009_0009_r15,showbiz_009,Bích Ngọc đ làm cưới về lấy cái gì sống?,Cà khịa,False,,
cmt_showbiz009_0042_r02,showbiz_009,Ngát Nguyễn Thị  nhớ lúc trước cãi nhau vs bà này mà tới 5 6 ngày không thèm nt luôn...đợi bả nt làm lành trước hay j á..dòng cái thứ xấu mà còn hl,Trung lập,False,,
cmt_showbiz_009_0349,showbiz_009,Hoàng Tùng + 1 máy hối hận trong anh,,True,,
cmt_showbiz_020_0085,showbiz_020,Công an Việt nam quá đỉnh luôn,Trung lập,False,,
cmt_showbiz_023_0153,showbiz_023,Neu vay thi Gan that lan 1 da vay ma dam lam lan 2 biet dau nguoi ta k lay minh,Trung lập,False,,
cmt_showbiz014_0011_r02,showbiz_014,Hiep N Nguyen thời mat Pháp no vay,,True,,
cmt_showbiz_033_0001_r217,showbiz_033,"Nguyễn Việt Tùng mất tự do và phải vâng dak lại ko dc dùng đt, nằm ngủ ko có điều hoà",Cà khịa,False,,
cmt_showbiz_004_0008,showbiz_004,Ở trong nước VN sao cái gì cũng giả hết vậy Trời 😧,Phẫn nộ,False,,
cmt_showbiz022_0007_r52,showbiz_022,"Nguyễn Trang tính nết hãm l thì là nó đó, tự nhiên đánh đôm đốp vào mặt người khác thì nó đó ví dụ ngoại tình lăng loằn xong về vẫn đánh vợ lại còn trc mặt con nhỏ đó",Trung lập,False,,
cmt_showbiz_043_1223,showbiz_033,Tiền nhiều như Trương Mỹ Lan còn phải cuối đầu,Trung lập,False,,
cmt_showbiz020_2841_r07,showbiz_020,Ngọc Việt Nam 🙃🙃🙃,,True,,
cmt_showbiz_023_0195,showbiz_023,"Oh hay thích thi đẻ con hon khối người muốn đẻ tra dc , đe nhiều vao e cho chung no ghen",Trung lập,False,,
cmt_showbiz_018_0100,showbiz_018,Quen 6 tháng cưới về r tìm hiểu! Quen chi lâu quá,Cà khịa,False,,
cmt_showbiz008_0018_r01,showbiz_008,Lý Ngọc Trân chắc có mấy con svanti ko biết bên phía đóm chúa ra bài bị phạt đầu tiên đâu hả :)))) vùng vẫy thấy thương,Trung lập,False,,
cmt_showbiz008_0102_r01,showbiz_008,Nguyễn Minh Anh có,,True,,
cmt_showbiz_034_0016_r05,showbiz_034,"Tiền của thiên hạ chứ có phải của nó làm ra bằng mồ hôi , nước mắt đâu . Của thiên trả địa .",Phẫn nộ,False,,
cmt_showbiz_033_2008_r05,showbiz_033,Thu Huong Doi chắc VTV sai,,True,,
cmt_showbiz004_0010_r08,showbiz_004,"Dung Bông Vâng, mình cám ơn bạn nhé !",,True,,
cmt_showbiz_043_1590,showbiz_033,mấy bà xóm t kêu chị đi chụp ảnh làm cccd chúng m chả biết gì😂,Trung lập,False,,
cmt_showbiz018_0002_r01,showbiz_018,"Inside the Box lý thuyết là 1 chuyện, còn thực hành lại là chuyện khác. Mấy lý thuyết của 2 bạn này chia sẻ mình thấy cxg ok mà",Trung lập,False,,
cmt_showbiz020_2829_r90,showbiz_020,Mèo Nghếch khoe khoang thôi,,True,,
cmt_showbiz020_2829_r98,showbiz_020,Mèo Nghếch tiền lua đao,,True,,
cmt_showbiz_006_0088,showbiz_006,Minh Đức vừa nói xong :))),,True,,
cmt_showbiz015_0010_r03,showbiz_015,Vu Huu Nguyen sao lại là yêu nước mõm bác nhỉ ?? vậy sai 1 lần là yêu nước mõm luôn ạ ???,Trung lập,False,,
cmt_showbiz_044_0043,showbiz_034,Đúng câu *nhiều tiền để làm gì*.,Cà khịa,False,,
cmt_showbiz016_0002_r06,showbiz_016,"Hoàng Vũ quang linh vlog đi tù rồi, thế đi tù = ở ẩn à bạn, bạn muốn ở ẩn không",Trung lập,False,,
cmt_showbiz011_0027_r03,showbiz_011,Ngọc Hoa ít ra thằng Jack nó biết nó sai thì nó nín . Còn thằng mặt l này nó trơ cái mặt bàn ra,Phẫn nộ,False,,
cmt_showbiz_033_1878_r01,showbiz_033,Lê Trung Kiên loại này phải cho đi thật xa,,True,,
cmt_showbiz_008_0299,showbiz_008,Sở VH ác quá thêm hẳn số 5 cho jack,Cà khịa,False,,
cmt_showbiz_034_2071_r20,showbiz_034,Doãn Trí Bình doãn đại hiệp đã biết chơi búp bê chưa?,Trung lập,False,,
cmt_showbiz_020_2518,showbiz_020,"thằng theanh lật mặt nhanh hơn lý hải . trk  thì tung hô lên tận trời có bài nào là đăng nịnh thần .
bây giờ có truyện thì 5 phút lại ra bài bóc mẽ",Trung lập,False,,
cmt_showbiz_004_0078,showbiz_004,Vãi cả cty zubu là zus buwj hả 😆😆😆,Cà khịa,False,,
cmt_showbiz_033_1699_r04,showbiz_033,Truc Nguyen thank you em giúp anh update. Dạo này lúa quá🤣🤣🤣,Trung lập,False,,
cmt_showbiz_019_0003,showbiz_019,"Mịa chúng nó cứ đi lừa xong rồi bị phát hiện thì lại xin lỗi là xong,thế pháp luật để cho có ah",Phẫn nộ,False,,
cmt_showbiz014_0001_r12,showbiz_014,Thấy yêu chiếc này thì người đẹp vuốt nhẹ bên em bài đầu xem liền nghen 😍,Trung lập,False,,
cmt_showbiz_020_0378,showbiz_020,Quay giỏi,Trung lập,False,,
cmt_showbiz_044_2189,showbiz_034,Lừa dao mà mơi giàu nhanh như vây,Trung lập,False,,
cmt_showbiz018_0023_r05,showbiz_018,"Nhi Trần 2 bạn trên nổi vì những kiến thức giáo dục giới tính, cũng như cách giữ mqh bền chặt ấy",Trung lập,False,,
cmt_showbiz020_2830_r13,showbiz_020,"Cái ng tâng bốc lúc tốt và cái ng mỉa mai lúc gặp nạn nếu cùng 1 ng thì ng đó ko ra gì, nhưg chưa chắc cùng 1 ng đâu, nên khỏi gom vô chung 1 chỗ đi",Trung lập,False,,
cmt_showbiz016_0009_r16,showbiz_016,Minh Đức cách đây có mấy ngày xa gì,,True,,
cmt_showbiz020_0832_r01,showbiz_020,Hoài Chanh tiền nhiều mà lương gat xuong máu của ng khác chi ham ko Thà đủ mà cuoc sông bình an. Thông dong tự tại là sung sướng nhất chi ak .giờ có huong dc đau. Toan tính lương gat bn năm. Giờ trang tay mà con tu tôi nữa.,Trung lập,False,,
cmt_showbiz_044_0015,showbiz_034,Long mạch của shark bị động r 🤣🤣🤣,Cà khịa,False,,
cmt_showbiz_033_1940_r193,showbiz_033,Tuyền Văn Hóa lên cả tv rồi kia kìa,,True,,
cmt_showbiz_012_0105,showbiz_012,Xử phạt bồi thường cho về đi làm xiéc,Phẫn nộ,False,,
cmt_showbiz_009_0109,showbiz_009,Phạm Ngọc Lan Uyên Trần Lê Huyền Trang,,True,,
cmt_showbiz_019_0155,showbiz_019,39k/1 hộp là bán lẻ nếu sỉ sll đại lý cấp 1 thì còn rẻ hơn nhiều….,Trung lập,False,,
cmt_showbiz_033_0001_r34,showbiz_033,Nguyễn Việt Tùng mất quyền công dân mà cũg thích thế kia à ? Vậy thì làm đi 🥸,Phẫn nộ,False,,
cmt_showbiz_043_0410,showbiz_033,Tui sai với pháp luật thì phải chịu nhưng hh đã đóng góp và giúp đỡ rất nhiều cho xã hội Mà chưa có ai làm được như vậy. Ai cũng có lúc sai . người làm ăn nhỏ có cái sai nhỏ người làm ăn lớn sai lớn. Nhưng với cái tâm có ai làm đc như hh đâu,Trung lập,False,,
cmt_showbiz004_0005_r12,showbiz_004,"Nga Mlô thì đó cũng là 1 chiêu tạo drama để hot, để mng bàn tán là thành tâm điểm.. Xong nâng giá đi show đánh Dj, live bán hàng dc nhiều hơn. Vì tiền bất chấp lấy cha mẹ ra để bôi xấu lun mà, thì chuyện gi ko dám nua",Cà khịa,False,,
cmt_showbiz_020_1179,showbiz_020,Hong,Trung lập,False,,
cmt_showbiz_018_0030,showbiz_018,"Haizzzz. Nói thật thì quá trình ngta yêu nhau, hạnh phúc với nhau là thiệt mà. Nhưng hôn nhân không phải chỉ cần có tình yêu nồng cháy là bền, còn nhiều mặt khác nữa. Chia buồn 🥲",Đồng cảm,False,,
cmt_showbiz_032_0268,showbiz_032,Má này trả bài hông thuộc 🤣🤣 bà lê khanh mở phong bì sẵn là biết rồi haha,Trung lập,False,,
cmt_showbiz_034_0025_r01,showbiz_034,Nguyen Viet,,True,,
cmt_showbiz_020_3555,showbiz_020,Chết không mang theo được nửa xu mang hết đi mà làm phước đức cho người nghèo,Trung lập,False,,
cmt_showbiz_044_0436,showbiz_034,Đúng phương châm vàng trong dân là có nhiều,Trung lập,False,,
cmt_showbiz_033_1940_r383,showbiz_033,Thúy La thông tin nay chuẩn rôi trang này chưa bio đưa tin sai nhé,Trung lập,False,,
cmt_showbiz_020_2517,showbiz_020,Cho dù có từ thiện bao nhiu đi nữa mà một khi quân triều đình muốn tóm thì sai phạm nhỏ cũng thành to,Trung lập,False,,
cmt_showbiz007_0041_r20,showbiz_007,Triệu Công Hậu ờ xin lối ,,True,,
cmt_showbiz004_0004_r25,showbiz_004,"Ý Phan Như thôi đi c ơi. Lừa đảo kiếm cả mấy trăm tỉ. Bỏ ra 1-2 tỉ để từ thiện vừa để cho bớt nghiệp, vừa để đánh bóng tên tuổi lôi kéo lòng tin của mọi ng. Chung quy lại cũng vì lợi ích của bản thân nó. Bán hàng kém chất lượng là lừa đảo, hại ng đấy",Cà khịa,False,,
cmt_showbiz_018_0102,showbiz_018,Mọi sự lí hôn đều bắt nguồn từ kết hôn,Cà khịa,False,,
cmt_showbiz_044_0049,showbiz_034,Lừa đảo bà con Việt Nam đó là tọi ác phải sử chảm,Phẫn nộ,False,,
cmt_showbiz_033_1958_r16,showbiz_033,Bang Sao bản sao như Quang lươn vê lóc 🤣🤣🤣,Trung lập,False,,
cmt_showbiz_044_2024,showbiz_034,,,True,,
cmt_showbiz_020_0497,showbiz_020,Tịu,,True,,
cmt_showbiz020_2830_r01,showbiz_020,"Lê Diệu Anh Tới người mất cũng lôi ra câu like , sợ thật đấy",Trung lập,False,,
cmt_showbiz018_0008_r08,showbiz_018,Vô Diện,,True,,
cmt_showbiz_019_0007,showbiz_019,"Lỗi lớn nhất là hợp tác với mấy thành phần không học, không kiến thức, giàu lên chóng vánh, không bền vững. Chứ mấy cô huê hậu khác kinh doanh ầm ầm có sao đâu.",Cà khịa,False,,
cmt_showbiz_004_0039,showbiz_004,"Ngân và Quang vừa khoe mới tậu siêu xe độc nhất vô nhị đây mà...À thì ra đây là tiền bán hàng gian,hàng giả...",Cà khịa,False,,
cmt_showbiz008_0114_r04,showbiz_008,"Băng Sê Lào gì cũng tôi nghĩa là gì, và đọc lái lại có nghĩa k má, nó nhận nó hát câu từ sai rồi cứ bênh chi k biết",Trung lập,False,,
cmt_showbiz_011_0132,showbiz_011,Kệ bà nó đi...quan tâm làm chi,Trung lập,False,,
cmt_showbiz_043_1479,showbiz_033,Phải nói là nó làm dân túy thành công đấy chứ .,Trung lập,False,,
cmt_showbiz018_0044_r17,showbiz_018,Tuyết Mai mé đổ phở cũng đíu làm dc bày đặt bé này bé nọ còn thua t nữa :))),Cà khịa,False,,
cmt_showbiz_033_0562_r01,showbiz_033,Đoàn Công Tử công nhận tươi hơn í,,True,,
cmt_showbiz015_0005_r03,showbiz_015,"Đạt Tóc Kira vấn đề nó là người nổi tiếng . Hình ảnh k tốt thì phải chịu thôi. Nói bt thì nó khác gì thằng sena ,cũng vi phạm pháp luật. Rồi lên mạng suốt ngày lôi nó ra chửi . Vì nó là ng có tầm ảnh hưởng thì phải chịu thôi.",Trung lập,False,,
cmt_showbiz_004_0123,showbiz_004,U,,True,,
cmt_showbiz004_0013_r07,showbiz_004,"Phòng, chống ma túy - Công an TP. Hồ Chí Minh nghiện cái danh - cái tiền đến nỗi “đạp lên người khác” cũng là 1 dạng mai toé - dù vô hình nhưng nó vẫn ở đó.",Cà khịa,False,,
cmt_showbiz007_0002_r03,showbiz_007,Nguyễn Minh Nhật yêu Michael Jackson nha 😂😂😂,,True,,
cmt_showbiz_034_0997_r01,showbiz_034,Hải Trần làm gì bằng Mĩ lan.,,True,,
cmt_showbiz009_0020_r03,showbiz_009,"Trần Duy Quang đang yêu cái bị cắm sừng rồi bảo nó có bắt m yêu nó đâu ??? Gì vậy cha nội, biết thằng chả như vậy từ đầu yêu chi cha",Trung lập,False,,
cmt_showbiz_030_0119,showbiz_030,Kiện Thuii đánh bản quyền hết thui,,True,,
cmt_showbiz_034_1078_r59,showbiz_034,"Dây treo nhãn mác, tem nhãn, tag quần áo Phúc Gia chinh xac",,True,,
cmt_showbiz030_0001_r01,showbiz_030,Yến Nhi nhiều chuyện quá hà kk,Trung lập,False,,
cmt_showbiz_005_0050,showbiz_005,Thiên lôi,Trung lập,False,,
cmt_showbiz015_0003_r03,showbiz_015,Đạ Mấu toàn trẻ nghé mới nhú bt dùng mxh,Trung lập,False,,
cmt_showbiz004_0011_r04,showbiz_004,"Lê Quốc Tiến nó đi càng lâu càng tốt, nó giỏi dẫn dắt lắm",,True,,
cmt_showbiz019_0028_r02,showbiz_019,Đáng lắm,Trung lập,False,,
cmt_showbiz011_0037_r09,showbiz_011,Ánh Ánh,,True,,
cmt_showbiz004_0008_r01,showbiz_004,Nguyễn Thắng Lợi tin nhắn fb bạn xoá rồi bên an ninh mạng còn khôi phục lại được chứ huống gì ba cái đóng page này b :)),Cà khịa,False,,
cmt_showbiz024_0003_r02,showbiz_024,"Luis Miguel Rodríguez M cũng xem rồi thật ra ma toé tổng hợp nó Ko như ma toé truyền thống , nhiều Ng làm nghệ thuật họ muốn thăng hoa để sáng tác ( m Ko cổ vũ những việc đấy , nhưng chơi Ma toé TH này cũng phải có $ chứ Ko lom dom dc , phí phạm 1 tài năng ,",Trung lập,False,,
cmt_showbiz021_0001_r06,showbiz_021,"TOP Comments phường Việt Hưng , Long Biên à",,True,,
cmt_showbiz_012_0266,showbiz_012,Nói về tình người vẫn đáng thương,Trung lập,False,,
cmt_showbiz021_0005_r03,showbiz_021,Sơn Long số lượng càng nhiều giá càng giảm:)),Cà khịa,False,,
cmt_showbiz_033_0003_r05,showbiz_033,Nụcười Và Nướcmắt chỉ mong sau khi thụ án song số tiền đó được chị giúp đỡ người nghèo và trẻ em,Đồng cảm,False,,
cmt_showbiz_004_0205,showbiz_004,Bao giờ mới bắt được hết những doanh nhân đội lốt,Phẫn nộ,False,,
cmt_showbiz011_0026_r04,showbiz_011,Ngọc Hương ksh cũng khỏi tẩy thở oxi hết rồi:),Cà khịa,False,,
cmt_showbiz020_0133_r01,showbiz_020,Nguyễn Ly đọc đứng hình s mới load dc hi,Trung lập,False,,
cmt_showbiz_020_3634,showbiz_020,C có  tiền c xây biệt phủ cũng được,Trung lập,False,,
cmt_showbiz032_0002_r03,showbiz_032,Dâu Tây big4 luôn nè 🤣🤣,,True,,
cmt_showbiz008_0008_r06,showbiz_008,Celestina Truong phạt jack jack triệu(55triêu).cấm 9 tháng ok há 🤣🤣🤣,Trung lập,False,,
cmt_showbiz_012_0010,showbiz_012,Lsm ăn làm giàu khổ,Phẫn nộ,False,,
cmt_showbiz_033_1949_r40,showbiz_033,Khánh Huyền đồng bọn của nó mà em,,True,,
cmt_showbiz011_0027_r07,showbiz_011,Ngọc Hoa thật tự nhiên thấy anh jack ngầu hơn tuy tồi mà nhận :)) cha này lèm bèm khó chịu gê,Cà khịa,False,,
cmt_showbiz012_0015_r07,showbiz_012,Tam Thu,,True,,
cmt_showbiz_004_0010,showbiz_004,Cái kết của người ngạo mạn .. là vậy … coi thường chốn tôn nghiêm .. và coi thường mạng người tiêu dùng thì phải lúc trả nợ nghiệp báo thôi,Phẫn nộ,False,,
cmt_showbiz_044_2312,showbiz_034,Ác lai ác báo thôi cái gì cũng có nhân quả lua gạt sao mà bền cái đó gọi là ông trời ổng bắt khai khẩu đo không ai đánh mà khai,Trung lập,False,,
cmt_showbiz023_0003_r02,showbiz_023,Thu Hải đcmm,,True,,
cmt_showbiz_033_1953_r16,showbiz_033,Nguyễn Phương Nam 💯₫,,True,,
cmt_showbiz_012_0126,showbiz_012,Không lẽ đây là sự thật. Chắc đang đóng bộ phim dài tập nào đó á. Thôi cố diễn cho tốt rồi về làm người tử tế chị nha. Thật tiếc cho 1 diễn viên triển vọng.,Đồng cảm,False,,
cmt_showbiz004_0005_r26,showbiz_004,"Phòng, chống ma túy - Công an TP. Hồ Chí Minh cán bộ dạo này hài hài mà còn trả treo",Cà khịa,False,,
cmt_showbiz_021_0011,showbiz_021,"Theo tài liệu điều tra ban đầu, Bùi Thị Phương Linh (sinh năm 2004, hộ khẩu thường trú tại xã Phúc Sơn, thành phố Hà Nội) là Á khôi 1 của một cuộc thi sắc đẹp năm 2025. Tuy nhiên, do không có công việc và nguồn thu nhập ổn định, Linh đã tham gia hoạt động bán d** khi khách mua d** có nhu cầu.

Không dừng lại ở đó, Linh còn tham gia môi giới, giữ vai trò đầu mối liên hệ, điều phối người bán d**, trực tiếp trao đổi với khách mua d** về giá cả và địa điểm, qua đó hưởng tiền chênh lệch môi giới.

Quá trình điều tra cho thấy, thông qua các mối quan hệ xã hội, Linh kết nối với các đối tượng mua d**, thỏa thuận giá bán d** và điều động nhiều người khác tham gia bán d** theo yêu cầu của khách. Linh gửi hình ảnh gợi cảm của các cô gái bán d** cho khách mua d** nhằm mời chào, giới thiệu và để khách lựa chọn. Sau khi khách đồng ý, Linh trực tiếp trao đổi, thỏa thuận giá cả, thống nhất địa điểm và điều động người bán d** đến theo yêu cầu. Các giao dịch được trao đổi qua điện thoại và các ứng dụng nhắn tin, tiền được chuyển khoản trước khi thực hiện hành vi mua bán d**.

Đến tối ngày 13/1, tại một nhà nghỉ trên địa bàn phường Việt Hưng, thành phố Hà Nội, khi các đối tượng đang thực hiện hành vi mua bán d** thì bị lực lượng công an kiểm tra, bắt quả tang nhiều cặp mua bán d** tại các phòng khác nhau. Toàn bộ các đối tượng cùng tang vật đã được đưa về trụ sở cơ quan công an để phục vụ công tác điều tra, làm rõ.
Qua xác minh ban đầu, giá bán d** của các đối tượng gồm Bùi Thị Phương Linh, Quách Thị Diễm và Nguyễn Thị Quyên dao động từ khoảng 4 đến 6 triệu đồng mỗi lượt. Ngoài số tiền thỏa thuận ban đầu, khi thực hiện hành vi mua bán d** Linh còn thu thêm tiền từ khách mua d**, qua đó hưởng lợi bất chính từ hoạt động môi giới. Trong vụ việc bị phát hiện, tổng số tiền Linh nhận từ khách mua d** khoảng 18 triệu đồng, trong đó Linh cũng sẽ hưởng hoa hồng, chênh lệch từ việc môi giới. Số tiền này được chuyển khoản hoặc giao trực tiếp trước khi các đối tượng thực hiện hành vi mua bán d**.

Hiện Phòng Cảnh sát hình sự, Công an thành phố Hà Nội đang tiếp tục mở rộng điều tra, làm rõ vai trò, hành vi của từng đối tượng liên quan để xử lý theo quy định của pháp luật.

Theo: Đài Phát thanh và Truyền hình Hà Nội",Trung lập,False,,
cmt_showbiz_012_0268,showbiz_012,"Thương em quá 
Chúc em luôn mạnh khoẻ 
Rồi ngày mai trời lại sáng",Trung lập,False,,
cmt_showbiz_020_3159,showbiz_020,"Đúng là mxh.lúc bả làm từ thien thi tung hô ca tụng đủ điều ,jo đụng chuyện thi bu nhau noi thế này thế kia ngi củng mắt cười thiệt .",Trung lập,False,,
cmt_showbiz007_0049_r04,showbiz_007,Bảo Nhi 😥,,True,,
cmt_showbiz019_0009_r04,showbiz_019,Lam Nguyen tâm tịnh thì ma nào dắt,,True,,
cmt_showbiz_020_0032,showbiz_020,"Căng👏👏👏👍🏻👍🏻, Việt Nam! tuyệt vời❤️❤️❤️🇻🇳🇻🇳🇻🇳",,True,,
cmt_showbiz_044_0637,showbiz_034,"Làm ăn nhẹ như bông hồng nhỉ, đêm nằm chỉ cần nghỉ ra chiêu trò là ngày mai tiền vào như nước",Trung lập,False,,
cmt_showbiz_018_0011,showbiz_018,Phương Võ tr ơi =))),,True,,
cmt_showbiz_043_0603,showbiz_033,"Biểu cảm của nó là cợt nhả và coi thường pháp luật,1 thời gian thật kinh tởm con này ngày nào cũng thấy nó chạy quảng cáo,live trim chặn mãi ko hết đa số lừa những người lớn tuổi,với những người nhẹ dạ",,True,,
cmt_showbiz_020_1186,showbiz_020,Ủa nhanh thế nhỉ,Trung lập,False,,
cmt_showbiz_020_1819,showbiz_020,Lên thớt,Cà khịa,False,,
cmt_showbiz005_0010_r02,showbiz_005,Huong Luu m xem sao kê k t gửi cho,,True,,
cmt_showbiz_017_0047,showbiz_017,0,,True,,
cmt_showbiz_033_1942_r49,showbiz_033,Văn Quang im thì không giàu.,,True,,
cmt_showbiz_025_0010,showbiz_025,Mọi người vào trang mình sẽ thấy những bài viết Không Ai Dám Viết về vấn đề Nhân Quyền ở Việt Nam. Mình hứa là nó sẽ không phí một giây nào của bà con.,Trung lập,False,,
cmt_showbiz019_0002_r11,showbiz_019,Thuy Tran thấy có ô cmt mồm sao ngao vậy😂,,True,,
cmt_showbiz004_0007_r01,showbiz_004,Lê Mỹ Kim bế nốt bàng quang luôn cho mxh trong sạch,,True,,
cmt_showbiz_021_0051,showbiz_021,"Trần Mai thấy bảo bên x8, m biết em này không😆",Cà khịa,False,,
cmt_showbiz_034_2068_r66,showbiz_034,Phạm Thế Hưng vợ cũ k khéo cũng vào tù theo :)))) pư,Trung lập,False,,
cmt_showbiz_011_0139,showbiz_011,tẩy chay kịch liệt,Phẫn nộ,False,,
cmt_showbiz_043_1518,showbiz_033,"Còn cười được, rất tự tin, rất tỉnh.",Trung lập,False,,
cmt_showbiz_033_1940_r86,showbiz_033,Oanh Nguyen,,True,,
cmt_showbiz_020_1646,showbiz_020,Thương Út,,True,,
cmt_showbiz_011_0237,showbiz_011,Thì nó ko có con thiệt nà bây. Nó làm ngta có con thôy,Phẫn nộ,False,,
cmt_showbiz_013_0050,showbiz_013,2 con điên,Trung lập,False,,
cmt_showbiz023_0038_r01,showbiz_023,Kiều Nga đẻ rồi bạn qua đây mình dẫn đi gặp chị hòa,Trung lập,False,,
cmt_showbiz009_0031_r01,showbiz_009,Nguyễn Hiền ní ơi ní ní nhìn lại xem khác biệt lắm luôn thằng này tra nam điển hình còn trà xanh thằng kia nó bỏ con thôi chứ nó k có đụng ai cũng ịch đâu mà ní nói giống hả ní,Trung lập,False,,
cmt_showbiz032_0003_r01,showbiz_032,Hae Lee có tụi fan con nai mù quáng mới kinh hoàng,Trung lập,False,,
cmt_showbiz_043_0375,showbiz_033,Sau thời gian tạm giam em ý cười còn tươi hơn.,Trung lập,False,,
cmt_showbiz_030_0046,showbiz_030,bọn này hài vl,Trung lập,False,,
cmt_showbiz_030_0285,showbiz_030,rồi vấn đề hát nhép nữa chi,Trung lập,False,,
cmt_showbiz009_0011_r05,showbiz_009,Huyền Thu vi khuẩn 🤣🤣🤣,,True,,
cmt_showbiz_033_0001_r166,showbiz_033,Hùng Mộc có tiền chạy về trại ngay hà đông hà nội.chỉ ăn với chơi ở trong trại đầy đủ tiện nghi như nhà mình.chồng con vào chơi bt,Cà khịa,False,,
cmt_showbiz019_0023_r08,showbiz_019,Quang Sáng phải chọn lọc thông tin là hoàn toàn đúng. Sản phẩm có như quảng cáo không rồi lúc đó trả lời cũng chưa muộn.,,True,,
cmt_showbiz_020_2427,showbiz_020,Mẹ biết mẹ lại buồn cho coi 🫣,Trung lập,False,,
cmt_showbiz_020_3419,showbiz_020,Nhiều  người hay sân si nhỉ.người ta có hiếu người ta xây cho cha họ thì phước chứ sao  lại cứ người ta xảy ra rồi nói người ta thế này thế kia,Trung lập,False,,
cmt_showbiz_044_1818,showbiz_034,Tưởng hết năm số 9 òi :)),Trung lập,False,,
cmt_showbiz018_0045_r21,showbiz_018,"Sương Trà t cũng dị ứng mấy đứa kiu làm đám cưới cho lớn chi rồi cũng lị dị, kiu làm đại đại đi được rồi. Lúc ngta yêu nhau thì ngta làm đám lớn nỡ mài nỡ mặt đôi bên, có ai mà biết trước được sau này đâu. Bộ đám cưới phải tính luôn dự định li dị hay sao mà làm đám đại cho xong, mà đi mỉa mai cái đám cưới. Đh nghĩ gì",Cà khịa,False,,
cmt_showbiz_020_2433,showbiz_020,"chúc cho anh chị không sao , để làm đẹp cho chị e , làm giàu cho đất nước , yêu thương a c ❤️❤️",Trung lập,False,,
cmt_showbiz_033_1946_r53,showbiz_033,Trung Nguyên nó lấy một mẩu nhỏ từ doanh thu hàng kém chất lượng bố thí để lấy hình ảnh và sau đó lại bán được nhiều hơn. chỉ có bò mới bị dắt mũi,Trung lập,False,,
cmt_showbiz_020_1668,showbiz_020,Minh Sang,,True,,
cmt_showbiz014_0002_r23,showbiz_014,Ty Trần nói vậy ko đc ngay quận 1 thì đầy người nghèo đấy thôi còn quan trọng cách họ làm vvvv.,Trung lập,False,,
cmt_showbiz019_0003_r03,showbiz_019,Louis Nguyen quang linh vlog với 2 thân tín mới là cổ đông to nhất khi bỏ phiếu chiếm 40% chưa kể còn thân thiết với hằng du mục. Đội kia là 3 đứa kia .,Trung lập,False,,
cmt_showbiz019_0002_r17,showbiz_019,"Bí Mật Showbiz lòi chành c iu he, hoa hậu quốc dân đồ đó",Cà khịa,False,,
cmt_showbiz018_0005_r01,showbiz_018,Nguyễn Mai thật. Cái gì càng khoe thì càng mất mà.,Trung lập,False,,
cmt_showbiz_043_1913,showbiz_033,,,True,,
cmt_showbiz_044_1006,showbiz_034,Thang nay an roi đi lửa nguoi ta cuoi cung bi tu toi tien thi không được su dung,Trung lập,False,,
cmt_showbiz019_0036_r04,showbiz_019,Huỳnh Thanh Lợi bác cho e xin video với,,True,,
cmt_showbiz_044_0013,showbiz_034,"Phải nói chị vợ có Phước , người tào khang khó khăn thủa đầu an toàn khi thuyền có dự định lật , trời có mắt , để chị rời xa phi pháp",Đồng cảm,False,,
cmt_showbiz_020_0112,showbiz_020,"Chết cười phần cuối của mục 1. "" mắt bồ câu con đậu con bay..."" 😅😂🤣",Trung lập,False,,
cmt_showbiz_033_1940_r226,showbiz_033,"Tuyền Văn Hóa còn fai lôi tội chất lượng SP ra nữa, k thể để nó ma mị, hút máu dân 1000 nhả ra 1 đồng làm từ thiện để lấy lòng dân u mê kém hiểu biết, lộng hành bao năm nay",Trung lập,False,,
cmt_showbiz_020_2924,showbiz_020,Ước gì có 1ty  trả nợ,Trung lập,False,,
cmt_showbiz019_0056_r01,showbiz_019,Phạm Nguyễn Hồ li chứ ve sầu gì bạn,,True,,
cmt_showbiz_044_2404,showbiz_034,Có tật giật mình,Trung lập,False,,
cmt_showbiz_020_1966,showbiz_020,Hoài Thanh,,True,,
cmt_showbiz_020_2241,showbiz_020,Nguyễn Tuyết,,True,,
cmt_showbiz_033_0001_r164,showbiz_033,"Khai Võ nó nói đúng mà , hứa hẹn cho mỗi đứa 100tr thì nó chẳng hầu hạ",Cà khịa,False,,
cmt_showbiz_034_0369_r01,showbiz_034,Do Toi Nguyen tiền nhiều giờ cũng thua bác Tới. Kk,Trung lập,False,,
cmt_showbiz_020_0793,showbiz_020,A c đi xa quá,Trung lập,False,,
cmt_showbiz_033_0021_r06,showbiz_033,Nó cười vì đúng ước nguyện được đi tù á mà :))),Trung lập,False,,
cmt_showbiz_012_0091,showbiz_012,"Sao vụ con bé đứt lìa chân ra đi mãi mãi, do thằng khốn nạn kia... dang dở bao hoài bảo, bao ước mơ. Mà không thấy báo chính thống nào rầm rộ đưa tin.",Phẫn nộ,False,,
cmt_showbiz011_0047_r06,showbiz_011,Phúc Lan Hoàng Hơn con nhỏ tận 15 tuổi mà thằng hãm này làm cái trò gì mất dạy gớm.,Phẫn nộ,False,,
cmt_showbiz019_0060_r05,showbiz_019,Ka Ka ăn nói như bại não,,True,,
cmt_showbiz_007_0097,showbiz_007,Cho xin fb nữ Thuý zy đi mn uiu,Trung lập,False,,
cmt_showbiz_043_1175,showbiz_033,"Đẹp gái , tự tin lắm. 😂😂🤣😅😆😆😁😁😁😄. 
Vì dù sao cả nhà tiêu 3 đời vẫn ko hết tiền. 🤣",Trung lập,False,,
cmt_showbiz_019_0244,showbiz_019,Làm sao cộng đồng phát hiện lại xin lỗi . Lỡ kg phát hiện có xin lỗi hay kg . Hay vẫn bán vẫn quảng cáo như vậy . Tẩy chay những quảng cáo kg thật kg chất lượng,,True,,
cmt_showbiz020_2968_r01,showbiz_020,"Xuân Quỳnh làm đc như họ thì mình không mơ, vì loại uống máu của đồng loại thì tôi không đủ trình nhé",Trung lập,False,,
cmt_showbiz007_0037_r04,showbiz_007,Lin Elyseen sao ngày trc lại tin nó,,True,,
cmt_showbiz_018_0364,showbiz_018,Có lẽ ổng đã tìm thấy ng đàn ông của đời mình chăng😆😆,Trung lập,False,,
cmt_showbiz_034_2072_r40,showbiz_034,Đạt Giang haha,,True,,
cmt_showbiz_004_0020,showbiz_004,Xích cả chân tay luôn,Cà khịa,False,,
cmt_showbiz_033_1940_r56,showbiz_033,Nguyễn Hiếu nhìn ghét thực sự luôn ý bạn nhỉ 😅,Trung lập,False,,
cmt_showbiz_011_0130,showbiz_011,Thật đáng lo ngại . thật sự không hiểu nổi những người khi xem bọn này vì mục đích gì và có lợi gì để họ theo dõi bọn này vất vả như vậy,Phẫn nộ,False,,
cmt_showbiz018_0024_r06,showbiz_018,인연 ừ giật tít:),Trung lập,False,,
cmt_showbiz_044_0608,showbiz_034,Thu về làm lại đê sông cầu cho thái Nguyên để thái nguyên ko bị  lũ lụt  thì Nd TN cảm ơn nhiều đấy,Trung lập,False,,
cmt_showbiz_004_0071,showbiz_004,Chơi tới dây XÍCH luôn. Y như trong phim Trung Quốc có cái khúc mà áp giải tội phạm ra pháp trường hành quyết á,Cà khịa,False,,
cmt_showbiz_004_0042,showbiz_004,"Moa, a hau doanh nhan the gioi, nghe muon oi🤮🤮🤮🤮nhin cai mat moc cua no con thua con khung beta o hanoi nua😁😁😁nen loi cai thg luong bang quang vo nua moi dung😁😁😁",Cà khịa,False,,
cmt_showbiz018_0005_r05,showbiz_018,Nguyễn Mai co khi clip đang noi ra van de bản thân ay chu,Trung lập,False,,
cmt_showbiz024_0009_r02,showbiz_024,Nguyễn Mai Anh bà hóng tin ở chỗ nào đấy chỉ tôi cái.,Trung lập,False,,
cmt_showbiz_020_0711,showbiz_020,Với Cs phô trương là thịt ngay.,,True,,
cmt_showbiz012_0050_r02,showbiz_012,"Diệu Diệu Hương chắc hợp đồng tình tiền thôi mà cho người ta chén ít quá nên nó kiện,với lại số tiền quá lớn với 1 người như TNA giá mua dâm vậy là chát",Trung lập,False,,
cmt_showbiz018_0009_r01,showbiz_018,Thuy Tien có xem qua nma thấy bt,Cà khịa,False,,
cmt_showbiz_020_2623,showbiz_020,"Vạy thì có đến 99% các tmv lớn nhỏ,spa đều sai pạm đặc biệt spa họ đâu có chuyên môn gì đâu",Trung lập,False,,
cmt_showbiz_033_1940_r331,showbiz_033,Lê Kim Oanh so sánh quá khập khiễng,,True,,
cmt_showbiz_044_1693,showbiz_034,Dùng tài năng để đi ăn cướp cần xử lý nghiêm.,Trung lập,False,,
cmt_showbiz009_0012_r01,showbiz_009,Vũ Thanh Huyền đ có tiền để u mê 🤣,,True,,
cmt_showbiz_033_1978_r42,showbiz_033,Hà Nguyên ăn cứt 💩 hả,,True,,
cmt_showbiz_018_0110,showbiz_018,Làm rầm rộ. Chia sẻ đạo lý nhiều về tình yêu mà tình yêu của m thì ko giữ dc. Hài hước thật,Cà khịa,False,,
cmt_showbiz_009_0263,showbiz_009,"Giải thích cái gì, thằng đàn ông khi cãi nhau mà im lặng hẳn 5 ngày để cgái ngta tự đi xin lỗi, nchuyen trc mặc dù ổng là người sai thì ko nên giữ, cái tôi nó to quá, tính toán với cả người yêu mình",Trung lập,False,,
cmt_showbiz018_0001_r04,showbiz_018,"Mình cũng nói là đã từng và nhiều người thôi chứ mình đâu có bắt tất cả, hay mem nhà mình phải coi họ là hình mẫu...

Mình không có vấn đề với quan điểm riêng của mọi người nha ^^",Trung lập,False,,
cmt_showbiz_006_0057,showbiz_006,Phạm Thu Thuỷ,,True,,
cmt_showbiz_020_1219,showbiz_020,Thế bịp ạ,Trung lập,False,,
cmt_showbiz_033_1941_r99,showbiz_033,Xôi Lạc đéo có tao trong đấy đâu.,,True,,
cmt_showbiz_011_0032,showbiz_011,"Năm 2025 kiểu:

Hẹn hò = Chưa yêu ??????
P/s: Mày nói chưa yêu mà đi hẹn hò với con gái nhà người ta làm gì??????",Cà khịa,False,,
cmt_showbiz_044_0655,showbiz_034,Đến cuối cùng hắn cũng chỉ là lính đánh thuê mà thôi đó gọi là thông minh đi dạy người khác sao,Trung lập,False,,
cmt_showbiz_020_1946,showbiz_020,Nguyễn Thị Ngọc Thuấn,,True,,
cmt_showbiz019_0203_r06,showbiz_019,Huỳnh Lam ra đường nể mỗi anh Ba duy,,True,,
cmt_showbiz_001_0012,showbiz_001,"Nhạc thì hay, nhưng nhìn vào đúng kiểu chơi đồ 🤣",Cà khịa,False,,
cmt_showbiz_033_0001_r212,showbiz_033,"Nguyễn Việt Tùng 1 ngày trong tù bằng ngàn thu bên ngoài.
Ông thử chơi điện thoại 1 ngày trong phòng ngủ xem.",Cà khịa,False,,
cmt_showbiz_033_1940_r17,showbiz_033,Tuyền Văn Hóa doanh thu khủng khiếp thật,,True,,
cmt_showbiz018_0012_r11,showbiz_018,"Khánh Linh đàn ông 50 tuổi lấy được vợ khi giàu, đàn bà 50 tuổi lấy được chồng cũng chỉ khi giàu thôi :)))",Cà khịa,False,,
cmt_showbiz025_0022_r02,showbiz_025,Nguyên Thuận bạn nói quá đúng . loại này phải để ngồi ăn cơm cân 12 năm hoa đào nở đẹp,Phẫn nộ,False,,
cmt_showbiz_009_0031,showbiz_009,Nguỵ công tử😂  từ đợt yêu nkem đã chê vl,Cà khịa,False,,
cmt_showbiz009_0002_r15,showbiz_009,Vũ Thuỳ Châm,,True,,
cmt_showbiz019_0036_r03,showbiz_019,Vương Giàu,,True,,
cmt_showbiz018_0035_r05,showbiz_018,Nguyễn Tâm thiệt. Thua hàng ông bà bố mẹ hết,Cà khịa,False,,
cmt_showbiz_023_0200,showbiz_023,Nếu đubgs thật thì t phải công nhận giỏi giữ  kín ghê,Trung lập,False,,
cmt_showbiz_034_2083_r01,showbiz_034,Tĩnh Lặng,,True,,
cmt_showbiz_033_1940_r558,showbiz_033,Tuyền Văn Hóa moá dáng đi cùng mấy a công an như lãnh đạo cấp cao 🤣🤣🤣,Trung lập,False,,
cmt_showbiz004_0004_r21,showbiz_004,"Cẩm Tú Nguyễn làm gì dc 10%, 80 cuốn sổ đỏ thì 10% cũng phải dc vài chục tỷ rồi.thấy đi từ thiện toàn phát mỳ phát sữa thì đáng bn như Hoàng hường còn donate mấy tỷ chứ bao h thấy n98 đâu",Cà khịa,False,,
cmt_showbiz021_0001_r04,showbiz_021,TOP Comments nhầm hay sao? Chứ thấy ấy toàn pn đảm vs đoan chính thôi. Chắc trong chạy ra ngoài ra hành nge  hay sao í. Bụm miệng ko nhịn đc.. :D,Cà khịa,False,,
cmt_showbiz_004_0239,showbiz_004,Láo thật?,,True,,
cmt_showbiz_020_3308,showbiz_020,Hại ko có tiền mà xây thôi,Trung lập,False,,
cmt_showbiz_023_0194,showbiz_023,Thời giờ hay nhỉ. Toàn ăn cơm trước kẻng. Có học hay ko học như nhau hết,Trung lập,False,,
cmt_showbiz020_1021_r06,showbiz_020,Nguyễn Quảng thế thì vũng lũ cũng vất vả đấy nhỉ,Trung lập,False,,
cmt_showbiz_011_0235,showbiz_011,"chết moẹ rồi, đào tới đâu luôn đó",Phẫn nộ,False,,
cmt_showbiz_021_0137,showbiz_021,Bùi Thanh Ngoan Thanh Moon,,True,,
cmt_showbiz_033_1194_r04,showbiz_033,Trung Anh bổ não đó,,True,,
cmt_showbiz023_0004_r03,showbiz_023,Bé Ong đúng rồi. Thấy chị Hoà bận việc quần quật mà có thấy nghỉ dưỡng hay nghỉ đẻ đâu nhỉ.,Trung lập,False,,
cmt_showbiz008_0002_r12,showbiz_008,Nguyễn Ngọc Linh chắc chắn. Tranh cãi nổ ra và nếu là thật là phong sát luôn ngay từ lúc đó rồi :)),Trung lập,False,,
cmt_showbiz_020_2461,showbiz_020,Làm ăn kinh doanh k tránh đc. K dính cái to thì cái nhỏ,Trung lập,False,,
cmt_showbiz_044_0047,showbiz_034,"Thiên tai thì mỗi ngày mỗi khắc nghiệt,mọi người dân thì đang còn gồng mình cứu trợ bà con,,còn một lũ ăn hại thì lo cấu kết bè phái móc ngoặc bòn mót của nhân dân .tham lam vừa thôi kẻo tới lúc nghiệp quật lại đỗ lỗi cho trời ăn ở ko công bằng. Đúng là nhục nhã thối nát .",Phẫn nộ,False,,
cmt_showbiz_023_0037,showbiz_023,Lan Anh khéo bầu đẻ thật rùi ý,,True,,
cmt_showbiz009_0005_r01,showbiz_009,Phương Thảo :)),Trung lập,False,,
cmt_showbiz_033_1947_r49,showbiz_033,Vượng H.A.I S.A.N chuẩn luôn,Trung lập,False,,
cmt_showbiz_020_1418,showbiz_020,Kim Chi giải thể chưa hâhhaha,,True,,
cmt_showbiz_033_0006_r05,showbiz_033,Nguyễn Hiếu Chuẩn đấy! cáo già gọi bằng cụ!,,True,,
cmt_showbiz009_0033_r04,showbiz_009,Thanh Thanh nó đang seeding tẩy trắng mà,,True,,
cmt_showbiz_010_0094,showbiz_010,Con cu làm mù con mắt,Trung lập,False,,
cmt_showbiz018_0038_r02,showbiz_018,Nguyễn Lài gặp t quen 3th k có tương lai là t chạy liền,Cà khịa,False,,
cmt_showbiz_044_1481,showbiz_034,"Đề nghị cơ quan CA vào cuộc điều tra làm rõ có hay không sự lừa đảo, úp bô nhà đầu tư hay là sự vu khống ?",Trung lập,False,,
cmt_showbiz014_0005_r04,showbiz_014,Bùi Văn Hào nước chưa tới đầu gối..🥴,,True,,
cmt_showbiz_033_1948_r50,showbiz_033,Hoàng Long đần,,True,,
cmt_showbiz015_0002_r18,showbiz_015,"Minh Hoàng liên quan mẹ gì mua, bà có đọc hiểu được ko?",Trung lập,False,,
cmt_showbiz020_2829_r20,showbiz_020,"Huyênlinhnhi Huyênlinhnhi ta chôn xây đất nhà người ta, liên quan gì người khác mà sợ chết k có chỗ chôn",Trung lập,False,,
cmt_showbiz_020_0018,showbiz_020,Ngân cola làng chìm luon r hả cán bộ. 🫩,Trung lập,False,,
cmt_showbiz_011_0083,showbiz_011,"Pháp luật cần có chế tài nghiêm khắc với bọn này, chúng nó đang tiếp tay cho bọn phản động chống phá đất nước, phá hoại thành quả cách mạng mà cha ông ta đã phải hy sinh biết bao xương máu mới giành được! Chúng nó làm băng hoại một bộ phận thanh niên, bọn này cần phải nghiêm trị sớm!",Phẫn nộ,False,,
cmt_showbiz_043_0981,showbiz_033,Đối diện với lệnh bắt và tạm giam mà vẫn cười thể hiện thách thức pháp luật ko có chút ý thức hối cải với những sai phạm của bản thân,Trung lập,False,,
cmt_showbiz009_0033_r06,showbiz_009,"Dương Phan bộ nhận thức có vấn đề hả :))) 6 hay đẹp nhìn vô biết liền, 6 thì là 6, còn k make up m liên quan j tới nét đẹp con người, bộ th virus này có make up hả, tao chê đó rồi sao",Cà khịa,False,,
cmt_showbiz_034_0006_r08,showbiz_034,Minh Thu Nguyễn tịch thu chỗ này xong chỗ khac bọn nó lại đớp.🤣🤣,Cà khịa,False,,
cmt_showbiz013_0027_r07,showbiz_013,Đăng Hoa Liên  avt của mày thể hiện m là thằng đầu k.hấ.c 😏,Trung lập,False,,
cmt_showbiz_033_0001_r180,showbiz_033,"Chết cụ mày đi tao thấy không ưa mày lâu lắm rồi, này thì thích khoe tiền nè 😄😄😄",Phẫn nộ,False,,
cmt_showbiz011_0020_r10,showbiz_011,"Kiều Anh kệ mịa noá,nhưng Sơn Komaz bán chậm quá....",Cà khịa,False,,
cmt_showbiz_019_0498,showbiz_019,Hậu duệ trong tò😨,Trung lập,False,,
cmt_showbiz004_0001_r01,showbiz_004,"Phòng, chống ma túy - Công an TP. Hồ Chí Minh  các chú có bắt nhầm không ad , thấy vào tay các chú chụp hình như người khác hoàn toàn🤣🤣🤣",Cà khịa,False,,
cmt_showbiz020_2408_r06,showbiz_020,Mint Na copy hoài,,True,,
cmt_showbiz_020_3150,showbiz_020,"Thì kệ người ta chứ , có tiền người ta thích hô mưa gọi gió có được không ? Việc ngta làm bị sao ngta chịu , sân si ngta làm đe’o gì vậy ?",Trung lập,False,,
cmt_showbiz_020_2247,showbiz_020,Huyền Ngọc,,True,,
cmt_showbiz_032_0114,showbiz_032,Việt Namgiau quá thì hh hoài,,True,,
cmt_showbiz_018_0122,showbiz_018,Ông Thỉ bà Long cũng nên cẩn thận nhé,,True,,
cmt_showbiz006_0027_r02,showbiz_006,Thảo Phương ngay từ đầu ảnh đâu sai,,True,,
cmt_showbiz019_0249_r01,showbiz_019,Linh Linh Nhà Lao á c kk,,True,,
cmt_showbiz_043_0884,showbiz_033,Vì nó biết trước là kiểu gì cũng có ngày hôm nay lên đón nhận bình thường,Trung lập,False,,
cmt_showbiz018_0009_r02,showbiz_018,Nguyệt Khanh tinh ý là thấy rồi,,True,,
cmt_showbiz_007_0022,showbiz_007,"T chả biết con này có mục đích gì , nhưng cái giọng kiểu nói chuyện t muốn bạt tai nó mấy cái luôn, còn quỷ méo mồm",Trung lập,False,,
cmt_showbiz_020_2039,showbiz_020,Bé Mai,,True,,
cmt_showbiz_024_0146,showbiz_024,Nghe nói chơi xong thăng hoa sáng tác hay lắm,Trung lập,False,,
cmt_showbiz_034_2068_r51,showbiz_034,Tifosi tôi cũng nghĩ vậy. Chỉ là tự châm ngòi cho các chú ca triển khai  luôn thôi.,Trung lập,False,,
cmt_showbiz_018_0310,showbiz_018,"Cặp đôi từng được lòng cư dân mạng khi chia sẻ rất nhiều lời khuyên trong tình yêu, hôn nhân: https://s.biz.vn/V7PyzGc",,True,,
cmt_showbiz029_0038_r01,showbiz_029,Pé Trâm con này nghe còn ổn .. Nghe hồng loan - con của NSUT vũ linh mới đỉnh 😂,Trung lập,False,,
cmt_showbiz_033_0001_r99,showbiz_033,"Nguyễn Việt Tùng nghỉ dưỡng trong cái trại, k dc ra ngoài thì k sướng bằng công nhân đâu e.",Trung lập,False,,
cmt_showbiz020_0900_r04,showbiz_020,Giờ đổi thành mp lùa gà,Trung lập,False,,
cmt_showbiz_012_0077,showbiz_012,"Theo thuyết âm mưu thì bắt Trương Ngọc Ánh lúc này là nhằm che đậy một dzụ chi đó. (Tui nói đùa thôi)
Tuy nhiên, em đẹp bị bắt vì vụ việc làm ăn cách đây gần 20 năm thì hơi bị lạ.",Cà khịa,False,,
cmt_showbiz_033_1979_r04,showbiz_033,"Lan Mùi chồng nó làm công an, mấy năm trước nó bán hàng kém chất lượng, ai ý kiến nó tìm đến nhà lu loa, xúc phạm họ",Trung lập,False,,
cmt_showbiz018_0025_r01,showbiz_018,"Huỳnh Gia Luận đúng nha, tui thấy cặp nào càng ảnh hưởng truyền thông nhiều thì dễ....",Trung lập,False,,
cmt_showbiz020_0132_r06,showbiz_020,Tâm An 13 con số,,True,,
cmt_showbiz_044_0020,showbiz_034,Chờ ông lừa cho được 600 cây vàng bắt luôn cho chẵn,Cà khịa,False,,
cmt_showbiz_034_2071_r15,showbiz_034,Doãn Trí Bình hết Phước rồi hoạ tới ngay,,True,,
cmt_showbiz_004_0064,showbiz_004,Vãi hết cả hoa hậu 😂 má chúng nó,Cà khịa,False,,
cmt_showbiz_033_0001_r113,showbiz_033,Hùng Mộc chứ ko di nghỉ dưỡng thì đi đâu ?,,True,,
cmt_showbiz_009_0216,showbiz_009,A Thua Rắc mỗi 3 con thui 🥴,,True,,
cmt_showbiz_044_1435,showbiz_034,úp bô đồng bào,Trung lập,False,,
cmt_showbiz_034_2105_r10,showbiz_034,Bui Tien Suong mới cái bình thôi....tìm thêm vài cành hoa nữa hiiii,Trung lập,False,,
cmt_showbiz_020_2017,showbiz_020,Kỳ Doanh,,True,,
cmt_showbiz012_0003_r09,showbiz_012,Trần Mỹ Dung Thôi b ơi cũng chẳng ai biết trước được ngày mai ! Thôi mình cứ nhìn theo hướng tích cực! ( ai sai thì phải sửa phải trả giá!) Còn cứ phân tích mãi thì cũng không biết thế nào!.. Chúc b nhiều sức khỏe luôn vui vv Hạnh phúc. Cảm ơn b,Trung lập,False,,
cmt_showbiz_020_0007,showbiz_020,"Nọ vừa thấy nhiều người chúc mừng cây ngay không sợ chết đứng rồi nào là trong sạch các thứ,họ ngây thơ thật sự",Trung lập,False,,
cmt_showbiz_043_0425,showbiz_033,Diễn gượng thôi,Trung lập,False,,
cmt_showbiz_012_0097,showbiz_012,Khi thần tượng bị lu mờ,Đồng cảm,False,,
cmt_showbiz_007_0234,showbiz_007,Em ngước lên bầu trời và nói lại điiii,Trung lập,False,,
cmt_showbiz_034_0500_r02,showbiz_034,Kim Đông Trần giờ thành moẹ cá Hộp…. Hết hy vọng,Trung lập,False,,
cmt_showbiz_044_0196,showbiz_034,Còn mấy ông shark nữa mà 🤣,Trung lập,False,,
cmt_showbiz_009_0270,showbiz_009,"Lè nhà lè nhè thế đ vào vấn đề chính đi. Nói chung là nhìn mặt hàng này hậu vận dự là kém lắm nhé, nhìn cái tâm nó trổ ra cái tính là rõ rồi. Đ chịu tu sửa đi thì đời còn tụt dốc dài :)))",Trung lập,False,,
cmt_showbiz023_0006_r01,showbiz_023,Thanh Huệ 😡 Nửa kia la Thăng Cương đẹp đôi qía a,Trung lập,False,,
cmt_showbiz_033_1437_r52,showbiz_033,Hường Nguyễn Thị lú đến nỗi mù quáng luôn.,,True,,
cmt_showbiz_019_0020,showbiz_019,"Đẹp mặt, lũ lừa đảo :))",Cà khịa,False,,
cmt_showbiz015_0003_r20,showbiz_015,Mạnh Mạnh kiki,Trung lập,False,,
cmt_showbiz_044_1037,showbiz_034,⁸,,True,,
cmt_showbiz_034_2070_r18,showbiz_034,Duy Son Nguyen,,True,,
cmt_showbiz020_1004_r16,showbiz_020,Kít Ty haha,,True,,
cmt_showbiz_008_0033,showbiz_008,Bài này sao hk thấy mấy bạn fan đum đúm share lại dạ trùi kkk,,True,,
cmt_showbiz020_1928_r01,showbiz_020,Oanh Võ từ thiện từ việc bán hàng dỏm thì nhận từ thiện vui vẻ ko?..toàn phong bạt từ tiền bất chính.lạng chạng dính thêm  tiền từ thiện nữa,Trung lập,False,,
cmt_showbiz015_0027_r03,showbiz_015,Kevin Kevin sai thì lên nhận và xl là xong nhưng mà cứ thích kiểu thượng đẳng cơ bố m đ biết bố m xl đc chưa xong cuối lại còn bảo sẽ có nhiều ng vui lắm :)) cay cđg kb đc trong khi mình sai lè,Trung lập,False,,
cmt_showbiz020_0061_r01,showbiz_020,Taihungnhuy Le Chu can thiep duoc gi,,True,,
cmt_showbiz011_0020_r05,showbiz_011,Trang Heli Trang Heli đúng là chị của chúng iem Minh Nguyệt,Cà khịa,False,,
cmt_showbiz_020_2821,showbiz_020,Làm cái gì cũng có đăng ký giấy tờ gõ ràng nhà nước chất đang thiếu tiền giữ lắm cái này đi kiếm tiền của mấy người giàu tịch thu tài sản làm riết dân ko ai giám làm ăn luôn,Trung lập,False,,
cmt_showbiz_020_1429,showbiz_020,"Chứng tỏ biết sắp có biến nên đã chuẩn bị trc từ tháng 10, tuy nhiên làm sao thoát dc với các chú",Trung lập,False,,
cmt_showbiz_044_1370,showbiz_034,Con này tôi cũng mất tiền. Nó chủ tập đoàn công nghệ bảo bị úp éo ai tin ĐK. Nó nhận tiền bán IDO xong rung pull dự án sập. Lên mấy coin VIET NAM ko tin ĐK ai. Kể cả sàn coin VN phát triển. Ae mang tiền về rồi về Mo,Trung lập,False,,
cmt_showbiz011_0039_r02,showbiz_011,Nguyễn Châu khầy lo làm khầy đi thấy drama bu bu lên live :)),Cà khịa,False,,
cmt_showbiz_024_0111,showbiz_024,Phải chơi đồ đầu óc mí phiuling mí sáng tạo dc Chuyên Hàng Đức Hipp,Trung lập,False,,
cmt_showbiz_020_2072,showbiz_020,Thu Huyền Vy Hằng,,True,,
cmt_showbiz_007_0034,showbiz_007,Bản nhạc cho rách siu thoát,Trung lập,False,,
cmt_showbiz_011_0001,showbiz_011,Nhìn mặt thằng này tao muốn ói quá,Phẫn nộ,False,,
cmt_showbiz_010_0158,showbiz_010,Xêkô phiên bản Việt à 😝😝,Trung lập,False,,
cmt_showbiz009_0030_r01,showbiz_009,Trịnh Trung Vl Ngài,,True,,
cmt_showbiz_020_1322,showbiz_020,Vẫn mở cửa bình thường ạ.....ngày nào cũng chạy nhang,Trung lập,False,,
cmt_showbiz_044_0439,showbiz_034,Lùa 🐔🐔🐔 giỏi thật,Trung lập,False,,
cmt_showbiz_018_0161,showbiz_018,Lý do hại não nhể?,Trung lập,False,,
cmt_showbiz_020_2166,showbiz_020,Ngọc Dung,,True,,
cmt_showbiz_044_0032,showbiz_034,Khiếp tích nhiều thế ăn bao giờ hết?,Phẫn nộ,False,,
cmt_showbiz020_0134_r01,showbiz_020,Pham Minh Hải : bằng 5 năm lương của Neymar,,True,,
cmt_showbiz_034_1078_r29,showbiz_034,Giang Hoang chắc bạn đó cả đời ko đi vay. Cả đời ko dám gửi tiền tk,Trung lập,False,,
cmt_showbiz_018_0125,showbiz_018,"tình yêu đôi lứa thanh xuân thì ngắn bằng cái gang tay so với đời người. 

còn lại chỉ là lựa chọn của sự tử tế mà thôi!",Trung lập,False,,
cmt_showbiz_004_0112,showbiz_004,bắt hơi muộn. con này bị bắt thì nhiều người vui lắm,Phẫn nộ,False,,
cmt_showbiz_005_0068,showbiz_005,Vương Nhi ảnh bảnh mà ảnh phèn 🤣🤣,,True,,
cmt_showbiz018_0037_r04,showbiz_018,Karmi Nguyen Nó lên mạng dạy người ta trên trời dưới đất như là chuyên gia nên giờ nó phải nghĩ ra cái lý do chia tay gì cho nó phức tạp ghê gớm chút. Chứ mà nói đơn giản như bạn thì nó ngại chết 😄,Trung lập,False,,
cmt_showbiz020_1546_r01,showbiz_020,Áo Cưới Linh Đan buồn gì,,True,,
cmt_showbiz018_0048_r07,showbiz_018,"Trần Loan đọc nghe bùi tai đấy mà cứ sai sai!!! Cdg cũng là vì nó luôn chứ chả vì con bé kia!
""Đàn ông là những đứa trẻ k bao giờ lớn nên em cần phải cần trô dc anh"" đến bố mẹ  nhiều khi còn chả cần trô dc con, mong ny cần trô, bố tổ🤣🤣🤣",Cà khịa,False,,
cmt_showbiz_033_1940_r36,showbiz_033,Tuyền Văn Hóa vẫn cười tươi thế 😄,,True,,
cmt_showbiz024_0013_r05,showbiz_024,Võ Thị Diệu Mi nói đọc giải trí còn đc,,True,,
cmt_showbiz_016_0068,showbiz_016,Sơn Thanh Thanh,,True,,
cmt_showbiz007_0021_r03,showbiz_007,Bò Sữa,,True,,
cmt_showbiz_033_1604_r01,showbiz_033,Dezay Tiên Vũ loại đi lừa đảo đứa nào chả vênh váo,Trung lập,False,,
cmt_showbiz_020_2688,showbiz_020,Như Quỳnh chán quá đi hết rồi,,True,,
cmt_showbiz_033_1948_r12,showbiz_033,Huấn Phát Tài thô nhưng thật 😂,,True,,
cmt_showbiz_020_3273,showbiz_020,Bố người ta kệ người ta,Trung lập,False,,
cmt_showbiz_033_1940_r78,showbiz_033,Nguyễn Thuỳ VTV đưa tin sai à,,True,,
cmt_showbiz020_2829_r79,showbiz_020,Mèo Nghếch đúng rồi...,,True,,
cmt_showbiz_020_1670,showbiz_020,Vu Thien Phuc,,True,,
cmt_showbiz009_0018_r07,showbiz_009,Góc Chữa Lành khoải bênh bạn bị thốn lùi nên tới nhà ảnh rửa,Cà khịa,False,,
cmt_showbiz009_0039_r15,showbiz_009,"tạp hóa Má Hồng ở chung chứ có phải 24/24 đâu bà, k có thời gian đi làm riêng hay tụ tập hả, đã muốn ngoại tình thì có nhiều cách lắm, ngoại tình tư tưởng cũng đáng sợ rồi",Trung lập,False,,
cmt_showbiz_033_1940_r203,showbiz_033,Trâm Lê để ban thuốc Lừa bà con,,True,,
cmt_showbiz004_0008_r01,showbiz_004,Hải Yến  giàu nhanh thì cũng nhanh đi tàu kkk,Cà khịa,False,,
cmt_showbiz020_1337_r01,showbiz_020,Chà Đào la là la la lạ,,True,,
cmt_showbiz004_0007_r02,showbiz_004,Lê Mỹ Kim chuan luon,Cà khịa,False,,
cmt_showbiz_012_0050,showbiz_012,Đáng đời,Cà khịa,False,,
cmt_showbiz012_0068_r01,showbiz_012,"Lavender Ho chắc cũng chả còn chi, toàn thấy làm màu chứ có gì đâu",Cà khịa,False,,
cmt_showbiz_020_2444,showbiz_020,Sao bót chè hẻ chưa thấy động tỉnh gì ta,Trung lập,False,,
cmt_showbiz_032_0300,showbiz_032,Xỉu,,True,,
cmt_showbiz004_0002_r26,showbiz_004,Sam Sam cút,,True,,
cmt_showbiz014_0005_r16,showbiz_014,Bùi Văn Hào Vậy chứ bắc kỳ thấy thùng mì vẫn húp,Trung lập,False,,
cmt_showbiz_016_0041,showbiz_016,viết cái bài thể hiện độ ngu,Cà khịa,False,,
cmt_showbiz_008_0350,showbiz_008,Thật là quá đáng. Thương em.,Trung lập,False,,
cmt_showbiz021_0001_r13,showbiz_021,Em đươc phong thứ hai.em làm 2 mũi bằng nguòi ta làm cả tháng.em thấy ngon em chuyển sang làm chủ lò.có tí thứ 2 mà kiếm tốt tiền quá.,Cà khịa,False,,
cmt_showbiz012_0005_r12,showbiz_012,Ngo Dinh Ky chuẩn b,,True,,
cmt_showbiz008_0001_r07,showbiz_008,Nguyễn Hà Anh  t nữa =)))))),,True,,
cmt_showbiz_007_0079,showbiz_007,Nguyễn Tú NDP phiên bản VN nè :)) ,,True,,
cmt_showbiz_020_2869,showbiz_020,Ngân Milano,,True,,
cmt_showbiz008_0036_r10,showbiz_008,Khanh Nguyen à ra là Rách là 💩 😂😂😂,,True,,
cmt_showbiz_020_2748,showbiz_020,Nguyệt Ánh,,True,,
cmt_showbiz020_2830_r06,showbiz_020,"Lê Diệu Anh Nó ăn tiền bẩn của thiên hạ đi làm từ thiện, thế mà cũng cảm ơn nữa hả 😗😗😗",Trung lập,False,,
cmt_showbiz_044_0006,showbiz_034,Tịch thu đưa vào làm đường giao thông cho dân đi lại cho đỡ khổ .,Cà khịa,False,,
cmt_showbiz_044_2130,showbiz_034,"Thiên đường có lối k đi
Địa ngục k lối lại tử mở lối đi vào",Trung lập,False,,
cmt_showbiz_043_0208,showbiz_033,được đi tò sướng chứ sao.ước mơ của chị ấy đấy.cuối cùng cũng đã làm được.chỉ biết chúc mừng chị,Trung lập,False,,
cmt_showbiz_044_1614,showbiz_034,"Dây treo nhãn mác, tem nhãn, tag quần áo Phúc Gia thật vậy đưa...",,True,,
cmt_showbiz_018_0376,showbiz_018,Bạn tôi nếu thấy được thì chúc bạn hạnh phúc 😁,Trung lập,False,,
cmt_showbiz_044_1336,showbiz_034,"Bỏ vợ lấy hàng, đen lắm bảo rồi éo nghe",Trung lập,False,,
cmt_showbiz_024_0299,showbiz_024,Bbbx,Trung lập,False,,
cmt_showbiz_004_0035,showbiz_004,Tụi nó vỗ cho béo rồi THỊT Ngân 98,Cà khịa,False,,
cmt_showbiz_012_0131,showbiz_012,Con này đóng phim gì nhỉ,,True,,
cmt_showbiz_034_2070_r32,showbiz_034,Duy Son Nguyen s biết là k khổ cực z bạn,,True,,
cmt_showbiz_033_1484_r01,showbiz_033,Bão Beerus kệ mẹ chị gái tao,,True,,
cmt_showbiz_007_0170,showbiz_007,Thôi m im mẹ mồm đi cho ngta yên. Hay lâu lâu thèm uốn lượn với thằng jack à,Trung lập,False,,
cmt_showbiz_009_0311,showbiz_009,Nhân viên nhưng mà là nhân viên karaoke🥲,Trung lập,False,,
cmt_showbiz008_0010_r03,showbiz_008,"Ba Kiệt gg có tính phí đâu, khổ đã vô văn hóa r còn ngu k biết search gg ak. idol đã đần, fan lại còn ngu. haizz",Trung lập,False,,
cmt_showbiz_043_1625,showbiz_033,Tươi vc,Trung lập,False,,
cmt_showbiz030_0005_r19,showbiz_030,Mai Hoài Bảo ăn ngang nói ngược,,True,,
cmt_showbiz_033_1947_r10,showbiz_033,Phạm Nga ngta chốn thuế thôi mà,,True,,
cmt_showbiz_020_1977,showbiz_020,Thiện Nguyễn,,True,,
cmt_showbiz_034_2079_r01,showbiz_034,Thanh Trần vào cdg? Mõm mới bị bắt,,True,,
cmt_showbiz_011_0244,showbiz_011,"Làm ko dám nhận ta. Còn thề nữa, lời nói gió bay :v",Cà khịa,False,,
cmt_showbiz_013_0162,showbiz_013,@nt hóng,,True,,
cmt_showbiz018_0050_r03,showbiz_018,Long Hải Chí mạng 🤣,Cà khịa,False,,
cmt_showbiz022_0016_r03,showbiz_022,Nguyễn Thu Ánh bấm nút,,True,,
cmt_showbiz_033_0001_r184,showbiz_033,Vương Hồng Motor cơ mà ngta có tiền. Còn mình thì ko có .vào đấy để chôn à  .mà ra tù xoá án tích đc mà 😂😂😂,Cà khịa,False,,
cmt_showbiz_020_3351,showbiz_020,Đức thọ. Thọ đức,Trung lập,False,,
cmt_showbiz016_0005_r03,showbiz_016,Ten Ten ok ộ i i,,True,,
cmt_showbiz_007_0324,showbiz_007,Quốc Dũng đỉnh kao gagai :))),,True,,
cmt_showbiz_033_0003_r40,showbiz_033,Mai Lê vâng cũng mong sau khi trở về bạn ý tiếp tục con đường cứu người ah,Trung lập,False,,
cmt_showbiz_018_0116,showbiz_018,Hay nói đạo lý ty mà là ty của ngkhac còn của mình thì ko giữ được,Cà khịa,False,,
cmt_showbiz_008_0006,showbiz_008,phải cấm nó luôn ấy chứ :) sự tồn tại của thằng này cũng trái với thuần phong mỹ tục r,Trung lập,False,,
cmt_showbiz_011_0208,showbiz_011,Nghiệp tới mấy đứa thanh cao hay chê ngta 🤣,Cà khịa,False,,
cmt_showbiz_013_0106,showbiz_013,Đám này là bọn lừa đảo có tổ chức,Trung lập,False,,
cmt_showbiz_012_0015,showbiz_012,"Toàn hàng nóng zubu zô nhập kho, thôi xong phim :)) của thiên trả địa",Cà khịa,False,,
cmt_showbiz019_0025_r18,showbiz_019,Nguyễn Sin cái này đúng,,True,,
cmt_showbiz_011_0064,showbiz_011,"Lệch chuẩn xa rời giá trị đạo đức, văn hoá Việt cần tẩy chay lên án !",Phẫn nộ,False,,
cmt_showbiz020_2152_r05,showbiz_020,NInh ĐĂng mĩ phẩm toàn kem trộn nữa haha mấy bà ở quê rồng rắn kéo nhau ra đó khen lấy khen để 🤪,Trung lập,False,,
cmt_showbiz021_0038_r02,showbiz_021,Dương Đắc Khang tháng e phải đi 5 lần mới hết 🤣,Cà khịa,False,,
cmt_showbiz007_0036_r04,showbiz_007,"Nguyễn Đăng Bình  sau vụ này thì thằng nhỏ không ngóc được lên đâu, làm gì còn tâm trí mà dùng 😂",Trung lập,False,,
cmt_showbiz_033_1940_r370,showbiz_033,Tuyền Văn Hóa do tối qua ko xem vtv1,,True,,
cmt_showbiz_034_2068_r143,showbiz_034,Trang Xinh tốt mà vì tranh thêm tí tài sản lại um xùm lên mặt báo 😜😜,Trung lập,False,,
cmt_showbiz_020_1304,showbiz_020,Tín dừng mà không kịp,Trung lập,False,,
cmt_showbiz_005_0034,showbiz_005,Thanh Thư lên xe,,True,,
cmt_showbiz_044_0044,showbiz_034,Giàu trên mồ hôi xương máu của người khác,Phẫn nộ,False,,
cmt_showbiz_020_2287,showbiz_020,Trương Ánh Trăng Thơ,,True,,
cmt_showbiz_011_0214,showbiz_011,Ng Hiếu đã có ng cứu jack,,True,,
cmt_showbiz_020_0386,showbiz_020,Bà mua gì mà bị dính!,Trung lập,False,,
cmt_showbiz_008_0013,showbiz_008,Thoi nghĩ hát dùm t lum cái,Trung lập,False,,
cmt_showbiz_043_1493,showbiz_033,Nhìn mặt kiểu trêu ngươi thật 🙂,Trung lập,False,,
cmt_showbiz013_0021_r05,showbiz_013,Nguyễn Ngọc Ngân cao nhưng 2 tháng chi 16 tỏi thì cao thật chả biết sang đấy sk có đủ điều kiện phẫu thuật k nữa,Trung lập,False,,
cmt_showbiz_018_0034,showbiz_018,Iu nhau 10 năm xong làm cái đám cưới làm to vch mà h ly hôn là shao 💔,Đồng cảm,False,,
cmt_showbiz_034_0036_r12,showbiz_034,Ha Tuan,,True,,
cmt_showbiz004_0036_r01,showbiz_004,"Nguyễn Dũng bắt lâu gì , phải béo mới thịt được  bạn ơi , bắt sớm có nhiu thịt đâu",Cà khịa,False,,
cmt_showbiz011_0014_r02,showbiz_011,"Quang Nguyen nói kiểu gì, cứ 3 cô nói thì sẽ có ng tặng quà bật nhạc ầm ầm, đố mà nói đc ahihi",Cà khịa,False,,
cmt_showbiz009_0047_r15,showbiz_009,Nguyễn Trang xem rap battle thì biết b ưi.,,True,,
cmt_showbiz_034_0036_r09,showbiz_034,Phượng Phạm ôi có ai biết mình sẽ vào tù trong tương lai luôn hả bạn 😜,Cà khịa,False,,
cmt_showbiz_004_0122,showbiz_004,"Rồi đám nghệ sĩ Hồng v, Huyen L bán thuốc giả sữa giả",Cà khịa,False,,
cmt_showbiz_020_1961,showbiz_020,Nguyễn Bích Trâm,,True,,
cmt_showbiz_033_1955_r12,showbiz_033,Lệ Quyên Tuấn Kiệt nó trốn vài trăm tỷ nó xì ra vài tỉ để đánh bóng tên tuổi rồi lại trốn dc nhiều hơn chứ nó tốt đẹp bỏ tiền nhà nó ra đâu mà uh nó dữ vậy,Trung lập,False,,
cmt_showbiz_044_0061,showbiz_034,Tiền lừa đào của thiên thì chả cho địa,Phẫn nộ,False,,
cmt_showbiz_032_0102,showbiz_032,Có vài ngày mà thấy mấy hoa hậu đăng quang 🤣🤣🤣,Trung lập,False,,
cmt_showbiz016_0004_r06,showbiz_016,Quang Vũ bố tổ sư thằng thần kinh :))),,True,,
cmt_showbiz_034_0009_r07,showbiz_034,"Hrung Bya bọn nó vào tù là đúng, nhưng không có nghĩa vụ phải chia cho bọn lười làm ham nhậu đợi người ta bố thí cho",Phẫn nộ,False,,
cmt_showbiz009_0038_r10,showbiz_009,Vo Thanh Tien My My,,True,,
cmt_showbiz021_0003_r09,showbiz_021,Sơn Sumy bác đọc lại xem. E thấy nó viết giá bán mà,Trung lập,False,,
cmt_showbiz_020_2001,showbiz_020,Vũ Quỳnh,,True,,
cmt_showbiz_004_0195,showbiz_004,Cứ như truyện cổ tích ấy. Chằng hiểu sao bao nhiêu việc tày trời như vậy mãi bây h mới bị sờ tới! Thật sự  k hiểu!,Phẫn nộ,False,,
cmt_showbiz_033_1933_r01,showbiz_033,Trangg Thảo  chắc có tiền dư để chạy án,,True,,
cmt_showbiz007_0005_r26,showbiz_007,Xanh Dương nói j cũng tin à,,True,,
cmt_showbiz006_0030_r23,showbiz_006,Phương Nguyễn nuôi con nhiều vất vả thật,,True,,
cmt_showbiz_044_1343,showbiz_034,"thằng cha này phát ngôn lung tung, ko có chiều sâu, nhìn mặt thì đúng đéo ưa dc 😂",Trung lập,False,,
cmt_showbiz018_0042_r09,showbiz_018,"Tư Đồ Mạt ôi dời đánh giá vẻ ngoài thì chủ quan lắm. Trươsc khi lão hoài linh ngậm 14 tỷ có ai chê ko? Trước khi mẹ bắp chơi cha MTQ có ai chê ko? Lúc phan anh, thủy tiên công vinh kêu từ thiện có ai chê ko? Nhưng vẫn úp bô đồng báo đó thôi? Bạn nhìn mặt người ta mà đánh giá, thì nó quá phiến diện",Cà khịa,False,,
cmt_showbiz007_0027_r03,showbiz_007,"Nhật Nam khùng quá cha, giờ tui có bầu báo cho bạn trai, cái nó kêu đi xét nghiệm là tui tiễn vong luôn ờ mà xét nghiệm",Trung lập,False,,
cmt_showbiz_020_3401,showbiz_020,Chơi với mấy người mệt ghê??,Trung lập,False,,
cmt_showbiz020_1520_r09,showbiz_020,"Hồ Tuấn 300 lượng vàng tương đương 10kg, chỗ kia 1 chồng chắc 10kg rồi. Không AI thì là cái gì",Cà khịa,False,,
cmt_showbiz_020_1731,showbiz_020,Ơ kìa,,True,,
cmt_showbiz020_0004_r24,showbiz_020,Lào Lê họ làm thẩm Mỹ 25 năm.nếu ko co tư Duy họ ko tồn tại đc.ko phải ai muon làm là làm đc đâu bác ạ.nhưng sai phạm thì phải xử lý thoi,Trung lập,False,,
cmt_showbiz_012_0007,showbiz_012,"Càng bắt nhiều tội phạm nhà nước càng có nhiều tiền. Dân thì vẫn nghèo, tiền mất thì xem như...cúng dường.",Phẫn nộ,False,,
cmt_showbiz011_0027_r06,showbiz_011,Cổ Ngọc Jack n sai n Im còn đỡ bực chứ thằng này n lải nhải nhiều quá tý Ngọc kem live hóng tiếp đi b,Phẫn nộ,False,,
cmt_showbiz_009_0110,showbiz_009,Thằng Thịnh chắc sống cũng ko ra gì :v,,True,,
cmt_showbiz_004_0047,showbiz_004,Buôn bán hàng giả thực phẩm chức năng khác gì đầu độc giết người hàng loạt nên tù chung thân.,Phẫn nộ,False,,
cmt_showbiz_033_0001_r12,showbiz_033,Nguyễn Việt Tùng ngày tù ngàn thu ở ngoài kể cả có sướng 🤣,Cà khịa,False,,
cmt_showbiz_008_0225,showbiz_008,"Trong này thế nào cũng văn “ủng hộ em,em là ca sỹ tử tế”,ý là vụ Lightstick còn chưa xong đâu,mấy con giời ạ 🤭Chưa gì tôn như thánh rồi :)))",Trung lập,False,,
cmt_showbiz004_0004_r30,showbiz_004,"Phan Thanh : bạn không mua của nó nên bạn không cay đấy, chứ phải chứng kiến người thân mua đồ của nó xong ốm đau bệnh tật mới cay. Giờ kêu thuốc giảm cân nào chả độc thì sao lúc bán nó không cảnh báo luôn vậy đi. Ai chịu thì mua. Kêu ""an toàn lắm, yên tâm đi"" chả lừa người thì là gì? Giờ còn không nhận sai mà còn ngoạc mồn cãi cố.",Phẫn nộ,False,,
cmt_showbiz020_1021_r03,showbiz_020,Nguyễn Quảng cũng đoán ra à,,True,,
cmt_showbiz_017_0021,showbiz_017,,,True,,
cmt_showbiz008_0015_r02,showbiz_008,Đàn Nguyễn chuẩn b oi,,True,,
cmt_showbiz_012_0071,showbiz_012,Khó,,True,,
cmt_showbiz_033_1571_r06,showbiz_033,Phạm Hương vụ này mà troll được thì nể lắm em ạ,Trung lập,False,,
cmt_showbiz_033_0001_r83,showbiz_033,Nguyễn Việt Tùng chắc bác đi tù rồi nên biết rõ thế,,True,,
cmt_showbiz_007_0351,showbiz_007,Nguyễn Vân sụp đổ thần tượng chưa.. 😆,,True,,
cmt_showbiz_033_2007_r12,showbiz_033,Đình Hải Mềnh cũng méo biết con gà này 🤣🤣 Cơ bản mềnh có bao giờ xem ba cái livestream này đâu mà biết 😆😆,Trung lập,False,,
cmt_showbiz_011_0254,showbiz_011,Thề chuẩn quá còn gì. Thề ứng là thật nhá 🤭,Ủng hộ,False,,
cmt_showbiz_044_1420,showbiz_034,Hoan hỷ lùa gà...,Trung lập,False,,
cmt_showbiz_020_3781,showbiz_020,Rảnh quá,Trung lập,False,,
cmt_showbiz_001_0006,showbiz_001,ối giồi ôi trình là gì,,True,,
cmt_showbiz_012_0018,showbiz_012,"Ông kia chắc bồ lun ấy chứ, tiền mất đâu tiếc",Cà khịa,False,,
cmt_showbiz018_0044_r14,showbiz_018,"Phy Ngn-Phn thấy bồ đổ đồ ăn nóng, thay vì nói sau lần này chắc tôi sẽ cố gắng làm công việc này thi ảnh kêu ""chắc lần tới hỏi em có nóng ko"" clm 🥰🥰🥰 ảnh tự biết nói ảnh tồi mà lần sau ảnh vẫn ko làm, chỉ hỏi cổ coi cổ nóng ko, hay ghê 🥰🥰",Cà khịa,False,,
cmt_showbiz_009_0022,showbiz_009,Sống như hạch xong chia tay y như rằng nó đóng vai tình nghĩa với nhận hết lỗi về phần nó! Ko suy nghĩ ra được kịch bản khác hả,Phẫn nộ,False,,
cmt_showbiz_010_0092,showbiz_010,Đầu trâu mặt ngựa,Trung lập,False,,
cmt_showbiz_034_0850_r02,showbiz_034,Trần Thị Đài Trang muốn là số 1 cơ,,True,,
cmt_showbiz004_0003_r04,showbiz_004,"Hoàng Minh Luân 🔥'CAM của mấy Chú CA đỉnh. Tí thì k nhận ra N98 Iuôn á 😂 Iời khaii của N98 đâyy nè.. semm bênn ➡️  Hóng Hớt Đường Phố

😅",Cà khịa,False,,
cmt_showbiz021_0036_r01,showbiz_021,Lương Thuỳ Dung phát ngôn đỉnh hơn mình,,True,,
cmt_showbiz_012_0002,showbiz_012,Đồng tiền xương máu phần 2 🥶🥶,Cà khịa,False,,
cmt_showbiz019_0093_r03,showbiz_019,Ha Thu Tran chuẩn,,True,,
cmt_showbiz_033_2008_r01,showbiz_033,Thu Huong Doi nói luôn nó kiếm dc món của dân thì nó tùe thiện chút tí cungz thường mà,Trung lập,False,,
cmt_showbiz019_0011_r05,showbiz_019,"Dương Quá thế mới là bọn u mê, thằng linh này nó tính toan hết rồi vừa đc ăn vừa đc tiếng",Cà khịa,False,,
cmt_showbiz009_0005_r27,showbiz_009,Oanh Nguyễn đỉnk keo chưa,,True,,
cmt_showbiz_044_2435,showbiz_034,Nhìn mặt k có hậu chết là phải rồi,Trung lập,False,,
cmt_showbiz_021_0229,showbiz_021,Chân dài cám dỗ,Trung lập,False,,
cmt_showbiz011_0047_r03,showbiz_011,"Hoàng Thêm giỏi là thiệt mà m, tư duy đỉnh mới thao túng tâm lý đc quá trời con gái theo nz chứ m 🤣 đa tài kèm nhiều tật đó",Cà khịa,False,,
cmt_showbiz_023_0170,showbiz_023,Tracy Nguyen,,True,,
cmt_showbiz_020_2219,showbiz_020,Thuy Duong Vo,,True,,
cmt_showbiz_020_0729,showbiz_020,Ge vay a,Trung lập,False,,
cmt_showbiz018_0035_r01,showbiz_018,Thuỳ Linh lý thuyết thì hay nhưng thực hành k làm đc,Cà khịa,False,,
cmt_showbiz_016_0044,showbiz_016,"t bt ôg này qua drama =)), hồi trc cs bt, cx xem stream, nhm t thấy sao sao ấy, k dám nói vì sợ bị tụi nó tố cáo bay acc :)",Cà khịa,False,,
cmt_showbiz_033_1940_r492,showbiz_033,Thanh Xuân,,True,,
cmt_showbiz_034_0910_r02,showbiz_034,"Thúy Diễm chị hiểu rồi, mới đọc, ko phải, bên mảng khác, ko đầu tư",Trung lập,False,,
cmt_showbiz020_1244_r03,showbiz_020,Tâm Đinh tăng Mông em ơi! Giờ Mông má ko thấy luôn hihi,Trung lập,False,,
cmt_showbiz_034_2068_r62,showbiz_034,Theo dõi từ lâu là đằng khác .cái bọn bán hàng onl còn bao nhiêu lâu mới bắt vì điều tra .bằng chứng các thứ.chứ ai đi bắt linh tinh đâu .khi đã bắt là không thoát dc rồi.bước cuối cùng rồi,Trung lập,False,,
cmt_showbiz011_0025_r01,showbiz_011,"Nguyễn Hoàng Minh sau drama ảnh chả mất gì, chỉ mất dạyyyyy 🤞",Cà khịa,False,,
cmt_showbiz_033_1940_r414,showbiz_033,Nguyễn Xuân Chính sủa ít thôi mồm l,,True,,
cmt_showbiz004_0002_r24,showbiz_004,Nguyễn Bìnhh,,True,,
cmt_showbiz_007_0306,showbiz_007,Mai Ahh Quynh Anh Le ,,True,,
cmt_showbiz_043_0415,showbiz_033,Trốn thuế thì nộp phạt. Thêm quả quảng cáo rộng dãi…tiền nó nhiều nó chả cười,,True,,
cmt_showbiz_044_1660,showbiz_034,Giàu bất nhân,Trung lập,False,,
cmt_showbiz020_2850_r01,showbiz_020,Chi Tran ha ha.,,True,,
cmt_showbiz004_0005_r09,showbiz_004,"Phòng, chống ma túy - Công an TP. Hồ Chí Minh không chừng bên nhóm đó cán bộ nằm vùng nhiều hơn dân ấy chứ",Cà khịa,False,,
cmt_showbiz_043_1599,showbiz_033,Mẫu rất tự tin khi đứng trước camera,Trung lập,False,,
cmt_showbiz_020_1286,showbiz_020,đang lùm xùm sao giải thể được nhỉ,Trung lập,False,,
cmt_showbiz_020_0195,showbiz_020,"Bức ảnh màu nè quá 
Không biết trong cái phong bì kia có bao nhiêu.",Trung lập,False,,
cmt_showbiz_021_0030,showbiz_021,Á khôi mà 6 củ thì là rẻ đúng k mn =)),Cà khịa,False,,
cmt_showbiz_020_1238,showbiz_020,Ghé mình xem thêm,Trung lập,False,,
cmt_showbiz_033_0008_r03,showbiz_033,Lê Nguyên tại sao người ta coi thường pháp luật?,Trung lập,False,,
cmt_showbiz009_0025_r04,showbiz_009,Vi Tran nhỉ. lúc ý cũm thấy hơi sĩ 🤡,Cà khịa,False,,
cmt_showbiz_043_1080,showbiz_033,Đồ bà độn hết rồi lõm tí nào bà đền tí ấy,Trung lập,False,,
cmt_showbiz020_1543_r12,showbiz_020,Trung Hải,,True,,
cmt_showbiz_020_2051,showbiz_020,Thiên Kim,,True,,
cmt_showbiz_023_0106,showbiz_023,Bé này là con nuôi ở làng nụ nhá,Trung lập,False,,
cmt_showbiz021_0038_r04,showbiz_021,Dương Đắc Khang a cứ nói phét như e là được mà 😁,Cà khịa,False,,
cmt_showbiz016_0028_r16,showbiz_016,"Trần Thanh An use""🐧"" in big 25🥀🥀💔💔",,True,,
cmt_showbiz_020_2853,showbiz_020,Bản Ngãn,,True,,
cmt_showbiz009_0034_r05,showbiz_009,Thực Hồ =)) tôi còn ngóng xem đôi này đc bao lâu nma k ngờ nhanh v,,True,,
cmt_showbiz_020_1554,showbiz_020,Nó vẫn lên tóp tóp to mồm lắm,Trung lập,False,,
cmt_showbiz_043_1834,showbiz_033,Vẫn chè tươi lắm,Trung lập,False,,
cmt_showbiz019_0023_r03,showbiz_019,Phạm Quỳnh Trang đến chịu bọn này,Trung lập,False,,
cmt_showbiz032_0006_r01,showbiz_032,An Pham quế anh so ra dốt thôi chứ nhan sắc đẹp hơn gấp 10 lần bà này,Trung lập,False,,
cmt_showbiz018_0024_r05,showbiz_018,"Minh Đức mình đang tìm hiểu về tâm lý học và sau khi đọc bài viết của chính chủ (nếu ảnh nói đúng 100%) thì anh này bị bệnh tâm lý thật. Bạn đừng đem so sánh mức độ tồi tệ của căn bệnh cơ thể và căn bệnh tâm lý, 2 cái nó là 2 con đường, nó sẽ có những nỗi đau riêng biệt KO GIỐNG NHAU, điểm kết hội tụ của 2 con đường là cuộc sống có thể sẽ bị chấm dứt. Một người bệnh ung thư giai đoạn cuối chưa chắc đã đau khổ bằng 1 người khỏe mạnh mắc bệnh trầm cảm, có khi cái người trầm cảm chọn ra đi sớm hơn người mắc bệnh luôn á. Đừng xem nhẹ bệnh tâm lý bạn ơi! Hậu quả của nó ko ai lường đc đâu. Khỏe ở tinh thần, bệnh ở cơ thể thì có thể chữa được; còn khỏe ở cơ thể, bệnh ở tinh thần thì hầu như 1 thời gian sau tinh thần sẽ làm cơ thể suy sụp luôn.",Trung lập,False,,
cmt_showbiz007_0035_r01,showbiz_007,Hoài An thấy mặt con này đúng kiểu nham hiểm...,Trung lập,False,,
cmt_showbiz_030_0245,showbiz_030,Kệ mẹ e,Trung lập,False,,
cmt_showbiz018_0049_r03,showbiz_018,Minh Anh t cũng k ưa 2 mẹ này mà trường t mướn về làm workshop hoài đm,Trung lập,False,,
cmt_showbiz018_0010_r02,showbiz_018,Billy Tran Đàn ông 50 tuổi còn lấy vợ được đàn bà 50 tuổi có ma nó thèm 😪,Cà khịa,False,,
cmt_showbiz_006_0060,showbiz_006,Lan Anh,,True,,
cmt_showbiz007_0046_r04,showbiz_007,Đường Tam Tạng Đúng là đang tu cũng phải bật dậy,,True,,
cmt_showbiz_030_0220,showbiz_030,Huỳnh Sương,,True,,
cmt_showbiz_033_0058_r30,showbiz_033,Nguyễn Quý giúp concac đmm,,True,,
cmt_showbiz004_0015_r08,showbiz_004,"Phạm Công Hậu kkk k nha, mình yêu nước yêu điều đúng đắn",,True,,
cmt_showbiz_011_0225,showbiz_011,đổi mục tiêu jack sang vi rút,Cà khịa,False,,
cmt_showbiz025_0004_r05,showbiz_025,Lê Sơn lại có thằng đàn bà rồi,,True,,
cmt_showbiz009_0005_r07,showbiz_009,Trần Quốc Việt gọi chatgpt bằng cụ,Trung lập,False,,
cmt_showbiz020_0001_r08,showbiz_020,Tham hay đi thâm cực chuẩn NAM MO A DI ĐA PHẬT,Trung lập,False,,
cmt_showbiz020_1520_r08,showbiz_020,Tùng Hoàng sổ đỏ như cái nhà v kkk,,True,,
cmt_showbiz_033_1940_r448,showbiz_033,"Tuyền Văn Hóa con chó cái HH này nó còn phát ngôn gọi cái ổ Thanh Hoá, nó về về đất Thanh Hoá chắc kg còn cái răng mà đớp",Trung lập,False,,
cmt_showbiz_012_0013,showbiz_012,Dính vào đồng tiền xương máu thì làm sao mà giã từ dĩ vãng được 😁,Cà khịa,False,,
cmt_showbiz007_0005_r03,showbiz_007,"Xanh Dương kế hoạch cái loz, vào xem bài mới đi",Trung lập,False,,
cmt_showbiz_020_2270,showbiz_020,Kim Ngân,,True,,
cmt_showbiz018_0005_r03,showbiz_018,"Hii Truynh gr bị anh chị ẩn hay khoá gì rồi á bạn (cũng lâu rồi), chỉ có là thành viên gr thì mới tìm ra được thôi á",Trung lập,False,,
cmt_showbiz011_0040_r09,showbiz_011,"Mei Hario Trước khi bị bóc vỏ bọc của nó rất hào nhoáng, nó có ba cái là giàu có, sự nghiệp và cái mồm. Ba điểm này ở trên người ông nào cũng dễ khiến con gái chú ý. Mà điểm chí mạng nhất là cái mồm dẻo quẹo của nó. Xem nó live, reaction từ trước đã thấy nó thao túng rất giỏi luôn, ko tỉnh táo dễ bị cuốn theo ý kiến của nó :) Thêm một cái nữa là phải xem xem là nó quen mấy cô bé kia ở thời điểm nào nữa. Khoảng cách tuổi tác như thế thì cáo non cũng ko so được với sói già.",Phẫn nộ,False,,
cmt_showbiz023_0003_r07,showbiz_023,Hoa Nguyen sặc mùi ghen tị 😂,Trung lập,False,,
cmt_showbiz_020_2502,showbiz_020,Nặn mụn đau ái trong quần xong bắn tia đồ nè:))Thảo Phạm,Trung lập,False,,
cmt_showbiz009_0034_r03,showbiz_009,Phan Hiếu dmm nha Khánh Linh,Phẫn nộ,False,,
cmt_showbiz_044_1902,showbiz_034,"Mong rằng #C03 báo cáo bác #tôlâm để điều tra, xử lý nghiêm những con sâu mọt trong XH và lũ tổng tài fake này để thu hồi, trả tài sản cho người bị hại và xung ngân ngân sách nhà nước.",Trung lập,False,,
cmt_showbiz020_2408_r03,showbiz_020,Nguyễn Thuật ohh,,True,,
cmt_showbiz020_0002_r04,showbiz_020,"Hoa Thủy cô cũng thử tắt app xem đi cô , 🫰 ngta buôn lậu chứ liên quan gì tới khuôn mặt đâu mà cô đánh giá ngta z cô",Trung lập,False,,
cmt_showbiz_004_0045,showbiz_004,"￼Khổ thân kiếm tiền bất chấp, em nợ sức khoẻ của biết bao nhiêu người nhẹ dạ dùng sản phẩm của rm",Đồng cảm,False,,
cmt_showbiz_012_0012,showbiz_012,Năm nay cs kinh tế làm ăn bận rộn &  dự báo danh sách đen còn dài dài,Trung lập,False,,
cmt_showbiz_033_1940_r447,showbiz_033,Tuyền Văn Hóa Trương Kiểu,,True,,
cmt_showbiz_033_0001_r207,showbiz_033,"Nguyễn Việt Tùng Nó cũng đẩy cả mớ tiền ra nước ngoài r, con cháu cũng húp ké cả mớ r thì k tươi sao đc, b nghĩ xem thuế 5 năm 2 nghìn tỉ thì doanh thu bao nhiêu kk",Cà khịa,False,,
cmt_showbiz_033_1973_r10,showbiz_033,Hồ Thủy bỏ thôi cô ơi hàng kém chất lượng.,Trung lập,False,,
cmt_showbiz023_0004_r13,showbiz_023,Lục Tới ý là hàng xóm biết chuyện tình cổ tích này từ lâu rồi hả bạn?,Trung lập,False,,
cmt_showbiz_033_1940_r374,showbiz_033,"Trâm Lê 
Quá chuẩn",,True,,
cmt_showbiz_011_0003,showbiz_011,"Viruss thèm để Emma vào mắt ấy, ở đấy mà từng rất quan trọng, ""ca sĩ Hàn Quốc thì thôi"".",Cà khịa,False,,
cmt_showbiz_044_0802,showbiz_034,Hồng hài nhi bắt nhầm long mạch rồi.,Trung lập,False,,
cmt_showbiz_033_0001_r31,showbiz_033,Nguyễn Việt Tùng gái thì thiếu dưa chuột còn trai thì thông lỗ ẻ 😂😂,Cà khịa,False,,
cmt_showbiz_007_0081,showbiz_007,,,True,,
cmt_showbiz006_0027_r03,showbiz_006,Thảo Phương cả vn phát sáng,,True,,
cmt_showbiz_033_1975_r08,showbiz_033,Dũng Trần mày k có não hay mày dc ăn phải câu của nó,Trung lập,False,,
cmt_showbiz_012_0036,showbiz_012,"Thích chị 1 thôi, nữ diễn viên vào vai rất chuyen nghiệp",Ủng hộ,False,,
cmt_showbiz_020_0505,showbiz_020,Số này đọc là 2triệu bảy trăm ngàn triệu nhak :)),Trung lập,False,,
cmt_showbiz_020_1729,showbiz_020,Lên :)),,True,,
cmt_showbiz018_0045_r19,showbiz_018,Sương Trà mỗi cmt này coi được,,True,,
cmt_showbiz_020_0013,showbiz_020,Giờ thì đúng là  Mailisa chính hiệu không dùng áp.,Trung lập,False,,
cmt_showbiz008_0036_r04,showbiz_008,Hương Ly năm số9 vẫn đang chạy =)))),Trung lập,False,,
cmt_showbiz_044_0663,showbiz_034,Vi cá mập này ko biết có ngon ko ta,Trung lập,False,,
cmt_showbiz_044_0877,showbiz_034,Đúng là doang nhân,Trung lập,False,,
cmt_showbiz020_1024_r01,showbiz_020,Minh Hiếu công nhận giỏi thật,,True,,
cmt_showbiz019_0004_r06,showbiz_019,"Ly Đặng à thì đang nói sai lầm là do bản chứ do ai em ơi, chọn bạn mà chơi chọn người mà hợp tác chứ có đổ lỗi cho 2 ông bà kia đâu",Trung lập,False,,
cmt_showbiz022_0007_r34,showbiz_022,Vũ Trang cứ để cơ quan chức năng ngta lên tiếng. Chứ cầm đền trước mũi oto rồi lại ko khác gì con bò bị buộc mũi thích dắt thế nào thì dắt,Trung lập,False,,
cmt_showbiz004_0001_r10,showbiz_004,J.ul ngta bị lừa mua uống ảnh hưởng sức khoẻ giờ con bị chúng nó chưởi cạn lời,Phẫn nộ,False,,
cmt_showbiz011_0048_r07,showbiz_011,Hằng Thu :)) 1 chín 1 mười hơn ai đ đâu,Cà khịa,False,,
cmt_showbiz_017_0093,showbiz_017,https://nbtv.vn/chu-tai-khoan-mang-xa-hoi-tiktok-gia-dinh-hai-sen-bi-khoi-to-ve-toi-buon-ban-hang-gia-la-thuc-pham-92604.html,,True,,
cmt_showbiz020_3234_r01,showbiz_020,Le Hoang Yen đúng,,True,,
cmt_showbiz_020_3057,showbiz_020,Cái này mà cũng sân si được,Trung lập,False,,
cmt_showbiz007_0048_r01,showbiz_007,Project Runway Vietnam chị Phương,Trung lập,False,,
cmt_showbiz011_0028_r04,showbiz_011,Nguyễn Vân Quỳnh với lại họp báo chắc sợ mng ném trứng lỏ đầu nó qá :))),Cà khịa,False,,
cmt_showbiz019_0006_r01,showbiz_019,Nam Phan không  nên  bao  che  đã  nhận không  kháng  cáo  khiếu nại  thì  đã  cúi đầu  nhận tội,Trung lập,False,,
cmt_showbiz_034_1090_r28,showbiz_034,Cong Anh Võ  một lần ăn đủ bạn nhỉ,,True,,
cmt_showbiz_020_1561,showbiz_020,Giờ chỉ còn là cái tên và hàng ngàn nghìn gói dịch vụ đang bỏ dở,Trung lập,False,,
cmt_showbiz_020_2648,showbiz_020,"khakha, thay đổi mày sơn chiếc xe máy hay thay đổi kết cấu còn phai đăng ký và xin phép. Đằng này thay đổi ngoại hình, màu sắc, cấu tạo người mà không xin phép là xong rồi.",Trung lập,False,,
cmt_showbiz_020_1671,showbiz_020,Tẹt Khánh,,True,,
cmt_showbiz019_0002_r25,showbiz_019,Bí Mật Showbiz nó đăng QC v thôi chắc gì bản thân nó dám ăn :)),Cà khịa,False,,
cmt_showbiz_044_2012,showbiz_034,Jer Vo,,True,,
cmt_showbiz015_0010_r01,showbiz_015,"Đoàn Dự Gas nó hại ai, kể nghe cái🙂",Trung lập,False,,
cmt_showbiz_004_0207,showbiz_004,"Bắt hết bọn gian lận này cho xh bớt loạn,dân lành đỡ bị chúng hại",Phẫn nộ,False,,
cmt_showbiz021_0001_r08,showbiz_021,Trương Thị Ngọc vcl🤣,,True,,
cmt_showbiz_020_0728,showbiz_020,Hơn bán ma túy,Trung lập,False,,
cmt_showbiz_018_0155,showbiz_018,hình mẫu của t là Lý Hải Minh Hà,Trung lập,False,,
cmt_showbiz011_0030_r02,showbiz_011,Đỗ Văn Việt thà đừng nói ta nói cái mình i chang😂,Cà khịa,False,,
cmt_showbiz016_0028_r01,showbiz_016,Nguyễn Tiếm Luân tôi sẽ phốt ông vì ông dám thở🫵🏿,Trung lập,False,,
cmt_showbiz_044_1669,showbiz_034,"Dính vào tiền số làm gì , thị trường ảo tung chảo .",Trung lập,False,,
cmt_showbiz_019_0063,showbiz_019,Gớm thật.,Trung lập,False,,
cmt_showbiz024_0013_r06,showbiz_024,"Long Nghien kiểu lướt fb đọc chút cũng vui, chuyện thường ngày vẫn diễn ra có hay ko cũng ko ảnh hưởng lắm.",Trung lập,False,,
cmt_showbiz_034_1092_r12,showbiz_034,"Đức Quýt sác cơ to, quen biết rộng chắc ko sao, kk",Trung lập,False,,
cmt_showbiz_022_0047,showbiz_022,Khuôn mặt hầm hầm với vợ con ghê thế k bít🙃.,Trung lập,False,,
cmt_showbiz_011_0092,showbiz_011,"Bọn TikTok hay tream giờ  tạo ra drama lộ líp x,x,x    Sau thời gian lại được nổi tiếng hơn xưa,  mở kênh bán hàng,  chiêu trò",Phẫn nộ,False,,
cmt_showbiz011_0047_r04,showbiz_011,"Đỗ Lan Anh lại còn “để anh nhắn cuối” , cmn hãm thật",Cà khịa,False,,
cmt_showbiz_044_2173,showbiz_034,Khôn 5 năm dại 1 giờ các cụ nói cấm có sai,Cà khịa,False,,
cmt_showbiz_033_1953_r48,showbiz_033,"Nguyễn Trãi BIẾT NÓ LẤY TIỀN Ở ĐÂU RA KO , NÓ KIẾM HÀNG NGHÌN TỶ . MỖI NĂM NÓ BỎ CHỤC TỶ TỪ THIỆN , TÔN VINH MUA SẢN PHẨM ĐỂU CỦA NÓ :))",Trung lập,False,,
cmt_showbiz004_0005_r19,showbiz_004,Á Tiên cán bộ cũng hóng chứ cán bộ có phải người cầm tay trao lắc bạc đâu :v,Cà khịa,False,,
cmt_showbiz_020_1734,showbiz_020,MiMi Ph nhanh gọn,Cà khịa,False,,
cmt_showbiz020_0136_r11,showbiz_020,Quang Thịnh ngày xưa học tới lớp mấy,,True,,
cmt_showbiz020_0066_r01,showbiz_020,Dũng Văn Võ Huhu,,True,,
cmt_showbiz_044_1998,showbiz_034,.,,True,,
cmt_showbiz004_0008_r05,showbiz_004,Bí Mật Showbiz sao nhiều page chuyên xuyên tạc kích động mà không yêu cầu đóng được nhỉ. Nghe bọn nó lải nhải vụ Ngân 98 này rồi bên dưới comment có một đống hùa theo mà tao tưởng là cơ quan chức năng bắt người tu hành chân chính ấy.,Trung lập,False,,
cmt_showbiz_034_2082_r02,showbiz_034,Son Nguyen quá thành công,,True,,
cmt_showbiz_033_1940_r167,showbiz_033,Chi Mai,,True,,
cmt_showbiz_043_1914,showbiz_033,Phạm Phan Anh,,True,,
cmt_showbiz_043_1781,showbiz_033,Nói chung có bác nào đứng sau ko mà sao anh chị em tươi như hoa,Trung lập,False,,
cmt_showbiz021_0054_r01,showbiz_021,Sơn Em đm tháng tầm 10 lượt là cũng 40-60triệu r. M có mối nào ngon ko cho t theo vs 😞,Cà khịa,False,,
cmt_showbiz_020_1544,showbiz_020,Mai lìa xa :)),Trung lập,False,,
cmt_showbiz019_0215_r01,showbiz_019,Nguyễn Văn Tuấn thất tiên tỉ 🤣,,True,,
cmt_showbiz_008_0115,showbiz_008,Tram Anh chả sao,,True,,
cmt_showbiz_044_1406,showbiz_034,Bảo sao ông nói : không bao giờ hết tiền,Trung lập,False,,
cmt_showbiz_043_1944,showbiz_033,"Đà này hết năm nay KPI mỗi 1m2, 1 tiktoker chắc kịp á :))) 1ca f:I 6 chục, thui",Cà khịa,False,,
cmt_showbiz_020_1589,showbiz_020,Nhìn nước dưa là kiểu rửa tiền xong mẹ rồi,Trung lập,False,,
cmt_showbiz_032_0247,showbiz_032,Thanh Huyền 2k6 nhà người ta,,True,,
cmt_showbiz_033_1960_r01,showbiz_033,Nguyễn Tấn Dũng chấm vào xem thêm đéo xem dc ảo thật,Trung lập,False,,
cmt_showbiz019_0002_r02,showbiz_019,Chờ một cái kết cuối cho ổ nhóm này,Trung lập,False,,
cmt_showbiz020_2149_r04,showbiz_020,Hoa Tươi Phú Nhuận vây mà tuong bạn đúc tho hà tĩnh quê Mailisa,Trung lập,False,,
cmt_showbiz_019_0043,showbiz_019,"Mấy nghìn 1 mớ rau thì ko thích lại mất tiền mua cái đồ ối giời ơi này về hốc, lúc bệnh nó ập đến thì bảo idol nó chi tiền cho mà chữa :)))",Trung lập,False,,
cmt_showbiz_020_1964,showbiz_020,Ngô Hoàng Nam,,True,,
cmt_showbiz_020_2900,showbiz_020,Ko có cái này sẽ tìm ra cái khác muốn tìm ra ko khó nhỉ,Trung lập,False,,
cmt_showbiz_033_1940_r32,showbiz_033,Tuyền Văn Hóa nhìn này là dễ tiền vá tội,,True,,
cmt_showbiz019_0181_r10,showbiz_019,Thảo My,,True,,
cmt_showbiz_044_0016,showbiz_034,Giàu vãi đạn 😂😂,Cà khịa,False,,
cmt_showbiz_033_1953_r69,showbiz_033,Na Le mục đích của HH đã đạt được rồi đấy ạ dùng từ thiện để đánh bóng tên tuổi bán hàng kém chất lượng . mục đích chính chỉ là để rửa tiền thôi cô ơi,Phẫn nộ,False,,
cmt_showbiz009_0005_r34,showbiz_009,Sayo Momo app nào vậy bây ơi,,True,,
cmt_showbiz_043_0251,showbiz_033,Mong chị sớm được về nhà nhé,Trung lập,False,,
cmt_showbiz_044_1533,showbiz_034,Chắc cú không hà. Rất có thể là loại ăn xong muốn gắp lửa bỏ tay người,Trung lập,False,,
cmt_showbiz_009_0075,showbiz_009,,,True,,
cmt_showbiz007_0041_r10,showbiz_007,"Phúc Lâm  cô giáo dạy chữ đất củg lạ ta , chắt chị củg nên học theo e 😂😂",Trung lập,False,,
cmt_showbiz_043_1570,showbiz_033,"Minh Nguyễn bác cường hôm mình nghe, t là t vẫn thích cái con hoàng hường 🤣🤣",Trung lập,False,,
cmt_showbiz013_0033_r05,showbiz_013,Phong Anh Anh trường quốc tế 5tr9 1 tháng🤣,,True,,
cmt_showbiz_044_1542,showbiz_034,"Nếu lọt lưới pháp luật thì phải chịu luật nhân quả , tạo nghiệp thì phải trả nghiệp thui !",Trung lập,False,,
cmt_showbiz_033_1996_r05,showbiz_033,Bùi Trọng Nghĩa Thật không để đi đồn?,,True,,
cmt_showbiz012_0002_r07,showbiz_012,Vũ Công mày đóng thuế theo giá thị trường . khi bị thu hồi xem có đc đền bù theo giá thị trường ko.,Trung lập,False,,
cmt_showbiz018_0027_r09,showbiz_018,"Đinh Văn Khương cũng như cái cmt của t k lq tới ai cũng được người này người kia vào rep đó thôi, luật hấp dẫn mà",Trung lập,False,,
cmt_showbiz019_0008_r10,showbiz_019,"Vân Tít nó cũng k ủng hộ j bên đó đâu, làm clip câu view cho bọn châu phi ăn dc vài món rồi đăng lên youtube kiếm tiền, rồi dc lũ ngu tung hô là từ thiện",Cà khịa,False,,
cmt_showbiz_033_0001_r185,showbiz_033,Nguyễn Việt Tùng Phuoeng Hà2ng có nhỉèu tiền không? Rất nhiều. Thế bà ấy đi nghĩ duỡng sao mà cay lâu thế.,Cà khịa,False,,
cmt_showbiz_033_1940_r441,showbiz_033,"Tuyền Văn Hóa nhưng tôi thấy hoang huong làm toàn việc Rúp người đó chứ kế cả vi phạm hãy không nhưng đã Rúp cho rất nhiều người Việt Nam nhiều đứa rất giàu nhưng cha bảo giờ nó Rúp đc ai cái gì, h huong vừa rùi rất nhiều người lào cảm ơn đó không có Em đó ở đó thì ai gửi tiền nhanh như vậy được uy tín phải đinh của chóp đó",Trung lập,False,,
cmt_showbiz019_0181_r53,showbiz_019,"Huỳnh Hằng từ nay về sau đu cp nhớ khấn cho rõ về chung nhà gì, chiến này là nhà tù hình trái tim lun goyyy =))))",Trung lập,False,,
cmt_showbiz007_0083_r02,showbiz_007,Mai Nguyễn đi ứ ừ kg,,True,,
cmt_showbiz007_0010_r01,showbiz_007,Phương Doanh thật là dữ dội,,True,,
cmt_showbiz_010_0175,showbiz_010,Thảo Vân đến hẹn lại lên,,True,,
cmt_showbiz_011_0172,showbiz_011,"Maxi mẫu mới 2025 đi biển cho mn tham khảo
-maxi 2 dây caro cao cấp https://s.shopee.vn/wSYvNG8v
-maxi nhúm thêu hoa https://s.shopee.vn/3q9B80gZhQ
-maxi 2 dây phối tầng https://s.shopee.vn/Vsj9ub8IE
-maxi hở lưng https://s.shopee.vn/1g4gY7Cmzh
 Mn cho e xin 1 click",,True,,
cmt_showbiz011_0037_r02,showbiz_011,Nguyễn Thanh Anh Quân :))) mấy tk con Trai xem đó là bth và nói con gái cũng nt với 1 lúc nhìu thằng rùi chọn lọc ??? Ủa thì mấy con nhỏ như vậy cũng bị chửi lòi lol chứ có ai bênh đâu ??? Cái đó là tam quan lệch lạc mà nghĩ là bth .,Cà khịa,False,,
cmt_showbiz_007_0213,showbiz_007,Cao Anh quài ,,True,,
cmt_showbiz_004_0029,showbiz_004,Còng chân đúng là xàm...,Cà khịa,False,,
cmt_showbiz_020_2740,showbiz_020,Yến Thanh,,True,,
cmt_showbiz_034_0006_r05,showbiz_034,"Minh Thu Nguyễn tiền đó của những người bọ lừa tiền trả cho họ, chứ làm đường cho dân gì cô hai?? Tấm lòng nghĩa khí ghê 🤣🤣🤣😆",Cà khịa,False,,
cmt_showbiz_020_1926,showbiz_020,Thạch Thảo ơ,,True,,
cmt_showbiz_034_2071_r04,showbiz_034,Doãn Trí Bình lại đạo lý à pình,,True,,
cmt_showbiz_020_1856,showbiz_020,Hong Nguyen,,True,,
cmt_showbiz_033_0001_r104,showbiz_033,"Nguyễn Việt Tùng Nhất nhật tại tù , thiên thu  tại ngoại nhé !",Cà khịa,False,,
cmt_showbiz_011_0038,showbiz_011,"Cái thứ đàn ông như này thiệt chứ đôi co từng chút một, hơn thua từng li từng tí. Đồ rác rưởi",Phẫn nộ,False,,
cmt_showbiz020_1248_r03,showbiz_020,Huy Anh Inamed,,True,,
cmt_showbiz_020_3259,showbiz_020,"Có tiền báo hiếu lo cho mộ mạ tổ tiên, chuyển tốt mà,bọn tào lao vô văn hóa",Cà khịa,False,,
cmt_showbiz013_0021_r03,showbiz_013,"Thêu Gầy mình ko theo dõi câu chuyện nên ko bình phẩm gì, chỉ trả lời cho câu hỏi sao chi phí cao thì theo mình biết chi phí chữa bệnh bên sing rất là cao.",Trung lập,False,,
cmt_showbiz_033_1940_r197,showbiz_033,Đoàn Trọng Đức tuổi này khó bảo lắm😝,,True,,
cmt_showbiz_044_1975,showbiz_034,,,True,,
cmt_showbiz_043_0429,showbiz_033,Mẹ mình cũng nói y vậy,Trung lập,False,,
cmt_showbiz022_0008_r02,showbiz_022,Đỗ Ngọc có xl vk va con nưa đo b,,True,,
cmt_showbiz_033_0001_r59,showbiz_033,"Nguyễn Việt Tùng chuẩn luôn.tui đây nghèo nhưng luôn có 3 đệ đấm lưng mỗi tối,2 thằng 2 bên cầm quạt😎",Cà khịa,False,,
cmt_showbiz_008_0150,showbiz_008,Nhục x11 lần,Trung lập,False,,
cmt_showbiz014_0002_r32,showbiz_014,Nguyễn Khang sống đúng pháp luật là được r bạn hén,Trung lập,False,,
cmt_showbiz_018_0309,showbiz_018,Thái Nguyễn đọc bài viết mà vẫn ko hiểu lý do là gì,Trung lập,False,,
cmt_showbiz_020_1803,showbiz_020,Khét lẹt!,Cà khịa,False,,
cmt_showbiz_010_0212,showbiz_010,Teacher Ba lửa rồi abe anh hòn có lửa,,True,,
cmt_showbiz_044_0033,showbiz_034,Để cho béo là làm thịt thôi.,Cà khịa,False,,
cmt_showbiz007_0040_r03,showbiz_007,Trương Nguyễn Mai Hương đây Thiên An mà ,,True,,
cmt_showbiz_008_0330,showbiz_008,Tính chừng nào lên họp báo khóc nữa người đẹp,Trung lập,False,,
cmt_showbiz_010_0030,showbiz_010,Oanh Oanh Trần Thị Như Ý Oanh Oanh,,True,,
cmt_showbiz007_0028_r10,showbiz_007,Thảo Vy Hồng Nguyên,,True,,
cmt_showbiz_034_2078_r12,showbiz_034,Vu Nguyen  thế ông đó bị gì mà đòi điều tra :v.,Trung lập,False,,
cmt_showbiz_007_0198,showbiz_007,Phương Tuấn,,True,,
cmt_showbiz009_0038_r17,showbiz_009,Hiêng Em,,True,,
cmt_showbiz_044_2477,showbiz_034,Phí của ngày tiêu bao nhiêu đâu mà giờ sách đi thế này ai dùng,Trung lập,False,,
cmt_showbiz020_2832_r15,showbiz_020,Hương Phan ngu nó làm hàng giả bán cho bọn mày may chưa đứa nào chết chứ đợi nó vỡ ra rồi lại mới quay xe thì lại ối dồi ôi.nó làm hàng 1 đồng nó bán 30-40 đồng vẫn cứ khen chịu chết với bọn ngu này,Trung lập,False,,
cmt_showbiz_032_0069,showbiz_032,Hh j mà dáng xấu z,Trung lập,False,,
cmt_showbiz004_0005_r02,showbiz_004,Phượng Tím sẽ có xuất,Cà khịa,False,,
cmt_showbiz_044_2259,showbiz_034,"ơ sao ảnh này giống thầy Thích Tâm Phúc nhỉ? 
Tướng này số tốt tù hay sao ấy nhỉ?",Trung lập,False,,
cmt_showbiz_018_0108,showbiz_018,Mất niềm tin vào ty quá,Phẫn nộ,False,,
cmt_showbiz_021_0040,showbiz_021,Chung quy vẫn là vào giỏ hàng của các đại gia thôi 🤣,Cà khịa,False,,
cmt_showbiz_020_2234,showbiz_020,Huy Văn,,True,,
cmt_showbiz_033_1403_r01,showbiz_033,Nguyễn Xuân Hải conten thôi :))),,True,,
cmt_showbiz019_0010_r27,showbiz_019,Mét Hai vượt qua thời gian ở tù !!!,,True,,
cmt_showbiz020_2505_r02,showbiz_020,Đúng bạn nhỉ,Trung lập,False,,
cmt_showbiz_017_0023,showbiz_017,.,,True,,
cmt_showbiz_020_3400,showbiz_020,Moi móc đủ thứ,Trung lập,False,,
cmt_showbiz_011_0061,showbiz_011,Lịt moẹ cái thằng qq này,Phẫn nộ,False,,
cmt_showbiz012_0041_r01,showbiz_012,"Rose Nguyen toa an bao thich xu an dan su va hinh su cua dan hon quan va can bo. May vu tham nhung toan re coc voi chum kho xu lam. Dung ong nay thi dinh ong kia toa an hong co thich nhuc dau. Thich xu dan sao cung duoc, xu nghiem de ran de ( vu 2 trai mit nguoi ta da tra loi ro rang vay con gi). Haizzz",Trung lập,False,,
cmt_showbiz_043_0029,showbiz_033,"Cười chắc nghĩ mình có người đỡ cho rồi, hoặc là mình sẽ dung thật nhiều tiền để mua tôi lo gì, để xem tiền có thể mua được pháp luật không nhất là thời điểm  nhà nước đang chống quyết liệt tham ô tham nhũng chôn thuế, không có vùng câm. Xem ai giam bao che cho vu này thì cũng đi cung  luôn.",Trung lập,False,,
cmt_showbiz_020_2295,showbiz_020,Ngoc Tran,,True,,
cmt_showbiz_033_1940_r535,showbiz_033,Nguyễn Nguyên tôi củng kinh doanh . Tôi củng tính dến viec lách dc thuế phần nào thi hay phần dó . Kg rieng gì HH dâu,Trung lập,False,,
cmt_showbiz020_1690_r01,showbiz_020,Ngô Hồng Phúc Thịnh oh,,True,,
cmt_showbiz_043_1224,showbiz_033,Cười vì thỏa mãn với việc kiếm tiền quá nhiều rồi h vào nghỉ ngơi thôi,Trung lập,False,,
cmt_showbiz_018_0055,showbiz_018,Ui vãi dã man. Lời nguyền của tình iu dài mà tổ chức đám cưới đây ư. Cảm thấy sợ làm đám cưới hơn nhiều chút. Chỉ mong sống happy bên nhau huhu,Đồng cảm,False,,
cmt_showbiz_001_0004,showbiz_001,Nổi tiếng vì bị khán giả chửi à,Cà khịa,False,,
cmt_showbiz_020_2918,showbiz_020,Rô Trê mà tưởng là Chép vàng,,True,,
cmt_showbiz_020_2199,showbiz_020,Ngo Anh,,True,,
cmt_showbiz009_0009_r10,showbiz_009,Page chuyên cmt dạo yêu người cũ bao năm vẫn kêu ct tập trung cho sự nghiệp thôi ông im mẹ mồm đi :)),Cà khịa,False,,
cmt_showbiz_033_1948_r72,showbiz_033,Hoàng Long đúng đấy bạn,,True,,
cmt_showbiz_034_2105_r05,showbiz_034,Bui Tien Suong con thứ 2 sau cá Thủy rồi,,True,,
cmt_showbiz019_0002_r26,showbiz_019,thắc mắc là sao đạt lắm chứng nhận quốc tế vậy khi mà chất lượng k như công bố 😂,Cà khịa,False,,
cmt_showbiz004_0005_r09,showbiz_004,"Dương Quỳnh Tâm mấy đứa này nên tịch thu page, cấm rao giảng xàm xí, chứ sơ hở lên truyền thông thế này quá dễ cho chúng nó r",Cà khịa,False,,
cmt_showbiz_033_1940_r06,showbiz_033,Nho Giống Thanh giống ở đâu v,,True,,
cmt_showbiz_033_0001_r19,showbiz_033,Trần Vân “Một ngày tù ngàn thu ở ngoài “bạn ơi!,Cà khịa,False,,
cmt_showbiz_008_0271,showbiz_008,Trò hề nhà báo và showbit,Trung lập,False,,
cmt_showbiz_034_1078_r57,showbiz_034,"Dây treo nhãn mác, tem nhãn, tag quần áo Phúc Gia đã rút ra bài học kinh nghiệm đắt giá",,True,,
cmt_showbiz020_2158_r01,showbiz_020,Vuong Quý chính xác,,True,,
cmt_showbiz_019_0446,showbiz_019,Võ Xuyến hazzz chị 98 xinh đẹp,,True,,
cmt_showbiz_033_1969_r16,showbiz_033,Bùi Hợi cô quả thật là sáng suốt ạ,,True,,
cmt_showbiz_034_1059_r01,showbiz_034,"Bích Hà cái kết của lừa đảo, bỏ vk🫠",,True,,
cmt_showbiz020_0023_r03,showbiz_020,Ho Quoc Khai ở HQ mà thoát à,,True,,
cmt_showbiz_012_0106,showbiz_012,"Adu zdu vậy sao lúc này thấy tung tăng lắm ngày nào cũng thấy tung tăng pickball như gái đôi mươi , thì ra cũng lừa sao !!!!",Cà khịa,False,,
cmt_showbiz019_0028_r06,showbiz_019,Hậu Quốc Nguyễn Bách LêMai HoaLương Ngọc MaiDao Thi Quynh AnhThành TháiĐào Hồng Phương,Trung lập,False,,
cmt_showbiz_033_0343_r02,showbiz_033,Keyboard Anh Tuấn đang nói đồ hiệu cha nội ạ,,True,,
cmt_showbiz_044_1099,showbiz_034,"pháp luật Việt Nam! chưa bảo hộ cho sàn tiền ảo, nên bị đánh vào lòng tham. Nó đc tiền không bị truy cứu, về pháp luật thì có sợ gì đâu, drama là cái đéo gì, tao có tiền cái đã!",Trung lập,False,,
cmt_showbiz016_0020_r10,showbiz_016,Trương Tuấn Tú đcmm nữa =)))))))))))))))),,True,,
cmt_showbiz_020_1258,showbiz_020,Mong ko sao chứ đã làm thuê thì cũng tội nhân viên mất việc,Trung lập,False,,
cmt_showbiz_033_1941_r76,showbiz_033,Xôi Lạc đệch.,,True,,
cmt_showbiz011_0040_r04,showbiz_011,Phan Đức Anh ôi b ơi chúng nó khôn quắt cả người vào ấy :))) mỗi đứa hời 1 kiểu rồi chỉ có mình bị dắt mũi thôi,Cà khịa,False,,
cmt_showbiz_044_2450,showbiz_034,"Có gan làm thì có gan chịu, làm sao 🌟 cứ phải rắm tịt cái mắt vào, quang minh chính đại cứ mở cái mắt ra",Trung lập,False,,
cmt_showbiz008_0002_r15,showbiz_008,Dõan Đại Hiệp lồn nó k banh ra thì có buồi nào dí đc nó,Trung lập,False,,
cmt_showbiz_012_0189,showbiz_012,"HH hut máu rất thành công , nhiều nhà đếm không xuể từ bác vô nam ....Đồng tiền bất chính công đức  vào nhà nuóc hết đi để 20 năm cải tạo tốt về còn kịp mặc  áo thông gia .",Trung lập,False,,
cmt_showbiz_030_0102,showbiz_030,Quan trọng là bài hát đó chủ sở hữu còn chưa tung ra thị trường .!!!,Trung lập,False,,
cmt_showbiz_020_1651,showbiz_020,Hiềnn Monn,,True,,
cmt_showbiz_012_0043,showbiz_012,"Tham thì thâm, thật giờ chỉ có sống tử tế thì mới an nhiên.
Có gian dối thì cũng vừa thôi.
Ăn chênh lệch đc rồi, rút tiền của cty chi tiêu nữa giờ lòi luôn vụ ăn chêch lệch đầu tư.",Cà khịa,False,,
cmt_showbiz_033_1948_r62,showbiz_033,Hoàng Long nước xúc miệng tôi cũng mua nhiều xúc cũng ko ra gì dau g đầu cũng ko ra gì chán lắm,Trung lập,False,,
cmt_showbiz_001_0018,showbiz_001,Nghiện,,True,,
cmt_showbiz025_0003_r01,showbiz_025,Nghia Vu 👍,,True,,
cmt_showbiz020_0876_r01,showbiz_020,Yen Hai 😆,,True,,
cmt_showbiz018_0037_r02,showbiz_018,"Nguyễn Dương  hồi chia tay, ngừng hoạt động của CCC sau đó gượng ép quay lại làm content là có điềm rồi.",Trung lập,False,,
cmt_showbiz_004_0128,showbiz_004,"Mấy loại dơ bẩn như con này càng đem nhốt hết cho sạch xh sạch đất nước ,loại này kg ích lợi gì cho xh đất nước toàn làm những trò dơ bẩn",Phẫn nộ,False,,
cmt_showbiz_011_0068,showbiz_011,Thật nhảm nhí và lệch lạc,Cà khịa,False,,
cmt_showbiz009_0024_r03,showbiz_009,Trọng Đức điên thế kb,,True,,
cmt_showbiz_020_2889,showbiz_020,mai đi xa ah,Trung lập,False,,
cmt_showbiz_020_2424,showbiz_020,Nói chung là cái j cũng phải xin phép 🤣🤣,Trung lập,False,,
cmt_showbiz025_0009_r02,showbiz_025,Nguyễn Khôn chúng ta cầu nguyện một phép mầu sẽ đến cứu đất nước vn khỏi bàn tay độc tài ác quỷ 👿😈😈😈,Trung lập,False,,
cmt_showbiz_020_1691,showbiz_020,Tuấn Lê,,True,,
cmt_showbiz_044_2476,showbiz_034,"Trước giờ t vẫn thấm nhuần 1 chân lý.  
Những thằng  hay nói đạo lý thường sống như L..",Trung lập,False,,
cmt_showbiz_017_0012,showbiz_017,,,True,,
cmt_showbiz018_0027_r07,showbiz_018,Ni Uri Miệng đời ác trù ngta ly hôn được à 🥲,Phẫn nộ,False,,
cmt_showbiz014_0001_r13,showbiz_014,Bí Mật Showbiz mình xin link full,,True,,
cmt_showbiz020_0136_r02,showbiz_020,Loan Giao chính xác,,True,,
cmt_showbiz_007_0008,showbiz_007,Nín mẹ đi.,Trung lập,False,,
cmt_showbiz009_0005_r21,showbiz_009,Tien Minh kim ngưu trc giừo vẫn nhulon với em:)),Trung lập,False,,
cmt_showbiz_020_1953,showbiz_020,🤭,,True,,
cmt_showbiz_034_2072_r42,showbiz_034,Phương Thảo Thuỳ Trinh Hồng Phương,,True,,
cmt_showbiz004_0001_r02,showbiz_004,J.ul rồi có người còn kêu nghĩ là n k biết có chất cấm nên mới bán chứ :)))),Cà khịa,False,,
cmt_showbiz019_0010_r16,showbiz_019,"Mét Hai một lũ não tàn đó chắc bây giờ đang bận ngồi trong cầu tiêu ẽ 8 lượt 1 ngày rồi nên im ru không còn hó hé nửa , chứ lúc trước là bênh vực con này vào táp nguời ta không thương tiếc một lời",Trung lập,False,,
cmt_showbiz_044_0268,showbiz_034,Mang cho đồng bào bão lụt làm nhà,Trung lập,False,,
cmt_showbiz011_0039_r09,showbiz_011,"Nguyễn Châu thầy này đỉnh. Chính chủ sn 88 tờ sớ 90 thầy vẫn làm lễ được. Đẳng cấp. Có ai mà làm lễ không cần thông tin ""cha mẹ"" bé không. Còn nói viruss đưa thông tin như nào thì thầy cầu siêu như vậy thì xin lỗi. Thầy dell khác gì thầy của VTV. Nhìn 2 bàn tay của phóng viên xong phán là 2 đứa k hợp này nọ.",Ủng hộ,False,,
cmt_showbiz011_0027_r12,showbiz_011,"Ngọc Hoa vẫn bị chửi từ ngày này qua ngày khác mà bà :)))
Lướt còm men nào cũng có tên anhhh 😆",Cà khịa,False,,
cmt_showbiz_020_2711,showbiz_020,Huỳnh Lê Thảo My Hoa Lê,,True,,
cmt_showbiz020_2490_r01,showbiz_020,Hồng Nhung 2700tỷ nhanh,,True,,
cmt_showbiz_021_0029,showbiz_021,Á khôi cũng chỉ có giá thế thôi à 😂,Cà khịa,False,,
cmt_showbiz_044_1080,showbiz_034,"Tôi trân trọng & biết ơn trải nghiệm nhiều lần MẤT TIỀN - MANG TIẾNG vì Cryptocurrency, Coin (tài sản số) bởi vì thông qua đó mà tôi có bài học để chia sẻ cho cộng đồng, ngõ hầu cảnh tỉnh NHIỀU người nghèo cân nhắc tránh cái bẫy “lấy của người nghèo chia cho người giàu” trong một trò chơi lớn mà tôi nghĩ là: cuối cùng có lợi nhiều hơn cho tư bản nước ngoài 🥲

Toàn bộ chia sẻ về bản chất đằng sau mô hình “tài sản số” có trong 90 phút Livestream dưới đây 👇😇

https://www.facebook.com/share/v/1Chkt5odRA/",,True,,
cmt_showbiz029_0031_r01,showbiz_029,Dương Hoàng Nam phải dậy đó. Kkk,,True,,
cmt_showbiz_033_0001_r221,showbiz_033,"Đoàn Anh Đức ủa dcm cái thằng bại não kia , đầu mày toàn cứt hay sao , não phẳng ha ? mà mày ăn nói ra được câu bố náo với bà mày vậy hả con tinh trùng khuyết tật kia ?",Phẫn nộ,False,,
cmt_showbiz004_0015_r09,showbiz_004,Trang Tô trong hàng giả đấy chứa chất cấm nữa thì phải,Cà khịa,False,,
cmt_showbiz_044_1720,showbiz_034,Nhìn cái mặt đã thấy lưu manh rồi,Trung lập,False,,
cmt_showbiz_033_0818_r01,showbiz_033,"Đạt Hói tịch thu 3 đời coi tiêu sao nổi ,đóng băng tài khoản ngân hàng kkk",Trung lập,False,,
cmt_showbiz_021_0119,showbiz_021,Khai thác vốn tự có tốt đấy,Trung lập,False,,
cmt_showbiz_034_2076_r15,showbiz_034,Lê Minh Giang ?,,True,,
cmt_showbiz_034_1078_r21,showbiz_034,"Dây treo nhãn mác, tem nhãn, tag quần áo Phúc Gia shark chia ko đều rồi 😎",,True,,
cmt_showbiz020_1003_r02,showbiz_020,Tuấn Lang đã thuộc bài hát chưa á,,True,,
cmt_showbiz_034_1090_r14,showbiz_034,Lê Tien  kkkk,,True,,
cmt_showbiz019_0008_r11,showbiz_019,Vân Tít mqh có qua có lại chứ có gì má tâng bốc? Dùng hình ảnh của ngta để làm vid lấy danh tiếng chứ ban phát không ha gì,Cà khịa,False,,
cmt_showbiz018_0020_r04,showbiz_018,"Thành Viên Ẩn Danh t ntr m r mõm cho m cay đấy, lmj được t :DD",Trung lập,False,,
cmt_showbiz_011_0125,showbiz_011,Chắc em tối cổ bây giờ em vẫn chưa biết vụ lùm xùm này 🥲,Cà khịa,False,,
cmt_showbiz_033_1943_r34,showbiz_033,Giờ vẫn khen còn bảo nhà nước giảm nhẹ vì tốt lắm làm từ thiện nhiều 🤣🤣🤣,Cà khịa,False,,
cmt_showbiz021_0019_r02,showbiz_021,Thanh Tú  thôi thì anh em mình cứ đường câu bươu mà giã cho nó bình dân 😂😂😂,Cà khịa,False,,
cmt_showbiz_033_1438_r02,showbiz_033,Long Viết nó nhiều tiền nó lo chạy chắc ra sớm thôi nên nó tự tin lắm,Trung lập,False,,
cmt_showbiz_033_0779_r01,showbiz_033,Thu Hường sp hh vẫn ok nhé,,True,,
cmt_showbiz_017_0058,showbiz_017,.,,True,,
cmt_showbiz_020_3279,showbiz_020,Từ 1 người đàn bà tay trắng ko có gì mà gây dựng cơ đồ khủng thế này thì người đó quá giỏi,Trung lập,False,,
cmt_showbiz007_0009_r04,showbiz_007,Thắm ủa cí nào. Cái cầm cây làm cột điện á hả,Trung lập,False,,
cmt_showbiz_020_0934,showbiz_020,"Vàng 
Tiền 💰",,True,,
cmt_showbiz_020_1041,showbiz_020,Đỗ Thụy Vân Hà tiền vàng chất đống luôn 😆,,True,,
cmt_showbiz_033_0017_r07,showbiz_033,Hồng Bang Chủ em ở hải phòng anh,,True,,
cmt_showbiz021_0026_r01,showbiz_021,"Nguyễn Thiện Nhân phụ hồ giờ cũng 300k/ngày, 20 ngày là đụ",Cà khịa,False,,
cmt_showbiz_034_2068_r110,showbiz_034,"Thanh Vân coin đáng mấy đâu, cùng lắm vào chiệu đô thôi.",Trung lập,False,,
cmt_showbiz019_0036_r07,showbiz_019,Phạm Hiệp cho e xin tên appp dc k ạ,,True,,
cmt_showbiz_044_1234,showbiz_034,Có thế nó mới sống được như thế.,Trung lập,False,,
cmt_showbiz018_0012_r09,showbiz_018,Nữ NHi phụ nữ là thanh xuân còn đàn ông chắc thanh trà :))),Cà khịa,False,,
cmt_showbiz_020_0994,showbiz_020,Tham lam quá là cùng,Trung lập,False,,
cmt_showbiz024_0104_r01,showbiz_024,Đặng Thế Quốc Anh Thái kong hút Ku thôi bác,,True,,
cmt_showbiz_030_0030,showbiz_030,Của mình thì đã kiện rồi,Trung lập,False,,
cmt_showbiz_020_1057,showbiz_020,Giàu giữ Hải Kiều,Trung lập,False,,
cmt_showbiz_020_1261,showbiz_020,Tin vui cho những người bị nó lừa,Trung lập,False,,
cmt_showbiz_044_0017,showbiz_034,Hy vọng trả lại cho người đã mất tiền để đầu tư.,Đồng cảm,False,,
cmt_showbiz_004_0102,showbiz_004,"Yêu cầu pháp luật vào cuộc bắt máy con lừa đảo , san xuất hàng giả , Mỹ phẩm Gia , tron thuê còn nhiều lắm",Phẫn nộ,False,,
cmt_showbiz011_0027_r11,showbiz_011,"Trung Kiên vr sao bẩn hơn j ta, t chỉ thấy nó mập mờ  thui  ? j nó bỏ con cỡ đó mà :))",Phẫn nộ,False,,
cmt_showbiz_018_0084,showbiz_018,Lại là ngôn tình cổ tích hứa hẹn sến súa này kia đúng là nc đạo lí thì sống như....,Cà khịa,False,,
cmt_showbiz_021_0070,showbiz_021,Làm gì có bông tuyết nào sạch.,Cà khịa,False,,
cmt_showbiz_020_2061,showbiz_020,Phạm Tường Nhii:)),,True,,
cmt_showbiz_034_1090_r26,showbiz_034,Hàng Nhật nội địa  chính hãng bình một lằn,Trung lập,False,,
cmt_showbiz_033_1941_r18,showbiz_033,Xôi Lạc xôi lạc mà xôi riêng lạc riêng như này :)),Trung lập,False,,
cmt_showbiz_043_1115,showbiz_033,Chốn thuế là chuyện của người ta . Với tui Tui chỉ nhớ họ đã giúp rất nhiều hoàn cảnh khó khăn nên mọi người bớt sỉa sói chửi bới họ đi . Nhiều người mắc cười vô nói cứ như là họ quỵt nợ nhà mình vậy.,Trung lập,False,,
cmt_showbiz009_0034_r04,showbiz_009,"Kha Cảnh Đằng =)))) mấy em gái yêu vào rồi lúc nào chẳng nghĩ mình sẽ thay đổi dc anh ấy, với những việc anh V thể hiện ra nó k thể bằng yêu rồi trải nghiệm đâu. cha này chỉ nói vô tâm cuồng công việc chứ đâu có nói sẽ bạo lực lạnh, bảo thủ, k trân trọng người yêu đâu nè. yêu mới biết chứ, review ban đầu chỉ để tham khảo thui mà",Cà khịa,False,,
cmt_showbiz_012_0031,showbiz_012,"Thật bất ngờ đối với tôi,cô ấy không ổn ào nhưng lại như thế này",Trung lập,False,,
cmt_showbiz018_0048_r04,showbiz_018,Trương Thị Thu Đủ chứ ko phải tất cả là lý do,Cà khịa,False,,
cmt_showbiz011_0040_r02,showbiz_011,Mei Hario có tiền có fame thì có bao giờ thiếu gái đâu hả b :))) lao vào rồi lại bóc phốt nhau xong bán hàng onl. Công thức auto thành công 🤣,Cà khịa,False,,
cmt_showbiz010_0003_r01,showbiz_010,Hana Dương nó còn ẻo lả nữa kìa. Kkkk,,True,,
cmt_showbiz_021_0130,showbiz_021,Xem mấy ảng cuối ko nhận ra á khôi luôn Trần Duy Vũ,Trung lập,False,,
cmt_showbiz_044_1882,showbiz_034,Cảnh trước ngày bị bắt mới đáng sợ. Lo nơm nớp chắc giờ ăn không được uống cũng không xuôi,Trung lập,False,,
cmt_showbiz_018_0430,showbiz_018,❤️,,True,,
cmt_showbiz_044_2352,showbiz_034,Tiếc nuối giá như....,Trung lập,False,,
cmt_showbiz_044_0473,showbiz_034,bắt hết . lấy hết tài sản  toàn lũ ko làm lừa lọc hốt tiền của người khác .,Trung lập,False,,
cmt_showbiz_019_0012,showbiz_019,"Cái quan trọng nhất là ""lật mặt"", lâm trận bỏ đồng đội chạy trước thì không thấy nhắc đến ạ? Đây là vấn đề đạo đức chứ những cái kia chỉ là phụ thôi. :))))",Phẫn nộ,False,,
cmt_showbiz_012_0044,showbiz_012,"Mình thấy xã hội này cũng nhiều cái bất công bắt người dân thì chòng tay còn bắt quan chức tham ô hàng nghàn tỷ thì chẳng thấy xích tay thằng nào 
     Và tịch thu tài sản thì phải thông báo cho những ngừoi bị hại mang giấy tờ đến nhận thì mới đúng còn cho vào kho bạc thì ……😭😭😭😭😭",Phẫn nộ,False,,
cmt_showbiz_033_1940_r512,showbiz_033,Dương Nguyễn Huy Thủy,,True,,
cmt_showbiz018_0045_r30,showbiz_018,Thuỷ Ngân Đời người lên xe bông được mấy lần mà kêu làm đại đại đi trời :D nhà nghèo còn phải vay tiền làm đám đoàng hoàng mà này nhà người ta giàu rồi kêu làm đại đại =]],Cà khịa,False,,
cmt_showbiz_024_0016,showbiz_024,"Báo cáo cán bộ, ý tưởng hoa văn thiết kế của iem toàn trong lúc thăng hoa mới nghĩ ra được đó ạ",Trung lập,False,,
cmt_showbiz020_1196_r01,showbiz_020,Ánh Ánh,,True,,
cmt_showbiz018_0025_r12,showbiz_018,Vũ Hoàng quá chuẩn. Haha,,True,,
cmt_showbiz021_0004_r07,showbiz_021,Tú Nguyễn Đừng có bảo trừ lỗ đít . Mày thích chơi kiểu éo gì nó cũng phải chiều mày hết :)))),Cà khịa,False,,
cmt_showbiz018_0045_r16,showbiz_018,"Lê Lan Nhi cái này thì t chịu thật, t fl cặp này hồi hai ng quay lại rồi, còn trc đó t ko biết lý do chia tay. Nếu mà biết thg chả trc đây v thì t cũng ko respect lắm vì bản tính thì khó dời.",Đồng cảm,False,,
cmt_showbiz004_0001_r08,showbiz_004,"J.ul tư tưởng loại vô học, k có đạo đức á bà chứ người thường k ai z á",Phẫn nộ,False,,
cmt_showbiz_004_0012,showbiz_004,"Cty TNHH TM-DV zubu ( zú bự ) , đặt tên cty hợp thật",Cà khịa,False,,
cmt_showbiz_019_0395,showbiz_019,"Ăn dày thế mà chuồn cũng nhanh , Tiên đi thật rồi ông giáo ạ :))",Trung lập,False,,
cmt_showbiz016_0006_r18,showbiz_016,"Chí Tân nhận lỗi, cắt sóng btv rồi bây giờ b muốn làm ntn nữa ? Chả biết 1 năm b xem đc bnhieu bản tin thời sự, bao nhiêu kênh của vtv còn chẳng biết còn lên đây chê trách như chuyên gia 🤣",Trung lập,False,,
cmt_showbiz_030_0109,showbiz_030,,,True,,
cmt_showbiz_033_1940_r539,showbiz_033,"Tuệ Minh b biết nó lừa bn tiền của dân rồi ko,cả làng tôi bị nó lừa 1 nửa",Trung lập,False,,
cmt_showbiz019_0181_r48,showbiz_019,Anh Ngọc Trần Ngọc An =))))))),,True,,
cmt_showbiz_020_1077,showbiz_020,"THẨM MỸ VIỆN MAILISA BẤT NGỜ THÔNG BÁO DỪNG HOẠT ĐỘNG TOÀN BỘ HỆ THỐNG:

https://www.facebook.com/vietnamnet.vn/posts/pfbid0XF9gAZfJSTArzQXUicehAz2MBwHamtjkXPZjaBkESYnLU5TSFYVsyyS1FaNVCJkLl",,True,,
cmt_showbiz009_0034_r03,showbiz_009,"Kha Cảnh Đằng thằng này chăn rau lùa gà nổi tiếng cả cộng đồng biết, lúc cảnh báo còn bị fan chửi. Đúng là thời gian sẽ trả lời tất cả",Phẫn nộ,False,,
cmt_showbiz_044_1770,showbiz_034,Ngu nhất nghe nó tv kiểu xh luật rừng ăn to chui vào,Trung lập,False,,
cmt_showbiz_009_0132,showbiz_009,"Hít drama cho bể phổi rồi quay qua ý kiến phân tích đồ, như bọn nghẹo chơi cho đã xong chửi thằng bán đồ sao B thế 🤣🤣🤣",Trung lập,False,,
cmt_showbiz_033_1952_r08,showbiz_033,Nguyễn Thị Thu Trang trốn thuế em vừa xem xong,,True,,
cmt_showbiz_033_2007_r02,showbiz_033,Hiền Lê rảnh đâu mà quan tâm mấy người này bạn. Không biết nên hỏi,Trung lập,False,,
cmt_showbiz020_2838_r02,showbiz_020,Mình thuộc bần cố nông luôn á bạn :D,Trung lập,False,,
cmt_showbiz_033_1699_r03,showbiz_033,Khanh Trung Le bắt trend,,True,,
cmt_showbiz_009_0255,showbiz_009,Lè nhà lè nhè. Địt mẹ nhà mày nữa 🙄,Trung lập,False,,
cmt_showbiz_043_0558,showbiz_033,Này thì cười đi,Trung lập,False,,
cmt_showbiz030_0021_r01,showbiz_030,Kho Sỉ Ngọc Duyên đúng haha,Trung lập,False,,
cmt_showbiz019_0187_r04,showbiz_019,Diễm Quỳnh cp vành móng ngựa :))),,True,,
cmt_showbiz020_1529_r02,showbiz_020,Phải gọi là idol của các bà mẹ 🥲,Ủng hộ,False,,
cmt_showbiz021_0026_r03,showbiz_021,Nguyễn Thiện Nhân xem đường dây còn ko làm tí á khôi cho sang bòy 🤣,Cà khịa,False,,
cmt_showbiz_020_1622,showbiz_020,Quyết Hy ai đó suốt ngày khoe tar🙄,,True,,
cmt_showbiz_020_0577,showbiz_020,Bích Vân tr ơi gê chưa,,True,,
cmt_showbiz013_0029_r03,showbiz_013,Cong Lao,,True,,
cmt_showbiz019_0001_r02,showbiz_019,Đài Phát Thanh. siêu lợi nhuận luôn à?,Phẫn nộ,False,,
cmt_showbiz019_0180_r05,showbiz_019,"Dì Út lách làm sao được, khi là cổ đông thì sẽ có tên trên giấy phép đăng ký kinh doanh, ghi đầy đủ thồng tin cá nhân và tỷ lệ góp vốn. Muốn ký lại hợp đồng thành quảng cáo thì phải làm lại giấy phép kinh doanh tại sở đầu tư và kế hoạch, rút tên khỏi đăng ký kinh doanh, nhưng mà vết lưu lại trên hệ thống nhà nước hết rồi, định ve sầu thoát xác mà ko thoát nổi, lưới trời lồng lộng thưa mà khó thoát",,True,,
cmt_showbiz_034_0009_r19,showbiz_034,Hrung Bya nghèo thì đi làm..... mở mồm than nghèo mà làm thì sợ khổ... ng ta làm 1 nghèo làm 10... thích đớp,Phẫn nộ,False,,
cmt_showbiz_043_1054,showbiz_033,Chắc chuẩn bị tâm lý trước rồi,Trung lập,False,,
cmt_showbiz_020_1892,showbiz_020,Nguyễn Mai Duyên,,True,,
cmt_showbiz_019_0009,showbiz_019,"Ui nói dài thế =)) drama này không xử lý được đâu, hạt giống nó từ đợt xé giấy nợ mua giải hoa hậu cơ =)) phốt thì trăm nghìn cái chứ đâu phải 1 cái :))",Cà khịa,False,,
cmt_showbiz_021_0254,showbiz_021,Thái Thiều Quang Nguyễn Hoàng Huy Trần Quang Nhân,,True,,
cmt_showbiz009_0008_r09,showbiz_009,"Si Kia đúng rồi. Ổng hay làm mấy cái drama về tình cảm á. Nói chung tư duy yêu đương của ổng kiểu trịch thượng, gia trưởng, khó chịu lắm.",Trung lập,False,,
cmt_showbiz_004_0097,showbiz_004,Em này bị còng tay chân có vẻ nguy hiểm hơn tay Thứ trưởng bán thuốc ung thư giả gián tiếp gây ra cái chết cho bao bệnh nhân.,Phẫn nộ,False,,
cmt_showbiz_033_0001_r231,showbiz_033,Hùng Mộc mất hoàn toàn hả bác.t tưởng chỉ mất 50 thôi chứ,Trung lập,False,,
cmt_showbiz030_0005_r15,showbiz_030,Mai Hoài Bảo ngta bung hay k là quyền ngta ngta thik làm j kệ ngta vì ngta đã mua đứt bài hát rồi thì thằng tác giả  có quyền j đụng tới bài hát đó nữa . Giống như bạn bán nhà v .ngta mua ở hay làm j kệ ngta bạn bán xong là bạn hết quyền hành .lamf j có chuyện bán lấy tiền rồi mà thấy chủ nhà chưa ở rồi lấy lại bán cho đứa khác v là ai đúng ai sai,Trung lập,False,,
cmt_showbiz_020_1071,showbiz_020,Dung Nguyễn Dung Nguyễn Thúy quá trời giàu,,True,,
cmt_showbiz_044_0151,showbiz_034,Ôi ông này giỏi wa đi thành công vang dội đất nước sẽ vinh danh ông này là chắc haha xin chúc mừng haha,Trung lập,False,,
cmt_showbiz_018_0311,showbiz_018,Hồ Thúy Quỳnh,,True,,
cmt_showbiz_033_0001_r110,showbiz_033,Nguyễn Việt Tùng Giờ ai còn cho mua sản nữa mà nghỉ vs dưỡng.Cày bục mặt hết.t vừa ra trại tháng trước tại Ba sao,Cà khịa,False,,
cmt_showbiz_044_2252,showbiz_034,"Mưu mô lừa đảo chiếm đoạt tài sản . Kẻ lưu manh giả danh ý Thức rồi cũng bị nhân quả trừng trị do mình lừa gạt mà ra cả thôi . Thế gian này sống được bao năm . Ăn cũng vậy thế mà tham cố cùng , lòng không đáy ,",Trung lập,False,,
cmt_showbiz019_0028_r08,showbiz_019,Hậu Quốc Nguyễn chị nào báo dữ vậy 😂,,True,,
cmt_showbiz_019_0511,showbiz_019,Hoá ra chị vẫn xé hợp đồng cổ đông để kí lại hộp đồng quảng cáo à :)),,True,,
cmt_showbiz_021_0068,showbiz_021,Nâng tầm giá trị lên x6 luôn 😆,Cà khịa,False,,
cmt_showbiz011_0036_r03,showbiz_011,Văn Ngọc ảnh mà tẩy trắng được trong showbiz t nể mỗi ảnh :))),Ủng hộ,False,,
cmt_showbiz_004_0141,showbiz_004,"Vợ hắn hắn bênh ko nói, mấy má CĐM lên bênh mới mắc ói chứ. Rảnh l quá đi bênh đứa tù tội :))))",Phẫn nộ,False,,
cmt_showbiz_034_1078_r38,showbiz_034,"Dây treo nhãn mác, tem nhãn, tag quần áo Phúc Gia trên đời này ngu nhất là đi mua tem nhãn quần áo Phúc Gia :) để chờ chất lượng sản phẩm của họ",,True,,
cmt_showbiz011_0033_r02,showbiz_011,"Minh Anh chứ còn đ gì nữa...thời này quẹt nhau, đi date, qhtd đầy ra...cứ thế lại tính là yêu à :)))",Cà khịa,False,,
cmt_showbiz011_0037_r03,showbiz_011,"ê sẵn tiện đừng nhận làm đàn ông dùm tao cái virut ơi, mất mặt dễ sợ 🙂",Cà khịa,False,,
cmt_showbiz_033_1997_r02,showbiz_033,Hà Lê đc mổi nước súc miệng,,True,,
cmt_showbiz_020_3097,showbiz_020,"Lạy .ngta chết r cũng moi lên nói .bt làm chuyện tốt kg thấy tug  hô có gì sa cơ là nó lôi tông ti hpj hàng lên nói.cũng như làm dâu bt chuyện tốt cả nhà ck kg thấy có chuyện là soi ,nói trên đầu trên cổ",Trung lập,False,,
cmt_showbiz015_0001_r05,showbiz_015,Phong Nguyễn chính ông già làm CA nên mẹ Lý mới quay thg con zai đó 😂,Trung lập,False,,
cmt_showbiz009_0021_r04,showbiz_009,"KY Le nói thật chứ ng như nó có mà đầy chỉ có cái ko nổi tiếng thôi, gả vào nhà mấy thằng hào môn thì khác đéo gì đâu. Đẻ thuê chứ yêu đương gì 😂",Cà khịa,False,,
cmt_showbiz_033_1958_r12,showbiz_033,Hoà Lê Quang Bác hành văn lôm côm quá làm em tưởng bác bênh nó,Trung lập,False,,
cmt_showbiz_033_0001_r103,showbiz_033,Nguyễn Việt Tùng pha nghỉ dưỡng này hơi lâu..kkk,Cà khịa,False,,
cmt_showbiz023_0046_r02,showbiz_023,Chị Thơm ngta đăng ký kết hôn trước ròi mà. Là 'cưới' trên sự chấp nhận của 2 bên gia đình và pháp luật rồi. Chỉ chưa làm tiệc thôi,Trung lập,False,,
cmt_showbiz023_0046_r01,showbiz_023,Chị Thơm 😅 nếu thế bé Bo cũng vậy mà,,True,,
cmt_showbiz_004_0155,showbiz_004,"Vậy đó còn nhiều người thương cảm lắm , bán hàng chứa chất cấm , gây hại cho người mà thương xót . 🥲🥲🥲 mù quán gì là mù khu dữ dị k biết",Đồng cảm,False,,
cmt_showbiz018_0015_r26,showbiz_018,Minh Thư Trấn Thành - Hariwon nữa À Ngân 98 - Lương B Quang,Trung lập,False,,
cmt_showbiz_033_0002_r04,showbiz_033,Hayr Mai thuế  thì truy thu quan trọng là hàng bán ra như thế nào giả hay thật ??????? Phản ừng khách hàng ????,Cà khịa,False,,
cmt_showbiz006_0009_r16,showbiz_006,Thuỷ Tiên ê tính ra là nếu t là chó thì bản mặt m ngu hơn con chó luôn ă. T đặc tên gì thì kệ mẹ t .ảnh hưởng tới thọ dòng giống nhà m hả,Trung lập,False,,
cmt_showbiz_024_0019,showbiz_024,Chất xúc tác tạo nên cảm xúc,Trung lập,False,,
cmt_showbiz004_0008_r03,showbiz_004,Nguyễn Thắng Lợi họ cấm bạn dùng fb luôn cũng dc,Cà khịa,False,,
cmt_showbiz019_0181_r11,showbiz_019,Nguyen Huu Nhiem,,True,,
cmt_showbiz009_0005_r39,showbiz_009,"Thiên Hoàng chưa tới đoạn này, t hít thêm cho bổ phổi",Trung lập,False,,
cmt_showbiz030_0005_r09,showbiz_030,Mai Hoài Bảo ngu,,True,,
cmt_showbiz_044_0995,showbiz_034,"Ăn thua gì, nó rãi khắp nước Việt nam nửa rồi, con oanh chắc giữ vài nghìn tỉ nữa kìa",Trung lập,False,,
cmt_showbiz_004_0059,showbiz_004,Chú Quang đâu rồi,,True,,
cmt_showbiz020_1297_r01,showbiz_020,Dieu Thao uh sếp e,,True,,
cmt_showbiz_044_0004,showbiz_034,Vụ này và vụ Mr Pips tích trữ hàng mấy trăm cây vàng rồi bảo sao giá vàng trong nước cứ tăng vùn vụt,Cà khịa,False,,
cmt_showbiz_012_0046,showbiz_012,Toàn răn giả lươn,,True,,
cmt_showbiz009_0040_r11,showbiz_009,Sạp hàng xinh từ đợt quen con ngân st đã bị nói tính cách có vde r mà k riêng gì con kem đâu :)),Trung lập,False,,
cmt_showbiz032_0001_r07,showbiz_032,Thu Hà Ánh Quê đã có truyền nhân,,True,,
cmt_showbiz023_0003_r05,showbiz_023,Trang Tấmm là sao b,,True,,
cmt_showbiz_020_1775,showbiz_020,Bich Lan 2 chẹo dữ :)))),,True,,
cmt_showbiz_033_1978_r24,showbiz_033,"3000 nghìn doanh thu= 10% thì cũng chốn dc 300 tỷ, từ thiện 50 tỷ, 50 tỷ  abc vẫn còn 200 tỷ",Trung lập,False,,
cmt_showbiz_020_0710,showbiz_020,Mồm soen soét hàng thật,Trung lập,False,,
cmt_showbiz011_0027_r09,showbiz_011,Đặng Võ Huy Long tẩy Ko trắng nổi nhưng giờ có thêm thằng n bẩn hơn,Phẫn nộ,False,,
cmt_showbiz011_0046_r16,showbiz_011,Linh Anh ủa chứng tỏ thầy kia thầy lởm r cầu siêu r mà vẫn còn đây,Cà khịa,False,,
cmt_showbiz_043_1832,showbiz_033,Tiến Lý hay mua sũa canxi uống cho chắc xuống phải ko 😂😂,Trung lập,False,,
cmt_showbiz020_3215_r03,showbiz_020,"Kinh Điển cười người hôm trước , hôm sau người cười. Quy luật tự nhiên !",Trung lập,False,,
cmt_showbiz020_2614_r21,showbiz_020,Nàng Vui Nàng Đẹp thương cái mả mẹ máy,,True,,
cmt_showbiz022_0015_r04,showbiz_022,Nó còn uy hiếm đăng của 2 vợ chồng kìa…chị vợ có đăng đây mn Vân Vani,Trung lập,False,,
cmt_showbiz019_0002_r28,showbiz_019,"Bí Mật Showbiz công nhận vía nặng, đại sứ cho  tt gym, giờ bị bóc phốt phá sản, chơi chung với anh Nam, anh Nam đi tò, thêm cái kẹo này nữa",Cà khịa,False,,
cmt_showbiz_033_0001_r193,showbiz_033,Nguyễn Việt Tùng bạn làm như nhà nước thiếu tiền nên cần 3 đồng tiền bẩn của nó vậy á,Cà khịa,False,,
cmt_showbiz023_0002_r05,showbiz_023,Thiên Hạnh t 60kg ck t bế nhẹ tênh bạn ơi.,Trung lập,False,,
cmt_showbiz007_0052_r02,showbiz_007,Hoàng Nữ Diệu Hiền  Sợ quá đi thôi ,,True,,
cmt_showbiz_020_2548,showbiz_020,"Giúp đỡ người nghèo, có hoàn cảnh khó khăn ko phép nữa hả?",Trung lập,False,,
cmt_showbiz_033_1982_r15,showbiz_033,"Nguyễn Vũ Quân thế mà ko biết nó đã trục lợi đc bao nhiêu từ các bà các mẹ , làm từ thiện  một tí cũng thấm vào đâu",Trung lập,False,,
cmt_showbiz_004_0025,showbiz_004,Nuôi cho mập rồi thịt .,Cà khịa,False,,
cmt_showbiz004_0005_r11,showbiz_004,"Minh Trang Nguyễn dám nói xấu ba mẹ,ko gì 2 ac ko dám làm",Cà khịa,False,,
cmt_showbiz_029_0005,showbiz_029,Giờ lên tốp tốp là thành ca sĩ Hả ta😁😁,Trung lập,False,,
cmt_showbiz007_0051_r01,showbiz_007,Huỳnh Công Thảo hít chảy ke lun kk,,True,,
cmt_showbiz020_2829_r66,showbiz_020,"Kimchon Quân nhà giàu có cái cổng to
Nhà nghèo lại hỏi cổng to làm gì
Tâm lý của ông là thua thiệt, méo mó, cảm giác bất công. Cái lý sự cùn của ông nói cho trẻ con nghe đi. 😁😁😁",Trung lập,False,,
cmt_showbiz004_0002_r15,showbiz_004,"Vân Gấu nó bảo t nghiệp , caam miệng 🐕 lại. T vào cá nhân nó thấy nó bán giảm cân 🤣🤣🤣",Cà khịa,False,,
cmt_showbiz016_0007_r14,showbiz_016,"Trung Kon mắt có đờm à? =)) đọc kỹ lại đi, thằng nào bảo shisha là ma tuý?",Trung lập,False,,
cmt_showbiz_020_3363,showbiz_020,Đây mà có tiền nhiều như thế cũng xây nhá 😂,Trung lập,False,,
cmt_showbiz_010_0081,showbiz_010,Kim Khánh kkkk,,True,,
cmt_showbiz009_0021_r08,showbiz_009,Duy Nguyen thì mày hốt nó đi thằng fan ngu 😏 rác rưởi,Phẫn nộ,False,,
cmt_showbiz020_2452_r01,showbiz_020,Đinh Thị Huệ ghia quá,,True,,
cmt_showbiz_044_0779,showbiz_034,Cá mập nã đã bị cá voi sát thủ đẩy cho nổi bụng,Trung lập,False,,
cmt_showbiz_033_1975_r13,showbiz_033,Dũng Trần chuẩn chị nhi,,True,,
cmt_showbiz_033_0068_r02,showbiz_033,Dương Thanh Tùng chuẩn em ạ,,True,,
cmt_showbiz_033_1948_r78,showbiz_033,Hoàng Long mình cũng y vậy,,True,,
cmt_showbiz020_2267_r02,showbiz_020,Linh Chi Hà My ừ.giàu sơ sơ thôi.hẹ hẹ,,True,,
cmt_showbiz_033_1952_r31,showbiz_033,Nguyễn Thị Thu Trang 🤣 chỉ đc cái mà nói đúng..,,True,,
cmt_showbiz_033_0001_r199,showbiz_033,Hồng Chill bà nguyễn phương hằng đai gia cỡ nào mà bà lên mang nói đi tù như nào ?,Cà khịa,False,,
cmt_showbiz018_0044_r21,showbiz_018,"Hieu Nguyen Mắc gì gái thì không được bênh gái mà lôi cái nữ quyền ra đây vậy? Hay ý bạn là cha ĐL này éo sai gì hả, xem clip chả thì đủ để thấy ghét rồi cần j biết quá nhiều. Vậy bạn đàn ông đó vô bênh ĐL đi",Phẫn nộ,False,,
cmt_showbiz020_1370_r03,showbiz_020,Chi Yeu Minh Anh ui c ơi hú hồn đó c,,True,,
cmt_showbiz_020_0560,showbiz_020,Nếu như hắn dừng lại trước khoảng 1 năm thì,Trung lập,False,,
cmt_showbiz024_0056_r01,showbiz_024,Thảo Chu Mogridge love,,True,,
cmt_showbiz_020_0875,showbiz_020,Giàu bất chấp,Trung lập,False,,
cmt_showbiz_020_2851,showbiz_020,"coi thường tính mạng con người , coi thường pháp luật ,kiếm tiền cách lừa đảo thì chỉ vô tù bóc lịch thôi ,giàu nhanh chỉ có lừa, mới khoe đợt đi từ thiện ,",Trung lập,False,,
cmt_showbiz_043_1525,showbiz_033,Tươi quá :)),Trung lập,False,,
cmt_showbiz021_0026_r02,showbiz_021,Thiện Mán  thô nhưng đúng,,True,,
cmt_showbiz_004_0034,showbiz_004,Sao cả trăm tỷ míư bắt...,Cà khịa,False,,
cmt_showbiz_011_0110,showbiz_011,bao giờ mới cấm hết bọn này lên live mấy thứ vớ vẩn,Phẫn nộ,False,,
cmt_showbiz_020_1123,showbiz_020,Mình vẫn còn hóa đơn,Trung lập,False,,
cmt_showbiz_044_1861,showbiz_034,Kiếm tiền bằng sức lao động của mình là chân chính còn nếu lùa gà là bất nhân,Trung lập,False,,
cmt_showbiz_020_0652,showbiz_020,Hút máu mạnh quá,Trung lập,False,,
cmt_showbiz_012_0075,showbiz_012,Đang đóng phím mới mà,,True,,
cmt_showbiz_012_0133,showbiz_012,"Cái đáy tham vô tận đáng đời, hết đời luôn",Phẫn nộ,False,,
cmt_showbiz_044_2267,showbiz_034,Ếch chết tại mõm,Trung lập,False,,
cmt_showbiz_044_0424,showbiz_034,Nhều nhể,Trung lập,False,,
cmt_showbiz_044_0052,showbiz_034,Cháy nhà mới ra mặt chuột..🐀,Cà khịa,False,,
cmt_showbiz_020_2055,showbiz_020,Duc Duy Mai,,True,,
cmt_showbiz_043_0028,showbiz_033,,,True,,
cmt_showbiz007_0036_r06,showbiz_007,Công Đạt ,,True,,
cmt_showbiz008_0036_r02,showbiz_008,"mẹ Jack lên bài sẽ kháng cáo lên tòa ròi này, ảo thật, vừa xem bên Tin nóng 24/7",Trung lập,False,,
cmt_showbiz_044_1811,showbiz_034,Còn thằng hưng nữa. Mấy thằng mõm cho đi sạch,Trung lập,False,,
cmt_showbiz_044_0012,showbiz_034,"Mấy vị mà bỏ vk vì gái, bác nào cũng có cái kết đẹp",Cà khịa,False,,
cmt_showbiz_044_1216,showbiz_034,Thôi trả tiên dân đê,Trung lập,False,,
cmt_showbiz011_0049_r01,showbiz_011,"Bún Cá hpbd e pháo , chúc e mau bắn cho chí,t cdm thằng ml này trong thời gian sớm nhất",Ủng hộ,False,,
cmt_showbiz_034_2079_r08,showbiz_034,Thanh Trần chính xác a,,True,,
cmt_showbiz_024_0263,showbiz_024,càng người nổi tiếng càng phải làm gương cho giới trẻ,Trung lập,False,,
cmt_showbiz_020_2788,showbiz_020,Long Lương Lương Tú bị sờ gáy r,,True,,
cmt_showbiz_034_2097_r03,showbiz_034,Dương DK thế thôi à ???,Trung lập,False,,
cmt_showbiz_033_0001_r38,showbiz_033,Hùng Mộc Quyết còi cả nước biết mà đi tò như đi chơi,Cà khịa,False,,
cmt_showbiz_034_2072_r09,showbiz_034,Vu Son hóa ra nó là thằng bẩn nhất,,True,,
cmt_showbiz_043_0242,showbiz_033,"Mình chỉ là khán thính giả xa xôi , nhưng qua việc hh làm , mình thấy có tâm có ý nghĩa hơn nhiều trường hợp tham ô tham nhũng nhận hối lộ ... tiền đó nếu mang ra giúp đỡ nạn thiên tai dịch bệnh thì tháo gỡ đc phần nào cho nhân loại !!!",Trung lập,False,,
cmt_showbiz_006_0055,showbiz_006,Thư Nguyễn cb thành đóm big,,True,,
cmt_showbiz_011_0264,showbiz_011,Dễ cả cdm bị dắt mũi thôi . Loanh quanh mục đích cuối của nó lại là khác,Cà khịa,False,,
cmt_showbiz_020_2007,showbiz_020,Nguyễn Việt Kiểu,,True,,
cmt_showbiz020_0136_r04,showbiz_020,Quang Thịnh mh cũng nhìn mãi mới ra 😄,,True,,
cmt_showbiz011_0048_r06,showbiz_011,Hằng Thu vẫn thua hằng thu bảo yên hết 🤣,Cà khịa,False,,
cmt_showbiz_016_0051,showbiz_016,Long Bị Zucc Nguyễn Thanh Tâm,,True,,
cmt_showbiz_033_0001,showbiz_033,Với nhiều tiền thế thì vào tò cũng chỉ như đi nghỉ dưỡng thôi :)),Cà khịa,False,,
cmt_showbiz007_0026_r01,showbiz_007,Thanh Tâm bịa chuyện vch nhở,,True,,
cmt_showbiz_043_1896,showbiz_033,Ê sao giống nhau zạy kkk bà kia thì nụ cười tự tin ở khắp nơi kkk,Trung lập,False,,
cmt_showbiz_010_0001,showbiz_010,"Trước loạt hình ảnh đang lan truyền, nam streamer đã chính thức lên tiếng trên trang cá nhân.

Theo Phụ nữ số

https://s.biz.vn/7pioLbX",,True,,
cmt_showbiz_020_1042,showbiz_020,Hốc lắm thế,Trung lập,False,,
cmt_showbiz_044_2411,showbiz_034,Ếch chết tại miệng,Trung lập,False,,
cmt_showbiz_044_0689,showbiz_034,Tham thì thâm,Trung lập,False,,
cmt_showbiz_020_2727,showbiz_020,Lan Nguyễn,,True,,
cmt_showbiz_044_0115,showbiz_034,để bố hết nói phét,Trung lập,False,,
cmt_showbiz008_0003_r08,showbiz_008,An Le sao lại đẻ ra người kém hiểu biết như mày đc nhỉ,Trung lập,False,,
cmt_showbiz_033_1981_r13,showbiz_033,Chẩu Duẩn ối dồi ôi ! Bà chị chơi thân với tui cũng thần tượng con này lắm nên tui cũng chán k muốn nói chuyện đến con này k có lại cãi nhau . Thiệt tình tui k hề cảm xúc gì cái màn livetream khoe từ thiện của nó,Trung lập,False,,
cmt_showbiz_032_0135,showbiz_032,Hẹ…hẹ…🤣🤣🤣,Trung lập,False,,
cmt_showbiz018_0045_r20,showbiz_018,"Sương Trà :)) lúc ngta đọc được đạo lý, dạy đời người ta cũng khó chịu mà có nói đc đâu. Bởi ai nấy sống bớt dạy nhau",Cà khịa,False,,
cmt_showbiz_033_1749_r09,showbiz_033,Tuan Anh thì đó. Được 10 nó đớp 9 từ thiện 1 thì biết làm sao. Nhưng muốn fan của nó phải tĩnh táo.,Trung lập,False,,
cmt_showbiz_012_0208,showbiz_012,"Xin kim lý đưa con, vi có bầu thì không phải thi hành án",Trung lập,False,,
cmt_showbiz_004_0233,showbiz_004,Tuoi tre tai cao,,True,,
cmt_showbiz_020_2182,showbiz_020,Lieu Nguyen,,True,,
cmt_showbiz_033_0001_r181,showbiz_033,"Nguyễn Việt Tùng  chồng đi tù 7 năm nhưng thuộc loại lắm tiền nhiều của, vợ được cho vào cấp cho cho một phòng nấu nướng ăn ngủ nghỉ cho gần chồng cơ mới sướng",Cà khịa,False,,
cmt_showbiz_033_1940_r454,showbiz_033,Tuyền Văn Hóa mặt nó vẫn vênh váo lắm,,True,,
cmt_showbiz_018_0109,showbiz_018,Ly hôn giờ là trend sao á bay 😳,Cà khịa,False,,
cmt_showbiz_043_0729,showbiz_033,Đẻ nhiều 6 đứa con...,Trung lập,False,,
cmt_showbiz_044_0911,showbiz_034,Lúc này mặt sác hèn hèn ấy nhỉ,Trung lập,False,,
cmt_showbiz_027_0001,showbiz_027,"Trước những tranh cãi xôn xao mạng xã hội, Hoa hậu Tiểu Vy chính thức lên tiếng phản hồi.

Theo Đời sống Pháp luật

https://s.biz.vn/KOgzib1",,True,,
cmt_showbiz016_0002_r11,showbiz_016,Đặng Hưng còn chưa đến mức hình sự thì phong cái gì???,Trung lập,False,,
cmt_showbiz024_0008_r01,showbiz_024,"Nam Viet giống cầu thủ dùng doping thôi ,ko bất ngờ lắm",Trung lập,False,,
cmt_showbiz009_0002_r04,showbiz_009,Nguyễn Đức Ý hahaa,,True,,
cmt_showbiz_030_0246,showbiz_030,Ca sĩ... vải nhái....,Trung lập,False,,
cmt_showbiz_020_1755,showbiz_020,Sếp e manisaaaa,,True,,
cmt_showbiz011_0034_r01,showbiz_011,"Quynh Anh Nguyên cơ bản hắn có tiền, có fame. Cái mà các idol nữ tiktok cần để livestream bán hàng, quảng cáo. Chứ nhìn mặt ổng là đúng chất tiểu nhân mà.",,True,,
cmt_showbiz_043_0188,showbiz_033,Nhiều tiền lắm không sợ gì cả kể cả khung khoản nào đi chăng nữa thì em chỉ ngồi tong đó 2hoặc 3 năm em nó lại về thôi,Trung lập,False,,
cmt_showbiz_033_1952_r06,showbiz_033,Nguyễn Duy Hiếu sao giống mẹ mình thế idol của mẹ mình cứ khen nó ít tuổi mà giỏi thật,Trung lập,False,,
cmt_showbiz_043_1219,showbiz_033,Thì lấy tiền ra khắc phục hậu quả là êm,Trung lập,False,,
cmt_showbiz020_2144_r32,showbiz_020,Van Phong con hồn lằng đó hả,,True,,
cmt_showbiz_033_1981_r04,showbiz_033,Chẩu Duẩn giống mẹ mình khen miết 🤣🤣🤣🤣,,True,,
cmt_showbiz009_0009_r06,showbiz_009,"Tiểu Yun muốn gả cho đại gia mà bắt đại gia phải hầu phải nâng niu cưng chìu, có cl nè 🤡",Cà khịa,False,,
cmt_showbiz_033_1952_r37,showbiz_033,"Tuan Tran Minh tôi còn bị bọn trên mạng nó chửi, chúng nó bảo mày chẳng làm được gì chỉ nói xấu người tốt. Mà tôi thừa biết thực phẩm chức năng toàn thổi phồng công dụng, trước đây tôi có quen đứa chuyên đi làm về loại này nhưng sau nó thấy không ổn nên nghỉ. Nó tâm sự rất nhiều, toàn lừa đảo thôi chú ạ",Trung lập,False,,
cmt_showbiz_033_2008_r09,showbiz_033,Thu Huong Doi vô ở tù thay cho nó đi,,True,,
cmt_showbiz_020_1791,showbiz_020,Lên đĩa,,True,,
cmt_showbiz_044_1730,showbiz_034,Các cụ nói ko sai của thiên lại trả địa,Trung lập,False,,
cmt_showbiz_043_1285,showbiz_033,Thương,Trung lập,False,,
cmt_showbiz_012_0059,showbiz_012,Ko có gì ngoài Kim cương,,True,,
cmt_showbiz004_0005_r20,showbiz_004,"Phòng, chống ma túy - Công an TP. Hồ Chí Minh cán bộ đăng bài chậm mấy nhịp luôn í, lần sau cán bộ đừng để lỡ nhịp nữa nhen 😜😜😜😜😜😜😜😜😜",Cà khịa,False,,
cmt_showbiz_044_0028,showbiz_034,Người ăn ko hết kẻ lần chẳng ra giờ thì kêu ai,Cà khịa,False,,
cmt_showbiz_034_0340_r01,showbiz_034,Nguyễn Hạnh cái này làm từ khi chưa lyhon mà vk cũ phát tài gì🤣vk cũ nặnq vía vãi 🤣🤣🤣,Trung lập,False,,
cmt_showbiz_034_2070_r72,showbiz_034,Duy Son Nguyen Thằng Bình ngáo đá rồi,,True,,
cmt_showbiz_011_0094,showbiz_011,"bọn nó dùng truyền thông, pr bẩn ấy",Phẫn nộ,False,,
cmt_showbiz_020_3270,showbiz_020,Có câu giàu vì mồ vì mả mình có điều kiện thì cũng phải cho các cụ hưởng chứ,Trung lập,False,,
cmt_showbiz_020_1639,showbiz_020,Hoàng Minh Hằng,,True,,
cmt_showbiz032_0004_r03,showbiz_032,Nguyễn Tài Lực đc tung hô quá nên run cầm cập . Mà nhìn TH cũ kỹ rồi,Trung lập,False,,
cmt_showbiz_044_1721,showbiz_034,"Học càng cao hiểu càng rộng , thì ăn càng nhiều , dân ngu như mình , ít học ít hiểu thì có làm có ăn trên mồ hôi nước mắt của mình ,",Trung lập,False,,
cmt_showbiz014_0002_r10,showbiz_014,Nguyễn Khang thôi ông im mẹ đi .ông nhìn từ đầu tới chân coi hơn dc cọng lông đít n ta k,Trung lập,False,,
cmt_showbiz_033_0003_r70,showbiz_033,Đỗ Hiếu sợ thật_ nước xúc miệng bả nhập nghe nói có 20/1chai_ mà bả bán 99k 1 chai_ mà tối ngày tn đến là khách nước ngoài họ k nhận thưởng_ ac là người được nhận thưởng nếu như ac chỉ cần mua 1 cặp dầu gội là ac được nhận 1 chiếc xe máy_ may mình mua xong xem kiếm tra xong mình k nhận_ chỉ trả 30k ship cho shipping_ chứ toàn người nước ngoài họ trúng ngu gì họ k nhận thưởng bạn nhỉ_ người ta mà trúng thì gửi thưởng trả họ ai dại gì k nhận,Trung lập,False,,
cmt_showbiz_030_0141,showbiz_030,Ca sĩ dữ chưa 😆,Trung lập,False,,
cmt_showbiz_019_0141,showbiz_019,"Lời cảnh tỉnh, cảnh báo cho mấy người bán hàng giả, hàng kém chất lượng...",Trung lập,False,,
cmt_showbiz_017_0045,showbiz_017,Kịch,Trung lập,False,,
cmt_showbiz_020_0442,showbiz_020,Không biết đọc số thật 🥲,Trung lập,False,,
cmt_showbiz_011_0186,showbiz_011,Song vụ này mà nổi thỳ vụ 16tỏi là quên chắc luôn🐤🐤🐤,Cà khịa,False,,
cmt_showbiz019_0181_r30,showbiz_019,Phuong Uyen Nguyen Dang,,True,,
cmt_showbiz_020_3263,showbiz_020,Nếu là ng Huế thì xây lăng to là bt. Tối kỵ vs chả quật,Cà khịa,False,,
cmt_showbiz_044_1878,showbiz_034,Bế đi là vừa,Trung lập,False,,
cmt_showbiz_020_0495,showbiz_020,Ai dạy mình đọc số tiền với ạk 🫣🫣🫣,Trung lập,False,,
cmt_showbiz_020_1669,showbiz_020,Hạnh Hoàng,,True,,
cmt_showbiz025_0018_r05,showbiz_025,Phong Nguyễn 1 bài mà. Sẽ vậy,,True,,
cmt_showbiz_030_0060,showbiz_030,Mệt lol,Trung lập,False,,
cmt_showbiz_034_2078_r17,showbiz_034,Trịnh Ngọc Thụ bình thủy,,True,,
cmt_showbiz_004_0076,showbiz_004,😩 thua lun ngân 98 đã từ lau ngưỡng mộ va yêu quý e vi em giúp cho những mảnh đời bất hạnh 👍❤️điều này thật vui. Gio té ra em lam hàng giả để bán va giúp manh đoi bat hạnh thi đây ko phải là từ mồ hôi đồng tiền sạch của em mới quý ngân ơi 🙄😭hèn chi toàn thấy giàu nhanh la đây. Sợ thật 🤨🤨😡🇻🇳toàn hàng giả với những mõm ng đẹp la đây sau??.. thua🙄,Đồng cảm,False,,
cmt_showbiz019_0002_r24,showbiz_019,Bí Mật Showbiz ăn rau k biết chắc ẻ hơi thốn 🥲😪,Cà khịa,False,,
cmt_showbiz_021_0074,showbiz_021,Thủy Tiên biết ở đâu k,,True,,
cmt_showbiz018_0005_r10,showbiz_018,Phương Mai vẫn có nhưng không mạnh bằng CCC =)),,True,,
cmt_showbiz004_0001_r21,showbiz_004,J.ul ￼🫵🏻,,True,,
cmt_showbiz_024_0037,showbiz_024,"Công trí mà bị bớ thì đảm bảo là rung đông làng thời trang QT,toàn sao hang A như Rihana,adele...măc đồ của CT thiết kế.thực sự là tin này gây sốc toàn bộ showbiz Việt luôn.",Trung lập,False,,
cmt_showbiz_033_1940_r106,showbiz_033,Đàm Yến ido của các bà này,,True,,
cmt_showbiz_020_2891,showbiz_020,"Hoàng Hường bị bớ các mẹ các bà đã ăn không ngon ngủ ko yên rồi , Mailisa mà bị bớ nốt không biết các mẹ, các bà có vượt qua được cú sốc này không nữa.
Chúng ta cùng hát để cầu nguyện cho Mailisa nào:
Là lá la là la Sếp Lisa
Là lá la là la Sắp đi xa...🐧",Trung lập,False,,
cmt_showbiz_033_1940_r413,showbiz_033,"Lê Mỹ Duyên 
Xem thời sự VTV dành dành ra rồi mà vẫn nói là ảnh ghép chịu các người luôn.",Trung lập,False,,
cmt_showbiz018_0044_r09,showbiz_018,Lê Huỳnh Long tại nhìn nó thấy mắc ghét!,,True,,
cmt_showbiz022_0001_r10,showbiz_022,Bí Mật Showbiz :))) đọc đoạn cuối “ XIN LỖI VỢ CŨ VÌ NHỮNG HÀNH ĐỘNG SAI TRÁI CỦA EM “ ????? CỦA ANH CHỨ SAO LẠI CỦA EM =)))),Trung lập,False,,
cmt_showbiz_043_0334,showbiz_033,"Biết sao không. Họ cười vì họ quá hãnh diện và tự hào, khi mà mọi người đã bị đánh lừa bấy lâu nay đó.",Trung lập,False,,
cmt_showbiz_044_2202,showbiz_034,Chắc Xhác tính làm mẻ cá mới to hơn...,,True,,
cmt_showbiz_020_2677,showbiz_020,Nó chạy mất rồi,Trung lập,False,,
cmt_showbiz_020_0603,showbiz_020,Không trách bà ta giàu thế😂,Trung lập,False,,
cmt_showbiz_019_0279,showbiz_019,Tỉ Phú đông lào toàn tiếng trước tai sau..,Trung lập,False,,
cmt_showbiz032_0001_r08,showbiz_032,Nhật Thuận Nguyễn  thua xa quế anh,Trung lập,False,,
cmt_showbiz004_0089_r01,showbiz_004,"Huynh Huu Tuan Ngân bị bắt để lại cty Zubu cho LBQ lên làm GĐ, đổi tên thành cty Zutochaba nhé!",Cà khịa,False,,
cmt_showbiz020_2707_r01,showbiz_020,Ruby Nguyen nhứt nhứt cái đầu,,True,,
cmt_showbiz016_0033_r04,showbiz_016,Thái An Võ ông Minh thì nổi tiếng báo cand,Trung lập,False,,
cmt_showbiz_043_1217,showbiz_033,Khóc lên hình xấu nên phải cười thôi,Cà khịa,False,,
cmt_showbiz_018_0458,showbiz_018,T mún có ny để mặc đồ đôi https://s.shopee.vn/4pyir0RAI6,,True,,
cmt_showbiz_004_0092,showbiz_004,Vì tiền mà bắt chấp he luy hậu quả,Phẫn nộ,False,,
cmt_showbiz004_0012_r03,showbiz_004,Lê Thuý 🤭🤭🤭,Cà khịa,False,,
cmt_showbiz020_0559_r01,showbiz_020,Nguyễn Lĩnh Quá đẳng cấp,,True,,
cmt_showbiz_020_2155,showbiz_020,Phạm Dương,,True,,
cmt_showbiz020_2841_r19,showbiz_020,"Mei Mei bố tổ có tiền thì chỉ cần sống 20 năm là đủ đời người, vậy mày bất chấp đi để đc vậy loại người suy nghĩ như mày chắc hỏng loạn hết",Trung lập,False,,
cmt_showbiz_044_0755,showbiz_034,Chúc mừng em đi cướp của người ta,Trung lập,False,,
cmt_showbiz_018_0166,showbiz_018,Bị rảnh hả,Trung lập,False,,
cmt_showbiz_018_0444,showbiz_018,Tóm tắt,Trung lập,False,,
cmt_showbiz_043_0896,showbiz_033,Vì có phải nộp phạt xong thì tiền vẫn nhiều và mấy nay vẫn đc PR rầm rộ bởi truyền thông,Trung lập,False,,
cmt_showbiz_030_0061,showbiz_030,"Có vẻ hotlike.com.vn phù hợp với ai bán hàng nhiều nick MXH, không biết có chính sách đại lý hay không?",,True,,
cmt_showbiz_044_1317,showbiz_034,Nghiệp quật thằng sack lừa,Trung lập,False,,
cmt_showbiz011_0038_r05,showbiz_011,Bối Nhi ysl nhưng t.dục lại khoẻ hay gì nhỉ 😆 lạ ghê ý,Cà khịa,False,,
cmt_showbiz020_2526_r02,showbiz_020,"Khai Tran đừng coi thường mấy chị sồn sồn ở quê nhé! Quê t giờ các chị đi nâng mũi, gọt cằm sửa mí mắt, tiêm filler... loạn xị ngậu hết lên rồi. Còn rủ nhau đi như phong trào í, toàn đến các cơ sở rẻ tiền",Trung lập,False,,
cmt_showbiz_004_0173,showbiz_004,"chắc làm căng vụ n98 lên để cho cộng đồng mạng quên đi vụ hoàng hường để chạy án đây mà 
vì thì mấy cả tuần nay vụ hoàng hường im re luôn",Cà khịa,False,,
cmt_showbiz_044_2069,showbiz_034,:v khi bạn sống gí ra đèo thì năm nào cũng có thể là năm số 9 :)))),Trung lập,False,,
cmt_showbiz018_0048_r04,showbiz_018,"Minh Minh nói như ca nương Kiều Anh vậy, quan trọng là sự tự giác, chứ lớn cả rồi, ai rảnh đi quản :))))",Cà khịa,False,,
cmt_showbiz_033_1977_r02,showbiz_033,Thuy Vũ Đồ Si tui k hề có cảm xúc với chiêu trò từ thiện của cô ta nhưng có lần thử mua dầu gội nhưng rất đáng tiếc và thất vọng 😂🥲,Trung lập,False,,
cmt_showbiz007_0034_r08,showbiz_007,"Hải Linh lần sau cmt "" tôi bị ngu "" là được. Ko cần phải viết dài đâu.",Trung lập,False,,
cmt_showbiz020_0001_r12,showbiz_020,"Cục An ninh mạng và phòng, chống tội phạm sử dụng công nghệ cao Các bạn Công an việt nam vinh quang gáy cô em nữa đi a  Anh em luôn chiến các bạn đế cùng luôn a Anh cực giỏi chất kính yêu nhé nhé a NAM MO A DI ĐA PHẬT!",Trung lập,False,,
cmt_showbiz_043_1714,showbiz_033,Bốn cầu thủ xuất sắc đã được vào đá cho đội Juventus hot nhất lúc này đã mãi mãi không biết bao giờ mới được giải nghệ,Trung lập,False,,
cmt_showbiz010_0004_r02,showbiz_010,Dustin Chang số đào hoa đấy 🌚,,True,,
cmt_showbiz020_0002_r10,showbiz_020,Thúy Vân quảng cáo căng 52 sợi chỉ rồi mà như vậy á,,True,,
cmt_showbiz_033_1818_r02,showbiz_033,Đăng Linh 2100 tỉ,,True,,
cmt_showbiz_008_0345,showbiz_008,"Sai thì sửa , 5 năm vẫn bị chửi, bị rủa vẫn sáng tác tốt ra nhạc hay. Giờ cũng vậy mà rút kinh nghiệm hơn nha đừng diss anti hay 4 lào làm gì .",Trung lập,False,,
cmt_showbiz_033_1940_r113,showbiz_033,Tuyền Văn Hóa mình ko bg tin tưởng nó,,True,,
cmt_showbiz020_2841_r68,showbiz_020,Ngọc Việt Nam thế à,,True,,
cmt_showbiz020_2428_r03,showbiz_020,Dung Minh,,True,,
cmt_showbiz020_2832_r21,showbiz_020,Nguyễn Huy Hùng vào huế xem 100% lăng đều rồng phụng. Lăng từ 1 vài tỷ đến chục tỷ cũng có. Mà nó có nghèo đi đâu.,Trung lập,False,,
cmt_showbiz_044_1732,showbiz_034,"Lấy của người nghèo , mỗi người  Toàn mất tiền tỷ …",Trung lập,False,,
cmt_showbiz_004_0190,showbiz_004,Cán bộ cũng hóng hớt nhỉ 😂😂,Cà khịa,False,,
cmt_showbiz_033_0001_r118,showbiz_033,Trâm Bảo ca mời lên điều tra đối tượng đó là ai ở đâu...khai không đúng là cười ẻ.,Phẫn nộ,False,,
cmt_showbiz_034_0036_r06,showbiz_034,Tina Pham chuẩn,,True,,
cmt_showbiz008_0013_r02,showbiz_008,Phan Tiến Cừ thanh niên đen nhất showbiz 🤣,,True,,
cmt_showbiz009_0002_r17,showbiz_009,Phong Ngân cười vc,,True,,
cmt_showbiz015_0005_r25,showbiz_015,"Đạt Tóc Kira hả hê mà bạn, bọn lều báo vs anti nó tranh nhau đớp mà",Trung lập,False,,
cmt_showbiz016_0001_r13,showbiz_016,"Anh Minh Vu thì vốn lmj có
chủ yếu do ộ i i kể , có thật hay k còn chả biết v:",Trung lập,False,,
cmt_showbiz_020_3790,showbiz_020,nghe có vẻ hợp lý,Trung lập,False,,
cmt_showbiz024_0001_r04,showbiz_024,Trang Vo bắt quả tang mấy thằng tổ chức và sử dụng trái phép chất ma túy là không dân chủ hả con nghiện hahha,Trung lập,False,,
cmt_showbiz011_0040_r06,showbiz_011,"Mei Hario Trong nghề nó ko giống mình, với chả thằng cha này lúc chưa bị phốt thì ra vẻ trưởng thành đạo mạo, chững chạc, mồm dẻo nữa thao túng em nào cũng nghe. Con bé Pháo kém nó 15 tuổi đấy :) Bị nó dắt cũng dễ hiểu.",Phẫn nộ,False,,
cmt_showbiz020_0137_r02,showbiz_020,Lê Hương,,True,,
cmt_showbiz_004_0226,showbiz_004,Người vn hại người vn là đây nhé,Phẫn nộ,False,,
cmt_showbiz023_0003_r04,showbiz_023,"Hoa Nguyen chắc nó cần m thích,coi có ai thèm thích m ko mà mở mồm ra nói nvay😏",Trung lập,False,,
cmt_showbiz_011_0106,showbiz_011,Mấy cái bọn tầm phào. Live nhảm nhí,Cà khịa,False,,
cmt_showbiz_032_0255,showbiz_032,Việt Nam không thể có nhiều tỷ phú thì sẽ có nhiều hoa hậu cho xem. Để Mỹ và Trung Quốc nó ganh tị đều mà những siêu cường không thể nào có được như Việt Nam ta,Trung lập,False,,
cmt_showbiz018_0015_r05,showbiz_018,Ủa Sơn cụt tay hay gì mà phải mở hộ!,Trung lập,False,,
cmt_showbiz_020_1479,showbiz_020,Thuyền to sóng lớn,Trung lập,False,,
cmt_showbiz_004_0177,showbiz_004,"Em không hả hê cũng chẳng xót thương. Làm sai thì phải chịu trách nhiệm! 
Chỉ mong rằng tất cả mọi người thượng tôn pháp luật để đất nước được bình yên!!!
Còn câu cuối này em nói riêng với cán bộ. Cán bộ mà không rep em là em giận cán bộ tới kiếp sau.!!!",Ủng hộ,False,,
cmt_showbiz020_2614_r07,showbiz_020,Tuan Tran dạ. Mình dành rồi ạ ❤️,,True,,
cmt_showbiz_023_0121,showbiz_023,.,,True,,
cmt_showbiz_044_0009,showbiz_034,Chia bớt cho dân nghèo với ạ. Ôm mình chết có mang theo đc đâu.kkk,Cà khịa,False,,
