comment_id,event_id,text,llm_stance,is_trash,verified_label,notes
cmt_education011_0006_r01,education_011,"Nguyễn Dung Tiền bạc thay vì là phương tiện phục vụ cuộc sống đã trở thành mục tiêu tối thượng của không ít người.
Họ sẵn sàng đánh đổi mọi thứ, kể cả thân xác hay danh dự gia đình, chỉ để “leo lên” hoặc “được che chở”.
Đây không chỉ là sự đổ vỡ đạo đức cá nhân, mà còn là bi kịch xã hội, nơi mà sự trong sạch và lòng tự trọng trở thành xa xỉ phẩm.",tiêu cực,False,,
cmt_education_007_0358,education_007,Bài viết rất hay,rác,True,,
cmt_education007_0006_r02,education_007,Hoàng Dũng lên ti vi mà nhận,trung lập,False,,
cmt_education_011_0156,education_011,Thách bắt hết đc sâu công chức,tiêu cực,False,,
cmt_education_040_0043,education_040,thấy học tin là đúng,tích cực,False,,
cmt_education007_0071_r01,education_007,"Tùng Ân Khương bsnt thì có thể. ck1,2 thì không. Trình độ tiến sỹ k đơn giản để đạt dc.",ý kiến riêng,False,,
cmt_education_037_0003_r06,education_037,Phong Ba mọi năm DGNL lấy tận 70% quá vô lý,tiêu cực,False,,
cmt_education_007_0233,education_007,"Còn nhớ những kỹ sư điện, cơ khí ngày xưa học bên Liên Xô tới 6 năm, trình độ họ ngang với thạc sĩ ngày nay, thậm chí có những người giỏi ngang tiến sĩ nhưng họ vẫn là kỹ sư. Không thể lấy thời gian học ra để tính học vị được. Chỉ cần đãi ngộ xứng đáng cho những người giỏi nghề, học vị không quan trọng mấy đâu. Trường hợp cần thì nên bổ sung một số học phần, chuyên đề để họ đủ chuẩn thành ThS, TS",trung lập,False,,
cmt_education017_0042_r06,education_017,"Lynx Đặng muốn thì nghiên cứu chỉnh chu thôi, thi TOEIC cũng thi trên máy, nộp là có điểm liền",tích cực,False,,
cmt_education_017_0042,education_017,"Xin luôn á, tiếp tục làm trên giấy đi ạ",tiêu cực,False,,
cmt_education011_0001_r14,education_011,"Hoàng An chứ giờ nhân vật đó trường nói ko phải chức này ,ko phải người chức nọ thì ad phải cho họ 1 chức vụ chứ🤣.ai đời lại nói ko liên quan tới nhà trường mà lại chứa như nhà nghỉ vậy nhỉ.",trung lập,False,,
cmt_education_011_0215,education_011,Nhất thầy,tiêu cực,False,,
cmt_education_017_0066,education_017,Đã gọi là kỳ thi PTTH Quốc Gia mà lại chỉ thí điểm 1 số địa phương có đủ cơ sở vật chất? Mình thắc mắc đề thi trên máy và thi viết trên giấy giống nhau hay khác nhau? Cùng ngày hay khác ngày,tiêu cực,False,,
cmt_education011_0002_r26,education_011,Duy Thái z sao ông k rút thẻ nhớ. Hay là đã lưu trữ đám mây.,tiêu cực,False,,
cmt_education_020_0261,education_020,Không thể đoán trước thật,trung lập,False,,
cmt_education020_0010_r19,education_020,Vy Thị Vĩnh chúc mừng b vì có đk đầu tư cho con cái. Chúc mừng b vì có người con thông minh chăm chỉ. Tất cả nhg điều đó chỉ gđ b đc hưởng và b cũng k thể giúp nhg gđ k có đk đầu tư cho con và cũng k giúp đc số rất rất lớn hs chưa thông minh đc như con b. Nên cần khiêm tốn. Đó là điều có lẽ con b hiểu hơn b.,tiêu cực,False,,
cmt_education_020_0118,education_020,Chuyện bất cập vô lý vậy mà cũng nghĩ ra đúng là các vị học cao nhưng thiếu hiểu biết,tiêu cực,False,,
cmt_education_007_0006,education_007,"TH S,TS là học vị không được tham gia trị bệnh chỉ nghiên cứu k.học,giảng dạy,bên mỹ muốn trị bệnh bắt buộc phải nội trú 3,5,7 năm tùy chuyên khoa mới được gọi là (BÁC SỸ)",trung lập,False,,
cmt_education_011_0232,education_011,Bt thế ngày xưa chịu khó học giỏi thì giờ cũg thành thầy ông nội rồi. Cô mô mà không nghe lệnh là cho nghỉ việc kk,tiêu cực,False,,
cmt_education004_0008_r01,education_004,Nguyễn Hoài Thương chuẩn ạ,tiêu cực,False,,
cmt_education011_0002_r01,education_011,The Next Face Vietnam  Vậy chưa rõ dì nữa trong trường mà còn vậy ở ngoài cỡ nào,trung lập,False,,
cmt_education_016_0022,education_016,Mong bộ tăng thêm cho các con thêm nguyện vọng. Phụ huynh rất happy để được đóng tiền tăng cơ hội cho các con.,tích cực,False,,
cmt_education007_0003_r05,education_007,Hoang Ho đúng rồi. Ai nói hay chứ cày k dc thì chỉ lý thuyết suông thôi. Dễ copy paste,trung lập,False,,
cmt_education_017_0240,education_017,chỉ giỏi hành hạ học sinh,tiêu cực,False,,
cmt_education020_0008_r04,education_020,"Một nhân cách khác toàn bọn ngu tiểu phấn hồng tự nhục với nhau, chứ đưa đề Toán này cho bọn lớp 12 Trung Quốc chúng nó khóc như chó ngay.",tiêu cực,False,,
cmt_education007_0003_r11,education_007,Tran Xuan Khoi bác nói chuẩn lê duẩn,tích cực,False,,
cmt_education015_0001_r01,education_015,TIỀN GIẤY VIỆT XƯA tưởng thành lập để đưa được những gì mẽo ấp ủ nhưng ko ngờ ông VN ông đọc vị được hết nên thấy khó gặm đành rút lui thôi kkkk,tiêu cực,False,,
cmt_education011_0009_r03,education_011,Nguyễn Sinh bị chơi r,trung lập,False,,
cmt_education_007_0369,education_007,Rất rõ ràng!,rác,True,,
cmt_education_020_0084,education_020,Cái gì đã qua chỉ có rút kinh nghiệm là xong buồn quá,trung lập,False,,
cmt_education_011_0323,education_011,Thầy này chắc học chung với thầy ông nội wá,tiêu cực,False,,
cmt_education004_0001_r01,education_004,Nhung Giang chấm để bình luận này lên top,tích cực,False,,
cmt_education_017_0551,education_017,"Giống thi kết thúc học phần 1 số trường đại học đó :))
Làm như này thi trắc nghiệm xong bấm nộp bài cái nó hiện 2,45 🌝 về mất tinh thần luôn méo thèm học bài cho ngày mai luôn quá :))))",rác,True,,
cmt_education_018_0180,education_018,Trường K mới xây xong dời đi làm thành cái cty cũng được,trung lập,False,,
cmt_education_039_0080,education_039,Nguyễn Băng :))))))),rác,True,,
cmt_education_011_0021,education_011,Đạo đức !,tiêu cực,False,,
cmt_education004_0003_r01,education_004,Nguyễn Văn Minh An Ninh mạng điều tra ra hết bạn ợi....,trung lập,False,,
cmt_education_017_0464,education_017,Thi máy tính cho dễ chỉnh sửa ạ,ý kiến riêng,False,,
cmt_education_005_0226,education_005,Chắc k học thêm nhà cô 😏😏😏,rác,True,,
cmt_education018_0060_r30,education_018,"Mốt ra bờ ra bụi ở nhé đừng vào mấy chỗ có các ac trường t xây, đm đéo bt thì cứ mõm trường Xây cấp đất thì rộng tận ra ngõ 75 nhưng nhà dân bên đấy tranh chấp với trường, không sổ đỏ bị sang tay quá nhiều nên chưa đòi được. Mẹ thằng đbrr lo học đi chắc gì đã vào được trường tao, mà vào được chắc đéo gì được ra trường",trung lập,False,,
cmt_education_007_0240,education_007,Chỉ ngành Y họ sẽ biết trình độ đẳng cấp,trung lập,False,,
cmt_education009_0001_r21,education_009,"Ngoc Vuhuu vâng mn đag mog trẻ em đc dạy phản biện, đc nêu ý kiến, đc cãi thì nhà đag bắt con ""ngoan ngoãn, nghe lời, cấm cãi lại""",trung lập,False,,
cmt_education009_0020_r01,education_009,"Hòa Hippi chính xác, cái đám bạn cùng lớp mới tệ. Không có tính đồng loại, không biết bảo vệ bạn, không biết rõ đúng sai",tiêu cực,False,,
cmt_education_007_0045,education_007,"Bộ GD đào tạo cả CA, quân đội luôn đi",trung lập,False,,
cmt_education_039_0016,education_039,Thôi em nhập học trường khác luôn r,tiêu cực,False,,
cmt_education018_0004_r10,education_018,CharmingOlive2713 m xem quy mô cái chỗ lừa đảo đó liệu có đủ to đủ tiếng tăm mà đòi giữ lại đó không,trung lập,False,,
cmt_education_017_0622,education_017,Y như thi bằng lái xe 😱,trung lập,False,,
cmt_education_039_0059,education_039,Quoc Kiet sao rồi em,rác,True,,
cmt_education017_0018_r02,education_017,Minh Phan Hoang má bé giờ mới có người nói thi trên máy tính onl =)).,rác,True,,
cmt_education_011_0442,education_011,Có mỗi con C U ko quản lí đc đòi quản lí cả một ngôi trường.,tiêu cực,False,,
cmt_education007_0001_r14,education_007,"Nhân Cách Khác ò, vậy bạn đi học y đi rồi hiểu tại sao người ta đòi ck1, ngang ths và ck2 ngang ts, còn ts giáo viên hạng 3 lại ko bằng, cứ đi học, đi làm đi rồi khắc hiểu",trung lập,False,,
cmt_education_011_0100,education_011,"Đầm đen, Đầm trắng,bún, phở dâng tận mồm,thay đổi món liên tục ,a ri về nhà thấy cơm chắc ngán lắm nhỉ.",tiêu cực,False,,
cmt_education018_0060_r17,education_018,WhiteNarwhal4614 chỉ có hs trường đó mới chửi trường thôi bạn,trung lập,False,,
cmt_education_015_0092,education_015,"Còn thằng FULLBRIGHT nữa , chờ xem co ông lớn nào sau lưng ko .",tiêu cực,False,,
cmt_education_011_0364,education_011,Coi phim heo hơi bị nhiều,tiêu cực,False,,
cmt_education020_0010_r03,education_020,Terry Liem tất cả đều phải đóng học phí cao kkk,tiêu cực,False,,
cmt_education_017_0043,education_017,Hòa Đặng chưa kịp hoảng đã tắt thở,rác,True,,
cmt_education_009_0092,education_009,Bản thân mất dạy còn đòi dạy người khác 😠😠😠,tiêu cực,False,,
cmt_education018_0002_r13,education_018,Hoàng Nam kích cầu đất Vân Canh 🤣🤣🤣,rác,True,,
cmt_education011_0087_r04,education_011,Hồng Hạnh tui chộ mấy bà tự dâng hiến đó chớ kk,tiêu cực,False,,
cmt_education_005_0067,education_005,Đã thiếu rồi thì k đủ dc đâu. Liệu những giáo viên như vậy đứng trên mục giảng có dạy hết khả năng của mình k hay sẽ vì lợi ích cá nhân. Thể giờ mình dạy trò mong trò giỏi mình cũng dc tiếng thơm chứ. Ai đi sửa điểm thấp xuống ông. Thua luôn á,tiêu cực,False,,
cmt_education020_0016_r05,education_020,"Bình Thị Thanh Vũ : hehe, nó lội trên mạng xuống, đố mà nó giải đc ! Ko chừng nó quên copy cạch giải luôn! Chắc luôn!!",tiêu cực,False,,
cmt_education013_0018_r05,education_013,Jerry Jerry ai mà ngưỡng mộ bọn này,rác,True,,
cmt_education_009_0294,education_009,Giáo dục như thế này sao?,tiêu cực,False,,
cmt_education009_0027_r02,education_009,Là do chữ m xấu . Cô chấm điểm chính tả mà 😂😂😂,tích cực,False,,
cmt_education_038_0129,education_038,Ô nói trên bộ nhưng ô có về địa pương cho họ vào công chức k nè nói k à,tiêu cực,False,,
cmt_education_017_0654,education_017,Nộp bài xong nhiều thí sinh không dám gặp cha mẹ hoặc ko dám về nhà,tiêu cực,False,,
cmt_education011_0001_r02,education_011,"hơn chục cô giáo và cả HS mặc đồng phục mà ,cứ cãi, sợ thật, vừa xem bên Tin nóng 24/7",trung lập,False,,
cmt_education_037_0009_r23,education_037,"Liên Phạm Bạn rất thông thái. Phần lớn mọi người comment học bạ tiêu cực, như thể học bạ tốt toàn do thầy cô tiêu cực. Mình chưa trải nghiệm hy vọng chỉ là số ít ngoài đời.",ý kiến riêng,False,,
cmt_education015_0001_r24,education_015,Mai Văn Hưng nghe nói về vấn đề tài chính.hoặc đó cũng là cái cớ.,ý kiến riêng,False,,
cmt_education_037_0002_r01,education_037,Nguyễn Zen đúng luôn. Lúc trước em cũng nghĩ là điểm học bạ ko công bằng nhưng khi con em học đến cấp ba thì em mới thấy là cả 1 quá trình gian nan mới lấy được điểm số cao,tích cực,False,,
cmt_education_017_0403,education_017,Lại bày thêm trò,tiêu cực,False,,
cmt_education020_0034_r01,education_020,Quách Thanh Tùng 1 thg học hùng vương 2013 cho hay t học ptnk nè ielts 7.0 vẫn khó nhé? m tuổi gì đem ra so,tiêu cực,False,,
cmt_education007_0006_r03,education_007,"Nguyễn ThanhLiêm mình hiểu câu chuyện đó. Vậy chuyên khoa cũng là học sau đại học, đi sâu vào chuyên nghành của mình, đặc biệt là phải có cchn trc khi nghĩ đến việc đăng kí thi, học ck1. Ck2 cũng làm nghiên cứu khoa học, bảo vệ đề tài. Nội trú thì càng không cần bàn đến, được coi là giới tinh hoa. Vậy đối với riêng nghành y, lấy cơ sở đâu cho sự chênh lệch quá lớn vậy.( Đó là mình chưa bàn đến chất lượng của đề tài đầu ra )",trung lập,False,,
cmt_education_039_0097_r11,education_039,"Thanh Thanh Nếu sau này Bộ vẫn không đồng ý theo phương thức tuyển sinh của trường thì những bạn đã đk sẽ như thế nào ạ.Trường chỉ nói miệng để trấn an chứ không hề đưa ra công văn gì cả. Và "" Thông báo từ trường không có giá trị pháp lý bằng kết quả trên hệ thống của Bộ""",tiêu cực,False,,
cmt_education_040_0050,education_040,Tuyệt vời,tích cực,False,,
cmt_education020_0002_r07,education_020,Ruby Bảo Ngọc cho làm độc Anh ko đã chóng mặt có mà ko dám làm toán luôn ý ạ,tiêu cực,False,,
cmt_education011_0001_r01,education_011,"The Next Face Vietnam hơn chục cô giáo và cả HS mặc đồng phục mà ,cứ cãi, sợ thật, vừa xem bên Tin nóng 24/7",tiêu cực,False,,
cmt_education_038_0049,education_038,tuyệt bời quá,tích cực,False,,
cmt_education_016_0070,education_016,"Mong Bộ cho thêm nguyện vọng, đặc biệt là nguyện vọng sư phạm ạ.",ý kiến riêng,False,,
cmt_education_007_0104,education_007,giá trị tương đương thậm chí cao hơn còn được,tích cực,False,,
cmt_education015_0001_r02,education_015,Thi Nga Nguyen chuẩn đó bạn giải thể thì địa phương lại được sở hữu công trình nhiều tỉ Mỹ chả dỡ mang về được hihi,tích cực,False,,
cmt_education007_0018_r03,education_007,Nguyễn Minh Thắng Theo hiểu biết của tôi và giải thích của tác giả: Hệ chuyên khoa đi vào ứng dụng điều trị sâu. Hệ thạc sĩ và tiến sĩ thì chuyên sâu nghiên cứu. Nếu tiến sĩ mà đã qua chuyên khoa II thì hoàn hảo hơn!,trung lập,False,,
cmt_education_020_0246,education_020,"Hai hôm nay, sau buổi thi Toán và Tiếng Anh, nhiều thí sinh ""sốc"" vì đề khó hơn nhiều so với đề minh họa mà Bộ đã công bố cuối năm ngoái.

Với đề Toán, thí sinh kêu dạng trắc nghiệm trả lời ngắn quá khó, đề thi dài, có câu không chỉ kiểm tra kiến thức Toán học mà còn thử thách cả kỹ năng đọc hiểu. Một số em khẳng định ít gặp những bài dài với nhiều dữ kiện phức tạp như vậy. Nhiều giáo viên có nhận định tương tự.

Ở môn Tiếng Anh, không ít học sinh đạt IELTS 7.0-7.5 bất ngờ với đề thi. Theo các em, đề dài, nhiều thuật ngữ học thuật, xa vời với học sinh THPT. Có giáo viên trường chuyên cho biết tổ giải đề của trường cũng phải ""toát mồ hôi"" và đánh giá đề thi hợp với thí sinh thi chuyên Anh hơn thi đại trà như tốt nghiệp THPT.

Ông Hà cho biết độ khó đề thi là điểm đã được ban chỉ đạo cấp quốc gia trao đổi, quán triệt trước khi công tác làm đề thi diễn ra.

""Quan điểm chỉ đạo là đây là năm đầu đổi mới nên việc thay đổi trạng thái không đột ngột, trong đó có cả độ khó của đề thi"", ông nói.

Để làm được điều này, Bộ đã ban hành cấu trúc, định dạng, đề tham khảo thi tốt nghiệp THPT, nhằm giúp học sinh quen với cấu trúc, giáo viên có định hướng ôn tập. Bộ cũng tổ chức thử nghiệm đề thi diện rộng ở cả ba miền, qua đó đánh giá khả năng đáp ứng của học sinh, nhằm đưa ra điều chỉnh thích hợp.

Về phản ánh đề Toán, Tiếng Anh có độ khó cao hơn đề minh họa, ông Hà nói ghi nhận để xem xét, sau khi hoàn thành khâu chấm thi.

Theo ông, điểm khác biệt lớn nhất của năm nay là ma trận đề thi được sinh ngẫu nhiên trong quá trình làm, thay vì có từ trước như những năm qua.

""Theo ma trận cũ, giáo viên và học sinh sẽ biết chương này cần phải có câu này, từ đó định hướng cách học và ôn tập. Nhưng năm nay, điều này không còn"", ông cho hay. ""Ma trận sinh ngẫu nhiên nên đề có thể gộp chủ đề này với chủ đề khác, cấp độ câu hỏi cũng không cố định"".

Ông đánh giá cách ra đề này đảm bảo tính khách quan, vì người dạy và học không thể đoán biết từ trước. ""Đây cũng là cách để học sinh đảm bảo học thật, thi thật, không phải học ứng phó, lường trước các khu vực kiến thức quan trọng để tập trung học"", ông Hà nói.

Thứ trưởng Bộ Giáo dục và Đào tạo Phạm Ngọc Thưởng khẳng định sẽ tiếp thu các ý kiến về đề thi để làm tốt hơn trong những năm tiếp theo, trên nguyên tắc đảm bảo quyền lợi của thí sinh.

""Nếu nhiều thí sinh đạt điểm 9-10 nhưng không phải năng lực thật mà đề dễ thì có vui không?. Nếu nhiều điểm 6-7 nhưng là năng lực thật, thí sinh sẽ có bước đi đầy trưởng thành. Khi đó sẽ vui hơn"", ông nói.

Lãnh đạo Bộ cho rằng đề thi đánh giá được năng lực thật của thí sinh là theo đúng tinh thần của đổi mới căn bản giáo dục và đào tạo, chương trình giáo dục phổ thông mới.

""Quá trình dạy và học hướng đến đánh giá năng lực của thí sinh, để thí sinh biết nắm bắt, giải quyết các vấn đề trong cuộc sống"", ông khẳng định.

THEO VNEXPRESS",rác,True,,
cmt_education_038_0067,education_038,Hi vọng là làm đc,tích cực,False,,
cmt_education005_0011_r02,education_005,Gà Luộc Muối Ớt khổ bọn trẻ .,tiêu cực,False,,
cmt_education017_0007_r01,education_017,"Trang Thu đã thi đâu mà hỏi, tận 2 năm nữa, còn thay đổi với hướng dẫn nữa",trung lập,False,,
cmt_education017_0046_r01,education_017,Đồng Thơm mình thắc mắc là hàng ngày tụi nhỏ ngồi viết tay xong tới thi lại xài máy? Nếu xài máy thì phải trang bị máy cho tụi nhỏ học luôn hàng ngày hoặc ít nhất là vài ngày trong tuần rồi thi cử ở trường cũng xài máy luôn mới đúng.,trung lập,False,,
cmt_education_039_0001_r02,education_039,"Bella Le e có tên từ hôm 22/8 r ạ, nhưng đến sáng hôm qua thì k tra được nữa, nhiều bạn cũng bị giống em a",trung lập,False,,
cmt_education011_0004_r11,education_011,Vuong Lv phòng chủ tịch hội đồng quản trị mà,trung lập,False,,
cmt_education_037_0004_r03,education_037,Phuong Trang công bằng dữ chưa. Học tài thi phận người ơi. Bỏ đc thì tốt cho các bé,tích cực,False,,
cmt_education011_0095_r01,education_011,Vũ Tuấn ôg bị dở hoi ah.thế ko là phá vỡ hp nhà ng ta thì là ji,tiêu cực,False,,
cmt_education013_0006_r20,education_013,Ngọc Tú đc biết shark mở hệ thống giáo dục tiếng anh . mở 1 lúc toàn quốc. xong chưa tuyển sinh kịp thì Covid đến toang luôn :D,trung lập,False,,
cmt_education007_0046_r05,education_007,"Thu Hà Bạn đáng tuổi con Chú ấy đó. Nói sai lại nói to, chú ấy 1 cựu bs nội trú y HN , bs giỏi ở nhi tw, tiền bối hơn y hải phòng đó.",trung lập,False,,
cmt_education_011_0069,education_011,Tố cáo làm gì để người xử nặng nhất là người tố cáo =))),tiêu cực,False,,
cmt_education_007_0210,education_007,"Học vị phải chất lượng, đề tài toàn mua thì cũng như không, tiến sĩ phải thật sự tài giỏi có đề tài nghiên cứu hẳn hoi",tích cực,False,,
cmt_education020_0004_r30,education_020,TienTuyen Cao chuẩn,trung lập,False,,
cmt_education020_0004_r04,education_020,Dang Trung con tôi bảo đề rễ mà con làm được hết nhưng không biết có đúng không. Mẹ sốc toàn tập.,trung lập,False,,
cmt_education004_0003_r01,education_004,Mai Vũ năm nay nhiều biến cố với nhiều câu từ kb các táo lên kế hoạch tn đây,trung lập,False,,
cmt_education_037_0054_r03,education_037,"Lien Nguyen. Nếu thật sự giỏi, thí sinh không sợ bất cứ hình thức thi tuyển nào cả.",tích cực,False,,
cmt_education_013_0019,education_013,Xài hết 7000 tỷ ối đmmmm ông lên cung trăng sống à,tiêu cực,False,,
cmt_education_017_0616,education_017,"Tức là trước đây ngày kiểm tra là ngày vào đại lao chờ ngày biết kết quả là ngày xử trảm.
Thì bây giờ vào đại lao là xử trảm luôn 🤭",trung lập,False,,
cmt_education011_0020_r13,education_011,"Hồng Diệu  tại vì bố vợ ô í là ng sáng lập ra và là ng bỏ tiền xây cái trường này , ô í chỉ là bên quản trị thôi",trung lập,False,,
cmt_education015_0001_r20,education_015,"ví von thôi, chứ thực ra các bạn ấy ko học quốc tế nữa cũng ko theo kịp đc ctrinh của các bạn học trường làng cùng trang lứa",trung lập,False,,
cmt_education_017_0093,education_017,Thi xong chưa kịp sợ thì chết m* luôn 🫂,rác,True,,
cmt_education017_0048_r04,education_017,"Hương Tran Còn nếu như bạn nói thì Bộ nên set up là có 2 lựa chọn, 1 là nộp bài và biết kết quả ngay,  2 là thí sinh có thể nộp bài và thoát ra.",ý kiến riêng,False,,
cmt_education_011_0456,education_011,Máy cô kg chịu thầy làm đc j mà cứ trách thầy kg vậy cộng đồng,ý kiến riêng,False,,
cmt_education_009_0208,education_009,"Hình phạt thật kinh khủng, ám ảnh ntn vs e hs kia, bao giờ e mới quên đc. Và những bạn của e, thậm chí là bạn thân tát e những 10 cái chỉ để nghe lời cô. Bạn là tn sao? Huỷ hoại tất cả. Thật bức xúc quá.",tiêu cực,False,,
cmt_education011_0001_r06,education_011,Bình Dương 24H Choénn cả học sinh còn quayy lại luôn mà sợ thật vừa xem ở Báo Xã Hội 24h,tiêu cực,False,,
cmt_education_017_0388,education_017,Thi kiểu này muốn thí sinh Đăng xuất luôn hay sao.,tiêu cực,False,,
cmt_education_016_0054,education_016,Doan Ngoc Yen Nhi tag cho xem v thôi chứ mình k quen nhau nha,rác,True,,
cmt_education_019_0005,education_019,Hỏi HT là rỏ thôi.,rác,True,,
cmt_education011_0004_r41,education_011,"Vuong Lv vua chúa  ngày xưa  cũng đến thê  là cùng,,,,",trung lập,False,,
cmt_education011_0009_r04,education_011,"Ca Nhị làm chuần ai chơi lại,xui thôi chứ cơ quan  ban ngành nào chả có thể loại lưu manh núp danh trí thức nói đạo lý ra rã",trung lập,False,,
cmt_education_007_0005,education_007,"Thạc sĩ có 2 loại Thạc sĩ ứng dụng và Thạc sĩ nghiên cứu, như vậy thì CK1 tương đương ThS ứng dụng. Pháp luật quy định tính tương đương, thiếu học phần nào thì bổ sung cho nhau CK1-ThS rồi công nhận thôi. Có gì đâu mà cãi nhau mãi",trung lập,False,,
cmt_education_037_0307,education_037,đậu trước khi thi thì chả loạn 🥰,tích cực,False,,
cmt_education_017_0138,education_017,Thi phải đồng loạt mới công bằng chứ nơi làm nơi không vậy tội cho những đứa phải làm chuột bạch !!!!,trung lập,False,,
cmt_education018_0014_r05,education_018,"Le Minh Duc SV học ở nơi rừng rú, thành ng rừng, học xong có khi lại muốn quay về rừng ở. Kkk",rác,True,,
cmt_education020_0001_r49,education_020,Người tham gia ẩn danh 107 t là số ít dám học lại chương trình mới đây? BGD cho chọn mà,trung lập,False,,
cmt_education013_0003_r02,education_013,Toan le Minh Nguyễn Ngọc Khả Ngân,rác,True,,
cmt_education007_0006_r03,education_007,"So sánh bằng hay không bằng cũng khập khiễng lắm bạn. Cùng có kinh nghiệm 10 năm, một ông bỏ ra 2 năm học và 8 năm điều trị BN. 1 ông học 4-6 năm và bỏ ra vài năm làm việc lâm sàng. Thì ông nào hơn?",trung lập,False,,
cmt_education_018_0171,education_018,Ngon,trung lập,False,,
cmt_education_017_0457,education_017,t cắn lưỡi chết luôn này 😀,tiêu cực,False,,
cmt_education_020_0191,education_020,Vậy lúc trước mấy người học giả thi giả không hả,ý kiến riêng,False,,
cmt_education_007_0048,education_007,"xếp CKI = thạc sĩ, nội trú = thạc sĩ; suy ra nội trú = chuyên khoa 1",ý kiến riêng,False,,
cmt_education_009_0056,education_009,Kiểu này bạn t chắc t để nó tát lại gấp đôi thôi chứ ra tay sao nổi,trung lập,False,,
cmt_education_017_0206,education_017,Khuyến khích Bộ áp dụng ạ =)) 2k7 thi xong r nên Bộ ra đề khó hơn đi ạ🐧,tích cực,False,,
cmt_education_017_0073,education_017,Tr Ngân Lâm Ái Uyên Thúy Hằng í là trúng năm mình thi tốt nghiệp lun á 🥹🫩,rác,True,,
cmt_education_040_0107,education_040,Lên dành nhiều thời lượng chương trình hơn nữa cho giáo dục công nghệ thông tin  và ngoại ngữ vì nó còn giúp ích cho đời sống kinh tế sau này của trẻ.,tích cực,False,,
cmt_education_007_0206,education_007,Bác là đúng chương trình nào ra chương trình nấy. Mong rằng tiến sĩ phải thật sự chất lượng để cống hiến cho xã hội chứ không phải chỉ là tờ giấy.,tích cực,False,,
cmt_education_039_0071_r01,education_039,Minh Thư đột nhiên đâu ngta 900 điểm đó,tiêu cực,False,,
cmt_education_004_0088,education_004,Ăn cả mồ hôi công sức của sv,tiêu cực,False,,
cmt_education_018_0120,education_018,Thế thì ngon luôn trước mắt thì thông thoáng còn sâu xa thì kinh tế tụt dốc ko kịp phanh .,trung lập,False,,
cmt_education_040_0165_r01,education_040,Trịnh Hải Thùy dự kiến là dự bị. Chính thức lại PT luôn ấy chứ🤣,trung lập,False,,
cmt_education_014_0005,education_014,Đuổi khỏi nghành chuk ô nhục của nghề nhà giáo,tiêu cực,False,,
cmt_education_040_0091,education_040,Trộm vía cấp 3 k học tin mà học công nghệ công nghiệp:),trung lập,False,,
cmt_education011_0015_r02,education_011,Mỹ Phương vâng đúng là như vậy cái đó phụ thuộc vào bản chất và đạo đức của con người nhưng về khách quan thì ít nhất nó không có tình trạng xảy ra ngay tại vị trí làm việc như thế này!,trung lập,False,,
cmt_education_018_0107,education_018,Hợp lí hợp tình,trung lập,False,,
cmt_education007_0026_r02,education_007,"Nhất Đặng xin mời thi ĐHY HN chuyên ngành TMH :))) ck1 1 chọi 3,x Ths 1 chọi 1 😩",trung lập,False,,
cmt_education_011_0332,education_011,"Nhiều ông/anh chồng của các cô giáo, phụ huynh ko dám xem vì mong không phải vợ mình.",tiêu cực,False,,
cmt_education020_0011_r01,education_020,Người tham gia ẩn danh 721  em bạn thì được bao nhiêu điểm/ môn vậy ?,trung lập,False,,
cmt_education_020_0283,education_020,Giờ không biết học giả thi thật hay học thật thi giả =))))))),trung lập,False,,
cmt_education_039_0050_r01,education_039,Tôi Tên Quỳnh mình cũng bị y chang bạn ơi😭 trượt oan,tiêu cực,False,,
cmt_education_020_0115,education_020,"Năm sau rút kinh nghiệm ,2k7 kệ",trung lập,False,,
cmt_education020_0006_r18,education_020,"Tu Bui Thi Thanh khối A và A1 cùng xét tuyển như mọi năm là rất chênh lệnh nhau í, sao ở trên họ cố tình không hiểu điều đấy hay họ không có năng lực để hiểu nhỉ? Chán!",tiêu cực,False,,
cmt_education016_0067_r06,education_016,Thái Thành Những kẻ xài Nick ảo còm vớ vẫn chỉ là loại ngu lâu khó đào tạo!,rác,True,,
cmt_education_007_0194,education_007,So 1 ông thực hành và 1 ông nghiên cứu khập khiễng không. Đánh giá tốt nhất là từ người bệnh chứ không phải người trong ngành. Ngành nào mà chả có đố kỵ ghen ghét. Cãi nhau làm gì,ý kiến riêng,False,,
cmt_education015_0009_r18,education_015,Thanh Sam chung quy lại là nó khác nhau ở cái màu!,rác,True,,
cmt_education_004_0112,education_004,Còn trường nào nữa ko ạ. Cho các thầy tự nguyện,ý kiến riêng,False,,
cmt_education018_0014_r01,education_018,Thinh Phat Le cho hết lên khu hòa lạc tha hồ rộng lại gần đường cao tốc láng hòa lạc.,trung lập,False,,
cmt_education_037_0208,education_037,thi là công bằng nhất rồi ạ huhu,tích cực,False,,
cmt_education020_0003_r03,education_020,"Phạm Thanh Sơn mày có chữ để bình luận đây là nhờ ""bọn nó"" đó. Đồ vô ơn.",tiêu cực,False,,
cmt_education009_0046_r01,education_009,"thời đó chưa có Facebook, Internet có khi còn chưa phát triển mạnh nên có khi chuyện chẳng ai hay....",ý kiến riêng,False,,
cmt_education017_0002_r24,education_017,dễ chết :V,rác,True,,
cmt_education_009_0230,education_009,ở Việt Nam chúng ta bệnh thành tích nó còn nặng lắm. làm sao phải loại bỏ đc chúng ra khỏi xã hội. thì xa hội này mới phát triển đc..,tiêu cực,False,,
cmt_education_009_0244,education_009,Không có bất cứ lý do hay cái cớ nào đủ sức để bào chữa cho hành động vô lương tâm và bất nhân của cô giáo này,tiêu cực,False,,
cmt_education_037_0237,education_037,"Cũng toàn là từ Bộ GD ra hết , toàn là cái đám ăn hại , phá nát cái GD chứ ko xây thêm đc cái gì .",tiêu cực,False,,
cmt_education_017_0372,education_017,Thì xong phát trùng tăng luôn à :)),rác,True,,
cmt_education011_0001_r19,education_011,Ghê vậy á. Ông thầy này sao dụ đc nhiều PH vậy ta.,rác,True,,
cmt_education_037_0286,education_037,riết r cái gì cũng làm khó hết mốt nguyên nước có vài người đậu đại học,tiêu cực,False,,
cmt_education_005_0257,education_005,cô bị ngớ à,rác,True,,
cmt_education020_0004_r05,education_020,"TienTuyen Cao  thì vào cấp 3 còn căng hơn cả ĐH đấy nhé ,,nhìn HS học ngày đêm ,PH lo lắng mà cũng mệt theo ,",tiêu cực,False,,
cmt_education_037_0128,education_037,Đúng rồi nên tổ chức thi,tích cực,False,,
cmt_education_011_0291,education_011,Bàn làm việc của lãnh đạo trường học oách quá,tiêu cực,False,,
cmt_education007_0005_r01,education_007,Minh Thắng  quan trọng xếp nghịch lương đừng để thiệt thòi cho các cháu,trung lập,False,,
cmt_education011_0020_r12,education_011,Hồng Diệu trường tư chị,rác,True,,
cmt_education_015_0013,education_015,Hơi muộn nhưng may vẫn còn kịp!,tích cực,False,,
cmt_education_020_0324,education_020,"Đề toán ông thầy dạy giải tích tui còn kêu lên:""ối giồi ôi năm nay tụi nhỏ thi cái đề này á""
Còn đề anh thì người Tây nhìn vào chửi tiếng việt luôn 😆😆",tiêu cực,False,,
cmt_education_009_0038,education_009,"Khoa, Thọ, hên hổng phải con em, chứ mà là con em thì con đ* này chết mẹ với em rồi, đm đọc mà cay dùm th nhỏ",tiêu cực,False,,
cmt_education_040_0123_r01,education_040,Hà Kim Ngân hịi,rác,True,,
cmt_education017_0007_r12,education_017,"Thịnh Trần dc học máy tính ok, nhưng cả trường chỉ có cỡ 100 cái cho tất cả các lớp, đi thi tốt nghiệp k thể chia ca ra để thi dc. thứ 2 là hoc bt thì chỉ cần có mạng học, nhưng thi tốt nghiệp là cực kỳ quan trong, liệu có bị hack hay đảm bảo cấu hình máy để sử dụng k?",tiêu cực,False,,
cmt_education_011_0083,education_011,"Loại này mà làm hiệu trưởng thì hỏng cả ngành giáo dục. Nghe đâu tìm người phát tán video để xử phạt thì rõ pháp luật để trưng thật sự, người cần trừng trị là cái loại này. Phẫn nộ, quá phẫn nộ!",tiêu cực,False,,
cmt_education_017_0228_r02,education_017,Quyênn Quyênn gần sân bay là thi xog xklđ luôn r đó 😘,rác,True,,
cmt_education007_0002_r09,education_007,Đủ điều kiện được học còn khó 🤣,tiêu cực,False,,
cmt_education_017_0216,education_017,thi xong mỗi e 1 xe cứu thương,tiêu cực,False,,
cmt_education_037_0001_r06,education_037,Nguyễn Tấn Vân Xuân học bạ bị các th cô chủ nhiệm sửa muốn hết r trừ mấy điểm thi . Thôi dẹp học bạ cũng tốt tránh tình trạng ko đi học thêm bị đỳ điểm,tích cực,False,,
cmt_education018_0005_r04,education_018,"SereneWallaby8773  mình biết mà, mình joke thoi b oi😭 chứ mà chuyển máy móc từ txuan lên hola cũng ốm",trung lập,False,,
cmt_education_009_0051,education_009,Dm la con chau tao la chet me. Tao de ra tat vo mu lồn cho khỏi đụ luon,rác,True,,
cmt_education018_0002_r04,education_018,Người tham gia ẩn danh 494 cmt bị ng* là được:)),trung lập,False,,
cmt_education_017_0079,education_017,Aisss có thôi đi ko,rác,True,,
cmt_education_005_0184,education_005,Nghe bảo là ko học thêm cô cô đì đó:)),tiêu cực,False,,
cmt_education_040_0171,education_040,Lê Quang Định đại ca ý kiến lên bộ đúng hong,tích cực,False,,
cmt_education_011_0490,education_011,"Con sâu bỏ dầu nồi canh, lm ô uế cả ngành gd",tiêu cực,False,,
cmt_education005_0011_r03,education_005,Nói ra biết ngay là thằng ngu rồi. Đang dạy ở trường nào vậy?,tiêu cực,False,,
cmt_education_040_0001_r02,education_040,Bộ Giáo dục và Đào tạo,rác,True,,
cmt_education_017_0166,education_017,"Chưa kịp hoảng hồn vì đề thi thì đã chết vì kquả :)))
Bgd tâm lý ghê :))",trung lập,False,,
cmt_education011_0069_r01,education_011,Hương Hào công nhận thầy này tài,rác,True,,
cmt_education_017_0025,education_017,"Sao cứ thí điểm, cả thế hệ chứ đâu phải đàn chuột bạch, chuẩn bị thì kg ra gì tối ngày cứ làm đại rồi hậu quả là trẻ con chịu, một nền giáo dục tồi trên thế giới",tiêu cực,False,,
cmt_education_009_0273,education_009,Sao bọn này nó làm vậy k bị đi tù mà bị kiểm điểm k vậy,tiêu cực,False,,
cmt_education020_0006_r05,education_020,Huyền Mai vâng phụ huynh nào có con 2k7 mới hiểu độ khó và mở rộng quá ko nên có của đề kể cả toán . văn.anh luôn,rác,True,,
cmt_education017_0006_r05,education_017,Cuong Viet Chỉ người không chịu học là sợ thi trên máy trực tuyến thôi,tích cực,False,,
cmt_education_007_0010,education_007,"Sắp tới đề nghị bộ giáo dục nghiên cứu đào tạo thêm Giáo viên CKI, Giáo viên CKII… để khỏi phải quy đổi, sắp xếp gì cho mệt, hoà cả làng 😁",trung lập,False,,
cmt_education_009_0249,education_009,"Nên xem lại nề nếp của Trường, có đáng để đạt danh hiệu gì ko, vì 231 cái tát nó phải đi từ 10 cái, 20, 30, 50, 100, ...rồi mới lên tới 231cai, nghĩa là cả một thời gian dài mà sao nội bộ nhà trường ko biết.... Nguy hiểm thật, hay là vì chạy theo Thành Tich....căn bệnh nguy hiểm của a Thời đại",ý kiến riêng,False,,
cmt_education007_0004_r10,education_007,"Lê Đức Khiêm mày vô fb tao, thấy mẹ tao 85t, từng nhồi máu cơ tim mà giờ vẫn sống và khoẻ ko?",trung lập,False,,
cmt_education_009_0206,education_009,Cô giáo đó đã cho một minh chứng thuyết phục về ảnh hưởng của xã hội và nền giáo dục nước nhà,tiêu cực,False,,
cmt_education011_0014_r02,education_011,Tui thiệccccc🤭,rác,True,,
cmt_education015_0002_r22,education_015,Thang Tran thần đằng.. t nói so sánh môn tiếng anh với môn lịch sử.. m lôi cái trường vào lmj.. t chỉ so sánh 2 môn học còn trường t chả lq j,trung lập,False,,
cmt_education_039_0011,education_039,rồi cái số hotline em gọi 2 số cháy máy mà k bắt máy là sao ạ là mình tư vấn tuyển sinh chưa,tiêu cực,False,,
cmt_education_007_0099,education_007,"tôi đề nghị xếp lương riêng, chứ lúc nào cũng thấy kêu đặc thù",ý kiến riêng,False,,
cmt_education_007_0362,education_007,"Cảm ơn Em cho rõ ràng hơn là Khi nào cấp cái bằng khác với cái chứng chỉ là ở chỗ nào....
Bộ giáo dục quản lí khác với Bộ y tế chỗ nào 
Bác lương ở các bằng với chứng chỉ khác nhau không...
Cảm ơn mọi người nha",trung lập,False,,
cmt_education_037_0164,education_037,"Con tui học ngày học đêm để đạt học bạ loại giỏi. Bây giờ lại đòi bỏ xét học bạ? Mấy ông bà quản lý giáo dục thay đổi xoành xoạch như vậy thì trình quản lý của các ông quá kém, nên từ chức đi để cho tụi nhỏ được nhờ.",tiêu cực,False,,
cmt_education_017_0496,education_017,Thi viết vẫn tốt hơn,tiêu cực,False,,
cmt_education_017_0646,education_017,"Bán, mua, thay, luộc linh kiện pc rất vui mừng đc hợp tác với quý cơ quan có yêu cầu.hehehe",tích cực,False,,
cmt_education007_0002_r15,education_007,"Hoàng Mạnh .....xin cảm ơn bạn Hoàng Mạnh đã phản hồi bình luận của tôi ạ ! Tôi là bệnh nhân nên có lỡ lời bốc khoác một chút cũng chữa thể bằng các bác sĩ , thầy thuốc bấy nay họ bốc feet cả lý thuyết lẫn thực hành ạ ! Chắc độ khóc lác của tôi còn thua xa các vị được học 6 ÷ 9 năm có bài bài giảng giải đường hoàng ???  Thôi tập chung chuyên môn tôi sẽ hỏi những câu hỏi mà bệnh nhân hay hỏi để  các bác sĩ , thầy thuốc trả lời công khai trên công luận để mọi người cùng được biết nhé ! Nhớ là đừng im lặng không trả lời coi như chấm hết luôn khỏi đợi tới hạn chót 31/12/2025 : dạ dầy người có tiết ra được a xít hay không ? Đau dạ dầy có phải nguyên nhân do dạ dầy bn tiết dư a xít hay không ? Thuốc chữa bệnh đau dạ dầy bác sĩ thầy thuốc kê toa cho bệnh nhân uống hay tiêm có tác dụng chữa khỏi bệnh đau dạ dầy không ? Tại sao lý thuyết của y học hiện đại các bác sĩ vẫn nói : do dạ dầy bn tiết ra a xít khi tiết dư thì gây viêm loét và trào ngược dạ dầy , gây viêm họng , viêm xoang , ung thư vòm họng ! Một nghịch lý hóa  học khi viết ra đến trẻ phổ thông đọc câu văn cũng hiểu đó là điều không thể vì nếu dạ dầy tiết ra a xít để tiêu hóa thức ăn thì khi tiết dư a xít nó phải giúp cơ thể ăn nhiêyf và dễ tiêu hóa hơn cớ sao cơ thể người bệnh lại ăn không tiêu , chướng bụng , đầy hơi , trào ngược ra họng ????  Câu văn mà trẻ phổ thông cũng biét ngược , nghịch tai vậy mà thầy thuốc , bác sĩ học 6 năm ra lại nói như vẹt học nói mà không biết sai ?  Hay cố tình lấy tấm bằng doctor - bác sĩ để muốn nói gì thì nói , làm gì thì làm vẫn là bác sĩ ???",tích cực,False,,
cmt_education_005_0099,education_005,Rồi sao phải giấu tên cô giáo,trung lập,False,,
cmt_education_017_0691,education_017,Đến t thì chắc thi bằng máy lọc nước 😇,ý kiến riêng,False,,
cmt_education_037_0186,education_037,Nên giữ. Phải đánh giá và tôn trọng quá trình học tập của học sinh,tích cực,False,,
cmt_education_017_0334,education_017,Chán cái kiểu cải cách của bộ giáo dục này quá  .,tiêu cực,False,,
cmt_education_011_0461,education_011,Tội cho các anh chồng của những cô giáo viên,tiêu cực,False,,
cmt_education004_0001_r09,education_004,"Giàng A Say vấn đề là phải có đơn, có bằng chứng, đủ hiệu ứng nữa",ý kiến riêng,False,,
cmt_education_039_0009,education_039,"Nhà trường xem xét❌️
Nhà trường trấn an học sinh✅️
Chưa thấy cái gì đc giải quyết",tiêu cực,False,,
cmt_education_037_0088,education_037,"Thi là công bằng nhất , không thi điểm tốt thì rớt, bé nào có thực lực thì đậu",tích cực,False,,
cmt_education_011_0143,education_011,Thầy cô là người lái dò,tiêu cực,False,,
cmt_education_011_0435,education_011,"Ầy, cái mặt khầy rành rành trong cờ nhíp mà vẫn cãi đc. Botay",tiêu cực,False,,
cmt_education007_0007_r09,education_007,Bụi Trần một cái tên đã nói lên tất cả. Họ có trình độ “chuyên khoa” nghĩa là họ chỉ chuyên về 1 lĩnh vực cụ thể trong vô vàn lĩnh vực y tế mà,trung lập,False,,
cmt_education_009_0179,education_009,Bài viết hay quá chị oi! Cứ cho con mình nói lên quan điểm của bé . Ngoan ngoãn quá ko hẳn tốt đâu. Bé nhà e gặp trường hợp vậy cũng ko tát bạn và sẽ chạy ra khỏi lớp kêu gọi các cô giáo hoặc hiệu trưởng hoặc ra ngoài đường hô luôn á,tích cực,False,,
cmt_education002_0001_r01,education_002,Hocmai.vn THPT Xin cho em hỏi chứng chỉ Toeic có được cộng điểm không và được cộng bao nhiêu điểm ?,trung lập,False,,
cmt_education_011_0192,education_011,Thầy dạy thế này mấy e 12 tuổi đẻ là  đúng rồi,tiêu cực,False,,
cmt_education_038_0133,education_038,Chuyển hết sang dạy tiếng Anh khỏi nói tiếng việt luôn cho Phổ thông ạ,ý kiến riêng,False,,
cmt_education_037_0098,education_037,Bỏ luôn đi=))),tích cực,False,,
cmt_education_018_0064,education_018,Các trường ĐH ra khỏi nội đô .HN đỡ tắc đường..,rác,True,,
cmt_education_004_0145,education_004,"cả nghìn học sinh sinh viên, rồi bạn bè ở các trường khác kiểu gì cũng trao đổi, các bác này quản lý mà nghĩ chán quá, cái kim trong bọc có ngày vẫn lòi ra đây nguyên bó kim thì nó chả xổ ngay ra ngoài",ý kiến riêng,False,,
cmt_education015_0007_r02,education_015,"Bùi Mạnh Dũng nói rõ ra cháu, sao phải mập mờ :)",trung lập,False,,
cmt_education011_0003_r01,education_011,Trần Thanh Lâm bình luận hài hước rứa 😆,rác,True,,
cmt_education_039_0001_r05,education_039,Bella Le dạ em đang lên trường hỏi rùi ạ,trung lập,False,,
cmt_education_037_0242,education_037,"Giáo viên là người đầu tiên ủng hộ quyết định này, thông tin đã có từ 2 năm trước mà chưa thực hiện",tích cực,False,,
cmt_education_018_0239,education_018,"Không di chuyển được đâu,như FPT ở phố nào cũng có lớp học, như lớp mẫu giáo rồi 👁️⚖😬😬😬😬",trung lập,False,,
cmt_education_018_0070,education_018,"Nên vậy, thấy hs C3 vất vả quá",trung lập,False,,
cmt_education_018_0258,education_018,"Cho cả cao đẳng,trung cấp,nghề,bệnh viện lớn ra ngoài luôn",trung lập,False,,
cmt_education_017_0362,education_017,"Máy đơ,load chậm,mất kết nối",tiêu cực,False,,
cmt_education_017_0123,education_017,tiền sử bệnh tim rsao tr😭,rác,True,,
cmt_education_011_0107,education_011,Thằng này lại về trồng rau kiếm sống rồi,tiêu cực,False,,
cmt_education015_0007_r04,education_015,Bùi Mạnh Dũng bẩm sinh đã bị ngắn lưỡi à.,rác,True,,
cmt_education_004_0144,education_004,Đep mặt dữ! Cái lũ lang sói .,tiêu cực,False,,
cmt_education018_0011_r06,education_018,Tuấn Văn Nguyễn Mới khởi công tuyến metro Văn Cao Hòa Lạc rồi thì đi lại tiện quá,trung lập,False,,
cmt_education004_0001_r18,education_004,Giàng A Say chủ tịch nước còn bị cách chức thì k ai là k bị bắt đc bạn nhé cứ đầy đủ chứng cứ sai phạm thì ông giời cũng bị bắt,ý kiến riêng,False,,
cmt_education_018_0280,education_018,Nghe từ năm 2000 rồi,trung lập,False,,
cmt_education007_0003_r15,education_007,"Lương Tiểu Mai Xin cho hỏi “nội trú thì giỏi, nhưng lâm sàng không có bao nhiêu”  nghĩa là gì vậy ?",trung lập,False,,
cmt_education013_0019_r07,education_013,Trần Bình nó khôn hơn mấy con Di băng với nhân 98 đó,tiêu cực,False,,
cmt_education_020_0272,education_020,đề anh toàn từ vựng đâu đâu có trong sgk đếch đâu,tiêu cực,False,,
cmt_education_017_0439,education_017,Mạng lag 1 phát gọi cấp cứu luôn 🤣,tiêu cực,False,,
cmt_education018_0007_r01,education_018,Hai Nguyen quá chuẩn,trung lập,False,,
cmt_education004_0001_r41,education_004,Nhung Giang Viết ra note xong copy đúng nội dung vào bài cmt nhé . Chi tiết vào e nha,rác,True,,
cmt_education_017_0148,education_017,Thảo My thi xg kh cần chờ điểm nữa đột quỵ tại chỗ luôn,trung lập,False,,
cmt_education017_0002_r27,education_017,Thùy Vân Thuy Anh Tiết Trần Mai Anh Trương Quỳnh Hương Bảo Ngọc 🙂🙂,rác,True,,
cmt_education_011_0615,education_011,Ông này tần suất quá giỏi,tiêu cực,False,,
cmt_education004_0001_r01,education_004,Chuyển động 24h tuyệt vời ❤️các Chú Công An,tích cực,False,,
cmt_education_004_0039,education_004,Đó cứ bảo phát 2 lần đi,trung lập,False,,
cmt_education_038_0082,education_038,Cũng là đau đầu ra co các sv sp ra trường,tiêu cực,False,,
cmt_education_017_0171,education_017,Khoa cấp cứu quá tải luôn:)))),rác,True,,
cmt_education009_0027_r09,education_009,8 điểm đó là 8 điểm đẹp trai hoặc đẹp gái đấy :))),rác,True,,
cmt_education_037_0036_r01,education_037,"Đinh Hải Lý tôi cũng nghĩ vậy, cứ lấy đề chung cả nước loại ra là chuẩn nhất",ý kiến riêng,False,,
cmt_education_037_0273,education_037,Có hs không biết đọc biết viết cũng lên lớp phà phà. Học bạ vẫn điểm cao.,tiêu cực,False,,
cmt_education_005_0266,education_005,Cô gì kì z. Cô này thuộc cô hồn chứ cô giáo gì,tiêu cực,False,,
cmt_education_005_0043,education_005,Ko hiểu vì sao nữa trời. Điểm thi cao vậy mà sửa điểm cho thấp. Tại sao pải làm như vậy. Hay là ko học ấy ấy...... nên  mới làm như vậy. Tội cho học sinh,tiêu cực,False,,
cmt_education018_0017_r15,education_018,"Phạm Như Phi đặt mình vào vị trí ngkhac r mới khuyên a ạ. Sv nghèo họ lên hn nó mở mang nhiều ngoài học lămd a ạ, còn đi làm thêm đc chứ quê móc đâu ra a? nơi để học thêm cũng có như hn k a( trên này còn có các trung tâm nn) ch kể bbe học khác trg vẫn dạy cho nhau đc.e ở phố từ bé mà lên hn còn thấy cơ hội pt bản thân nhiều chứ ch nói gì các b ở vùng quê hẳn họ lên đây",trung lập,False,,
cmt_education_013_0011,education_013,Hóo Ng Hèn chi tiền xài phà phà kkk,rác,True,,
cmt_education015_0002_r29,education_015,Mày luyên thuyên gì vậy đồ ngu.mày đang bi bình luận bài viết gi vậy thằng cờ hó,tiêu cực,False,,
cmt_education_017_0597,education_017,Không còn tâm trạng hồi hộp chờ kết quả thi nữa,tích cực,False,,
cmt_education020_0002_r05,education_020,"Trần Đông Anh không nói riêng trường nào cả , chỉ nói về vấn đề bạn đề cập là trường tự ra đề tự chọn đầu vào thôi , việc mỗi trường tự ra 1 bộ đề rồi giải quyết đc vấn đề thi đã bất khả thi , ví dụ như giờ đổ đi thi BK hay Ngoại thương hết thì ai sẽ thi ở những trường còn lại , còn những trường còn lại phải vớt lọc thí sinh thi từ BK hay NT để cho vào à , khi mà mọi thứ bắt đầu mông lung thì tiêu cực , đi đường tắt xuất hiện đầy ra chứ sao",rác,True,,
cmt_education007_0005_r08,education_007,Nguyễn Quang Tráng  mình nói nhé ba đứa cháu mình dốt nên có bằng thạc sĩ nhưng không đạu BSnt.,tích cực,False,,
cmt_education_039_0058,education_039,Yến Nhi +1 nạn nhân,rác,True,,
cmt_education_020_0309,education_020,Minh họa cũng chỉ là minh họa thôi🍂 bộ đề chỉ mang tính chất minh họa,trung lập,False,,
cmt_education_039_0001_r01,education_039,Ngoc Thyy web trường có tên lâu chưa ạ ? Hiện tên bao lâu thì ko tra dc nữa ?,trung lập,False,,
cmt_education_037_0005_r07,education_037,Thu hương có rớt mạng với trường tư gửi thông tin trúng tuyển mà đã thấy áp lực thì sau này ra đời nó còn tỉ tỉ cái áp lực thì sao mà chịu nổi,tiêu cực,False,,
cmt_education_007_0071,education_007,"Học xong bác sĩ nội trú-30 tuổi lương vẫn 2,34!",tiêu cực,False,,
cmt_education_011_0075,education_011,Chắc nhân viên cay lắm nên làm quả này hốt cú chót,tiêu cực,False,,
cmt_education_037_0002_r16,education_037,"Nguyễn Zen Ko công bằng c ơi, trước đi học trường e thi c3 đầu vào điểm cao hơn trườg kia nhưng gv bên đó thoải mái hơn nên cho điểm hs dễ hơn, còn bên trường e gv kp ai cũng cho điểm dễ nên đương nhiên so học bạ thì ko bằng bên đó. Chưa kể đề trong quá trình học mỗi trường mỗi khác đề dễ thì điểm cao rồi còn thêm gv chấm nương tay sao công bằng chung cho tất cả được",tiêu cực,False,,
cmt_education_017_0364,education_017,Xe cấp cứ xếp hàng ở sân,rác,True,,
cmt_education_020_0017,education_020,Thi tốt nghiệp phổ thông tức là mức phổ thông thôi và kiến thức trong sách giáo khoa    Các thày đừng khoe chữ làm khổ các cháu.  Các cháu còn tiếp tục học nhiều  học học nữa học mãi.  Để thành công trong cuộc sống học chỉ là một yếu tố trong nhiều yếu tố tôi thấy lứa bạn bề chúng tôi học giỏi đa phânf chỉ có cuộc sống ổn định. Giàu có thuộc người năng động táo bạo.    Bầu đức nói.  Tôi có thể trả lương cho mâys chục giáo  sư. Nhưng điều ngược lại không làm được.      Các thầy nên xem lại,tiêu cực,False,,
cmt_education_018_0262,education_018,"Đại học QG Hoà Lạc, đất vô biên nên ưu tiên chuyển lên trước...",trung lập,False,,
cmt_education_017_0667,education_017,Phuong Nghi năm cuối thi giấy,rác,True,,
cmt_education_037_0091,education_037,Đồng ý ngay và luôn,tích cực,False,,
cmt_education_020_0257,education_020,"Vấn đề ở đây là học trên lớp, học ""căn"" theo sách giáo khoa, lấy sách giáo khoa làm chuẩn để làm gì??? Đúng kiểu ""học 1 đường mà thi 1 ngã"" 🫠 Bên cạnh đó, nếu dùng từ ""phân hóa"" thì dùng cho lứa 2000 trở về trước mới đúng vì khi đó thi tốt nghiệp và đại học tách riêng, thi TN phải xét mặt bằng chung, còn thi ĐH tất nhiên sẽ yêu cầu cao hơn rồi.",tiêu cực,False,,
cmt_education_009_0044,education_009,"Yêu cầu các phụ huynh của học sinh trong lớp đến tát lại cô, mỗi phụ huynh 10 cái.
Phụ huynh nào tát nhẹ, bị cô tát lại gấp đôi 😖",tiêu cực,False,,
cmt_education_011_0381,education_011,Thầy giáo ôm gái,tiêu cực,False,,
cmt_education_011_0050,education_011,Song Hỷ giống giống ai kkkk,rác,True,,
cmt_education007_0001_r15,education_007,"Vũ Thúy Nga ngành y là một ngành mang tính đặc thù,không thể đánh đồng và so sánh mọi chức danh của họ...ngay cả thời thế đào tạo cũng có khác nhau,thời trước BS sau khi tốt nghiệp ra trường làm thực hành trong các BV ít nhất sau 3-5năm mới được dự thi học trên đại học...,ngày thi(ngày bải vệ...)công khai có cả người thân bạn bè ngồi dự chứng kiến,nên giá trị cầm tấm bằng sau đại học nó khác.Còn XH hiện đại thì đầu vào thi kín,ngày bảo vệ tấm bằng sau đại học cũng kín,mà trong thời gian đi học sau đại học họ vẫn có mặt đi làm bt,thi thoảng mới có buổi đi học...nên hậu quả cũng không ít số BS cầm tấm bằng sau đại học ""hữu danh voi thực"",cũng là do XH thời 4.0 tạo nên họ một phần,ảnh hưởng đến tầm nhìn không thực chất khách quan...",trung lập,False,,
cmt_education_020_0063,education_020,Đề nghị bác lâm cho các bác bgd về,ý kiến riêng,False,,
cmt_education_037_0096_r03,education_037,The Mood hiccc . Minh dang phản kháng lai y cua mom kia c oi . C xem lai 🤣🤣🤣. Y cua em giong y c mà 🙂,rác,True,,
cmt_education_040_0104,education_040,t lạy 🙏🏻,rác,True,,
cmt_education_007_0228,education_007,Bác sĩ NỘI TRÚ là những người có tố chất:học giỏi hơn và phải thi đậu vào hệ nội trú. Sau khi thi đậu vào thì những bác sĩ đã tốt nghiệp cùng với các bạn cùng khóa thì họ HỌC VÀ LÀM Ở BỆNH VIỆN 03 năm liền. Chuyên môn của bác sĩ nội trú hơn hẳn thạc sĩ và tiến sĩ. Thành thật mà nói như vậy.,trung lập,False,,
cmt_education020_0030_r01,education_020,Hạnh Nguyễn với mấy bạn không có ielts thì 80% hơn nhau là ở khoanh lụi,tiêu cực,False,,
cmt_education_037_0002_r23,education_037,"Nguyễn Zen  Sao a/c ko nghĩ con của a/c học ko giỏi bằng con ngta rồi vô các trường thường gv cho điểm cao ngút trời để lấy điểm đó đi xét HB vào ĐH tư. Chứ còn con ngta học trường Chuyên lớp chọn lấy điểm 9 10 trong HB không dễ như con của a/c đâu. Nên đừng tưởng chỉ có con của mình cố gắng còn ng khác cố gắng gấp 100 lần thì mình ""giả vờ"" không thấy. Chứ còn đã giỏi thì phương thức nào cũng ko ngán đâu a/c ạ",tiêu cực,False,,
cmt_education_040_0064,education_040,"Vậy cũng cần phải có lộ trình, môn tin cũng phải là môn bắt buộc trong chương trình GDPT thì mới hợp lý vì rất rất nhiều HS cấp 3 đâu có được học Tin.",trung lập,False,,
cmt_education007_0002_r23,education_007,"Hoàng Mạnh .....cảm ơn bạn đã bớt chút thời gian bận rộn để hồi âm bình luận của tôi ạ ! Tôi là bệnh nhân , phải lao động kiếm sống như mọi người dân lao động vì không lương bổng chi hết ! Điều cần nous là các bác sĩ đã được học hành để có tấm bằng cũng rất vất vả nhưng không thể dùng tấm bằng che khuất việc làm chuyên môn mà phi chuyên môn được vì làm phi chuyên môn hoặc sai chuyên môn đến 180 độ thì đồng nghĩa các bác sĩ mượn danh ngành y để làm giặc y tế hay kẻ giết người bằng những viên thuốc hay mũi tiêm hoặc dao kéo thông qua nghề y  ! Vụ án thần y Hoa Đà của Trung Quốc bị chính bệnh nhân của oing xử chém đầu vì lạm dụng danh tiếng nghề y để mưu sát Tào Tháo mới chỉ lên phác đòi mổ sọ Thào Tháo đã bị Tào Tháo phát hiện và lệnh xử chém đầu ! Hoa Đà có oan hay không ????câu trả lời là không oan mà Tào Tháo xử đúng ngườu đúng tội làm gương cho thầy thuốc đời sau ! Bệnh đau đầu , bệnh nhức đầu , chấn thương sọ não và cả ung thư não rất dễ chữa chỉ cần vài tép tỏi giã ra và cài vào chân tóc khoảng 60÷90 phút là vài giờ sau bệnh biến mất cớ sao Hoa Đà vẽ chuyện mổ sọ Tào Tháo ??...",trung lập,False,,
cmt_education_007_0340,education_007,"Bài viết giúp cho nhận thức trình độ , cấp bậc ứng dụng trong y khoa chuẩn hơn : ❤️❤️❤️nv y tế nhiều !",tích cực,False,,
cmt_education_009_0202,education_009,"Nói tục là do trẻ bắt chước người lớn, chúng cũng chưa hiểu sâu sắc được những câu chửi, phải xem lại toàn xã hội, ở đâu cũng thấy có người chửi bậy",trung lập,False,,
cmt_education020_0004_r06,education_020,Trường Sơn Đường thì vào câp 3 căng hơn cả thi  vào ĐH đấy,ý kiến riêng,False,,
cmt_education017_0002_r66,education_017,"Anh Tuấn Triệu nhanh gọn lên, thấp thỏm làm gì. Đằng nào cũng chết🤣🤣",tích cực,False,,
cmt_education004_0001_r07,education_004,Nhung Giang lên. Kẩng lên .nhưng mà trung ương thì đeo dám bắt đâu. Cơ to quan hệ rộng đố ông nào dám bắt.,tiêu cực,False,,
cmt_education007_0063_r01,education_007,Ngô Thị Thu Hà thế bạn cũng mua đề tài à mà nắm rõ thế,tích cực,False,,
cmt_education007_0025_r02,education_007,"Hiếu Nguyễn Đức xin lỗi em tôi chi nói tren tinh than khoa hoc hoc vi hoc ham của Thế giới mà thôi, CK1, CK 2 cũng chỉ là một giai đoạn dao nghe thôi con ThS,TS mới là hoc vi nhé. Không khoe khoan bàn than tôi là bs CKI,CKIi, Ths,, TS nghành Ung thư và hien đang là bs TK ngoại 1 Benh ly Tuyến giáp bv UNb TP HCM , bạn có thể truy xuất thong tin của tôi trên Gôgle,  Youtube , cộng thống tin bv UB đều có.đều có",trung lập,False,,
cmt_education_017_0118,education_017,gõ phím mổ cò nào mới xong bài sốp ơi..,tiêu cực,False,,
cmt_education011_0004_r27,education_011,Nguyễn Đăng Tiến 🔥 thầy lên tjê'nq kìa mn ơii.. qa ho'nq đi mn ➡️ Nguyễn Thuận,rác,True,,
cmt_education_011_0575,education_011,Hồi xưa Thầy HT Tôi phải ngồi dưới ngọn đèn dầu để soạn giáo án còn giờ Ct ngồi phòng máy lạnh xàm sở PN hỏi sao giờ bạo lực học đường càng ngày càng man rợ,tiêu cực,False,,
cmt_education_011_0111,education_011,Tởm,rác,True,,
cmt_education_009_0085,education_009,Đay  là  h/ảnh  con  quỷ nữ  già biến hóa,tiêu cực,False,,
cmt_education_037_0182,education_037,Mong BGD bỏ hình thức tuyển sinh đại học bằng học bạ để có sự công bằng.,tích cực,False,,
cmt_education_007_0341,education_007,Bài hay dễ hiểu,tích cực,False,,
cmt_education007_0002_r28,education_007,"Vũ Văn Hiến .....hi...hi...nếu nói y học hiện đại là tiến bộ khoa học kỹ thuật tiến bộ tiên tiến thì hình như các thầy thuốc bác sĩ trong hệ thống y tế nước nhà đã ...xong phim từ 2005 rồi ạ !  Ngành y rất đơn giản và vô cùng đơn giản những ca bệnh phức tạp thù rất hiếm ví dụ như cặp song sinh dính nhau của cặp đôi Việt và Đức hay một vài ca khác hoặc một số ca bệnh quá nặng  , khối u quá lớn  hoặc cứu chữa tai nạn chiến tranh , tai nạn giao thông , thảm họa động đất hoặc các tai nạn khác thôi ! Bạn thấy tôi viết liền không cần ngắt câu  cũng thấy lạ nhưng thực tế thì không lạ ! Khi tôi quyết định thực hiện dùng tỏi chữa bệnh từ ngoài da lưng thì không có một tài liệu hay một hướng dẫn của thầy thuốc hay bác sĩ nào hết chỉ có một lần vào năm 2003 tôi bị gã xe máy do cán phải chó bàn chân trái bầm tím đen uống thuốc kháng sinh và xoa cồn không khỏi ngày càng xưng to càng chuyển màu xanh đen tôi nghĩ nguy cơ hoại tử rất cao có thể phải tháo khớp và bất ngiwf tôi nhớ đến việc cha mẹ hay dùng hành , tỏi đắp ung nhọt và thế là tôi giã tỏi băng vào chân rồi đi nghủ sáng dậy thì khỏi ngay từ đó tôi nhận ra tác dụng của tỏi chữa chấn thương thì siêu tuyệt vời ! Thế nhưng trong mình đa bệnh lý thì tôi không dám nghĩ tới vì chỉ nghe và thấy các thầy thuốc , bác sĩ nói và làm thôi đã thấy khiếp rồi mặc dù khoảng cách từ chân đến lưng thì không xa hoặc chỉ một động tác bôi tỏi vào lưng nhanh và dễ tôi cũng không dám vì chẳng biết liệu kết quả sẽ ra sao vì vậy mà mãi đến năm 2005 tôi lại bị các bệnh lý dồn đến dữ dội của đau tim bẩm sinh , đau dạ dầy mãn tính , suy phổi , suy thận , đau lưng mãn tính lại vào đúng 28 tết 2005 nghĩ bn ở viện còn được về ăn tết mình lại vào bv cấp cứu thì mất tết cả nhà trong khi 2 con nhỏ nơi ở lại mới đến hội đủ lý do để không vào bv vì vậy mà tôi nghĩ tới dùng tỏi chữa chấn thương bàn chân được lần này thử dùng tỏi bôi lưng xem kết quả ra mô ???? Nghĩ là làm và chỉ 1 phút 30 giây con tôi lúc đó học lớp 8 được giao nhiệm vụ làm thầy thuốc bất đắc  dĩ  là bôi lên lưng cho bố ! Bố không biết ngành y con cũng không nhưng pha kết hợp của 2 bố con quá đơn giản , quá dễ dàng lại cho ra moitj kết quả y khoa , ngoại khoa trên cả tuyệt vời là sau khi đắp thì con đi chơi vô tư vì nó cũng không biết gì ngành y nên bố sai thì làm không cần biết bố có làm sao không còn vợ tôi thì cho là vớ vấn không làm còn tôi thì đã làm thì không cần nghĩ ngợi chi nên rất thoải mái vô tư coi như mình quy tiên như mọi người bệnh âu cũng là quy luật có sợ cũng không thoát ! Thấy nóng da lưng thì dịu cơn đau bụng và chìm vào giấc ngủ tôi sẵn sàng chờ được gặp cõi tiên đến khi tỉnh dậy đúng 18 h 00 ngày 28 tết 2005 thì mở mắt ra vẫn thấy mọi thứ vẫn thế , vẫn nhà mình , vẫn vợ con mình , ngoài đường mọi người đi sắm tết vẫn tấp nập vui vẻ nhưng có điều lạ là bỗng nhiên thấy người nhẹ bẫng , bệnh tật khổ sở bấy nay không cánh mà bay sạch ! Mọi sự bắt đầu từ đây và bí ẩn y khoa cổ xưa  được trưng dụng trong tình thế bất đắc dĩ lại xuất hiện một cách bất nghờ và tuyệt vời đến mức trên cả tuyệt vời !",trung lập,False,,
cmt_education_011_0416,education_011,Rửa tay bằng ô mô nhưng quên chưa xả nước😀,tiêu cực,False,,
cmt_education007_0053_r09,education_007,Nguyen HLy  bs ckII làm trưởng khoa đầy kia kìa. Đa số con đường của tuyến TW sẽ là học ths rồi ai học ts hay ck2 thì học. Còn lên tới tầm  tuyến TW là ng ta có muốn học ts hay không thôi. Còn ai trong ngành đều biết lấy ck2 thì dễ  chứ lấy ts của các trường top là khó rồi.,trung lập,False,,
cmt_education_015_0025,education_015,Còn trường fun bò fun bê nữa. Bọn này mới đầu sỏ.,tiêu cực,False,,
cmt_education017_0005_r10,education_017,Thai Dinh chắc xe cấp cứu phải đậu sẵn trc điểm thi quá 😅,tiêu cực,False,,
cmt_education_018_0104,education_018,ko có danh sách à,trung lập,False,,
cmt_education_017_0299,education_017,thi xong các em ngất luôn thì sao ạ,tiêu cực,False,,
cmt_education_040_0176_r01,education_040,"Lan Anh cô Lan có thể giả bộ rủ em đi học lại đc 0 ạ , em hối hận rồi😔",ý kiến riêng,False,,
cmt_education011_0051_r05,education_011,"Thấy mệt mệt 
hơn chục cô giáo và cả HS mặc đồng phục mà ,cứ cãi, sợ thật, vừa xem bên Tin nóng 24/7",tiêu cực,False,,
cmt_education_017_0665,education_017,"Eo nói thật là mình ko ngồi lâu nhìn vào máy tính được vì mk sẽ bị mỏi cổ vai gáy vs mỏi mắt, may là lấy chồng đẻ con rồi chứ h thi máy tính kiểu này chắc mk chết nghĩa đen luôn á",rác,True,,
cmt_education_037_0282,education_037,Hợp lí,tích cực,False,,
cmt_education007_0008_r01,education_007,"Gộp vào, nghĩa là đào tạo thạc sĩ bao gồm cả phần thực hành (tức là cả phần chuyên khoa). Bởi vì đặc thù của nghề y là bác sỹ phải nghiên cứu trực tiếp trên cơ thể của người bệnh. Do đó phải đào tạo thạc sỹ về cơ chế bệnh sinh và phải thực hành trực tiếp trên cơ thể của người bệnh tại bệnh viện nữa. Như vậy, việc đào tạo thạc sỹ của ngành y là anh phải giỏi về lý thuyết, đồng thời phải chuyên sâu về phần thực hành, không thể tách rời là thạc sỹ riêng, chuyên khoa I riêng.",trung lập,False,,
cmt_education_009_0205,education_009,Ko dua be nao di hoc truong cong lap ma khong bi bao luc: bao luc ve tinh than va the xac. Nen hay day con KO IM LANG  KHI MINH HOAC BAN BE BI BAO LUC.,trung lập,False,,
cmt_education_017_0479,education_017,Biết điểm rồi cấp cứu tại chỗ luôn,trung lập,False,,
cmt_education_020_0021,education_020,"Đề toán là đề chống liệt chứ ko phải là chống trượt 
Nếu một người có học lực yếu, cần 5 điểm để tốt nghiệp thì họ phải:
 đúng hết 12 câu trắc nghiệm ( sai 1 câu -0,5)
Đúng sai mỗi câu phải làm đúng 3 ý",tiêu cực,False,,
cmt_education007_0012_r01,education_007,"Phan Dương THẠC SĨ:  Có thể thi  NGAY KHI  tốt nghiệp bác sĩ đa khoa. 

CKI  thi sau khi: 
- Tốt nghiệp bác sĩ đa khoa
- Phải thực hành lâm sàng ÍT NHẤT 12 tháng tại bệnh viện
- Thi  chứng chỉ hành nghề (CCHN)
Nhiều ngành còn cần thêm tối thiểu một năm kinh nghiệm sau CCHN. Tính ra gần 3 NĂM MỚI ĐỦ ĐK THI CKI

VẬY ĐỦ HIỂU 😄😄😄",tích cực,False,,
cmt_education_009_0253,education_009,Ko cần kiện cáo gì..cho nó 231 cái đấm vào mặt  lại để xem nó thế nào.. Cái loại Cô súc sinh... Vậy mà làm Cô giáo.,tiêu cực,False,,
cmt_education016_0001_r03,education_016,Bộ Giáo dục và Đào tạo Nguyễn Linh,rác,True,,
cmt_education_005_0313,education_005,Con quỷ chứ giáo viên gì,tiêu cực,False,,
cmt_education_011_0114,education_011,Loại chó  mất dậy,tiêu cực,False,,
cmt_education017_0006_r09,education_017,Lý Thảo  cuộc sống càng ngày sẽ càng phải thay đổi. ko chịu đựơc áp lực thì bị đào thải thôi,trung lập,False,,
cmt_education011_0011_r02,education_011,Nguyễn Thu Hiền ko ăn thua hẹ kkk,rác,True,,
cmt_education_007_0353,education_007,"Xin phép cười cái suy nghĩ này ạ. Bộ Y tế không coi THS, TS là chuyên khoa, còn bộ giáo dục không coi ck1,2 là bằng, chứ không phải so Ths, TS với bs, bsnt,ck1,2. Ths,TS thiên về nghiên cứu còn bs các loại thiên về khám chữa bệnh. Nếu một phương pháp chưa bệnh tốt không có  nghiên cứu công nhận thì mãi mãi phương pháp chữa bệnh đó cũng chỉ kinh nghiệm. Khi có được các nghiên cứu chỉ ra phương pháp đó chuẩn lập tức được áp dụng rộng rãi. Nhìn thấy vai trò của nghiên cứu chưa ạ",tiêu cực,False,,
cmt_education_009_0117,education_009,Dạy con chỉ nghe theo lẽ phải dù  bất cứ ai làm gì khg đúng mình có quyền phản đối . Chị khg bao giờ đánh con . Dĩ nhiên chị cũng dạy con khg cho ai đụng đến mình . Phải tự vệ dù trong hoàn cảnh nào . Sao bé kia chịu đứng im cho người ta tát như thế,trung lập,False,,
cmt_education_007_0221,education_007,"Bsck1,2 và ths, tiến sĩ là 2 hệ khác nhau nên ko xếp tương đương. Nếu 2 bộ linh hoạt thì muốn xếp tương đương thì phải bổ sung các học phần của nhau rồi cấp bằng. 
Còn riêng bsnt thì nên cấp cả bằng ths và ck1 vì họ học lâm sàng nhiều và cũng có làm đề tài. Như vậy đỡ thiệt thòi cho bsnt. Vì sau này bsnt muốn làm tiến sỹ lại mất công học ths à",ý kiến riêng,False,,
cmt_education_020_0148,education_020,"Đề thi xét tuyển tốt nghiệp đại học thì nên như thế là đúng, là chuẩn. K có gì là khó. Khó thì khó đều mới đánh giá được năng lực. 
Cả lớp 30-40 học sinh thì 95% là học sinh giỏi
Sau đó thi ĐH k tới 15đ ( 3 môn ) xứng không",tích cực,False,,
cmt_education_040_0143,education_040,Sửa lại cổng thanh toán di bộ ơi,tiêu cực,False,,
cmt_education_037_0078,education_037,Chúc mừng chúc mừng...,rác,True,,
cmt_education_005_0162,education_005,Đúng thì đi tù thôi teacher,tiêu cực,False,,
cmt_education_017_0199,education_017,Sáng kiến tuyệt vời đảm bảo công bằng cho hs.,tích cực,False,,
cmt_education_005_0288,education_005,"Chắc ko học thêm nhà cô ý, ko nói đến cô ấy,nhưg cháu t cũng từng bị như vậy.con về bảo làm đc bài nhưg kq thấp.sau phúc khảo bài thì từ 6.5 lên 9",tiêu cực,False,,
cmt_education007_0023_r01,education_007,Đỗ Minh Tâm,tiêu cực,False,,
cmt_education_017_0650,education_017,Chấm văn bằng AI :),ý kiến riêng,False,,
cmt_education_017_0468,education_017,Máy chấm chuẩn ko thiên vị,tích cực,False,,
cmt_education_017_0520,education_017,chắc là sẽ có thí sinh ngất luôn tại điểm thi,tiêu cực,False,,
cmt_education_017_0279,education_017,"Thi tiếng Anh thôi.mà tiếng anh có khi cũng chả ổn vì con mình làm nhiều trên máy có khi quên không chấm câu nó cũng đánh sai ý. Thi  văn gõ không nhanh thì quá thiệt thòi cho thí sinh. Toán lắm công thức lắm ký hiệu loằng ngằng hoc sinh ko học tốt môn tin thì có biết làm bài cũng ko biết gõ máy,...... Ảo quá ảo. Ko ủng hộ thi máy chút nào",tiêu cực,False,,
cmt_education_037_0223_r04,education_037,Huỳnh Thu Hà e thấy có nhiều bạn cấp 2 học rất dở nhưng vào cấp 3 các bạn lại học rất tốt ạ,trung lập,False,,
cmt_education_020_0067,education_020,"Bay gio bao cao gi nua , mong tat ca cac truong dh deu giam tu 3den 4 diem la duoc roi , hs moi co hy vong dau vao dh duoc",tiêu cực,False,,
cmt_education020_0015_r01,education_020,"Trần Thanh Huyền khéo đỗ đh năm nay chuẩn bị học tiến sĩ, giáo sư luôn 😀",ý kiến riêng,False,,
cmt_education_005_0189,education_005,"Cái gì mà la lùng vậy? Co giáo này có vấn đề rồi…nhà trường phải xử lý thích đáng, de phu huynh yên tâm chứ !",tiêu cực,False,,
cmt_education_018_0254,education_018,"Chuẩn, dịch chuyển ra ngoại ô khiến sinh viên sẽ giảm được nhiều áp lực, đặc biệt là tiền, giảm được áp lực giao thông, Ở nội đô chỉ để lại nghiên cứu, và doanh nghiệp là rất hợp lý, chính sách trên đảm bảo gần 100% ủng hộ.",trung lập,False,,
cmt_education020_0001_r37,education_020,"Người tham gia ẩn danh 282 t 10đ đây, mà đgnl t có 245 à, chắc bạn của bạn lụi giỏi lắm",tiêu cực,False,,
cmt_education_009_0049,education_009,"Mà nếu ai tội nặng nhất thì chính là đứa mách lẻo, not cô giáo",ý kiến riêng,False,,
cmt_education_017_0267,education_017,"T phản đối , phản đối kịch liệt ...",tiêu cực,False,,
cmt_education_020_0281,education_020,Rồi 12 năm học của tụi nhỏ học giả hết hay gì trời. Nhìn cái đề thấy tội tụi nhỏ luôn đó 🙏,tiêu cực,False,,
cmt_education013_0002_r01,education_013,Hóng Hớt Showbiz,rác,True,,
cmt_education020_0001_r26,education_020,"Người tham gia ẩn danh 158 dạ kính gửi vong vất vưởng ẩn danh 158, nếu như cậu không nói thì cg ko ai nói cậu bị câm đâu😝, với lại mik thà mua vui còn hơn bị ng khác nói mà hỏng bik dảnh cái lỗ tai lên mà nghe lại còn đi táp từng comment, thấy tội vl vì bị mất nhận thức 🐍",tiêu cực,False,,
cmt_education_011_0462,education_011,Nghe đồn chính tay này đem khoe chiến tích trong các chuyến tập huấn. Camera là do hắn cố tình lắp đặt.,tiêu cực,False,,
cmt_education_017_0507,education_017,Gia đình ở phía trước chờ bàn giao thi thể luôn 🤣,rác,True,,
cmt_education_037_0159_r03,education_037,Ánh Tiên xét học bạ dễ nó lấy điểm cao pl còn đ dc,ý kiến riêng,False,,
cmt_education011_0001_r02,education_011,"Bình Dương 24H ụa rồi kh phải giáo viên kh phận sự ở trong văn phòng chi cha? Sr mn đọc kh kĩ, chủ tịch trường kkkk",trung lập,False,,
cmt_education009_0027_r10,education_009,"Quang Minh  cô cho bạn kia 8 vì cô biết bạn kia chép bài bạn , cô trách bạn không cho bạn điểm cao vì bạn cho bạn kia chép bài , giúp bạn thì giúp mk , còn cho bạn chép thì tự chịu thôi",rác,True,,
cmt_education_015_0066,education_015,Hoan hô quyết định sáng suốt,tích cực,False,,
cmt_education_018_0042,education_018,Ủng hộ,trung lập,False,,
cmt_education_020_0221,education_020,"Các bác ở Bộ khẳng định là đề thi tốt nghiệp THPT  vừa rồi không nằm ngoài chương trình. Có nghĩa là theo bộ, đề không khó, mặc dù phụ huynh và học sinh than trời vì dài và khó, nhất là Tiếng Anh và Toán.",rác,True,,
cmt_education007_0005_r21,education_007,"Nguyễn Quang Tráng không biết bạn có trong nghành y không, chứ trong nghành y ai cũng biết BSNT là tinh hoa của nghành. vì điều kiên thi bsnt là phải là sinh viên tốt nghiệp loại giỏi, mà nếu loại khá thì phải gia đình phải có điều kiện dạng tóp. tui không nói Th.si dỡ hay giỏi, nhưng so với nội trú thì ai đã học y đều biết rõ thực lực 2 bên",tích cực,False,,
cmt_education020_0004_r06,education_020,Đức Trí Trần thay đổi cách xét hả b? Năm t thi ngành nào có nhiều khối thì đều có điểm chuẩn riêng cho từng khối,ý kiến riêng,False,,
cmt_education007_0007_r01,education_007,"Trúc Nhiên Luật giao Bộ y tế hướng dẫn và thực hiện ntn cho phù hợp và tương xứng với ngành mình mà . Ví dụ: học bsnt có đưa vào các học phần của Ths/ Ck1 để xét/ thi Ths/ CK1, vvv….",tích cực,False,,
cmt_education_009_0078,education_009,đây là cô giáo zụt đây. Hiệu trưởng đã xin báo chí không lên tiếng vì trường sắp đạt chuẩn quốc gia! Đm cái trường và ông hiểu trưởng.,tiêu cực,False,,
cmt_education018_0017_r12,education_018,"Su a hiểu quận ngoại thành với huyện nó khác nhau ntn k a? So thế cũng so. Khi mà nhu cầu cao thì giá nó cũng tăng a ạ, còn ăn uống giá nó chung r a ạ, nói như a sao thanh niên lên hn học để sau lập nghiệp trên này luôn, lương cao hơn, csong nó tốt hơn( bv tw, đông các cơ sở gd, nơi học thêm). Còn nếu quê có việc a về quê làm đi ở hn làm gì =))). Cái qtrong là lúc sv bọn e pt bản thân toàn diện hơn là mỗi học,còn có việc mà làm thêm chứ đi học k va vấp nó đần người tốt gì a, quê thì lương thấp việc thì k có.",trung lập,False,,
cmt_education_011_0026,education_011,phòng xịn thật,rác,True,,
cmt_education020_0001_r02,education_020,Weibo Việt Nam công nhận,tiêu cực,False,,
cmt_education_004_0129,education_004,Sinh viên đã không có tiền. không giúp được thì thôi còn ăn ..,tiêu cực,False,,
cmt_education017_0006_r02,education_017,Nguyễn Kelvin đó là ý tưởng hay đó bạn ko lo  phải thi nhau đi học thêm,tích cực,False,,
cmt_education_009_0133,education_009,GV MÀ VẬY THÌ KO BIẾT ĐƯỢC ĐÀO TẠO TỪ ĐÂU? KO BUỒN NÓI,tiêu cực,False,,
cmt_education011_0001_r10,education_011,"Kỳ Thư tại nào h chưa có nghe chủ tịch trường bao giờ nên nghe lạ quá, có chủ tịch phường thì biết kkk",trung lập,False,,
cmt_education_011_0179,education_011,Giáo ít dục nhiều,tiêu cực,False,,
cmt_education_017_0419,education_017,2009 làm chuột bạch 🤪Huy Gia,rác,True,,
cmt_education_017_0225,education_017,Vẫn lạc hậu đại học mình học đã áp dụng từ năm 1998 cho thi các môn học rồi,tích cực,False,,
cmt_education_009_0151,education_009,"Cũng vì thành tích, con bé mình làm sao đỏ phải ghi tên các bạn mất trật tự của lớp khác, bị cô chủ nhiệm lớp đó có hành động và lời nói rất khó chịu. Bé bị tổn thương về đến nhà gặp mẹ tu lên khóc. Nhỏ thì thế, lớn đi làm cũng ko dám đưa ra chính kiến vì sợ va chạm, một xã hội cúi đầu mang nhiều tổn thương",tiêu cực,False,,
cmt_education_038_0051,education_038,Lớp học NN nên giới hạn 20 hs bác ạ.,ý kiến riêng,False,,
cmt_education009_0050_r01,education_009,"Có nữa hả G, thảm hoạ...",tiêu cực,False,,
cmt_education_009_0217,education_009,Em xin phép share ạ :(,rác,True,,
cmt_education020_0006_r01,education_020,Nghĩa Hồ dạy giống thì ngta lại bảo lộ đề rồi ôn tủ thôi 🤣,trung lập,False,,
cmt_education_004_0146,education_004,Ngu nhất bây giờ mất hết,tiêu cực,False,,
cmt_education_017_0090,education_017,"Khó cho mấy em quá dạ, biết môn 1 xong mất hết tinh thần thi môn 2 thì sao",tiêu cực,False,,
cmt_education015_0002_r27,education_015,"Phạm Thị Huế tiếng Việt chưa chắc đã nói sõi mà đòi tiếng Anh, sử nhà chưa nhớ đòi nhớ sử ngoại, mấy chục năm trời đc cái đất Việt nuôi dưỡng mà tư tưởng đã bay sang tận Tây r thế thì hỏng.",tiêu cực,False,,
cmt_education007_0002_r27,education_007,"Hoàng Mạnh bảo ông ý vắt nước chanh cho ít đường vào cốc nước uống, không khỏi đâu nhưng mà nó Ngon 😂😂",rác,True,,
cmt_education_007_0052,education_007,"Cho mình hỏi, các chuyên ngành khác học ths, ts là để nghiên cứu về cái nghề đấy thôi rồi đi giảng dạy, chứ k phải để làm việc giỏi hơn à??? Học tập k phải để phục vụ làm việc à, mục đích chúng ta học tập k phải cuối cùng là để làm nghề sao?",ý kiến riêng,False,,
cmt_education011_0098_r01,education_011,Thược Quỳnh thầy thăng chức cho còn đòi gì nữa hiii,tiêu cực,False,,
cmt_education_037_0303_r01,education_037,Hùng NQ phải bỏ,tích cực,False,,
cmt_education_017_0522,education_017,Thế hệ tương lai thật khủng hoảng,tiêu cực,False,,
cmt_education_020_0018,education_020,Thương các con 2k7. Áp lực cho các con nhiều quá.,tiêu cực,False,,
cmt_education_005_0196,education_005,Có khi nào cô bị gài bẫy!!!,trung lập,False,,
cmt_education_018_0182,education_018,"cái cs chính bé như cái lỗ mũi mà xây hẳn cs 2-3 to tổ chảng:)
tuyệt vời quá mái trg em yêu",trung lập,False,,
cmt_education_005_0117,education_005,Ko học thẻm môn của cô nên cô dìm điểm cô có tâm ghê,tiêu cực,False,,
cmt_education_037_0072,education_037,Mình nghĩ xét tuyển IELTS chỉ nên là điểm cộng. Sẽ thật sự khó khăn cho các bạn ở vùng nông thôn để học IELTS để xét tuyển. Việc đổi điểm IELTS sang điểm xét tuyển ĐH thật sự đang rất là không công bằng.,trung lập,False,,
cmt_education_011_0519,education_011,Đi họp cho con tới gặp thằng này nữa thì bó tay quỷ gặp ma là vừa,tiêu cực,False,,
cmt_education_037_0299,education_037,"Cái bộ như trò cười, đổi rồi bỏ, như vậy mới đổi mới",tiêu cực,False,,
cmt_education017_0006_r25,education_017,Lý Thảo áp lực hay k nó ở kiến thức trong đầu học sinh. Kiến thức kém lại đổ cho áp lực à,trung lập,False,,
cmt_education_017_0428,education_017,Cảm ơn vì đã cho thí sinh đi sớm nhất có thể 🤣🤣,tích cực,False,,
cmt_education017_0002_r78,education_017,"Ta Nguyen tuỳ quan điểm thoi nà
  Hoan hỉ hoan hỉ 💗💗💗",tích cực,False,,
cmt_education_011_0382,education_011,Kiếp .nhục mặt với dòng họ.,tiêu cực,False,,
cmt_education017_0004_r03,education_017,Khánh Hân tử hình tại chỗ,trung lập,False,,
cmt_education_011_0005,education_011,Chỉ tay vào sau hậu trường thì hiểu rồi ae nhỉ,ý kiến riêng,False,,
cmt_education_037_0006_r04,education_037,vậy thì né mấy trường xét học bạ ra. Trường người ta có quyền tuyển sinh cho phù hợp.,trung lập,False,,
cmt_education_039_0087_r01,education_039,Trung Tín bởi buồn qa quay xe rồi💔,rác,True,,
cmt_education_020_0103,education_020,Đề tiếng anh đánh giá sự mấy rủi của hs,ý kiến riêng,False,,
cmt_education_005_0040,education_005,Không học thêm nó lạ vậy không riêng trường này đâu,trung lập,False,,
cmt_education_017_0518,education_017,Ác,rác,True,,
cmt_education_018_0020,education_018,Tỷ lệ sinh đang giảm mạnh. Ít nữa ko cần trường cấp 3 nữa đâu.,trung lập,False,,
cmt_education_004_0070,education_004,Đánh đổi cả sự nghiệp chỉ vì mấy đồng bạc. Đúng là tham thì thâm,tiêu cực,False,,
cmt_education018_0011_r06,education_018,Tiệm Tháng Năm xa thì thuê trọ.,trung lập,False,,
cmt_education_020_0127,education_020,"Một kỳ thi kinh khủng 
Của những sai lầm",tiêu cực,False,,
cmt_education_018_0041,education_018,Lẽ ra phải làm lâu r ==,trung lập,False,,
cmt_education018_0006_r28,education_018,"Lê Trần Bách chuẩn bạn ơi. gần khu trường mình là tổ hợp Cao - Xà - Lá, mới di dời gần đây cũng với lí do ""giảm áp lực nội đô"". Đường Tố Hữu thì đông kinh khủng khiếp rồi, giờ tổ hợp nhà máy dời đi lại có Vin nhảy vào xây vinhomes smart city, dự là sắp tới với vài nghìn hộ dân thì cung đường này còn chật chội hơn hồi còn tổ hợp nhà máy cũ. các bác đưa ra lí do nghe qua thì được chứ xét kĩ thì di dời đại học, nhà máy,... để đắp thêm chung cư thì cũng có giải quyết được gì đâu, thậm chí khổ hơn 🤧",trung lập,False,,
cmt_education_004_0089,education_004,"May quá, mình ra trường 13 năm rồi 🫣",trung lập,False,,
cmt_education_007_0137,education_007,Có lẽ nên cho bộ y tế quản lý hết tất cả bác sĩ lẫn sinh viên lẫn giảng viên để kiểm soát chất lượng chứ ri thấy không ổn,ý kiến riêng,False,,
cmt_education_017_0467,education_017,Bấm nộp bài cái xong gọi ng nhà khênh về luôn 😆😆,tích cực,False,,
cmt_education_039_0067,education_039,Hên t k bị sao Long Dollar ><,trung lập,False,,
cmt_education_020_0040,education_020,"Ô hay ,báo cáo song rồi giải quyết thế nào ,chắc là chốt một câu ...sẽ rút kinh nghiệm sâu sắc 
.",tiêu cực,False,,
cmt_education009_0032_r01,education_009,Nhan Dang dạ đúng chị ạ😂,rác,True,,
cmt_education009_0018_r02,education_009,Thủy Hoàng chuẩn ko thích con thành kẻ rình rập bạn bè,tiêu cực,False,,
cmt_education_011_0304,education_011,Như này càng có co gọi học sinh lên phòng hiệu trưởng uống nước che . Rồi bi để dọa  Vân Vân và mây 🌧️ học sinh thì sợ rồi thế  thì là mà ….,tiêu cực,False,,
cmt_education_037_0003_r07,education_037,Phong Ba cái nào mà chẳng phải học thêm mà thực với tế hả ông🤣,tiêu cực,False,,
cmt_education_040_0072_r03,education_040,"Hữu Ngân Đu đi em, nhanh còn kịp :v",rác,True,,
cmt_education_017_0431,education_017,Thì xong 10' sau đc kí nhận điểm luôn hợp lý 🤣,tích cực,False,,
cmt_education013_0006_r23,education_013,Bùi Tuấn Lực mình ko hiểu. Nếu mua BĐS nó còn độ sao vỡ đc bạn,ý kiến riêng,False,,
cmt_education011_0060_r03,education_011,Nunu Tong 🥲,rác,True,,
cmt_education020_0004_r28,education_020,"Đỗ Đức Dũng đề anh khóc mạnh hơn toán luôn ấy chứ =)) Toán cũng cũng chứ av thì như cái đề IELTS luôn, mà hầu như có ielts ngta đâu thi AV, ngta quy đổi điểm gần như hết r =))",tiêu cực,False,,
cmt_education_009_0312,education_009,"Kiểm điểm gì nữa,cho đi tù luôn đi chứ",tiêu cực,False,,
cmt_education009_0068_r01,education_009,"Em cũng đồng ý với anh Linh Bon, có rất nhiều bạn nhỏ không được để tâm nuôi dạy một cách đúng đắn. Nên mấu chốt vẫn là giáo dục từ trong gia đình.",trung lập,False,,
cmt_education_020_0076,education_020,báo cáo xong rồi sao- lại vừa sức,trung lập,False,,
cmt_education_011_0378,education_011,Thua thầy ông nội mỗi cái tên😡😡😡,tiêu cực,False,,
cmt_education018_0006_r06,education_018,Dương Dũng khi sv chuyển về đông thì mọi thứ cũng dần dần tăng lên thôi bác :) những khu có trường dh sẽ phát triển lên :),trung lập,False,,
cmt_education007_0003_r15,education_007,Phạm Tấn ông có phải là bs ko vậy ?,trung lập,False,,
cmt_education_009_0184,education_009,"Em cũng nghĩ nên dạy con cách ""bật"" lại với việc mình không đồng tình đặc biệt với việc làm tổn thương người khác.",trung lập,False,,
cmt_education_037_0103,education_037,Quá ủng hộ. Làm đẹp học bạ ko thôi,tích cực,False,,
cmt_education_038_0094,education_038,Tiếng anh lên ngôi cậu Trinh Nguyễn,tích cực,False,,
cmt_education_020_0035,education_020,Các bạn lười học đã vậy còn các bạn học ngày học đêm cũng k tha. Các con còn tuổi ăn tuổi học mà đã áp lực roài,tiêu cực,False,,
cmt_education020_0004_r13,education_020,"Có gì nói đó Năm t thi Anh dễ Hóa khó , khối A chịu chết so với khối A1 thôi",trung lập,False,,
cmt_education_037_0002_r25,education_037,Nguyễn Diễm chính xác luôn.,rác,True,,
cmt_education011_0029_r06,education_011,"Cu Thảo 1 chữ là thầy
Nữ chữa cũng là thầy ::",tiêu cực,False,,
cmt_education_038_0083,education_038,k biết con mình đi có đúng hướng k,tiêu cực,False,,
cmt_education_038_0019,education_038,"Chuẩn rồi, sang năm thi TN chắc lại có TA",trung lập,False,,
cmt_education_037_0001_r05,education_037,"Nguyễn Tấn Vân Xuân là cho bản thân t, và t thấy  cần phải có sự công bằng. Chứ ko ai rảnh đi đòi quyền lợi những thứ ko ảnh hưởng đến mình",trung lập,False,,
cmt_education017_0003_r08,education_017,Ngọc Huyềnn buồn cười Vc,tích cực,False,,
cmt_education_037_0276_r02,education_037,Hoang Thuy Trang thì cái nào cũng đuoc lên lớp mà.,ý kiến riêng,False,,
cmt_education009_0010_r02,education_009,Trường Thành đánh bỏ mịa mày giờ. Comment chửi nó đéo chửi lại chửi tao 😒,rác,True,,
cmt_education_016_0021,education_016,Dự thảo số 4 là rất vô lý ạ,tiêu cực,False,,
cmt_education017_0002_r22,education_017,Lê Hoàng Thiện sợ ko thi nữa,rác,True,,
cmt_education_040_0007_r01,education_040,Dươngg Hằng ngta k hiểu dự bị ĐH 🤣,rác,True,,
cmt_education_017_0328,education_017,Thi xong được cầm đề về không ạ,trung lập,False,,
cmt_education_039_0062,education_039,Đình Nguyên hốt hoảng,rác,True,,
cmt_education007_0045_r02,education_007,"Thời nào rồi mà còn bịp được người bệnh, đâu phải học cao chữa tốt hay tiếp xúc nb tốt đâu. Còn e nếu là bs thì có nghe feedback của bn hay đối chiếu chẩn đoán của mình với các chuyên khoa khác chưa? Ở vn thường là học vì phải học hoặc có chức vụ. Chả có ai học không vì mục đích nhé",tiêu cực,False,,
cmt_education_005_0237,education_005,Sợ họ trò rớt thôi phết cho nó nét nó đậu cho rồi. Cô ni làm ngược lại,tiêu cực,False,,
cmt_education017_0017_r01,education_017,Gấu Bông nó là offline nội bộ thôi giống như trên đại học chứ không dùng wifi,trung lập,False,,
cmt_education_017_0699,education_017,Ngất luôn tại chỗ thay vì lo lắng cả tháng rồi mới ngất cũng được… dồn vào cho bv cấp cứu 1 thể luôn,tiêu cực,False,,
cmt_education_011_0094,education_011,Haha hắn cayy lắm idtele @vanloc151,rác,True,,
cmt_education017_0006_r23,education_017,"Lý Thảo lớp 1 các con đã biết đến máy tính, áp lực chỗ nào ta.",trung lập,False,,
cmt_education013_0009_r03,education_013,Solodong Solo ko có khả năng hoàn ... nó cho sống đấy để tìm cách khắc phucn,trung lập,False,,
cmt_education_009_0261,education_009,"Tui ....giao vien hay nho lay,thoi nay,ai cung it con......nen  cung  lam lam,neu ma con ac giao kia ma dung den con tao....chac may  o song noi dau.",tiêu cực,False,,
cmt_education_038_0074,education_038,Tlai còn dài,trung lập,False,,
cmt_education020_0004_r23,education_020,"Long Lê Hoàng Trần cmt này hiểu biết nè, chờ có điểm lúc này BGD mới thấy đc đề năm nay có thực sự quá đà hay ko, còn dễ người khó ta, học dốt thì cứ khóc to thôi chứ cao thủ người ta kín tiếng lắm :))",ý kiến riêng,False,,
cmt_education020_0001_r07,education_020,Người tham gia ẩn danh 158 m ngậm cha m đi làm cái đề khoanh lụi sủa nhiều k bt nhục hay s á,tiêu cực,False,,
cmt_education017_0008_r01,education_017,Nq Thanh Tu Anhh khoái số 7 giống 2k7 v đó,trung lập,False,,
cmt_education_011_0173,education_011,"Tại mấy cô chiêu đải thầy mới dám chứ,mở đem tận mồm  đại chị không xơi",tiêu cực,False,,
cmt_education_011_0035,education_011,"Luật ngầm riêng bịệt nhỉ.
Bộ xử lý việc này mà không vừa lòng dân là không ổn nhé!",tiêu cực,False,,
cmt_education_017_0164,education_017,Rồi bộ giáo dục kiêm luôn bán máy tính . Éo mẹ bao nhiêu thế hệ bị đem ra thí điểm,tiêu cực,False,,
cmt_education020_0006_r02,education_020,Huyền Mai bc xong thì phải sửa sai trc khi quá muộn và rút kinh nghiệm sâu sắc cho lứa 2k8 và các khoá tiếp theo không còn gây “ sốc” như năm nay,tích cực,False,,
cmt_education007_0046_r08,education_007,Dạ Thy học y nữa đời người đáng tuổi má mày luôn chứ ở đó không biết. Thứ mất dạy thì im miệng lại,tiêu cực,False,,
cmt_education007_0046_r07,education_007,Cam Tu Nguyen Thi ngu vãi…. Có biết BS nội trú là gì ko má???,tiêu cực,False,,
cmt_education_011_0159,education_011,Thối nát,tiêu cực,False,,
cmt_education007_0002_r19,education_007,"Nguyễn Thắng Thôi, để không bị lừa thì lúc ốm uống nước thánh, cần mổ soi gương tự cắt. Chứ ngành y cũng như nhiều ngành khác, còn có những con sâu trong nồi canh. Nhưng không thể phủ nhận hết cống hiến, hy sinh của họ.",tiêu cực,False,,
cmt_education017_0056_r01,education_017,Kiều Thanh Ngoc Anh Thuy Ngan cười đến chết:))))),rác,True,,
cmt_education009_0081_r16,education_009,Gin Nguyễn đệt. To xác 1 thời nó khổ thế đó. 😂😂😂,rác,True,,
cmt_education018_0011_r08,education_018,"Vũ Ngọc Thành Học viên thì ở lại kí túc xá chứ các giảng viên sẽ về với gia đình, ko ai bỏ gia đình đi đâu. Nên nhà nước mới đang làm tuyến metro số 5",trung lập,False,,
cmt_education_037_0003_r01,education_037,"Hồng Mon đúng đó, học bạ lấy khoảng 5%, đgnl lấy cao nhất, chất lượng thực tế,",ý kiến riêng,False,,
cmt_education_018_0165,education_018,Minh Phươngg Nguyễn Phương Thảo Lý Nguyễn Nguyen Le Ha Ly Ng Phương Thảo nghe mùi lắm,trung lập,False,,
cmt_education_017_0576,education_017,Chúc mừng những chú nghé 2k9,rác,True,,
cmt_education_011_0574,education_011,Tính ra phòng hiệu trưởng sang quá ta,trung lập,False,,
cmt_education_009_0317,education_009,Buồn cho 1 thế hệ .,tiêu cực,False,,
cmt_education018_0004_r08,education_018,EmpatheticBeet7563 e là không thể,trung lập,False,,
cmt_education011_0007_r01,education_011,"Thịnh Tấn Lý Lan đây là trường tư thục bạn ơi, tư nhân tự thành lập nó như 1 công ty ý , bạn tìm hiểu trước khi nói thế chớ",tiêu cực,False,,
cmt_education_007_0223,education_007,Chờ cơ chế để ck1 học lên ts luôn. :),trung lập,False,,
cmt_education_038_0113,education_038,"Bích Hợp rồi giờ học  them nghiệp vụ sư phạm mầm non TA phải k m ? Nhưng t thấy hiện chưa có 
Toàn là NVSP TA dạy ở trung tâm mế",ý kiến riêng,False,,
cmt_education_005_0225,education_005,Con tôi họ lớp 9. Cũng cô giáo tiếng Anh cho cả lớp làm bài kt.Cháu đc 9 đ.Cô nói ăn cóp bài b.Bắt làm bài lại 1 mình cuối h học.Cháu làm bài đc 10 đ.Cô lại lấy bài 9 đ.Làm cháu khóc từ trg về nhầ.Các. b ác cho e ý kiến với.,tiêu cực,False,,
cmt_education011_0001_r12,education_011,Bình Dương 24H ko lẽ vạch áo cho người ta xem lưng khôn lên nào,tiêu cực,False,,
cmt_education_018_0009,education_018,"Hoan hô, SV học tập và nghiên cứu cần gì phải ở nơi ồn ào khói bụi👌",tích cực,False,,
cmt_education020_0007_r05,education_020,Irene Đó Tớ Là đúng đối với những bạn ko có nhu cầu học lên thôi,ý kiến riêng,False,,
cmt_education017_0004_r01,education_017,Trần Cường bấm một phát thoii là đăng xuất luôn,tiêu cực,False,,
cmt_education007_0003_r18,education_007,Nếu bảo thiểu năng lại tự ái,tiêu cực,False,,
cmt_education_020_0262,education_020,"Mình thấy khó thì khó hết, dễ thì dễ hết. Chứ đâu phải khó riêng ai. Đề cũng hay mà mọi người. Nên mọi người đừng tiêu cực quá",tích cực,False,,
cmt_education_017_0065,education_017,Ng Kim Anh thi xong là tắt thở luôn,rác,True,,
cmt_education_037_0059,education_037,"Nghĩ là đừng ạ , xét học bạ là phương thức cho những bạn thi THPTQG hay có đgnl hong đc tốt thì còn cái để vô đh công lập. Điểm 3 năm cũng là sự cố gắng , năng lực , nỗ lực của mấy bạn cố gắng cày học bạ tốt cho kỳ thi THPTQG để còn có cái trường hợp trượt mà cứu ạ.",trung lập,False,,
cmt_education_007_0097,education_007,Giao cho bộ y tế có thông tư riêng,trung lập,False,,
cmt_education_017_0503,education_017,"Công bằng, minh bạch, tiết kiệm, đỡ công lo lắng chờ điểm, đỡ lo chữ xấu đẹp thầy cô khó chấm, còn thử trình đánh máy môn Tin học luôn.",tích cực,False,,
cmt_education020_0003_r08,education_020,"Phạm Thanh Sơn ??? Giết , ko học thì có các cụ cũng ko gánh nổi sao người khác làm được mình lại không ? Bác xem các nước khác tuyển sinh chưa hoặc khoá 9x về trước tuyển sinh chưa ??? . Xem thời trống mỹ với pháp các lãnh đạo có ai học kém ko",trung lập,False,,
cmt_education020_0004_r26,education_020,"Nguyễn Danh Côi mục tiêu ý kiến cá nhân tôi là vào ĐH phải có chất lượng thật sự, chứ đề thi tốt nghiệp và xét học bạ vào ĐH chất lượng ko cao.",ý kiến riêng,False,,
cmt_education_020_0210,education_020,Ngố luôn mà https://okf168.com,rác,True,,
cmt_education018_0027_r03,education_018,"ArticulateRhino1681 uh xưa mình học ngành đã nhiều, chuyên ngành càng nhiều hơn, người thì đông nữa",trung lập,False,,
cmt_education_037_0002_r32,education_037,"Nam Anh Đan . Mình chứng kiến 1 bé trong xóm rồi học trên lớp giỏi nhất lớp gọi là ko có đối thủ học THĂNG LONG từ bé đến lớp 12 , còn anh văn học việt mỹ cũng từ bé đến lớn nhưng kết quả thi ko ngờ chỉ có hơn 17 điểm 3 môn 1 xíu ko hiểu bé bị tâm lý hay sao ý , cứ đi thi là điểm thấp nhưng học trên lớp thì dẫn đầu và bé năm nay cũng vào đại học bằng xét học bạ thế nên họ hay nói câu học tài thi phận",trung lập,False,,
cmt_education_017_0628,education_017,Lại thí điểm,trung lập,False,,
cmt_education020_0006_r19,education_020,Đồ Gỗ Tràng An đúng ạ nông thôn thì lấy đâu điều kiện học IELTS ạ,tiêu cực,False,,
cmt_education013_0006_r15,education_013,Đoàn Dự xàm =))) nó swap sang crypto để tẩu tán chứ tầm đấy tiền r thèm gì long short,rác,True,,
cmt_education020_0004_r02,education_020,Tran Tuan mỗi ghế tốn hơi bị nhiều tiền. Chắc tụi nó không chịu đổi đâu,tiêu cực,False,,
cmt_education018_0002_r08,education_018,Thìn Aptm heeh. B học lớp nào thế? à trường nào. m cũng khóa luôn. đang tính cmt thì có B cmt rồi,trung lập,False,,
cmt_education_018_0194,education_018,Mốt tới phiên tphcm di dời con UTE dùm em,trung lập,False,,
cmt_education_037_0187,education_037,Thi là công bằng nhất khối nào ra khối đó. Giỏi khối  nào thì thi trường đó. + dgnl bằng anh văn nữa là OK.,tích cực,False,,
cmt_education011_0012_r01,education_011,Nguyễn Hồng Quyết thật mình xem mà nhìn như phòng tổng tài bên trung . Ngoài hà nội tui đi các trường Nó cũng ko oách đc thế,rác,True,,
cmt_education007_0001_r13,education_007,"Trai Đẹp Nhà Tui ngành nào mà chả vậy. GV thì cũng có đi chuyên sâu giảng dạy hạng 1,2,3; hoặc học lên thạc sĩ. Có ai đòi GV hạng 3 = thạc sĩ đâu? Đầu bếp giỏi cũng có việc khác với chuyên gia ẩm thực. 

Còn cái việc chia lương, ưu tiên tuyển dụng như thế nào thì bộ yt quyết chứ",ý kiến riêng,False,,
cmt_education_037_0258_r01,education_037,Thien Phuc sao mà em đậu ròii em ác với người ta dị:(,tiêu cực,False,,
cmt_education_007_0033,education_007,Hình như trước kia ( trước 30/4/75) chỉ có văn bằng tiến sĩ y khoa quốc gia khi trình xong luận án tốt nghiệp bác sĩ,trung lập,False,,
cmt_education018_0003_r23,education_018,"Đoàn Ngọc Ánh bác nhầm 🤣 Sinh viên ở đâu nhiều, giá cả ở đó tăng chứ ở đó mà giảm áp lực kinh tế 😂😂😂",trung lập,False,,
cmt_education020_0003_r05,education_020,Phạm Thanh Sơn quá tàn nhẫn đối với các con,tích cực,False,,
cmt_education007_0031_r01,education_007,"Nguyen Tuan Anh ủa e lại thấy thi CKI khó hơn Ths ạ, tỉ lệ năm e thi Ths toàn lấy đến 80% 😅",tích cực,False,,
cmt_education_020_0268,education_020,Đề năm nay sích rịt thật💀,tiêu cực,False,,
cmt_education_018_0008,education_018,"Nội thành đang còn thiếu rất nhiều trường học tại sao không để các trường Đại học thành các trường trung học phổ thông vì hàng năm chỉ có khoảng 60đến 65% các con được học trong hệ thống công Lập ra Dân Lập học ,không phải ai cũng có đk để học mà không học các con  biết làm gì",rác,True,,
cmt_education015_0009_r25,education_015,"Duy Pham có cần phải nhắc thêm đám đu càng ăn bám ra nữa không ku .đám cưới giả để ở lại lao động kiếm tiền gửi về cho gđ thì đã sao , cái quan trọng là họ đéo ăn bám , đéo phản bội Tổ quốc ,đéo làm tay sai cho giặc và tự nhục như 3/\/\/ chúng mày . Chúng mày chỉ là đám con ghẻ sống cuộc đời ăn bám chui lủi vật vờ như chó rách thì lên mặt cho ai xem . Đồ ăn hại  ! 😏🤣",ý kiến riêng,False,,
cmt_education_016_0015,education_016,"Thật sự , có những thí sinh tự do đang thi lại lần hai để đỗ sư phạm . Mà giờ bộ hạn chế có 3nv sư phạm thì đúng là dồn ép hs quá . Xem xét lại đi dc k ạ . Thật sự sư phạm 3nv quá khó khăn",tiêu cực,False,,
cmt_education_011_0592,education_011,Thay giao la phai day nhieu bộ môn,ý kiến riêng,False,,
cmt_education_005_0160,education_005,Cô có tâm quá,tiêu cực,False,,
cmt_education_020_0131,education_020,"khó đâu mà khó, đề năm nay vừa sức với các bạn học giỏi mà",tích cực,False,,
cmt_education_007_0345,education_007,Tóm lại đã nảy sinh rắc rối thì bây giờ xây dựng luật để tránh phải thống nhất nội dung chương trình và danh xưng cho phù hợp giữa hai bộ vì ngoài danh xưng còn liên quan quyền lợi thang bảng lương nữa. Bao năm nay tranh cãi giờ có cơ hội thì tổ chức họp bàn với nhau đừng để nhiều danh xưng bậc học phức tạp quá quốc tế họ cũng chả hiểu để mà công nhận bằng cấp của ta,trung lập,False,,
cmt_education_011_0303,education_011,Co cai video mac váy trắng nhin ghê hõn nua kìa,rác,True,,
cmt_education_017_0143,education_017,"cảm ơn bộ rất nhiều ạ, mãi iu <3 1 đứa viết chữ xấu nhưng đánh máy nhanh như t rất biết ơn <3333",tích cực,False,,
cmt_education_038_0135,education_038,Good!,tích cực,False,,
cmt_education_017_0262,education_017,"Phạm Duy k cần đợi mấy tuần nữa r, khỏi cần đếm ngược :)",tích cực,False,,
cmt_education018_0003_r11,education_018,Nguyễn Khánh Hồng nhưng vẫn hơn bây giờ chứ b. Giờ vừa chật vừa đắt thì giãn ra vẫn hơn,trung lập,False,,
cmt_education_001_0012,education_001,Vũ Đức Thành,rác,True,,
cmt_education_040_0010,education_040,"Làm sao cho các bạn ra trường ít nhất thành thạo gõ văn bản, chứ nhiều người ra trường gõ bàn phím như cò mổ. Cài đặt unikey còn không biết 😂😂",ý kiến riêng,False,,
cmt_education011_0002_r24,education_011,"Đỗ Ngọc Huyền 🔥cănq nha.... mớii xemm fuII vj₫eo bên ➡️ Hóng Tin Đường Phố 

😡",rác,True,,
cmt_education_038_0024,education_038,Học tiếng anh từ trong bụng mẹ,trung lập,False,,
cmt_education_020_0197,education_020,Không biết người ta để thi làm được bài không và bộ trưởng bộ giáo dục làm được bài không hay là một lũ chuyen tu ngu như tại chức vậy,tiêu cực,False,,
cmt_education_011_0485,education_011,"Thầy làm trong nghành Giáo  Dục
Mà rơi mất chữ Giáo,còn mỗi chữ Dục,Nay lượm đươc chữ Tình
Đúng là không còn gì để nói",tiêu cực,False,,
cmt_education_020_0009,education_020,Báo cáo xong rút kinh nghiệm. Còn các con 2k7 cháy khét lẹt.,tiêu cực,False,,
cmt_education020_0001_r47,education_020,Người tham gia ẩn danh 237 chứ nhiều nhóc 2k7 cứ không học xong đổ đề khó rồi hạ thấp các lứa 2018-2024 vậy các em nghĩ mình là rốn vũ trụ à?,tiêu cực,False,,
cmt_education011_0004_r31,education_011,"Phan Thyd trường tư mà,khác gì phòng gđ đâu",ý kiến riêng,False,,
cmt_education_011_0426,education_011,Chắc thằng bảo vệ 🤣🤣🤣,rác,True,,
cmt_education005_0009_r03,education_005,Thuy Le 100/100 đây bạn ạ,rác,True,,
cmt_education_020_0086,education_020,Bình thường thôi,trung lập,False,,
cmt_education018_0018_r02,education_018,"Thu Trang đã đọc bạn,  những trường đó phù hợp thành ptth.",trung lập,False,,
cmt_education020_0004_r27,education_020,"Summer Nguyen nói quá đúng. Bản chất của ngôn ngữ giúp mọi người có thể hiểu được, diễn đạt được chứ ko phải để đánh đố nhau như này, thi thố ntn những người ở vùng quê hay nhà ko có điều kiện để tiếp cận IELTS là chớt mất xác lun",tiêu cực,False,,
cmt_education011_0001_r02,education_011,Webtretho lằng nhằng nhờ sáng bảo k phải chiều bảo phải rốt cuộc sao đây,trung lập,False,,
cmt_education_017_0419_r02,education_017,Bảo Châu Đi thi đem theo máy trợ oxi :))),rác,True,,
cmt_education009_0069_r01,education_009,Ừ giờ nhớ lại vẫn còn ớn lạnh đm,tiêu cực,False,,
cmt_education_037_0369_r01,education_037,Letters Rin uhhhuh,rác,True,,
cmt_education011_0007_r03,education_011,"Ha Kieu Nguyen 
hơn chục cô giáo và cả HS mặc đồng phục mà ,cứ cãi, sợ thật, vừa xem bên Tin nóng 24/7",rác,True,,
cmt_education009_0002_r02,education_009,Mình cũng đồng í truy tố bạn ạ.,tiêu cực,False,,
cmt_education018_0011_r09,education_018,Gia Khanh cứ chuyển đi. Ở đâu có công việc thì ở đó mới có gia đình. Ko có việc ở lại tp sao được. Hơn nữa bán nhà trong phố ra mua ngoại ô thì lại quá đơn giản,trung lập,False,,
cmt_education_038_0013,education_038,Hồ Ngọc Ánh Lâm học ngay thời điểm cải cách nè Ánh,rác,True,,
cmt_education_038_0016,education_038,GV đang “hót” cần có những quy định về tuyển đầu vào ĐH hợp xu thế hơn,ý kiến riêng,False,,
cmt_education_005_0144,education_005,đã cấm dạy thêm học thêm cấp 1 . tại sao vẫn còn nhiều nơi giáo viên vẫn dạy ở nhà,ý kiến riêng,False,,
cmt_education_018_0256,education_018,Phong phanh từ thời mình tân sv mà nay hơn 20 năm,trung lập,False,,
cmt_education_018_0005,education_018,"Sở biết cái trường Công Đoàn không, Sở cho nó ra ngoại ô í",trung lập,False,,
cmt_education007_0005_r03,education_007,"Minh An th.s hay ts hay ck1,2 hay giáo sư gì cũng CHIẾU DƯỚI của bọn tập đoàn dược hahaha. Chúng cho uống gì thì kê toa theo phác đồ bọn Hội này hội kia bên Mẽo, chứ dám cãi đâu",tiêu cực,False,,
cmt_education_037_0217,education_037,Như bách khua kết hợp hoặc bỏ là hợp lý,ý kiến riêng,False,,
cmt_education011_0009_r07,education_011,Chỉ những thằg lắp n mới biết đc model cam và mk,trung lập,False,,
cmt_education009_0046_r03,education_009,Cái gì nó đã gọi là ấn con bà tượng rồi thì quên xế nhào dc. haha,ý kiến riêng,False,,
cmt_education007_0013_r05,education_007,Nếu học CK1 rồi thì đc up luôn cchn chuyên khoa đó mà bạn.,trung lập,False,,
cmt_education_018_0169,education_018,ăn l,rác,True,,
cmt_education_010_0003,education_010,Đề nghị đuổi việc luôn,tiêu cực,False,,
cmt_education011_0006_r02,education_011,Phong Lâm trường tư sẽ có chủ tịch và hiệu trưởng nè,trung lập,False,,
cmt_education015_0001_r11,education_015,"Quá tuyệt vời, ở Việt Nam mà toàn đào tạo ra thế hệ thần tượng và thờ Mỹ thì dễ chống phá và cách mạng màu lắm.",tích cực,False,,
cmt_education_017_0376,education_017,Làm được không ??,trung lập,False,,
cmt_education_018_0175,education_018,:))) t còn nghe tin dời một số trường ra Vĩnh Phúc😇 mong trường t vào diện này chứ chuyển t về quê nyc t là t cạn phước☺️,trung lập,False,,
cmt_education_015_0035,education_015,Xây đẹp ghê,rác,True,,
cmt_education_040_0047,education_040,"bở bớt mấy cái quyển sách linh tinh, vở bài tập mỹ thuật, vv mây mây , xong cả năm k sờ tới, học để các bạn ý có kiến thức kinh nghiệm sau còn tìm cái nghề đinhj hướng cái nghề, tiếng anh, tin học, lập trình jui các tiếng ngoại ngữ khác, bổ sung thêm chiều bằng các môn giải trí, cầu lông, cờ vua cờ tướng, dù gì học quá nhìu nhồi quá nhìu cuối cùng ra trường k bít gì? ngoại lệ các bạn thực sự giỏi",ý kiến riêng,False,,
cmt_education_017_0374_r01,education_017,Hoài Nguyễn chắc không đâu bạn. Áp dụng mô hình như thi giấy phép lái xe là ổn hết.,tích cực,False,,
cmt_education_009_0195,education_009,Truy tối ngay. Sao lại có cách hành xử mất mất nhân tính đến vậy. Trời ơi...,tiêu cực,False,,
cmt_education_005_0046,education_005,Nhờ bộ giáo dục can thiệp vào thôi,tích cực,False,,
cmt_education_018_0184,education_018,Tạm biệt huce,trung lập,False,,
cmt_education017_0004_r04,education_017,Khánh Hân  tại học dốt  và lười mới chết,rác,True,,
cmt_education_016_0063,education_016,"cho em hỏi điều thứ tư: tổ hợp xét tuyển sử dụng kết quả các môn thi tốt nghiệp trung học phổ thông để xét tuyển phải có ít nhất 03 môn phù hợp với đặc điểm và yêu cầu đầu vào của chương trình đào tạo, trong đó bắt buộc phải có môn Toán hoặc Ngữ văn, với trọng số tính điểm xét không thấp hơn 1/3 tổng điểm theo thang điểm 30. Vậy nếu kết quả các em thì tốt nghiệp có môn Toán thấp hơn 1/3 tổng điểm 3 môn thì ko được xét điểm luôn hay sao ạ? hay vẫn xét mà hạ tổng điểm xuống để đảm bảo Toán đạt đủ 1/3 tổng điểm, e cảm ơn ạ.",trung lập,False,,
cmt_education_011_0484,education_011,"Nếu thực thì đúng là nguy hiểm, đạo đức suy đồi, đất ông ông thích làm gì làm, cần làm rõ và xử lý thích đáng, răn đe./.",tiêu cực,False,,
cmt_education_017_0491,education_017,Tuyết Nhi nhất anh luôn,rác,True,,
cmt_education020_0004_r12,education_020,"Long Lê Hoàng Trần những bạn vùng cao đã có điểm vùng rồi, thế nếu đề dễ ai cũng 10 thì không thấy ai kêu bất công cho mấy người ở thành phố.?",trung lập,False,,
cmt_education_005_0319,education_005,Cô bị sao vậy đã khám ra bệnh chưa😆 dạy thì phải yêu thương khuyến khích hs . Cô nghĩ xem tuổi đó mà điểm thấp nản lòng nghỉ học ở nhà làm được việc gì. Nếu đúng việc cô làm là tôi o đồng tình nha.,ý kiến riêng,False,,
cmt_education020_0007_r03,education_020,Kể cả cho học thuộc rùi cho làm trước  quốc hội cũng chưa chắc làm được ngé,tiêu cực,False,,
cmt_education020_0001_r01,education_020,Hocmai.vn THPT lại giúp kinh nghiệm là xong chứ làm j đc giờ,tiêu cực,False,,
cmt_education_037_0121,education_037,100% k đồng ý,tiêu cực,False,,
cmt_education_017_0219,education_017,Thi trên máy lúc lỗi mạng thì  sao,tiêu cực,False,,
cmt_education_020_0147,education_020,Sẽ cái gì mà sẽ. Con người ta thi xong rồi sao lúc các bố ra đề các bố kh xem xét mà sẽ vs không sẽ. Thế các bố có tổ chức cho các con thi lại không?!? Bố nào ra đề tính chơi trội hay chứng tỏ người ra đề giỏi. Đề nghị cách chức ban ra đề và xem xét lại bộ trưởng bộ giáo dục. Đề nghị đổi luôn cả bộ giáo dục.,tiêu cực,False,,
cmt_education_020_0088,education_020,Chấm xong rồi!!!!,trung lập,False,,
cmt_education_037_0005_r11,education_037,"Đinh Ninh Bình vì con minh noi thoi con ko cần hoc them chi mon Văn , con hiểu và làm bài đuoc , noi vay thì thoi , đến khi hk1 , nhiu be trg lop cung noi tsi sao dua ngu fuoc 9 ,10  , ma nhung dua hic them ko do , con lop msy be gioi van cung chi cho 7,9 .8 . Thôi cũng mY khi thi ko phải bả chấm ko chết mẹ hết",ý kiến riêng,False,,
cmt_education_009_0211,education_009,Thực sự mình chỉ muốn có ai đó tát vỡ mặt cô ta!,tiêu cực,False,,
cmt_education_007_0133,education_007,Có lẽ nên cho bộ y tế quản lý hết tất cả bác sĩ lẫn sinh viên lẫn giảng viên để kiểm soát chất lượng,ý kiến riêng,False,,
cmt_education_018_0022,education_018,Chỉ sợ lại làm chung cư thì quá tội,trung lập,False,,
cmt_education_018_0034,education_018,Chính sách tuyệt vời,trung lập,False,,
cmt_education_020_0177,education_020,Nhìn cái đề ko bít làm lun. Hên ba mẹ sinh con sớm. 😑😑😑,tiêu cực,False,,
cmt_education018_0011_r10,education_018,"Nguyễn Thành Long giáo viên chiếm bao nhiêu % đâu,",trung lập,False,,
cmt_education_004_0151,education_004,Láo ah,rác,True,,
cmt_education_005_0306,education_005,Cô ni chắc thần kinh có vấn đề rồi,tiêu cực,False,,
cmt_education_020_0111,education_020,Chắc mấy con mấy cháuuuu của ông giải đc là đậu chắc nè khỏi báo cáo láo làm gì,tiêu cực,False,,
cmt_education011_0004_r13,education_011,Vuong Lv chắc trong đó có cả cầu trượt 😅,trung lập,False,,
cmt_education009_0011_r01,education_009,Kỷ niệm đẹp về tình đoàn kết đúng chỗ,trung lập,False,,
cmt_education_009_0057,education_009,T thề nếu là t mà nhận cái bớp thứ 231 của bà giáo viên..xin lỗi..t soloq với bả lun....,tiêu cực,False,,
cmt_education_011_0227,education_011,Thiến cho ce khóc ròng chơi 🤭,tiêu cực,False,,
cmt_education_017_0556,education_017,"Thi xong cái chết luôn😇 ,ko còn hồn phách hôm sau làm bài tiếp",tiêu cực,False,,
cmt_education011_0004_r28,education_011,"Nguyễn Hòa chị chưa thấy chứ ko phải ko có c ạ. Trường của con em mầm non A Ba Đình, Hà Nội phòng hiệu trưởng còn đẹp và to hơn ntn 😂😂😂",trung lập,False,,
cmt_education_013_0010,education_013,Giá mình hiểu về thị trường cổ phiếu. Đọc sẽ thú vị biết bao,trung lập,False,,
cmt_education_039_0068_r02,education_039,Trânn Bảo đỉnh ku,rác,True,,
cmt_education020_0010_r18,education_020,"Vy Thị Vĩnh sao lại con tôi tự tra đáp an, xong cô bộ môn lại bảo vậy, là hs xuất sắc thì tự tính dc điểm luôn chứ cần gì cô nói",tiêu cực,False,,
cmt_education020_0007_r03,education_020,"Hoa Hoang Toàn ts,ts ra đề rồi thay sách . Họ chưa về thực tế để biết nổi niềm của gv & hs chúng tôi",tiêu cực,False,,
cmt_education_039_0018,education_039,Hoang mang! Thương cho các con,tiêu cực,False,,
cmt_education_005_0212,education_005,Do ko học thêm đấy mà,trung lập,False,,
cmt_education013_0006_r24,education_013,"Bích Ngọc Phạm tức là ông mang tiền của nhà đầu tư đi mua bđs, vay tiền mua bđs, đợt ấy bđs đang hot,sau đấy bđs đi xuống, nma không bán được,ko có khả năng thanh khoản, lại tiếp tục huy đông vốn để đáo hạn, nợ ngân hàng, cứ thế nhiều lần lên thì chỗ bđs ấy lms đủ giá trị khoản nợ nữa,",tiêu cực,False,,
cmt_education018_0120_r01,education_018,S đất nông nghiệp quanh cac kv còn rất rât nhiều toàn thấy nhà lách luật mọc lên như nấm & pickleball thì nhiều vô kể ....lại kéo theo tệ nan xh .vk ck lục đục vì vk hoặc ck đi đánh voi đôi tac đánh đến cả nhà nghỉ ks trá hình ....,trung lập,False,,
cmt_education_020_0200,education_020,Khó thì mới là thi TNPT Quốc gia. Dễ thì sao phải thi. Năm nào mà chẳng uýnh đố.,trung lập,False,,
cmt_education_038_0126_r01,education_038,Anh Hong học thêm bằng gdth tiếng anh đi quỷ,rác,True,,
cmt_education011_0015_r01,education_011,Trí Quảng Fb ông này đây mn.vẫn còn già mồm mà @ 😡😡Nguyễn Tuấn,rác,True,,
cmt_education_017_0303,education_017,Hội đồng thi chuẩn bị vài cái xe cấp cứu và các bác sĩ sẵn luôn là vừa thí sinh thi xong phát cấp cứu luôn là đẹp,tiêu cực,False,,
cmt_education020_0003_r08,education_020,"Tiêu Lan b ko hiểu vấn đề, tiếng anh là môn đặc thù đòi hỏi kiến thức từ vựng và nó k có giới hạn ở từ mới , năm nào cũng có từ mới chả nhẽ cứ có từ mới là kêu ko có trong sách ko làm à b? Năm nay xui là từ vựng nó học thuật cao ko đoán đc ý nghĩa của từ thôi chứ vin vào đấy mà nói đề ko sát sgk là sai nhé",trung lập,False,,
cmt_education_011_0018,education_011,Thế nên xã huyện cũng ko muốn lắp camera khi lm việc kkkk,tiêu cực,False,,
cmt_education017_0010_r10,education_017,Phạm Hanh 🙏🏻😊,trung lập,False,,
cmt_education007_0046_r04,education_007,"Ngoan Nguyen bsnT chỉ là sinh viên Y7,8 thôi nhé. Thua cả ck1 và ths. Vì ck1 và ths họ phải đi làm 5 năm mới đc bệnh viện cho đi học, về kinh nghiệm lâm sàng, kiến thức họ cao hơn bs nội trú nhiều, chẳng qua là họ đi học muộn hơn thôi.",tiêu cực,False,,
cmt_education_005_0038,education_005,"Trước mình cũng sửa, nhưng toàn châm chước nâng điểm.",trung lập,False,,
cmt_education_011_0132,education_011,Thấy có chu,rác,True,,
cmt_education_005_0097,education_005,Nếu đúng như vậy thì chắc các em ấy ko đi học thêm ở cô chứ gì?,ý kiến riêng,False,,
cmt_education_020_0093,education_020,Phát hành sách giáo khoa bắt học sinh mua học đến lúc thi thì các ông bà lấy ở đâu cho học sinh  thi đến các giáo viên dạy trường chuyên cũng còn kêu kỳ thi tốt nghiệp  thứ hỏi được bao nhiêu học sinh đủ điểm chí khổ các con 2k7,tiêu cực,False,,
cmt_education011_0001_r18,education_011,Hoàng Huỳnh thích mất tiền à; lớn rồi tỉnh táo tí,tiêu cực,False,,
cmt_education_017_0416,education_017,Lại nữa. 2k9 chuẩn bị lên,trung lập,False,,
cmt_education_011_0084,education_011,Lãnh đạo nào chả vậy :),trung lập,False,,
cmt_education007_0046_r10,education_007,Dạ Thy chuẩn.,rác,True,,
cmt_education_009_0240,education_009,Dat chuẩn để lam gì khi công việc trồng người  còn chưa dc .háo danh,tiêu cực,False,,
cmt_education_037_0322_r06,education_037,"Tuấn Minh thi hạnh kiểm yếu, cho nó bik mùi đời sớm.kk",tiêu cực,False,,
cmt_education007_0052_r01,education_007,Steven Le  bạn nói rất hay.ths tiến sĩ đi thiên về giảng dạy ng cứu thì không cho kcb.còn chuyên khoa 1 2 thiên về lâm sàng thì cho họ kcb. Nhưng hiện nay viêt nam ths tiến sĩ tham gia kcb nhiều hơn,trung lập,False,,
cmt_education_037_0160_r01,education_037,"Kim Ngân 52 đến 60% hb, 17 hình thức xét tuyển...tuy nhiên lên báo nói mới nhất 42.4%hb, 39.1% điểm Tnpt, 18.5% các phương thức khác...đến ạ và lạy",ý kiến riêng,False,,
cmt_education_011_0399,education_011,Đồi bại đến thế là cùng,tiêu cực,False,,
cmt_education020_0002_r11,education_020,Ruby Bảo Ngọc đúng rồi hỏi xem các ông lam rồi trả lời công bằng cho 2k7 nhé,tích cực,False,,
cmt_education002_0001_r01,education_002,Hai thôi là đã nhục cho ngành. Chứ ở đó mà 5,trung lập,False,,
cmt_education_018_0249,education_018,Ủng hộ!,trung lập,False,,
cmt_education007_0054_r01,education_007,"Huy Phan GS và PGS là học hàm, không phải học vị.",trung lập,False,,
cmt_education_017_0282,education_017,Thi xong ngất tại chỗ;-;,tiêu cực,False,,
cmt_education011_0020_r05,education_011,Hồng Diệu Chủ tịch HĐQT,rác,True,,
cmt_education_040_0055,education_040,thờ đến rồi dân chơi nét,trung lập,False,,
cmt_education_038_0031,education_038,Thế phải cho tất cả gv học trước song rùi đến hs,ý kiến riêng,False,,
cmt_education017_0002_r09,education_017,Thùy Vân,tích cực,False,,
cmt_education_018_0075,education_018,Lệ thì làm luôn đi dự lâu quá rồi. Sang năm cậu út Rồng vàng thi vào 10 mà lo từ năm ngoái rồi. Hai đứa trước bố đã bạc 3/4 tóc rồi nốt thằng út chắc thành Hiệp sĩ tóc trắng mất 🤣,trung lập,False,,
cmt_education_037_0016_r04,education_037,Bùi Hải Yến Không sai được nhé đã xác định học là phải học cho đàng hoàng học để biết để giỏi để thi bất cứ hình thức nào mình cũng đáp ứng được. Mình luôn nói với con học tài thi phận chỉ dành cho thủ khoa á khoa còn giữa đậu và rớt ranh giới nó rất rõ ràng.,tích cực,False,,
cmt_education018_0007_r03,education_018,Hai Nguyen bệnh viện xây cơ sở 2 chứ cho ra sao đc ảo thật sự,trung lập,False,,
cmt_education_007_0320,education_007,"Ở VN mà đào tạo bài bản như Mỹ thì có lẽ nước ngoài họ sẽ đến VN chữa bịnh đấy. Không những bác sĩ giỏi, mà đỡ tốn kém",tích cực,False,,
cmt_education_040_0179_r01,education_040,Nguyễn Trọng Chung hình như dự bị ni là thi trật xg dự bị xg thi lại,trung lập,False,,
cmt_education_038_0039,education_038,Tuyệt vời quá,tích cực,False,,
cmt_education015_0009_r09,education_015,"có con cá tên là cá coi luôn hả, uây giỏi tiếng nhật ghê 🙂",rác,True,,
cmt_education_007_0031,education_007,"Không cần bàn cải gì cả , cứ để thế, nhưng lương xếp cao hon để tươmg xứng với học tập.",ý kiến riêng,False,,
cmt_education017_0005_r20,education_017,Đặng Tiến Mạnh thế lớp 12 nó chểnh mảng không học thì sao? Ai kiểm soát đc đầu ra?,tiêu cực,False,,
cmt_education011_0002_r23,education_011,Hoàng Mỹ Thuận ổng làm động tác đó để mấy chị yên tâm thôi,trung lập,False,,
cmt_education_007_0318,education_007,"Cảm ơn TS.BS đã giúp mọi người hiểu thêm về lĩnh vực Y khoa khi nhận diện các cấp bậc BSNT, BSCK1, BSCK2, TSYK!",tích cực,False,,
cmt_education007_0007_r01,education_007,Đây mới là người nói đúng nè.,tích cực,False,,
cmt_education020_0004_r26,education_020,"Đỗ Đức Dũng vậy tính chất thi tốt nghiệp là gì mà ra đề phân loại học thuật và phổ thông ha bạn? Nếu phân loại học sinh giỏi và học sinh khá thì đề sẽ khác, trong chương trình sách giáo khoa của bộ thiếu gì kiến thức để phân loại được học sinh có học nhiều và học sinh học kém hơn? Tại sao lại ra đề với 70% là kiến thức ngoài sách vở để phân loại?",ý kiến riêng,False,,
cmt_education011_0002_r04,education_011,Người tham gia ẩn danh 503 ng bên ngoài. Ko phụ huynh ko gv.,tiêu cực,False,,
cmt_education_037_0302,education_037,Đún đún nên bỏ đi ạ☺️,tích cực,False,,
cmt_education018_0018_r01,education_018,"Thao Trinh đó là trường có diện tích nhỏ, chữ các trường đại học lớn vẫn giữ nguyên ạ",trung lập,False,,
cmt_education_018_0067,education_018,"Kế hoạch này từ hồi mình mới đi làm đã thấy có, mà giờ hơn chục năm vẫn chưa thành 😂",trung lập,False,,
cmt_education_005_0001,education_005,https://tienphong.vn/tam-dinh-chi-giao-vien-tieng-anh-bi-to-sua-bai-thi-cua-nhieu-hoc-sinh-post1815484.tpo,rác,True,,
cmt_education_037_0175,education_037,Trở về như cũ đi,trung lập,False,,
cmt_education017_0039_r02,education_017,Châu Giang ác quá trời rồi it gi còn cho ngta tí kỷ niệm,rác,True,,
cmt_education_040_0169,education_040,Hoàng Trần thời tới,rác,True,,
cmt_education_005_0309,education_005,"Lạoi này thì gvien cái gì
Dạy đc ai",rác,True,,
cmt_education017_0009_r01,education_017,Phan Trọng Khang 👍😄,trung lập,False,,
cmt_education_037_0170,education_037,"Không nên bỏ, vì đây là phương thức cứu rất nhiều con cái của cán bộ, giáo viên, và nhà giàu.",tiêu cực,False,,
cmt_education017_0048_r03,education_017,Phuong Anhh m mơ đi,trung lập,False,,
cmt_education020_0076_r01,education_020,"Binh Hoang hơn luôn chứ bằng gì, tiếng Anh cỡ đó 💀",tiêu cực,False,,
cmt_education_005_0021,education_005,Nếu ko sẽ là hệ luỵ về sau,tiêu cực,False,,
cmt_education_018_0125,education_018,tuyệt vời,trung lập,False,,
cmt_education007_0004_r08,education_007,"Tuân Minh Lê dựa vào mõm mày vừa phun ra đấy, có tí éo cơ sở nào đâu. mày học tpcn, có tốt thỉ kệ mịa mày. mày học 3 tháng, 5 tháng tốt cũng kệ mịa mày.  hay là ko đủ tự tin để nói kiến thức của mình có giá trị???

kết quả của mày đâu, đo lường như thế nào, có bằng chứng ko. ko có thì mõm chứ ccc j nữa",tiêu cực,False,,
cmt_education_007_0323,education_007,Bài viết rất hay!,tích cực,False,,
cmt_education018_0060_r31,education_018,Trương Nam Me2 k68 mẹ tự đái tự ngửi à br,trung lập,False,,
cmt_education_020_0300,education_020,"Học cái j thì cái ấy, tới cả đề thi quốc tế cũng vậy thôi ! Còn muốn mở rộng hay dựa trên bản chất sách nhưng lại đề khác thì thi 1-2 câu phân loại hoặc thi đề riêng cho hsg ấy ạ ! Tốt nghiệp mà thế thì sợ quá !",trung lập,False,,
cmt_education_020_0222,education_020,Nên bỏ thi vào 10 nữa chứ vì trẻ em dưới 18 tuổi có quyền được đi học vậy mà thi vào lớp 10 không đỗ thì ở nhà lao động thì chưa đến tuổi không ai tuyển lại ở nhà chơi bời sinh ra tệ nạn.,trung lập,False,,
cmt_education_007_0058,education_007,"Bộ giáo dục đúng, chúng ta không thể đi ngược lại thế giới này",tích cực,False,,
cmt_education017_0010_r02,education_017,"Thành Đạt NL Linh Hồng tới nái r mày ơi, đoán vội chị em mình cộng lại được 10 điểm 3 môn",tích cực,False,,
cmt_education020_0006_r03,education_020,Kiều Linh Đề dì mà cô giáo còn vã mồ hôi ra chỉ dành cho hs siêu giỏi,ý kiến riêng,False,,
cmt_education_018_0281,education_018,K biết có di dời đến Long Biên k nhỉ :)),trung lập,False,,
cmt_education007_0005_r15,education_007,Phòng khám Sản phụ khoa An sinh  mình không phải là ngành y. Chỉ là một nông dân. Mình thấy các các sĩ giỏi thiệt thòi. Tự nhiên có con của ông bộ trưởng bộ giáo dục vào nói nghe nó ngứa tai dễ sợ,tiêu cực,False,,
cmt_education016_0003_r01,education_016,Thu Nguyễn rất mong bộ xem xét lại việc hạn chế Nguyện vọng của các con 10 nguyện vọng là quá ít nên để tầm 15 -20 nguyện vọng. Ngành Sư phạm thì cũng nên để cho các em lựa chọn thêm chứ không đc trường này các em còn cơ hội trường khác nữa.,trung lập,False,,
cmt_education020_0001_r41,education_020,Người tham gia ẩn danh 456 ngậm mẹ đi cha ơi làm đề khoanh lụi còn làm thí sinh tự do khoe cho ngta cười à,rác,True,,
cmt_education011_0002_r02,education_011,Đỗ Ngọc Huyền xinh vậy sếp nào cũng rung động thôi 🤣🤣🤣,rác,True,,
cmt_education_005_0201,education_005,Này nghỉ dạy luôn chứ cô giáo này mà xứng đáng ở trên bục giảng ư,tiêu cực,False,,
cmt_education_037_0082,education_037,"mog bộ giáo dục nhất trí 1 lần 
đừng thay đổi.
riêng 1 bộ sách giáo khoa mih ủng hộ điều này hoàn toàn.nếu thay đổi gì .lám lần và cứ thế thực hiện
   cám ơn",trung lập,False,,
cmt_education_013_0006,education_013,Tiêu cái gì mà hết sạch 7600 tỷ gê rứa cha,tiêu cực,False,,
cmt_education_038_0023,education_038,CóGV dạy TA tiểu học hơn 10 năm vẩn chưa được GV chính thức Nản,tiêu cực,False,,
cmt_education_017_0271,education_017,Đúng là lứa Trâu Vàng =))),tiêu cực,False,,
cmt_education020_0002_r09,education_020,Khánh Ly clm,trung lập,False,,
cmt_education018_0012_r05,education_018,Hưng Nguyễn Như phòng ốc chuyển thành chung cư. Svđ nhà thì đấu vẫn dùng đc. Vông viên mở. Rồi bãi đỗ xe. Tốn tiền xây mới vs tốn đất quy hoạch lại thôi. Có cái j mà ko làm đc. Chủ yếu là muốn đớp thôi chứ làm thì mỗi ng 1 tay 1 chân mỗi ng nhịn đói nhịn khát là làm đc hết.;))),trung lập,False,,
cmt_education_017_0044,education_017,giống V-SAT,trung lập,False,,
cmt_education004_0016_r04,education_004,Hoàng Nguyên Nhung thế bạn nghĩ 800tr mua đồ ăn kia là chi đúng thực tế à,tiêu cực,False,,
cmt_education_007_0182,education_007,Ủng hộ,tích cực,False,,
cmt_education_020_0327,education_020,"Đề có lẽ đã khảo sát kĩ với giáo sư, tiến sĩ chứ không thực tế với học sinh",tiêu cực,False,,
cmt_education_011_0093,education_011,Haha hắn cayy lắm idtele @vanloc151,rác,True,,
cmt_education_017_0682,education_017,Học sinh thành chuột bạch :)),tiêu cực,False,,
cmt_education007_0006_r01,education_007,"1 số TS, THs đã đọc dc thông tin này kkk",rác,True,,
cmt_education_009_0167,education_009,"Khi con mình học tiểu học, cháu làm lớp trưởng mấy năm và chính mình đã giải thích cho con và xin cô giáo cho cháu không làm lớp trưởng nữa. Mình không muốn con được cô giao nhiều quyền quá và trở thành một em bé suốt ngày lo thành tích lớp, trưa k ngủ để trông các bạn, có quyền cầm thước thay cô... May mà mẹ con mình đã quyết định sớm và đúng!",trung lập,False,,
cmt_education019_0008_r04,education_019,Lê Khánh Trình cứ hỏi khầy cô sao giàu nhanh bất thình lình là hiểu!,tiêu cực,False,,
cmt_education_017_0539,education_017,Tiền sử bệnh tim thì k nên đi thi tốt nghiệp,rác,True,,
cmt_education017_0003_r20,education_017,Phú Phan b nói sao chứ mình thi toàn có điểm sau khi nhấn nút nộp bài... Vừa làm vừa niệm Phật =)),trung lập,False,,
cmt_education_017_0655,education_017,Biết điểm chừng 2 môn thôi là nghĩ muốn nổ lực,ý kiến riêng,False,,
cmt_education020_0016_r02,education_020,Kim Thu Nguyen Thi mấy ông bt mà ko làm đc thì nghỉ luôn  để hs lên lãnh đạo vì mấy ông đc nhà nước bỏ tiền ra cho sang nước ngoài đào tạo hết cả đống tiền và cả 1 ê kíp  được sàng lọc và ăn học hết bậc rồi còn hs thi tn thì hs đại trà chỉ cả nước được vài trăm hs giỏi còn lại là trung bình khá  cho nên mọi người hãy mở cái não ra mà so sánh nha,tiêu cực,False,,
cmt_education013_0001_r01,education_013,Hóng Hớt Showbiz các Shark hoá l.manh,rác,True,,
cmt_education011_0014_r07,education_011,Minh Anh lm sơ sơ ở ngoài xong vô bên trong che mất r k thấy đâu,trung lập,False,,
cmt_education007_0003_r01,education_007,"Tào lao. Một thằng chống, một thằng đẩy thì sẽ đá nhau. Thạc sỹ y khoa phải là thầy của ông bác sỹ chuyên khoa I.",tiêu cực,False,,
cmt_education_020_0227,education_020,Thử mọt Ông cán bộ ở Bộ thử làm xem bảo nhiêu phút và đạt số điểm là mấy Điểm.,tiêu cực,False,,
cmt_education018_0006_r21,education_018,Lê Trần Bách  thì cứ cho là e khác đi. Nhưng đối với lợi ích của cả thành phố nó to lớn hơn nhiều. Giao thông giảm ách tắc. Giá nhà trọ k tăng cao. Giờ ra thành phố học đối với những bạn gia đình k điều kiện thì bố mẹ cũng khó mà gồng gánh được với mức chi phí ở thành phố.,trung lập,False,,
cmt_education_009_0070,education_009,Sao ko đưa mặt con đó lên nhỉ. Thế éo nào cũng có game ăn theo phong trào. Game tát càng nhiều càng nhanh càng lên điểm cao. Tao nghĩ vậy.,trung lập,False,,
cmt_education018_0010_r02,education_018,"Hung Hung bách kinh xây thì làm kiềng 3 chân bất tử nằm ở đó r, gần như chắc chắn ko di dời, trừ khi đánh bom thì chịu",trung lập,False,,
cmt_education_020_0226,education_020,Giờ có báo cáo cũng k cứu đc các con nữa rồi.thương 2k7,tiêu cực,False,,
cmt_education_005_0034,education_005,Chắc là ko học thêm chỗ cô.,tiêu cực,False,,
cmt_education_017_0693,education_017,Thi xong khóc luôn hok fải hồi hộp chờ chết 🤣,tiêu cực,False,,
cmt_education007_0002_r06,education_007,"Dương Phạm ......xin cảm ơn bạn đã phản hồi bình luận của tôi ạ !  Tôi biết khi bệnh nhân  chạm đến chuyên môn của thầy thuốc , bác sĩ là sẽ  nhận được phản ứng tự ái dồn dập từ bác sĩ , thầy thuốc phản hồi gay gắt kèm đe dọa ! Yếu đừng ra gió nhé ! Không đủ khả năng chuyên môn không thể dẹp được loạn y tế đã và đang tung hoành ngang dọc trên đầu mọi người được ! "" không thực không vực được đạo "" câu này bạn có biết hay không ???? Bệnh nhân không giỏi cũng phải giỏi vì sự lừa đảo trắng trợn của hệ thống y tế không mang lại bất kỳ một lợi ích nào cho bệnh nhân mà chỉ vẽ chuyện để hành xác bệnh nhân khám chữa bệnh để hốt bạc rồi dẫn họ vào con đường hy vọng tương lai tối đen như mực là lên bàn mổ rủi ro cao  nếu thành công thì bệnh nhân cũng đầy mình thương tích còn không thì về nhà lo hậu sự !  Bệnh nhân là thanh niên 20 tuổi ở Vĩnh Long gã dập sườn nhập bệnh viện Chợ Rẫy điều trị nằm 11 năm tại bv Chợ Rẫy 2 mẹ con phải xin cơm từ thiện ăn ngay trong bệnh viện với 24 lần mổ không nhẽ bác sĩ bv Chợ Rẫy mù hết không tìm ra nguyên nhân của bệnh nhân này hả ??? Một thanh niên 19 tuổi đang độ tuổi thanh xuân sơ xuất gặp tai nạn vào bv Chợ Rẫy danh tiếng điều trị 11 năm ra viện với thân hình tiều tụy chỉ còn da bọc xương thế chưa đủ nói lên tất cả chuyên môn và đạo đức của bác sĩ , tiến sĩ , giáo sư , bác sĩ chuyên khoa II của bệnh viện Chợ Rẫy hay sao hả ???????",trung lập,False,,
cmt_education011_0002_r01,education_011,Tin Linh lương thì tăng cao mà tâm thì tụt xuống,trung lập,False,,
cmt_education018_0019_r01,education_018,"Nam Nguyễn bọn nó toàn vẽ ra chung cư thôi ,  nội đô HN đéo bao giờ hết tắc nghẽn nhé",trung lập,False,,
cmt_education018_0003_r18,education_018,"Thivedochanh Tg xin mời , ủng hộ luôn",rác,True,,
cmt_education_018_0155,education_018,chuyển cho em hou đi ạ,trung lập,False,,
cmt_education_015_0070,education_015,"Giải thể để tránh mầm hoạ sau này!
Một quyết định sáng suốt!",tích cực,False,,
cmt_education_007_0079,education_007,"Ơ… Sao mọi người phản hồi tiêu cực vậy. Chắc có mỗi mình thấy ý kiến đó hợp lý à? Kiểu Bộ Y Tế công nhận thì cứ nâng lương cho tinh hoa đi, chứ BGD có quản đâu :))) Câu chuyện và trách nhiệm là ở Bộ Y Tế Việt Nam mà",trung lập,False,,
cmt_education018_0027_r01,education_018,Người tham gia ẩn danh 218 bách khoa khả năng đuổi năm nhất giống bên Haui chứ trường to thế không chuyển hết đâu,trung lập,False,,
cmt_education_007_0205,education_007,Tào lao,rác,True,,
cmt_education_007_0157,education_007,Với ngành y. Ít có ai là tiến sỹ chuyên môn lại k giỏi cả.,trung lập,False,,
cmt_education_002_0011,education_002,Tống Khánh Trang,rác,True,,
cmt_education_011_0619,education_011,sướng nhất khầy 🤣,rác,True,,
cmt_education_009_0047,education_009,"Nói tục = tát ???  Nhà giáo "" ưu tú "" cmnr 🐧",tiêu cực,False,,
cmt_education_037_0013,education_037,Bỏ xét học bạ sẽ công băng hơn,tích cực,False,,
cmt_education007_0026_r01,education_007,Bác Sỹ Đình Thuấn ha ha ha,trung lập,False,,
cmt_education015_0003_r10,education_015,Huy Nguyên Hoàng ngoại giao ư ?không thể bị xâm lấn theo kiểu mài mòn được!,trung lập,False,,
cmt_education_007_0068,education_007,Quan điểm bộ giáo dục là đúng,tích cực,False,,
cmt_education_009_0099,education_009,"Và các ba mẹ ạ, mình hoàn toàn có thể sống theo tiêu chuẩn quốc tế ở nhà mình. Cho con được cãi ngay từ ở nhà, điều đó vừa miễn phí, lại an toàn. Cho con có quyền không nhất nhất phải “ngoan ngoãn”, phải “nghe lời người lớn”. Để sau này nếu một người lớn nào đó, một người có quyền lực nào đó làm sai, thì cũng không thể  ép con làm những con zombie, không thể ép con làm những cừu im lặng được...",trung lập,False,,
cmt_education018_0017_r09,education_018,"Lê Trần Bách Học thì lo học cho giỏi, làm cho lắm ra ko có kiến thức thì lương đc bao nhiêu. Người ta từng trãi khuyên thì nghe đi",trung lập,False,,
cmt_education018_0060_r11,education_018,Minh Tuấn mấy thằng này học ngu nợ môn nên phát ngôn vậy 😂😂😂 chấp chi,trung lập,False,,
cmt_education_009_0138,education_009,"Con mình khi học lớp 6, cháu chỉ là hs tiên tiến,  ngoan, chớ k thông minh, học giỏi. Trong lớp bạn ngồi bàn trên giấu đt trong hộc bàn, rồi cứ lén thò tay vô bấm gì đó. Tất nhiên là cô giáo biết, cô kêu con mình đứng lên hỏi, bạn đó giấu gì trong hộc bàn, vì con mjk ngồi phía sau nên nó cũng thấy, trả lời cô rằng: dạ đt. Cô tịch thu đt và nói là để gặp phụ huynh bạn kia...sau khi tan học thì bạn đó kêu thêm vài bạn nữa là thành phần hư hỏng trong trường, chận đường và đánh con mjk vì tộ dám méc cô giáo. Và từ đó bắt con mjk mỗi ngày đưa cho bạn 20k, đến khi nào đủ tiền đt thì thôi. Con mjk về kể lại sự việc, mjk phải đến tận nhà gặp cô giáo, cô nói quên chưa mời phụ huynh bạn kia, nên chưa trả đt. Thử hỏi mọi người, những bậc làm cha mẹ, trường hợp này thì phải trách ai? Cô giáo hay bạn kia hay con tôi? Chỉ bjk rằng ở nhà có cha mẹ , lên trường có cô thầy, nhưng cô thầy hãy giải quyết vấn đề ntn cho thỏa đáng, cho hs còn an tâm khi nó chấp hành tốt lời của cô chứ. Trong việc này, vì cô hỏi, con tôi mới trả lời, sau đó cô bỏ mặc để con tôi ghánh chịu luật của đám bạn hư hỏng đề ra. Nếu cháu về nhà k nói, thì mỗi ngày ở đâu ra 20k nạp cho bạn? Có phải sẽ ăn trộm của bm, của người thân. Vì vậy tôi chỉ mong sao những bậc thầy cô hãy thận trọng trong việc xử phạt hs của mình",trung lập,False,,
cmt_education017_0002_r18,education_017,Thùy Vân Combo x đôi  hủy diệt,tiêu cực,False,,
cmt_education_004_0002,education_004,Rất nhanh và chính xác..👏,tích cực,False,,
cmt_education016_0004_r02,education_016,"Nguyễn Hồng Nhung số 1 cũng y chang. Vd hs xet sư phạm tiếng anh lại đòi toán văn cao điểm hơn tiếng anh mới chịu, ngớ ngẩn thật sự",tiêu cực,False,,
cmt_education011_0019_r05,education_011,Minh Phương cái web này cho mấy khu du lịch hay cam public thôi chứ soi thế nào dc như kia,ý kiến riêng,False,,
cmt_education_017_0582,education_017,Nên áp dụng lâu rồi chứ học đại học thi toàn thế à,tích cực,False,,
cmt_education018_0003_r19,education_018,"Vũ Hoài mất ăn chó gì, sinh viên thì vẫn đi chơi, đi ăn vào phố bt",trung lập,False,,
cmt_education_011_0377,education_011,Bó tay thạt sự,tiêu cực,False,,
cmt_education_017_0135,education_017,"Trần Nam bữa làm khảo sát tiếng anh còn kh xong, giờ thi máy tính wtf 😭",tiêu cực,False,,
cmt_education_007_0082,education_007,"Do mọi người không hiểu, trên thế giới hiện tại tồn tại 2 hệ thống đào tạo y khoa lớn. Một bên là hệ 4+4 của Mỹ, một bên là hệ 6 năm của Anh Pháp. Hệ 4+4, thì y khoa được gọi là postgraduate (sau đại học) chứ hệ 6 vẫn là undergraduate. VN mình dùng hệ 6 nên mặc nhiên không thể xếp BSNT ngang thạc sĩ là chuyện bình thường. Chẳng qua quá trình học có sự nhập nhằng giữa 2 hệ học thuật với lâm sàng nên mới thế, chứ chia rạch ròi ra thì làm sao mà xếp ngang được. Giờ muốn rõ ràng thì CK hay BSNT chỉ cấp chứng chỉ hoàn thành đào tạo th, chứ cứ đòi cấp degree xếp chung với thạc sĩ thì khó",trung lập,False,,
cmt_education_017_0523,education_017,May quá con mình còn một bé 2k11 không bị áp dụng thi trên máy tính,trung lập,False,,
cmt_education020_0003_r02,education_020,Phạm Giáng My ko được 5 cơ bản đâu. Ko liên quan gì Sgk. Bạn học bộ Sgk nào?Chính xác chỉ có 4 câu thôi nhé,tiêu cực,False,,
cmt_education018_0004_r01,education_018,Pham Mai đuk đấy. Thiếu trg c3 mà...,trung lập,False,,
cmt_education_007_0171,education_007,"Tào lao thật, mắm tôm là mắm tôm, mắm ruốc là mắm ruốc, trộn lẫn sao ăn?!",tiêu cực,False,,
cmt_education_020_0121,education_020,Đề khó tính điểm thấp xuống thôi.trong khó ló cái hay đôi khi là động lực người dạy và người học cố gắng nhiều hơn trong năm học tới.mà còn hạn chế được nhiều tiêu cực nữa .,ý kiến riêng,False,,
cmt_education_040_0056_r01,education_040,Long Vân Cường triệt đường sống của e 🥲,rác,True,,
cmt_education016_0004_r03,education_016,"Nguyễn Hồng Nhung mình cũng chưa hiểu rõ trọng số tính điểm xét tuyển. Hôm qua mình đc thầy tư vấn ts giải thích 1/3 là điểm tối đa ví dụ 30\/3 chứ ko phải là điểm thí sinh đạt đc. Cái này phải nghe Bộ giải thích, nếu vậy thì cũng hợp lý.",trung lập,False,,
cmt_education007_0006_r06,education_007,"Sự không hiểu biết của 1 số lảnh đạo ngành giáo dục đã làm cho hệ đào tạo sau đại học và hệ học cao học có sự nhận định sai lầm dẫn đến đưa vào luật cũng không chính xác giá trị của từng hệ đào tạo có sự cách biệt cao thấp ... cũng rất may mắn vị Thứ trưởng Bộ Y Tế đã đủ bản lảnh trước Quốc Hội nêu rõ các sai lầm mà Bộ GD đề xuất , cho nên đã có kết qủa tích cực bảo vệ được công sức đầu tư , rèn luyện không mệt mõi của các vị :BSCK1,BSCK2,BSNT và THẠC SỸ BAC SỸ , TIẾN SỸ BÁC SỸ đã được công nhận trong kỳ họp Quốc hội hôm 4/12 vừa qua",tiêu cực,False,,
cmt_education017_0048_r01,education_017,"Hương Tran bạn đừng cho con đi học nữa, ở nhà hưởng thụ, đỡ áp lực",trung lập,False,,
cmt_education011_0002_r20,education_011,Hoàng Mỹ Thuận cứ xong 1 người là che.rồi người thứ 2 mở xong việc che lại và cứ thế ...hiểu như nào thì tùy 😂😂,tiêu cực,False,,
cmt_education_017_0686,education_017,đau một lần rồi thôi....,ý kiến riêng,False,,
cmt_education_018_0167,education_018,Epu khóc,trung lập,False,,
cmt_education007_0004_r12,education_007,Lê Đức Khiêm tội cho thằng ganh tỵ đang cố gắng khích. Mày muốn mua tpcn thì để tao cho nick fb Tiến Sĩ lẩn BS tại VN có bán nhá,trung lập,False,,
cmt_education007_0001_r04,education_007,"Trăng suông thì vậy đó, nhưng ko công nhận, học 10 năm nhưng ko công nhận bằng cấp cho người ta",trung lập,False,,
cmt_education_020_0124,education_020,"Tiêu diệt cả một thế hệ, giờ chắc các em đang học lớp 10 lo lắm, thi tốt nghiệp mà kg có trong chương trình học, vậy các em đến trường học để làm gì khi thi thi thì kg có trong chương trình học, nếu có cũng liên quan một ít thôi",tiêu cực,False,,
cmt_education_017_0120,education_017,2k9 trùng tang thi xong k kịp tái sinh là biết điểm,tiêu cực,False,,
cmt_education_011_0445,education_011,Xin ảnh của thầy,trung lập,False,,
cmt_education007_0001_r18,education_007,"Bác sĩ mà cũng hám danh gớm, TS là phải có nghiên cứu có giá trị, Không thich nghiên cứu mà chuyên tâm chữa bệnh thì càng giỏi nghề chứ đừng đèo bồng làm tiến sĩ để lấy danh",tiêu cực,False,,
cmt_education011_0019_r04,education_011,Phan Đạt ban lên gg tra earthcam là ra,rác,True,,
cmt_education020_0014_r14,education_020,Nguyễn Huy Dũng học thêm cả ngày lẫn đêm còn không trong chương trình học của các con chưa có năm nào đến cả người nước ngoài còn không giải đc cùng là người VN và chắc bạn có con và trước sau gì sẽ thi mà phát biểu như vậy,tiêu cực,False,,
cmt_education017_0012_r07,education_017,Quy Kiêu toán cũng tn mà nhỉ,rác,True,,
cmt_education004_0001_r14,education_004,Nhung Giang làm đơn đi cháu,rác,True,,
cmt_education_004_0143,education_004,3 thằng chia nhau 200 triệu có đắt quá không thấy tiền nổi lòng tham mất hết sự nghiệp,tiêu cực,False,,
cmt_education002_0001_r01,education_002,"Thứ nhất, đối với phương thức xét tuyển bằng kết quả học tập cấp trung học phổ thông (học bạ): tổ hợp xét tuyển sử dụng điểm trung bình chung kết quả học tập của 06 học kì (lớp 10, lớp 11 và lớp 12) của tối thiểu 03 môn học, trong đó bắt buộc phải có môn Toán hoặc Ngữ văn, với trọng số tính điểm xét không thấp hơn 1/3 tổng điểm theo thang điểm 30. Nguồn tuyển của phương thức này là các thí sinh có tổng điểm 03 môn thi tốt nghiệp trung học phổ thông tương ứng với tổ hợp xét tuyển (hoặc điểm thi của môn Toán, Ngữ văn và một môn khác) đạt tối thiểu 16 điểm theo thang điểm 30. Quy định này không áp dụng đối với thí sinh được đặc cách hoặc được miễn thi tốt nghiệp trung học phổ thông.

Thứ hai, mỗi cơ sở đào tạo được sử dụng tối đa 05 phương thức tuyển sinh (bao gồm thi tuyển, xét tuyển hoặc kết hợp giữa thi tuyển với xét tuyển), không bao gồm phương thức xét tuyển thẳng.

Thứ ba, điểm cộng trong xét tuyển bao gồm: điểm thưởng đối với thí sinh đạt giải học sinh giỏi quốc gia, olympic quốc tế (nhưng không dùng để xét tuyển thẳng); điểm xét thưởng đối với thí sinh có thành tích hoặc có năng khiếu đặc biệt; điểm khuyến khích đối với thí sinh có chứng chỉ ngoại ngữ hoặc có chứng chỉ quốc tế (nếu có), tối đa là 3 điểm theo thang điểm 30. Điểm thành phần của từng loại điểm cộng (điểm xét thưởng, điểm khuyến khích) tối đa là 1,5 điểm theo thang điểm 30.

Thứ tư, tổ hợp xét tuyển sử dụng kết quả các môn thi tốt nghiệp trung học phổ thông để xét tuyển phải có ít nhất 03 môn phù hợp với đặc điểm và yêu cầu đầu vào của chương trình đào tạo, trong đó bắt buộc phải có môn Toán hoặc Ngữ văn, với trọng số tính điểm xét không thấp hơn 1/3 tổng điểm theo thang điểm 30.",trung lập,False,,
cmt_education_011_0135,education_011,Ong bo nay suong hon vui roi.,rác,True,,
cmt_education_040_0004_r06,education_040,Thuý YP sếp của cô khá là thiển cận đấy 😸,tiêu cực,False,,
cmt_education011_0001_r09,education_011,"Theanh28 Entertainment 🔥 thầy lên tjê'nq kìa mn ơii.. qa ho'nq đi mn ➡️ Lưu Cường Hồng 

😌",trung lập,False,,
cmt_education_039_0050,education_039,Ngoc van Vu theo dõi thế nào,rác,True,,
cmt_education004_0019_r01,education_004,"Dung Vi Quang Ăn riết quen chứ gì, bạn tưởng nhiêu đó thôi ah, tiền của triều đình còn dám bỏ túi, thứ gì mà tụi nó ko dám ăn nữa",tiêu cực,False,,
cmt_education_017_0033,education_017,Thi xong chưa hoàn hồn thì hồn bay phách tán:”””,rác,True,,
cmt_education_016_0044,education_016,"10 nguyện vọng thì ít quá, muốn vào sư phạm mà từ 1-3 NV thì sao đặt được đây 😢",tiêu cực,False,,
cmt_education_037_0095_r01,education_037,Vì vậy nên bỏ xét tuyển học bạ đi ạ!,tích cực,False,,
cmt_education_011_0497,education_011,Khối cô ngồi rung. Các cô giờ như cave chúa mời thiên hạ xơi khắp nơi,tiêu cực,False,,
cmt_education005_0012_r01,education_005,"Chinh Ngo trường mới bị vụ mấy trăm triệu, gio lại tiếp vụ này",tiêu cực,False,,
cmt_education017_0118_r02,education_017,Nguyễn Thăng Chắc như thi hsa.Mỗi người 1 câu hỏi khác nhau =)),trung lập,False,,
cmt_education011_0006_r01,education_011,"❌   lên đồn rồi nhé, lúc công an tra khảo run như cầy sấy kk vừa xem ở Phố Hóng Hớt",tiêu cực,False,,
cmt_education020_0004_r03,education_020,Hồng Thắm Yoga ngoại trừ môn tiếng Anh quá khó. Môn Toán môn văn phù hợp. Mấy môn kia dễ thì chẳng ai kêu,trung lập,False,,
cmt_education_017_0173,education_017,"Thi trên máy, không chung đề chung đợt đã là ko công bằng rồi, hãy nhìn vào kết quả kì thi đánh giá năng lực trên máy của tpHCM 2 đợt thi là rõ. Việc xét tốt nghiệp nên để trường học quyết định, cần một kì thi chung giành cho đại học, việc ra đề, chấm thi, địa điểm thi cần nghiên cứu hợp lý.",trung lập,False,,
cmt_education_038_0108,education_038,Kiều Thân Blúp Thị cũng là 1 định hướng,rác,True,,
cmt_education_011_0473,education_011,Cần điều tra tát cả hiệu trưởng cả nước thì rõ luon,ý kiến riêng,False,,
cmt_education007_0005_r22,education_007,"Nguyễn Quang Tráng Hệ 4+4 của Mỹ tương đương với tiến sĩ . Mặc dầu không phải tiến sĩ. Nếu không đi nội trú vẫn có thể là giáo sư khoa học ở trường Y. Còn đi nội trú thì có thể làm bác sĩ Y khoa . Làm giáo sư cả lâm sàng và khoa học. 
Ở Pháp trường Y, hoc xong năm 3 cấp bằng BS, học xong năm 6 cấp bằng MS.. Đi nội trú xong cấp bằng MD tương đương tiến sĩ. Tớ không biết lương bác sĩ ở Pháp như thế nào .
Lương bác sĩ ở Mỹ sau khi đi nội trú 
Family medicine và internal medicine gấp 3 lương tiến sĩ. 
Lương bác sĩ chuyên khoa gấp 6 lần lương tiến sĩ 
Lương bác sĩ giải phẫu gấp 9 lương tiến sĩ . 
Ở Mỹ nếu về lương thì 

MD ( bác sĩ y khoa ), DDS( nhà sĩ ), PharmD(Dược Sĩ ) , rồi mới đến tiến sĩ ( PhD) 
Về đẳng cấp xã hội :
MD, PhD ( khoa học), DDS, PharmD , rồi mối đến thạc sĩ ( MS) 
Việt Nam nên cải tổ theo Pháp hoặc theo Mỹ. Chứ lương của bác sĩ quá thấp, xếp hạng xã hội cũng thấp.

Ở Anh sau khi hoc 6 năm xong muốn dạy học , hoặc nghiên cứu 

Đi hoc 3 năm nữa lấy MD. Tuy nhiên bằng MD không thể hành nghề bác sĩ .

Muốn làm bác sĩ phải 

Đi 2 năm foundation ( chỉ có thể làm bác sĩ part time ? 

Muốn làm bác sĩ chính thức phải đi nội trú như Mỹ. Sau nội trú không cấp bằng thêm nhưng vẫn có thể dạy trường Y và trở thành giáo sư lâm sàng .
Quan trọng là :
Lương bác sĩ phải cao hơn lương tiến sĩ 
Không cần bằng cấp 
Và phải là người dạy chính về lâm sàng ở trường Y",trung lập,False,,
cmt_education018_0005_r03,education_018,"Mỹ Duyên hiệu trưởng trường có khẳng định ít nhất là vài khoá hs nữa may ra mới bắt đầu đi hola cơ, còn lâu",trung lập,False,,
cmt_education_017_0426,education_017,"Òi òi. Run, hồi hộp lỡ tay bấm vô nút nộp bài khi mới làm đc 1 câu thì...",tiêu cực,False,,
cmt_education011_0001_r37,education_011,Theanh28 Entertainment mỡ dâng miệng mèo k chén thì phí,tiêu cực,False,,
cmt_education013_0017_r07,education_013,Le Khanh t đang chờ grandma shark nữa. 🤣🤣🤣. Cũng bị tố chưa viral như này,tiêu cực,False,,
cmt_education_007_0059,education_007,"Dân lâm sàng đi học lên, họ chẳng cần gì đâu, chơi với bệnh nhân là vui rồi. Chỉ cần cho họ cái ngạch lương để bù công sức học thêm thôi.",ý kiến riêng,False,,
cmt_education_039_0050_r06,education_039,Nguyễn Thị Thu Thủy roi cuối cùng giải quyết sao ạ,rác,True,,
cmt_education_037_0092,education_037,"Đồng ý bỏ, nếu xét thì đừng xét điểm quá ảo, hs chỉ chạy đua điểm số, đến khi đủ điểm xét thì ko thèm học nữa, thậm chí có hs ko màng đến lớp học.",tích cực,False,,
cmt_education018_0004_r07,education_018,"Tuan Nguyen cây sắp thành cổ thụ rồi bạn.1,2 năm trở lại đây mới xây dựng thêm thôi hiện giờ có mỗi trường năm nhất Việt Nhật và 1 số trường học chưa là gì với kế hoạch đề ra đâu.",trung lập,False,,
cmt_education_037_0184_r06,education_037,"Phạm Tạ Quốc Huy vậy hãy tự trả lời : việc chọn học trường chuyên hay đi thi học sinh giỏi là học cho mình, thi cho mình hay làm dùm cho người khác , kết quả đó là của ai, ai sẽ được hưởng lợi từ việc đó , nếu trả lời được thì sẽ ko phải đặt câu hỏi thế này",tiêu cực,False,,
cmt_education020_0001_r25,education_020,Người tham gia ẩn danh 407 nhưng mà mình chỉ nói 900+ khả năng quy đổi chỉ được 24-25đ nếu những bạn 900+ thi thpt chỉ 8+. Mình có thể hiện điểm số hay năng lực của mình ở đây đâu mà bạn cho rằng mình hơn người nhỉ 😌 hay là nó chạm đúng cái chỗ ngứa nào đó nên bạn giãy vài cái mua vui vậy thôi :))))),rác,True,,
cmt_education007_0002_r02,education_007,"Minh An có bạn gì, tốt nghiệp cái là lên học thẳng tiến sỹ kìa.",trung lập,False,,
cmt_education_004_0121,education_004,Tồi hết mức . Nà sao nuốt trôi được mà tham thế,tiêu cực,False,,
cmt_education020_0001_r06,education_020,Đình Mạnh thiệt cho 2k7,tiêu cực,False,,
cmt_education013_0020_r01,education_013,Chung Kiệt thằng này thất học bạn nhé. Bằng giả mạo hết,rác,True,,
cmt_education_009_0064,education_009,"giờ vẫn có hs cam chịu vậy luôn à trời. cái hồi mình học lớp 3 (2008) có thằng trong lớp bị cô tát 1 cái vì nói chuyện riêng trong lớp, hắn tức quá lao xuống dưới lớp cầm luôn cây chổi ném luôn vào người cô, xong ra tớp của lớp tiện chân đá luôn cái chậu nước rửa tay.",trung lập,False,,
cmt_education005_0001_r02,education_005,Minh Thu 🤣🤣🤣🤣,tiêu cực,False,,
cmt_education001_0025_r01,education_001,Tiến Dũng ngại thế ngại thế 😮‍💨,rác,True,,
cmt_education_037_0024,education_037,"Chuẩn, các trg cố tình cho học bạ đẹp, để đẩy cao số lượng học sinh của trg đỗ đại học. Nên bỏ hình thức xét học bạ đi.",tích cực,False,,
cmt_education017_0002_r47,education_017,Phạm Phương Nhung,rác,True,,
cmt_education_015_0094,education_015,May còn phát hiện ra,trung lập,False,,
cmt_education_007_0289,education_007,Bô trưởng giáo dục không hiểu hay cô tình không hiểu,tiêu cực,False,,
cmt_education015_0002_r23,education_015,Phạm Thị Huế “chưa cần” chứ ko phải là “ không cần” đọc kĩ đi ní,trung lập,False,,
cmt_education_009_0026,education_009,Gặp phải con tao. Tao kêu cả dòng họ tao lên tát lại mỗi người 10 tát cho con mẹ già đó.,tiêu cực,False,,
cmt_education011_0025_r01,education_011,"Đại Điểu rõ kkk trường c2 chỗ tôi thầy HT cũng cặp với 3 cô gv trẻ bị vợ lên tận trường bắt ghen, xong thấy chuyển đi trg khác luôn =))) k làm căng thì k đc đâu",tiêu cực,False,,
cmt_education007_0055_r01,education_007,Nguyeexn Sown chuẩn. Đúng nguyên tắc ra đi khám bệnh thì nên chọn cki ck2,tích cực,False,,
cmt_education_011_0620,education_011,Hiệu trưởng trường sướng nhất năm … 🤣🤣🤣,rác,True,,
cmt_education_017_0078,education_017,ê vô luyện đề trên dol academy ý mấy bà. ê hề đề luyện trên đấy lại còn có bấm giờ nữa,trung lập,False,,
cmt_education_020_0057,education_020,"Nếu có vấn đề, ý đồ, khoe trình độ kiến thức, đánh đố học sinh, làm ảnh hưởng đến kỳ thi tốt nghiệp, cần phải sử lý nghiêm theo quy định của pháp luật.",ý kiến riêng,False,,
cmt_education_040_0072_r01,education_040,Gene Tím ể ể êm nhen 🤓🤓🤓,rác,True,,
cmt_education020_0001_r31,education_020,"Người tham gia ẩn danh 158 thi k tốt thì nó kéo điểm phân vị xuống rồi bạn, năm nay t nghĩ phân bố mỗi môn tầm 6 điểm là điểm trung bình",trung lập,False,,
cmt_education005_0011_r06,education_005,Vũ Hà Lam sao ngoo vậy bác cũng nghĩ ra dc nhỉ,trung lập,False,,
cmt_education_037_0248,education_037,Thống nhất !,tích cực,False,,
cmt_education_016_0030,education_016,"Mong Bộ xem xét tăng thêm số nguyện vọng ạ.  Chỉ để 10 nguyện vọng và  SP chỉ 3 nguyện vọng 1,2,3 thì khó khăn cho các con quá ạ.",tiêu cực,False,,
cmt_education_038_0050,education_038,Quin Chee vui k,rác,True,,
cmt_education_011_0533,education_011,Tội ông thầy bị dụ không à,ý kiến riêng,False,,
cmt_education005_0019_r01,education_005,Hồng Phúc cấm dạy thêm thì mấy cô mới có trách nhiệm cao trong giảng dạy.,trung lập,False,,
cmt_education_011_0405,education_011,"Có khi mấy cô kia hư vi phạm nên bị thầy phạt. Bóp vếu, thúc... vào đít. Đập vào bàn tay, sờ má, bế lên hạ xuống vv... Đừng nghĩ oan cho thầy!",ý kiến riêng,False,,
cmt_education_018_0078,education_018,Mong lắm,trung lập,False,,
cmt_education_017_0347,education_017,"thi xong còn bt kqua ngay, thi xog ch đủ khổ ạ😭😭",tiêu cực,False,,
cmt_education_011_0334,education_011,Bà nào cũng đi vào phòng vậy à,tiêu cực,False,,
cmt_education_007_0254,education_007,"Mỗi phương thức đào tạo, văn bằng đều có những giai đoạn lịch sử đào tạo để đánh giá chuyên môn. Như có thời gian thuật ngữ đào tsjo sau đại học, nghiên cứu sinh và sau cùng là tâm đạo : học thật, chuyên cần trau dồi kiến thức trong thực tế, thực tế bổ sung để ly thuyết cập nhật.Và loại văn bằng nào cũng có lổ hổng của nó.",trung lập,False,,
cmt_education_018_0049,education_018,Kaeru Tōji bye bye nha ngôi trường bé nhỏ,trung lập,False,,
cmt_education_007_0200,education_007,Không phù hợp,tiêu cực,False,,
cmt_education007_0023_r02,education_007,Đỗ Minh Tâm MD ở Mỹ không phải tiến sĩ vậy là bằng cấp gì,trung lập,False,,
cmt_education_011_0598,education_011,Ôi nhiễm ngành quá,tiêu cực,False,,
cmt_education_011_0014,education_011,Phòng làm việc như phủ chủ tịch ấy nhỉ,trung lập,False,,
cmt_education_011_0528,education_011,Thế là quá chuẩn men rồi,tiêu cực,False,,
cmt_education_018_0073,education_018,Đợi e ra trường đã r muốn lm j thì lm😭,trung lập,False,,
cmt_education_020_0172,education_020,Năm nay đề đánh đố hs khó quá mong rằng bgd sẽ nhẹ nhàng hơn với 2k8,tiêu cực,False,,
cmt_education_020_0079,education_020,Học một đường thi một nẻo đề thi không bám sát vào sách giáo khoa,tiêu cực,False,,
cmt_education_020_0247,education_020,"học thêm thì cấm mà cho cái đề cỡ đó, tới giáo viên giỏi người ta còn nhăn mặt 🙇🏻‍♀️",tiêu cực,False,,
cmt_education007_0005_r07,education_007,"Già Mà Còn Ham Bên trên thì kêu bsnt giỏi hơn về lí thuyết, bên dưới thì kêu bsnt chỉ cần 1 số tín đại cương. Thấy tự lấy đá đập chân mình không bạn, trong khi thạc sĩ vốn dĩ sinh ra là mạnh về lí thuyết, nghiên cứu. Đã bảo là bsnt là dạng hành nghề không phải trong khuôn học thuật, thì làm sao mà yêu cầu bằng cấp theo dạng học thuật. Giờ đổ lỗi cho BGD trong khi cái việc trả lương theo học vị là cả cái đất nước này nó làm như vậy chứ riêng thì y tế mà đổ BGD? Cái cốt lỗi là hệ thống trả lương kìa trong khi ngành y tế là đặc thù, không có một cơ chế riêng cho ngành y tế này. Bạn kêu điều trị thì giao cho bsnt hay thạc sĩ á? Thế có biết cái dự định tổ chức thi cchn có ý nghĩa gì không bạn. Nó không còn là thực hành và lấy cchn mà là thi để đạt tiêu chuẩn, mà tiêu chuẩn thì phải điều trị được bệnh thường gặp. Bạn trách thạc sĩ thì sao không trách bộ y tế không đưa thi cchn vào sớm mà để dạng thực hành để lấy suốt thời gian qua",tiêu cực,False,,
cmt_education017_0002_r38,education_017,Vu Minh Huyen thi xong môn nào khóc luôn hôm đấy :))),trung lập,False,,
cmt_education020_0001_r05,education_020,Lank Ng 6-7đ mà nằm trong tốp trên của phổ điểm thì rớt đh chỗ nào?,trung lập,False,,
cmt_education_007_0348,education_007,"Thực ra BGD và BYT đều có ý đúng của nó. BGD cho rằng học vị thiên về lý thuyết,  BYT thiên về thực tế. Cả lt và tt đều cần thiết và bổ xung cho nhau hoàn chỉnh. KL cuối cùng là QH hoặc CP. Mấu chốt vđ ở đây là thể chể.",trung lập,False,,
cmt_education_016_0047,education_016,Em không đồng ý nha Bộ ☺️,tiêu cực,False,,
cmt_education_038_0003,education_038,Chuyển hết sang dạy tiếng anh cho phổ thông😄,tích cực,False,,
cmt_education_020_0132,education_020,"Toán độ phân hoá cao, quá khó",tiêu cực,False,,
cmt_education_004_0072,education_004,sao tưởng khầy nhầm mà.,trung lập,False,,
cmt_education_009_0029,education_009,Chém chết cô giáo luôn. Gặp tao là cô giáo đó đi gặp tổ tiên sớm rồi,tiêu cực,False,,
cmt_education020_0008_r07,education_020,"Ngọc Thảo t thử xem đề văn của Trung (2022-2023) và đề văn năm nay của mình, cùng 1h30p thì t thấy đề văn một số tỉnh của Trung có chiều sâu và sẽ yêu cầu phân tích dài hơn nhiều đó",trung lập,False,,
cmt_education_040_0180,education_040,"Trong thời đại khoa học công nghệ kỹ thuật số thì tin học phải được coi trọng số 1 xếp ngang hàng với Toán Văn. Muốn phóng vệ tinh vào vũ trụ, muốn là cường quốc không gian mạng thì phải xây nhà từ móng mà cụ thể là giáo dục môn Tin học một cách khoa học và chỉn chu.",tích cực,False,,
cmt_education016_0058_r01,education_016,Nhung Hồng Trần cố gắng trong kì thi THPT quốc gia thôi,rác,True,,
cmt_education_015_0044,education_015,Giao về làm trường điểm cho các cháu cũng tốt,tích cực,False,,
cmt_education_040_0121,education_040,Nguyên Thái sao cũng dc miễn là đừng cho làm vài câu CP :)),trung lập,False,,
cmt_education_011_0122,education_011,Người có học có khác,tích cực,False,,
cmt_education_037_0013_r02,education_037,"Hien Pham nghĩ sao vậy? Các con được học bạ tốt là các con  phải học rất nhiều để được học bạ đẹp 
Tôi đồng ý xét học bạ",tiêu cực,False,,
cmt_education_017_0577,education_017,Làm bài trên giấy còn viết gạch vào đc chứ trên máy phải soi nữa lâu lắm,tiêu cực,False,,
cmt_education017_0002_r68,education_017,Thùy Vân đau 1 lần rồi thôi đó c. Kiểu này thi xong p đứng canh nó luôn chứ ko b chuyện gì sẽ xảy ra,tích cực,False,,
cmt_education020_0002_r06,education_020,Ruby Bảo Ngọc các ông ấy học từ lâu rồi nên quên thôi.,rác,True,,
cmt_education017_0002_r01,education_017,Hoang Phuong Linh Duong Thuy Anh @,trung lập,False,,
cmt_education_017_0652,education_017,Hỗ trợ cán bộ y tế túc trực ngay tại phòng thi luôn,ý kiến riêng,False,,
cmt_education020_0002_r01,education_020,"Trâm Tống nghe chúng nói chữ thật nghe cứ tưởng thật thiệt, cuoi ia",ý kiến riêng,False,,
cmt_education_009_0087,education_009,Cứ đọc tin này lại uất và thương các cháu,tiêu cực,False,,
cmt_education_016_0038,education_016,"Mong Bộ xem xét tăng lên 15 NV cho thí sinh, và ngành sư phạm giới hạn trong 5 nguyện vọng ạ!",ý kiến riêng,False,,
cmt_education_039_0021,education_039,tr ơi t run cầm cập,rác,True,,
cmt_education017_0005_r21,education_017,Đặng Tiến Mạnh đúng đấy. Còn cháu nào thích thi đh thì thi. Mệt mêtk,trung lập,False,,
cmt_education_020_0235,education_020,Khó dễ của một môn không quan trọng. Nhưng khó dễ giữa các môn mới quan trọng. Khó thì tất cả các môn khó chung và ngược lại.,trung lập,False,,
cmt_education007_0053_r07,education_007,"Nguyen HLy  mình vẫn chưa hiểu là mấy ng ở đây khó chịu về vấn đề gì giữa ck1 và ck2 vs ths, ts nhỉ. Nó kiểu là chỉ không công nhận về hệ thống văn bằng chứ về bổ nhiệm chức vụ hay uy tín có ai so sánh ck1,ck2 vs ths,ts đâu.",trung lập,False,,
cmt_education_007_0015,education_007,"Thì BYT không công nhận Ths, Ts là văn bằng chuyên môn :)) 2 Ông không công nhận lẫn nhau. Nên phải học cả 2 bên :))",trung lập,False,,
cmt_education_020_0069,education_020,Khó mới dạy thêm & bán sách tham khảo chứ !,tiêu cực,False,,
cmt_education_018_0029,education_018,Tuyệt vời! Cảm ơn các bác!,trung lập,False,,
cmt_education_020_0048,education_020,thi 4 môn bao nhiêu giáo sư tiến sỹ ra đề ép 1 hs làm nhièu câu hóc búa thế học để sống để dc đi học chứ ko phải ép học sinh học như máy tính dc,tiêu cực,False,,
cmt_education_009_0274,education_009,Bắt bỏ tù chết mịa nó đi. Gặp gđ lành k nó chặt tay,tiêu cực,False,,
cmt_education_004_0031,education_004,Ăn cá nước mắt học sinh,tiêu cực,False,,
cmt_education_017_0222,education_017,Đội 2009 chắc kiếp trước ko chịu giải cứu thế giới đây mà,tiêu cực,False,,
cmt_education_009_0002,education_009,"Hoàng Vân lớp mình ngày xưa lớp 7 cũng có 1 vụ như này, mà hôm ấy t đi đéo đâu méo chứng kiến, về thấy con tiên ngồi giặt áo hỏi nó mới biết",trung lập,False,,
cmt_education009_0041_r03,education_009,Hải Đăng khá hay,rác,True,,
cmt_education_004_0125,education_004,"Cơ quan An ninh điều tra Công an TP. Hà Nội đã ra quyết định khởi tố vụ án, khởi tố 3 bị can:
- Phạm Văn Long (Hiệu trưởng trường Cao đẳng Du lịch Hà Nội);
- Nguyễn Tuấn Ngọc (Trưởng phòng Công tác học sinh sinh viên và đảm bảo chất lượng giáo dục);
- Nguyễn Văn Sáng (chuyên viên Phòng Công tác học sinh sinh viên và đảm bảo chất lượng giáo dục) 
về hành vi Lợi dụng chức vụ, quyền hạn trong khi thi hành công vụ, xảy ra tại Trường Cao đẳng Du lịch Hà Nội liên quan đến sai phạm trong việc chi trả tiền cho sinh viên tham gia phục vụ Lễ kỷ niệm, Diễu binh, Diễu hành 80 năm Cách mạng tháng Tám thành công và Quốc khánh nước Cộng hòa xã hội chủ nghĩa Việt Nam (gọi tắt là A80).

Căn cứ kết quả điều tra và tài liệu, chứng cứ thu thập, 3 đối tượng trên đã bàn bạc, thống nhất về việc lợi dụng chức vụ, quyền hạn của bản thân trong quá trình được giao thực hiện việc chi trả tiền bồi dưỡng cho sinh viên tham gia sự kiện A80, gây thiệt hại cho nhiều sinh viên, gây bức xúc trong dư luận xã hội, ảnh hưởng xấu đến hình ảnh, uy tín của cơ sở giáo dục, làm sai lệch chủ trương đúng đắn của Đảng, Nhà nước trong chi trả kinh phí bồi dưỡng cho các cá nhân tham gia sự kiện A80.

Cụ thể, Bộ Văn hóa - Thể thao và Du lịch duyệt chi tiền cho 984 sinh viên Trường Cao đẳng Du lịch Hà Nội tham gia A80 với tổng số tiền hơn 1,9 tỷ đồng (mỗi sinh viên được nhận 1.960.000 đồng). 

Tuy nhiên, trước khi chi trả tiền bồi dưỡng cho sinh viên, Sáng báo cáo Ngọc dự kiến chi cho mỗi sinh viên 940.000 đồng/người, tiền mua đồ ăn cho sinh viên trong các ngày tập luyện là 440.000 đồng/người. Sau khi chi, số tiền còn dư lại hơn 200 triệu đồng. Ngọc báo cáo với Long về phương án chi tiền trên và được Long đồng ý. Long chỉ đạo giữ lại hơn 200 triệu đồng để chi cho cán bộ nhà trường sau.

Hiện Công an Thành phố đang củng cố hồ sơ, xử lý nghiêm các đối tượng theo quy định.",trung lập,False,,
cmt_education004_0004_r05,education_004,Nguyễn Văn Huyên lực lượng vũ trang nói chung chứ riêng gì QĐ đâu.,trung lập,False,,
cmt_education_007_0084,education_007,Vậy thì đề nghị ngành y nên học 4 năm. Ra trường học tiếp 2 năm như mọi ngành. Chuyên khoa 2 năm hoặc nội trú 3 năm thì còn hơn thạc sĩ.,trung lập,False,,
cmt_education005_0004_r01,education_005,Loan Nguyễn chắc  ngày  20 / 11 ko quan  tâm  tới  nó ( hoặc  ko học  thêm  nó  )nên  bị  nó  chơi  lại  rồi  .,rác,True,,
cmt_education_005_0298,education_005,Loại này chết đi,tiêu cực,False,,
cmt_education_004_0023,education_004,Vừa lòng sinh viên ghê,tích cực,False,,
cmt_education_014_0014,education_014,Chỉ cảnh cáo thôi 😵‍💫,rác,True,,
cmt_education011_0007_r01,education_011,Hoai Nguyen kk,tiêu cực,False,,
cmt_education_017_0140,education_017,Tphcm vs Hà Nội là chắc chắn đủ điều kiện r ha🤗,trung lập,False,,
cmt_education015_0002_r11,education_015,Rồi sao.ko có nông dân.ko có công nhân .chúng mày lấy tay bốc cứt ăn ah.dòng họ nhà mày bắt nguồn từ đâu.đồ mất dạy,tiêu cực,False,,
cmt_education005_0001_r05,education_005,Lê Liên Kim may con mình toàn gặp gv dễ thương thôi 🥰🥰,rác,True,,
cmt_education_037_0131,education_037,"Bỏ xét học bạ vào lớp 6 từ năm học tới luôn đi ạ, cứ để các con đc thi tuyển là công bằng nhất. Cũng điểm 10 nhưng đề tr này khác đề tr kia, nên học sinh trung bình đề khó có khi còn giỏi hơn hs giỏi đề dễ là có thật🤣",tích cực,False,,
cmt_education_005_0057,education_005,Thể loại gì lạ vậy trời,trung lập,False,,
cmt_education017_0087_r01,education_017,Lê Hải Đăng tưởng thi ielts đó tr oi,rác,True,,
cmt_education_040_0076,education_040,Chuẩn luôn,tích cực,False,,
cmt_education_017_0287,education_017,Bui Quynh Mai chết trên bàn thi luô mà :)),rác,True,,
cmt_education_015_0068,education_015,"Đừng lấy danh mĩ về làm hào nhoáng nữa, có hại nhiều hơn là lợi, cần thanh lý là tránh hoạ cho đất nước .",tiêu cực,False,,
cmt_education_005_0075,education_005,Mưu hèn kế bẩn đang được áp dụng.,tiêu cực,False,,
cmt_education017_0005_r07,education_017,Thai Dinh quá đã :)),rác,True,,
cmt_education_040_0002_r03,education_040,Linh Nguyen Ngọc Vy,rác,True,,
cmt_education_011_0350,education_011,Biết là có camera mà vẫn vậy hay ông tự lắp cam .cô nào vào cũng đúng quy trình đều lặp lại như nhau .ôm song che cam rồi vào phòng,tiêu cực,False,,
cmt_education_017_0254,education_017,Cầm đt tra dc mà,tiêu cực,False,,
cmt_education005_0001_r01,education_005,"Trúc Nguyễn thường cho ít ai nói, chứ hạ kiểu này dễ bị kiện lắm",tiêu cực,False,,
cmt_education_017_0573,education_017,"Cứ coi thế giới họ làm sao thì mình học hỏi và áp dụng cho phù hợp với mình, đừng sáng tạo thí nghiệm lắm",ý kiến riêng,False,,
cmt_education_018_0153,education_018,"tạm biệt hvktmm, k hẹn gặp lại",trung lập,False,,
cmt_education_011_0348,education_011,Pòng làm việc như pòng của lđ nhà nc cấp cao,tiêu cực,False,,
cmt_education_017_0703,education_017,đề nghị BGD thêm tính năng cho phépxem điểm hoặc không xem để giữ sức khỏe tinh thần cho thí sinh sau thi.,ý kiến riêng,False,,
cmt_education_004_0030,education_004,"Những vụ kiểu này chỉ có thông tin là chết vì có một vài cán bộ.
Chứ có vụ tố giác tội phạm đích danh Cán bộ đầy đủ VB chứng cứ hàng trăm tỷ thì chả thấy động đậy....",tiêu cực,False,,
cmt_education_040_0137,education_040,Tiền thì gửi r nhưng hiện ra là chưa thanh toán là sao,tiêu cực,False,,
cmt_education018_0004_r04,education_018,456 minh khai,trung lập,False,,
cmt_education020_0003_r09,education_020,"Thoa Chu mục đích là giúp chọn con thỏ nào giỏi và nhanh thôi, chứ con cáo nó có ăn thịt con nào đâu mà so sánh cáo và thỏ. Hs nào giỏi thì làm điểm cao , chưa giỏi thì làm điểm thấp, chứ như năm rồi điểm toán 7-9 mới chịu à. Điểm thi thấp thì điểm chuẩn sẽ giảm nhưng nó sec giúp các trường top chọn ra hs giỏi thật sự chứ không phải đạt 8,9 điểm vì mẹo vặt, bấm casio",trung lập,False,,
cmt_education_037_0158,education_037,Theo mình bỏ ĐGNL chỉ học bạ và điểm thi,ý kiến riêng,False,,
cmt_education009_0045_r02,education_009,"Chuẩn cô ra luật r mà,mạnh dạn mà triển để cô còn sáng mắt ra",tiêu cực,False,,
cmt_education_011_0145,education_011,Qua da,rác,True,,
cmt_education_039_0097_r12,education_039,"An Bình Bộ k đồng ý? Thì trường k thể có đề án tuyển sinh như trên để công bố cho hsinh đky bạn ah.
Với bạn lạng sang vấn đề này k liên quan tới UTH rồi bạn. UTH thông báo j đều có công văn văn bản trên web trường và các kênh truyền thông của trường. Mình hssv cũng chỉ dựa trên đó mà theo và làm, và hiện tại vde của mình như post này đăng đã đc trường giải quyết nhanh lẹ.",trung lập,False,,
cmt_education_039_0037,education_039,"Năm nay các trường có tiếng làm như 1 trò hề vậy. Em gái mình đáng lẽ đỗ 2 ngành của ĐH ngân hàng giờ thành rớt, không còn gì để nói với cách làm việc quá ư là trẻ con và không chuyên nghiệp. Đề ngị cho ban tuyển sinh mấy trường ĐH này nghỉ về quê chăm gà đi cho nhanh",rác,True,,
cmt_education_005_0107,education_005,Chắc k chịu đi học thêm môn của cô. Xưa mình bị hoài. K đi học thêm bị dìm lên bờ xuống ruộng luôn.,tiêu cực,False,,
cmt_education007_0052_r03,education_007,"Steven Le bạn tự nói chứ chả có cái bằng chứng nào bằng MD cao hơm bằng PhD cả. Còn xã hội coi trọng hơn là do nhìn thấy tận mắt họ hành nghề, chứ kiến thức của MD cũng cũng do PhD nghiên cứu ra cả. Nói chuyện kiểu nâng cao ngành này hạ thấp ngành kia nghe ngứa tai vãi.",tiêu cực,False,,
cmt_education_007_0147,education_007,"Coi bóng đêm nay ở đâu cho đã? Link này xem siêu mượt, hình đẹp xuất sắc! ✨⚽
https://ok999.me/nvctv",rác,True,,
cmt_education_007_0119,education_007,Giờ bộ giáo dục ra 1 cái chuẩn nội dung đào tạo cho 1 thạc sĩ và tiến sĩ. Giờ đạo tạo ck1 ck2 bsnt cũng căn cứ theo chuẩn đấy bổ sung thêm các môn học và các chứng chỉ là đc thôi,ý kiến riêng,False,,
cmt_education018_0011_r01,education_018,Trong Chinh Mai Hoà Lạc quá xa quá bất tiện.,trung lập,False,,
cmt_education_020_0020,education_020,Công bằng với hs khỏi báo với cáo  giờ đăng mấy lời vớ vẫn có ích gì,rác,True,,
cmt_education_039_0003_r01,education_039,Đặng Văn Hoàn nhiêu khi điểm chuẩn cũng lệch lun quá mấy fen =)),trung lập,False,,
cmt_education018_0001_r01,education_018,Whatthefucispalestine trg thpt mà có ph dhoc đâu,tích cực,False,,
cmt_education_038_0048,education_038,Quá tuyệt vời ạ,tích cực,False,,
cmt_education_017_0603,education_017,Thế này thì thi trắc nghiệm hết roi,trung lập,False,,
cmt_education007_0004_r09,education_007,"Đồ Điện Thông Minh nó dám chia sẻ éo đâu. chắc kiểu... ""cứ tập thể dục đi rồi sẽ có sk, cứ ăn uống thảo dược đi..."", đang nhồi máu cơ tim gấp éo có máy cấp cứu, ra nghe thằng lol này giảng chắc tèo luôn",tiêu cực,False,,
cmt_education_040_0127,education_040,Anh Tóc Brown Lam Lam Nguyễn Đắc Lam Tran Nguyễn Thanh Chúc Trần Linh lại tới nữa r đấy...,rác,True,,
cmt_education018_0006_r01,education_018,"Ngọc Thành Nguyễn thành liền kề, biệt thự nhá 😌",trung lập,False,,
cmt_education_039_0001_r04,education_039,Ngoc Thyy thấy có bạn dc giai quyết roi nè,tích cực,False,,
cmt_education_009_0145,education_009,"Em đã thực hiện cuộc phỏng vấn với bạn lớp 4 nhà em
Mẹ: nếu c gvch nói con đánh bạn A vì bạn phạm lỗi con có đánh ko
Con: con ko đánh đâu
Tại sao? Đó là việc con ko nên làm, là việc xấu.  Nếu cô đuổi con ra ngoài thì con phải làm sao
Con sẽ giải thích cho cô về việc ko được đánh bạn( giải thích ntn mẹ chưa hỏi) nhưng mẹ tạm yên tâm là con đã biết cách bảo vệ bạn 👍👍",trung lập,False,,
cmt_education007_0046_r01,education_007,"Duy Nguyen Viet tại vì không biết BSNT là gì kakaka. 
Vô bệnh viện thấy đầy thạc sĩ, CK khám, mà  chưa từng gặp BSNT chứ nói gì được BSNT khám",tiêu cực,False,,
cmt_education020_0014_r04,education_020,"Nguyễn Huy Dũng Bác không thể vơ đũa cả nắm dc . Rất nhiều thầy cô vì học trò , cũng tận tâm . Nói theo cách của bác thì k có ngành nào là k bất cập .",trung lập,False,,
cmt_education004_0065_r01,education_004,Quyền Bùi chắc chưa kịp thì bị tóm r,rác,True,,
cmt_education016_0055_r01,education_016,"Bongg Bongg

Mục tiêu lấy Toán hoặc Văn là môn chủ đạo đầu vào khối ngành Kỹ thuật hoặc Xã hội.",tích cực,False,,
cmt_education_011_0394,education_011,Chị vợ đã xem,rác,True,,
cmt_education_007_0350,education_007,Hiểu biết thêm . Cảm ơn nhé !,tích cực,False,,
cmt_education_004_0126,education_004,"Mặt tích cực của mạng xã hội 😄😄😄. Sau sự việc này các thầy nhớ rút kinh nghiệm nhé, coi thường IQ của cộng đồng quá.",tích cực,False,,
cmt_education_039_0050_r09,education_039,"Nguyễn Thị Thu Thủy con bạn giỏi thế ko vô DH gtvt UTC thuộc trọng điểm quốc gia cho ngon hơn nhỉ .
UTH ăn theo tên GTVT thôi",tích cực,False,,
cmt_education_017_0485,education_017,Giống như thi lý thuyết bằng lái xe,trung lập,False,,
cmt_education_037_0083,education_037,"Nếu xét học bạ thì ra đề cả tỉnh hay cả nước ra cùng đề thi, vậy mới công bằng cho các em, vì mỗi trường mỗi đề độ khó dễ khác nhau, nhất là các em trường chuyên học giỏi nhưng đề khó điểm lại thấp, còn trường tư đề dễ điểm thì cao nên k công bằng cho các em",trung lập,False,,
cmt_education_011_0524,education_011,Môi trường giáo dục còn như thế này thì đến chịu thật . Giờ cả nc biết Thầy giấu mặt đi đâu,tiêu cực,False,,
cmt_education_037_0226,education_037,Bỏ đi trời thi nhiêu lấy nhiêu ok hơn í,tiêu cực,False,,
cmt_education007_0010_r06,education_007,"Huy Bui không có Tiến sĩ bác sĩ dạy sao có được bằng Bs chuyên khoa 2 được bạn không hiểu vấn đề nằm ở chỗ đó về ngạch lương của tiến sĩ bác sĩ lương cao hơn lương bác sĩ chuyên khoa 2 nhe bạn , tóm lại Tiến sĩ bác sĩ là thầy của bác sĩ chuyên khoa 2",tiêu cực,False,,
cmt_education018_0004_r06,education_018,Tuan Nguyen vào hoà lạc bao giờ chưa thế ?,trung lập,False,,
cmt_education_015_0027,education_015,"Có Thưởng sẽ có phạt
Đô la đâu giấy nháp
Để đào tạo không lời
Ô ba Ma..tính rồi
Giúp trở cờ lật sử..",rác,True,,
cmt_education_037_0036,education_037,Trường con mình thật khó để có học bạ đẹp,tiêu cực,False,,
cmt_education_015_0093,education_015,Ok rồi đó ... sẵn cơ sở mở trường tiếng nga là quá đẹp luôn,trung lập,False,,
cmt_education015_0006_r03,education_015,Tuan Trinh Dinh các trường ĐH nên cho sv xem video này để có lập trường tư tưởng CM ko bị lôi kéo CM màu !,rác,True,,
cmt_education007_0004_r14,education_007,Lê Đức Khiêm vậy thích chụp mũ ghép tội chơi chơi ah? Tao trị cho mẹ tao chứ có trị cho ai mà mày sân si vậy? Ko lẽ tao trị được thì tao phải nói tao ko trị được thì mày mới vui hả?,tiêu cực,False,,
cmt_education_016_0028,education_016,Thấy đợt này hơi bất công nhỉ đam mê nghành sp ráng để theo nghành mà chỉ 3 nv rồi nếu ko đậu học nghành khác nghành ko iu thích đấm ra chán nản bỏ nữa .... ko thì đợi năm sau thi lại thì mất 1 năm,tiêu cực,False,,
cmt_education_011_0003,education_011,Một phát mấy cô luôn ah mn . Xem commen thấy có 1 cô áo trắng …,trung lập,False,,
cmt_education018_0005_r04,education_018,Thanh Sắt trong 5 năm tới sẽ quyết liệt thực hiện,trung lập,False,,
cmt_education007_0045_r01,education_007,PhạmAnh Khoa coi thường bn như chú thì cười đúng rồi,tiêu cực,False,,
cmt_education005_0002_r01,education_005,Hip Hip 1 lớp cao lắm là 6 bé học nghiêm túc thôi. Gv phải nghiêm thì may ra được hai phần lớp chịu học... hichic,trung lập,False,,
cmt_education018_0002_r09,education_018,"Nguyễn Cương chuẩn luôn . Các ông mà làm hiệu trưởng hay giám đốc bệnh viện, cơ quan… xem lúc đấy các ông muốn đi làm xa chỗ ở ko🤣",trung lập,False,,
cmt_education015_0003_r03,education_015,"Quỳnh Phan cái trường đấy hơi khó vì có tiền của chính phủ Mỹ nữa, nếu giải thể thì ảnh hưởng đến ngoại giao",trung lập,False,,
cmt_education_007_0241,education_007,Mai mốt sẽ có chuyên khoa địa lý cấp 1 nếu sư phạm hay chuyên khoa cấp 2 luật đất đai thì sẽ rõ không nghành nào khác nghành nào quan trọng cách họ đặt thuật ngữ thôi,trung lập,False,,
cmt_education_017_0098,education_017,🐧 bộ gd yêu k9 tận 2 lần,rác,True,,
cmt_education007_0013_r02,education_007,"Hoang Nguyen đồng ý! Nên Ths vs Ts muốn có GPHN thì hiện nay cũng phải đi thực hành lâm sàng mới được cấp! Và nếu muốn làm chuyên khoa sâu thì học thêm cách chứng chỉ chuyên khoa hoặc CK1 hoặc CK2. Còn CK1-2 muốn có học hàm, học thuật thì học thêm Ths,Ts, thời gian học thì 2 Bộ ngồi lại vs nhau để thống nhất. Hiện cũng nhiều Ths.Bs.CK1-2 hoặc Ts.Bs.CK1-2. Riêng BSNT cần cấp 3 văn bằng Ths- BSNT-CK1. Tuy nhiên về việc trả lương hiện nay chưa có ngạch cho CK1 và CK2… Bộ Y tế nên giải quyết việc này sớm thì hay hơn…",trung lập,False,,
cmt_education_017_0637,education_017,Đang thi mất điện hoặc máy hỏng hoặc máy hack kết quả thì sao,tiêu cực,False,,
cmt_education009_0045_r04,education_009,Lúc ấy thì cô lại không còn răng mà ăn :v,tiêu cực,False,,
cmt_education_011_0212,education_011,Loại ni cho về vườn ì để là ô uế cái nền giáo dục của Việt Nam,tiêu cực,False,,
cmt_education007_0010_r07,education_007,Thu Anh Không đúng như vậy đâu nhé! TS hay CK2 đều ngang nhau và không có thang bảng lương riêng biệt! Tui đây nè!,tích cực,False,,
cmt_education007_0002_r05,education_007,"Dương Phạm Lương của tôi mua bảo hiểm đầy đủ, khi bị bệnh tôi phải được quyền lợi bảo hiểm chứ ko phải ở nhà như bộ não thiểu năng của bạn nói nhé.",tiêu cực,False,,
cmt_education007_0005_r16,education_007,"Hieu Minh Nguyen không hề sai nhé, Anh Pháp thì cơ chế 6 năm chứ riêng Mỹ là 4+4, học Y ở Mỹ được coi là sau đại học, sau khi tốt nghiệp được bằng MD nhé.",tích cực,False,,
cmt_education_005_0056,education_005,Sao không tạm đình chỉ BT ngủ gật trong ĐH hả mn..?,tiêu cực,False,,
cmt_education018_0014_r01,education_018,Trần Quân utc là 1 trong các trường to nhất trong nội thành mà bro,trung lập,False,,
cmt_education_017_0190,education_017,Bỏ thi tốt nghiệp là ok nhất bày vẽ tốn kém thêm,tiêu cực,False,,
cmt_education_005_0135,education_005,"Gv như vậy buộc thôi việc luôn, chứ đình chỉ gì nữa.",tiêu cực,False,,
cmt_education_039_0019,education_039,Thương các con 2k7 quá nè.,tiêu cực,False,,
cmt_education020_0007_r02,education_020,Meo Meo  chuẩn.,tiêu cực,False,,
cmt_education_020_0312,education_020,"Giáo viên tiếng Anh chuẩn bị lớp mà dạy thôi, nhu cầu chắc tăng cao",trung lập,False,,
cmt_education017_0017_r03,education_017,Gấu Bông như đi thi bằng ô tô thôi chứ gì mà lag,trung lập,False,,
cmt_education018_0003_r03,education_018,Vũ Hoài,trung lập,False,,
cmt_education_037_0189,education_037,Tuyển sinh nên để cho trường tự chọn hình thức nào phù hợp với ngành đào tạo,ý kiến riêng,False,,
cmt_education_037_0005_r10,education_037,"Đinh Ninh Bình con minh nè. Cứ lam bai kiem tra thi chỉ có 7,75  , có khi cho duoc cai 7,9 , nhung khi toi ki thi thi điem con mjnh cham cheo bao gio cung 9,8. 9,5  trở đi ko , chỉ có bị hai năm hoc 7,8 . Mà von minh gioi tat ca cac môn , chỉ trừ mẹ Văn thôi ,",ý kiến riêng,False,,
cmt_education_018_0040,education_018,Luôn vs ngay xao cứ Dự mãi thế,trung lập,False,,
cmt_education_020_0134,education_020,"tui thấy dễ mà, dễ rớt 🦥",tiêu cực,False,,
cmt_education_037_0100,education_037,Ủng hộ việc này hết mình=)),tích cực,False,,
cmt_education009_0001_r18,education_009,"Ở nhà e,trẻ con đc cãi theo ý hiểu của trẻ. Sau khi nghe con cãi xong m sẽ giải thích cho con hiểu. Còn hàng xóm nhìn vào ng ta nói trẻ nhà mình hư các chị ạ",trung lập,False,,
cmt_education020_0004_r17,education_020,"TienTuyen Cao để tốt nghiệp có khó gì đâu chỉ cần các con không bị điểm liệt như vậy là ổn rồi, c trình thi này chủ yếu lấy điểm cho các con lựa chọn vào các trường đại học. Cái mọi người quan tâm đó là cách ra đề sao cho phù hợp với c trình các con được học ở trường.",trung lập,False,,
cmt_education_037_0223_r02,education_037,Phạm Dũng đúng đấy ạ. Xét học bạ thì nơi nơi là tiêu cực,tiêu cực,False,,
cmt_education007_0002_r18,education_007,"Nguyễn Thắng tôi bảo rồi, với loại như ông tôi không nói nhiều mất công, cứ để chọn lọc tự nhiên làm việc. Còn hỏi cái câu về dạ dày thế kia thì có vẻ ông cũng chưa thèm xem những video bài giảng y khoa về bệnh đó đầy trên Youtube mà đã đi ý kiến như thật 🤡 thích chất vấn thì ông cứ tìm tên người viết giáo trình cho bác sĩ, tìm vị ấy mà hỏi cho tường tận. Còn đòi hỏi ""sau can thiệp y khoa bệnh nhân phải khỏi bệnh"" thì đúng ông là người giời rồi đấy, việc đảm bảo chữa khỏi mọi bệnh chỉ có thần tiên làm được thôi, ông cứ đi tìm các vị ấy là được, còn tôi thì không rảnh tiếp.",tiêu cực,False,,
cmt_education011_0002_r14,education_011,Nghoàng Lộc coi ko gưởi cho,tiêu cực,False,,
cmt_education015_0006_r09,education_015,"Bắt bỏ tù Bộ trưởng BGDĐT và cho học sinh đã từng học ở đây  phải học lại, đặc biệt là môn Lịch sử Việt Nam",tiêu cực,False,,
cmt_education_017_0490,education_017,Làm t nhớ đến hồi học online vs thi online trên máy tính 😆,trung lập,False,,
cmt_education_005_0002,education_005,"Giải trình việc bị tố sửa bài thi học sinh, giáo viên tiếng Anh Trường tiểu học Nguyễn Văn Cừ (Gia Lai) cho rằng do lo ngại học sinh chủ quan khi đạt điểm cao, đồng thời khẳng định không liên quan việc dạy thêm tại nhà.

Liên quan vụ giáo viên tiếng Anh bị tố sửa bài thi, ngày 26.1, lãnh đạo Sở GD-ĐT tỉnh Gia Lai cho biết cơ quan này đang tiếp tục xác minh, làm rõ phản ánh của phụ huynh về việc giáo viên tự ý can thiệp vào bài kiểm tra của học sinh tại Trường tiểu học Nguyễn Văn Cừ.

Trước đó, nhiều phụ huynh của Trường tiểu học Nguyễn Văn Cừ (P.Quy Nhơn Nam, tỉnh Gia Lai; trước đây thuộc TP.Quy Nhơn, tỉnh Bình Định) phản ánh giáo viên môn tiếng Anh đã sửa bài thi nhằm hạ điểm học sinh. Theo phản ánh, nhiều bài kiểm tra có dấu hiệu bị can thiệp như thêm nét vào chữ cái, thêm từ vào câu trả lời, khiến những đáp án ban đầu đúng trở thành sai.

Sau khi thông tin lan truyền trên mạng xã hội, vụ việc nhanh chóng thu hút sự quan tâm của dư luận. Nhà trường đã vào cuộc xác minh nội dung phản ánh.

Kết quả bước đầu cho thấy phản ánh của phụ huynh là có cơ sở. Cụ thể, có 19 phụ huynh phản ánh cô T.T.K.N, giáo viên môn tiếng Anh, đã tự ý sửa bài thi của học sinh. Từ kết quả kiểm tra ban đầu, nhà trường xác định cô T.T.K.N có dấu hiệu vi phạm trong quá trình chấm bài.

Giải trình với nhà trường, cô N. cho rằng trong lớp có nhiều học sinh đạt điểm cao nên lo các em chủ quan trong học tập. Vì vậy, cô đã can thiệp vào bài làm của học sinh để ""nhắc nhở"" tinh thần học tập. Giáo viên này khẳng định việc sửa bài thi không liên quan đến việc học sinh có hay không học thêm tại nhà mình.

Tuy nhiên, lãnh đạo Sở GD-ĐT tỉnh Gia Lai nhận định cách giải thích trên là không hợp lý và thể hiện quan điểm sai lệch trong hoạt động chuyên môn. Theo lãnh đạo sở, điểm số phải phản ánh đúng năng lực thực chất của học sinh; giáo viên không được tự ý sửa bài thi hay hạ điểm với bất kỳ lý do chủ quan nào.

Đối với nghi vấn của phụ huynh cho rằng việc sửa bài thi có liên quan đến hoạt động dạy thêm, ngành giáo dục tỉnh Gia Lai đang tiếp tục xác minh để làm rõ.

Liên quan vụ việc, Phòng Văn hóa - Xã hội P.Quy Nhơn Nam xác định cô N. đã có hành vi chỉnh sửa bài kiểm tra học kỳ I, năm học 2025 - 2026 của nhiều học sinh do mình trực tiếp giảng dạy. Hành vi này được xác định là vi phạm các quy định của luật Viên chức, luật Nhà giáo và các quy định của Bộ GD-ĐT về đạo đức nhà giáo.

Trường tiểu học Nguyễn Văn Cừ đang tổ chức kiểm điểm đối với cô N. nhằm làm rõ mục đích, mức độ vi phạm trong việc sửa bài thi. Trên cơ sở đó, nhà trường sẽ thực hiện quy trình xử lý kỷ luật viên chức theo quy định.

Nguồn: Báo Thanh Niên",trung lập,False,,
cmt_education020_0001_r01,education_020,Cham Vu Cham Vu,tiêu cực,False,,
cmt_education_040_0102,education_040,Dự kiến thoi🥰,trung lập,False,,
cmt_education018_0005_r02,education_018,"Thanh Sắt  các trường như Công Nghiệp, ĐHXD.. cũng đã có cơ sở ở các tỉnh lân cận HN rồi. sinh viên cũng đã xuống đấy học rồi mà. cũng cần phải có thời gian để sx. nhưng e nghĩ  kế hoạch này cũng đã diễn ra. chỉ là k ồ ạt 1 lần thôi.",trung lập,False,,
cmt_education_011_0243,education_011,Thầy ông nội,rác,True,,
cmt_education017_0042_r02,education_017,Helloeve máy móc phát triển nhưng mạng ở VN thì không. Sập mạng 1 cái là thi lại từ đầu,tiêu cực,False,,
cmt_education_017_0283,education_017,Cần xe cứu thương trực ngoài cổng ạ 🥰,tiêu cực,False,,
cmt_education_013_0008,education_013,👏 Táo quân năm nay chắc dài lắm đây😆,trung lập,False,,
cmt_education007_0018_r03,education_007,Nguyễn Sinh Huy YDS từ 2021 trở về sau là nội trú mất bằng ThS rồi,trung lập,False,,
cmt_education017_0001_r06,education_017,"Thập Giới mình đã thi vstep và ielt trên máy tính thời gian thi khá lâu mỏi mắt chóng mặt luôn. Thử hỏi các em hs thi trên máy tính 180 phút cho môn văn/toán xong 2 môn kia mỗi môn 90 phút liên tục ngồi trên máy tính làm bài, tưởng tượng đã thấy căng não đau mắt rồi. Bạn hôm nào thử ngồi vài tiếng trên máy tính đọc báo hoặc làm bài xem...",tiêu cực,False,,
cmt_education_011_0153,education_011,Thân thơm nhau 1 tí có gì đâu,trung lập,False,,
cmt_education_020_0011,education_020,Con e đang bảo sang năm thi lại để phục thù kia báo với chả cáo. Mà c là hs giỏi đấy,trung lập,False,,
cmt_education017_0008_r01,education_017,Lê Kiều Chinh Lên top,trung lập,False,,
cmt_education_013_0024,education_013,"Hối lộ và nhận hối lộ có phải chớt đâu mà lo có quy định 01/07/2025, không còn án tử hình đối với tội tham ô và nhận hối lộ. Thay vào đó, hình phạt cao nhất cho các tội này sẽ là tù chung thân không xét giảm án rõ ràng nên hi sinh đời cha đời con sung sướng🙂‍↔️",ý kiến riêng,False,,
cmt_education_040_0151,education_040,Nhi tưởng bắt buộc đó giờ☺️,tích cực,False,,
cmt_education_037_0021,education_037,"Bỏ đi, nên tổ chức thi là hợp lý nhất",tích cực,False,,
cmt_education_002_0027,education_002,Qt,rác,True,,
cmt_education_005_0235,education_005,"“Không tin được dù đó là sự thật”. Kỷ luật, buộc thôi việc ngay và luôn.",tiêu cực,False,,
cmt_education_007_0242,education_007,"Nên bổ sung vào bảng lương giành cho ngành Y bậc lương của BSCK 1, CK2  tương đương với bậc lương của TS, TS. Vì BSCK1, CK2 là lực lượng tinh hoa của ngành.",tích cực,False,,
cmt_education011_0003_r04,education_011,"Trần Nam Dũng 🚫Fb là  thầy Nguyễn Văn Đạt lên bài đính chính toàn bộ video là sai sự thật rồi mn
Chối bỏ có đăng toàn bộ sự thật ở Trang ổng kìa",rác,True,,
cmt_education018_0003_r10,education_018,Đỗ Dung sau lại vào đấy mà b. cầu nhiều hơn cug sau nó lại tăg thôi. chỉ là sau baon năm thì sẽ đạt ngưỡg như ở nội thàh. giá đất ngoại thành đag tăg nhiều rồi mà dự án này chắc chắn làm thì giá đất lại càg cao.,trung lập,False,,
cmt_education004_0016_r03,education_004,Hữu Đạt quá nhỏ so với chức đang có,rác,True,,
cmt_education_040_0152,education_040,"Điều này chính em củng đã nc cùng con thường ngày khi các bạn còn nhỏ rồi , kiểu gì tiếng anh và tin học củng sẻ liên quan đến các cuộc thi xt vào các trường tốp ,cho nên phải cg học cho đều các môn ngay từ đầu đi nk",trung lập,False,,
cmt_education_017_0478,education_017,chết mịa lo sốt vó mà mấy bạn nhỏ tính sao đây,tiêu cực,False,,
cmt_education007_0005_r06,education_007,Truong Hoang Trung  về thực hành BSnt giỏi hơn thạc sĩ. Về lí thuyết thì BSnt chỉ cần một số tín chỉ đại cương không liên quan nhiều đến y học. Về xã hội thì những Sinh viên bình thường không được thì BSnt. Loại khá đậu rồi thì học phải đạt 7.0 không thì cho nghỉ. Bây giờ điều trị cho gia đình bạn bạn giao cho thạc sĩ hay BSnt.? Về lương bổng thì ông bảo chỉ được ăn theo chứng chỉ hành nghề còn mấy thằng dốt không thi được BSnt thì cao hơn. Luật pháp phải đi theo thực tiễn. Cái giở của ông giáo dục là bảo thủ.thieu tín chỉ nào thì cho bù vào và cấp bằng  thì không ai nói làm gì . Đây lại muốn phải học lại cái giở người là như thế. Hậu quả xã hội chịu. BSnt đầu quân cho y tế tư nhân còn mấy tay thạc sĩ dởm thì ở viện công kết quả dân no đòn.,tiêu cực,False,,
cmt_education011_0001_r28,education_011,"Theanh28 Entertainment 🔥 thầy lên tjê'nq kìa mn ơii.. qa ho'nq đi mn ➡️ Lưu Cường Hồng 

😌",rác,True,,
cmt_education007_0003_r22,education_007,Hiểu cái gì. Vì vậy mới phải cần xem lại cách đào tạo các văn bằng của ngành y tế. Những bất cập này phải sửa đổi ngay chứ cãi vã nhau làm gì. Chống chèo theo cái kiểu tréo ngoe là do mình tạo ra chứ có phải do ai đề ra đâu kêu gào thảm thiết. Chưa phù hợp thì phải sửa lại cho nó phù hợp. Hãy phân tích sự việc bằng lý trí chứ không phải bằng cảm xúc. Goodluck.,trung lập,False,,
cmt_education_037_0342_r01,education_037,Bao Ngo=))) ngồi chat gpt 3năm xong đc nhận vô trường top à,rác,True,,
cmt_education_040_0125,education_040,khối A00 out meta=)),tiêu cực,False,,
cmt_education007_0004_r04,education_007,Cứ đảm bảo người muốn có học vị thạc sĩ phải được đào tạo lại chuyên ngành (kể cả ngành đã được đào tạo cho nhớ chuyên môn) mới đạt chất lượng chứ không nên công nhận,trung lập,False,,
cmt_education_040_0185,education_040,https://code.org/en-US,rác,True,,
cmt_education_040_0129,education_040,Cái này thì phải đồng ý thui,tích cực,False,,
cmt_education_040_0036,education_040,Nên bắt buộc ở các cấp học.,tích cực,False,,
cmt_education_009_0015,education_009,"26 -3 là 23 bạn! 
Dm thế thằng N ở đâu! Chẳng lẽ nó tự tát nó thêm 10 cái để có 230 cái mà +1 để thành 231!",tiêu cực,False,,
cmt_education_040_0178_r02,education_040,Nhi Dương lựa chọn vs b k saii,rác,True,,
cmt_education_039_0075,education_039,"Cả 1 lũ ăn hại. Ông nói gà bà nói vịt, trống đánh xuôi kèn thổi ngược, bao nhiêu là tiền bạc thời gian. Hô hố",tiêu cực,False,,
cmt_education018_0061_r05,education_018,"Giờ học sướng thui chứ mấy nữa triển khai dần mô hình somo là ghép 2 lớp off 2 lớp onl , thấy mệt giáo viên dùm á bạn",trung lập,False,,
cmt_education_007_0267,education_007,Mình kg phải dân trong ngành nhưng mình đi khám bệnh thì ck1 2 nghe yên tâm hơn. [quan điểm cá nhân] kkkk,tích cực,False,,
cmt_education017_0003_r12,education_017,Phú Phan có điểm luôn hay k tùy gv cài đặt trường t có điểm luôn!,trung lập,False,,
cmt_education_037_0184_r02,education_037,"Lý Quán Du t cần đấy, t đi thi hsgqg, nghỉ mất mấy tháng trên lớp, mất bao nhiêu kiến thức. Xong đùng cái m bắt t đi thi bằng mấy đứa học chay trên lớp à, buồn cười vcut",tiêu cực,False,,
cmt_education_017_0374,education_017,Chưa kịp vùng vẫy hoảng loạn thì out r 😇,rác,True,,
cmt_education018_0001_r02,education_018,"Whatthefucispalestine Này thẻ học sinh, chịu thôi",rác,True,,
cmt_education017_0008_r01,education_017,Minh Hà thê hệ tương lai nên cần phải công bằng với nhau chứ không có thực lực thì nhường cho ng khác thôi haha,trung lập,False,,
cmt_education007_0021_r01,education_007,"À vậy là sẽ cần có đào tạo thêm: chuyên giáo viên 1, chuyên giáo viên 2.
Và nếu dị thì ""chuyên giáo viên 1"" không phải là thạc sĩ. Rối quá rối 😅😅😅",trung lập,False,,
cmt_education_017_0021,education_017,"Phản đối kịch liệt.

Hs giờ phải luyện đề trên máy tính. Cận nhẹ thành cận nặng. Ko cận cũng thành cận. Nhìn đề thi thì trên máy khác trên giấy, mắt sẽ mau mỏi hơn nên số lượng câu hỏi cũng phải điều chỉnh.

Biết điểm ngay lập tức sẽ ảnh hưởng tâm lý rất lớn đến cac em khi làm những môn kế tiếp.

Còn một đống bất cập...",tiêu cực,False,,
cmt_education_001_0013,education_001,Nguyễn Yên Bình,rác,True,,
cmt_education_040_0003_r06,education_040,"Nguyễn Phuc mt ở đây là ở trường hay ở nhà thế, nếu ở trường thì t hiểu nhầm",trung lập,False,,
cmt_education_038_0099,education_038,Chuẩn,tích cực,False,,
cmt_education016_0067_r03,education_016,"Đoàn Văn Dương mấy cái kia là tự nguyện thi, tự nguyện đóng tiền, có ai ép bạn ko ?",trung lập,False,,
cmt_education018_0011_r08,education_018,SV từ tỉnh lên thuê trọ ngoại thành chả tốt hơn à. Học sinh cấp 3 đi xa sao được,trung lập,False,,
cmt_education_017_0618,education_017,Máy tính xịn chứ vớ phải cái máy sắp hỏng thì mệt,tiêu cực,False,,
cmt_education017_0002_r05,education_017,Thùy Vân không dám ra cổng luôn 🥲,rác,True,,
cmt_education_007_0123,education_007,"Đi khám bệnh ko biết chọn ai, thạc sĩ hay nội trú",trung lập,False,,
cmt_education_037_0147,education_037,Nên bỏ xét học bạ,tích cực,False,,
cmt_education_016_0068,education_016,"Trời ơi, Đừng hạn chế Nguyện Vọng mà BGD ơiii, em xin đấy ạ 😭",ý kiến riêng,False,,
cmt_education_037_0124,education_037,Giữ xét học bạ cho học sinh đường lui chứ mấy phụ huynh cứ vào nhắn là ko công bằng mua điểm làm như mua điểm dễ lắm vậy á mua giúp t coi thấy điểm cao nghĩ là mua điểm sao ko nghĩ người ta phải cố gắng học sức đêm hôm cày đề,ý kiến riêng,False,,
cmt_education_007_0190,education_007,"trong nghề bác sĩ,bác sĩ ra trường điểm cao mới thi nội trú ,bác sĩ thường thì đừng có mô.Nói chung bác sĩ nội trú là khởi đầu của tinh hoa ngành y",tích cực,False,,
cmt_education_038_0085,education_038,Sư phạm anh ra có giá rồi,trung lập,False,,
cmt_education017_0016_r01,education_017,"A Hồ Nếu thi chung cả nước,máy chủ nào chịu nổi.Trên thế giới có bao nhiêu nước thi qua máy tính đâu.Tiền mua giấy còn khó,lên hẳn máy tính.thi xong máy tính để làm gì.",tiêu cực,False,,
cmt_education_011_0085,education_011,"Gần mình có quán trà sữa sắp mở. Mình tính xin vào làm nên có đky. Bên họ nói là NV mới vào sẽ phải lên TpHCM tham gia đào tạo 6 ngày, mỗi ngày họ sẽ hỗ trợ cho 400k/1 ngày (sẽ trả sau 3 ngày khai trương quán). Mình có lên sreach thì thấy quán này cũng có khá nhiều chi nhánh trên tp. Mình thì ở tỉnh, cách TP HCM khoảng 2h đi xe... Hok biết mọi người có gặp trường hợp này chưa ạ? Dạo này nhiều vụ lừa đảo quá nên nhà mình cứ sợ",rác,True,,
cmt_education007_0002_r01,education_007,Minh An bạn nói quá chuẩn không cần chỉnh,tiêu cực,False,,
cmt_education013_0018_r01,education_013,Jerry Jerry mà để lừa đc nhiêu đó cũng hỏng phải chiện giỡn 🤣,tiêu cực,False,,
cmt_education_005_0289,education_005,Ko học thêm lớp cô học ngoài bị đì à,tiêu cực,False,,
cmt_education017_0087_r02,education_017,Lê Mai Linh tui tưởng thi Mos lun á,rác,True,,
cmt_education_004_0171,education_004,Đớp kg từ 1 thứ gì,rác,True,,
cmt_education011_0011_r01,education_011,Hoàng Phi chục cô cơ mà hơn 16 cái lip vừa xem  bên Mây Lang Thang ,rác,True,,
cmt_education_005_0301,education_005,Thất đức. Giáo viên mà cũng vì đồng tiền bán rẻ nhân cách thì dạy ai được nữa.,tiêu cực,False,,
cmt_education009_0081_r19,education_009,Gin Nguyễn mi thì thỉnh thoảng thôi. Còn khu gà Trang Huyền tề. Chở mãi. Haizzz,rác,True,,
cmt_education_005_0210,education_005,"Cô này ko xứng đáng được gọi là giáo viên làm ô uế ngành giáo dục , nên bị khai trừ Vĩnh viễn",tiêu cực,False,,
cmt_education_037_0015,education_037,Rất nhiều đứa không chịu học đòi bỏ xét học bạ cho mà coi,tiêu cực,False,,
cmt_education_020_0234,education_020,"đề khó thì cũng được,nhưng tất cả các môn phải mức độ giống nhau chứ nhỉ?",trung lập,False,,
cmt_education_037_0298_r01,education_037,"Ngụy Hàn Tuyết thấy cũng đúng mà fen, tưởng tượng mình học lòi lòn xong được xếp chung lớp với con chỉ đc mỗi học bạ có mà cay chim ra",tích cực,False,,
cmt_education_017_0152,education_017,"Mất wifi là ""mất mạng""",tiêu cực,False,,
cmt_education007_0052_r04,education_007,"Nghiêm Đức Mạnh Bằng không cao hơn. Nhưng chắc khó được vào hơn, và dân chúng quý trọng bằng MD hơn. Thứ hai nữa nếu bạn vào lớp Y của Mỹ không giống lớp Y của Việt Nam 
1- Việt Nam  đa số sinh viên mới tốt nghiệp  trung học 
2- Lớp Y của Mỹ 75% đã tốt nghiệp đại hoc. 25% còn đã có bằng Tiến sĩ hay thạc sĩ Y sinh. Không có ai có bằng MD mà đi hoc PhD cả 

Dean của Medical School phải có băng MD, chứ không ai chấp nhận PhD làm Dean cả 
President of University of health science cũng phải MD, họ không chấp nhận PhD. Đây chỉ là văn hóa Mỹ thôi.",trung lập,False,,
cmt_education_020_0252,education_020,"mà mình nghĩ là đề nên khó vậy để thấy rõ sự phân hoá mới đúng chứ, mấy năm trước đây đề dễ tính ra ai thi lụi lụi cũng tốt nghiệp hết, 26 27 điểm thì đầy ra, mấy đứa ko học hành gì cũng được tốt nghiệp. Đề thì nên có phần dễ cơ bản để giúp tốt nghiệp còn phân loại vận dụng thì mình nghĩ là nên khó như vậy từ lâu rồi. Dễ quá riết ai cũng học trường top hết, vô trường top thấy cũng loãng, tốt nghiệp đhoc top ra cũng ko oai hơn người khác là mấy mà cũng thất nghiệp như thường.",tích cực,False,,
cmt_education018_0053_r02,education_018,AnonymousBison9673 hợp lý luôn bác nhể 🤣,trung lập,False,,
cmt_education017_0018_r05,education_017,Thảo Na thi toàn quốc thì cũng mạng nội bộ ai xâm nhập biết liền đọc lại đi,tích cực,False,,
cmt_education_017_0495,education_017,Để nó về nhà đi. Có xỉu thì có người nhà lo. Chứ đang hồi họp mà rớt cái nữa chụp k kịp,rác,True,,
cmt_education007_0031_r07,education_007,Công Thành Nguyễn CKII ko làm luận văn ko đc ra trường nha bạn,trung lập,False,,
cmt_education_005_0256,education_005,Cô ơi tự cô  làm khó cho cô rùi ???,tiêu cực,False,,
cmt_education011_0004_r03,education_011,"Vuong Lv 🫢🫢🫢 li*m láp đồ, cô nào cũng ngon, có cả HS nữa mà, xem bên Tin nóng 24/7",tiêu cực,False,,
cmt_education_007_0278,education_007,"1 bên thực hành, 1 bên học thuật. Sao quy đổi được. Đã có tên riêng thì cứ gọi theo tên riêng, mắc gì phải so kè nhau.

Bậc lương có thể ngang nhưng thu nhập do thị trường điều chỉnh. Bệnh nhân cần bs giỏi thực hành. Bs thực hành tìm thầy học thuật mà cập nhật kiến thức. Thầy của bs ko đương nhiên thực hành tốt bằng bs đâu, ngành nào cũng có chuyện này chứ riêng gì nghề y. Bệnh nhân ""chấm điểm"" trả tiền mới quan trọng các ông ơi. Tập trung làm việc đã chọn cho tốt, bớt lo ra. Bệnh nhân (là khách hàng) rất ức chế vì danh xưng thì kêu, mà điều trị thì chỉ dò kết quả xn với cột tham chiếu là phán toa thuốc, ko cần hỏi gì khác",trung lập,False,,
cmt_education018_0005_r05,education_018,Mỹ Duyên e tưởng các thầy còn mong cho có cớ để đổi máy móc mới chứ 🙉,trung lập,False,,
cmt_education_018_0173,education_018,HNMU sắp đi r🥲,trung lập,False,,
cmt_education_011_0502,education_011,LỢI CẢ ĐÔI / PHẠT CẢ HAI !😜,trung lập,False,,
cmt_education_004_0142,education_004,Con sâu làu rầu nồi canh,tiêu cực,False,,
cmt_education_007_0192,education_007,Bác luôn ông bà nào đề xuất là cái nên làm,tích cực,False,,
cmt_education_017_0512,education_017,Bọn giáo dục chó chết. Không đời bộ trưởng nào là tốt đẹp! Lũ quan chức sâu mọt.,tiêu cực,False,,
cmt_education005_0016_r02,education_005,Ban Mai Xanh Đủ trò,rác,True,,
cmt_education017_0008_r04,education_017,Minh Hà chính xác,tiêu cực,False,,
cmt_education_017_0614,education_017,Giống thi topik quá . Giây phút đợi hiện điểm nó khó tả lắm ạ 😄,ý kiến riêng,False,,
cmt_education020_0004_r24,education_020,"Đỗ Đức Dũng nhưng mà có khó chung đâu bác, đề thi của chương trình mới cho 2k8 khó hơn hẳn đề thi chương trình cũ cho đội 2k7 2k6 năm nay thi lại mà",tiêu cực,False,,
cmt_education009_0005_r01,education_009,"chuẩn quá đi, em chỉ ví dụ là cô giáo nói con tát bạn thì con làm thế nào mà con gái em ko cho  em ví dụ thế luôn, nói mẹ ví dụ thế nữa thì con ko nói chuyện nữa, cô con ko thế. Đa số ko có cô giáo nào dã man như cái bà 231 đó",rác,True,,
cmt_education_013_0026,education_013,Đánh cho nó nhừ đi đã rồi đưa nó nhốt vào lò ! trắng trợn kẻ khốn nạn,tiêu cực,False,,
cmt_education_011_0536,education_011,Không thế mà lại đk chuyển trường địa phương rồi này kia các xếp húp tất tưởng trong sạch Á ôi vô liêm sỉ!,tiêu cực,False,,
cmt_education007_0001_r04,education_007,"Để thống nhất toàn quốc tên gọi theo Bộ GD _ĐT tôi thấy  thời gian đào tạo và hành nghề cần phù hợp ví dụ: 5 năm đầu gọi là Cử nhân y khoa, đào tạo Thạc sỹ y khoa thêm 2 năm, đào tạo tiếp 2 đến 3 năm gọi là Tiến sỹ y khoa rồi học tiếp 2 đến 3 năm ở bệnh viện gọi là Tiến sỹ Bác sỹ ( chuyên ngành). Khi đậu Tiến sỹ Bác sỹ thì mới được khám chữa bệnh tại các cơ sở y tế. Còn Cử nhân, Thạc sỹ, Tiến sỹ y khoa thì được dậy học theo các lớp Bộ GD _ ĐT quy định.",trung lập,False,,
cmt_education017_0005_r06,education_017,Thai Dinh làm xong rồi ko dám nộp bài.,trung lập,False,,
cmt_education007_0018_r05,education_007,"Hoàng Văn Bình ở VN nếu sau 6 năm học DHY thi tốt nghiệp đạt loại khá giỏi thì sau khi thực hành nghề trong BV 5 năm sẽ được dự thi NCS thẳng vào học TS x 5 môn(Toán + ngoại ngữC+chuyên ngành + hai môn  cơ sở tuỳ theo từng chuyên sâu...+ Tin học),
nếu đỗ sẽ được họcTS;còn BS thi tốt nghiệp loại trung bình thì phải qua thi học Thạc sĩ rồi mới học tiếp lên TS;sau 5 năm làm thực hành tại BV BS sẽ được dự thi thạc sĩ,đề thi Ths và TS ;BS NT hoàn toàn giống nhau về các môn bắt buộc(toán+ ngoại ngữC+ chuyên ngành),riêng thi Ths và BSNT thì không phải làm câu hỏi cuối cùng của bộ đề thi...chỉ có vậy thôi; ba đối tượng này bắt buộc làm luận văn,luận án nghiên cứu tuỳ theo từng đề tài NC của chuyên ngành...
còn BS CK1 không phải thi đầu vào,tg học x 2năm,năm đầu chủ yếu tập trung học và thi cuốn chiếu mấy chục chứng chỉ có liên quan đến chuyên ngành của họ,năm thứ hai thực hành chuyên sâu trong bệnh viện chuyên sâu,rồi thi tốt nghiêp BSCK1;sau đó quay trở về tiếp tục làm thực hành trong BV theo đúng chuyên sâu,sau 3-5 năm dự thi tiếp để học BSCK2,BSCK2 chỉ thi đầu vào nhẹ nhàng hơn dự thi BSNT; Ths;TS,BSCK2 chỉ cần dự thi môn chuyên ngành+ ngoại ngữ trình độB,cũng phải làm luận án nghiên cứu thực tiễn trong BV(đầu ra thi khó hơn đầu vào,TN TS,vì tuỳ theo từng chuyên ngành,vd BSCK2 ngoại sản thì bắt buộc thi phẫu thuật thực tế trên BN tại BV chuyên ngành luôn).Tóm lại ngành y nếu chỉ học sáu năm rồi cầm bằng tốt nghiệp,thì được ví như đã cầm một chiếc chìa khoá trong tay để chọn mở cánh tủ,còn để chọn bộ quần áo đẹp nào mặc trên người mình thì phải thi và học sau đại học,tức là phải trải qua thời gian khá dài thực hành trong BV ít nhất là 5 năm,rồi phải trải qua những kỳ thi...và những năm tháng học tiếp lên...như các cấp danh đã chia sẻ trên...chỉ có ai là BS sẽ thấu hiểu tất cả...(nếu như thi một cách nghiêm túc và học một cách nghiêm túc...)!",trung lập,False,,
cmt_education018_0007_r01,education_018,"Trang Phạm thế lại gần cho Mỹ Đức, Chương Mỹ, Ứng Hoà các thứ luôn 😍",trung lập,False,,
cmt_education_007_0007,education_007,"Cứ quy định là chuyên khoa thì được điều trị, kê đơn, duyệt đơn. Còn thS, TS thì chỉ được nghiên cứu thôi. Thế cho nhanh :3 . Lúc đó lại thêm trò vui để xem :v",trung lập,False,,
cmt_education_040_0123,education_040,"Chung Nguyen thời tới, lên ngôi luôn chụy nhé😄",tích cực,False,,
cmt_education_011_0616,education_011,Trò hề,rác,True,,
cmt_education_011_0380,education_011,Sợ thật,tiêu cực,False,,
cmt_education_038_0066,education_038,Mong chờ,tích cực,False,,
cmt_education_037_0167,education_037,"Bỏ là hợp lí, vào ĐH thì nên bỏ, phải thi bằng chính năng lực. Ủng hộ nha, có điều    nên có lộ trình.",ý kiến riêng,False,,
cmt_education_011_0606,education_011,Hết chỗ nói biến thái mất nết đại dâm,tiêu cực,False,,
cmt_education_009_0011,education_009,"""Cán bộ nhà trường, cán bộ xã đến trao đổi với gia đình đừng làm lớn chuyện ảnh hưởng đến địa phương , đến Danh hiệu trường chuẩn cấp quốc gia mức độ 2 của trường "" :)
Giáo viên mà k có lương tâm nghề nghiệp.
Thôi các bác đừng làm lớn chuyện nữa. Share rồi cmt cho nó xôm thôi, kẻo ảnh hưởng đến trường và địa phương. :)",rác,True,,
cmt_education_004_0049,education_004,Vì số tiền ít ỏi mà mất sự nghiệp lẫn đạo đức danh tiếng,tiêu cực,False,,
cmt_education_037_0322_r05,education_037,Thiên Cổ z trong lớp lo quậy ko học gì hết cũng đâu được đâu anh 😂😂,trung lập,False,,
cmt_education017_0001_r07,education_017,Hà Nguyễn môn văn chắc kthi bằng cái này,rác,True,,
cmt_education004_0004_r02,education_004,Nguyễn Châu nhiều khả năng là chiều có hẹn đột xuất với Cơ quan AN ĐT nên đổi lịch 🤣,ý kiến riêng,False,,
cmt_education_017_0139,education_017,đừng làm đau em nữa bộ ơi..,tiêu cực,False,,
cmt_education017_0042_r01,education_017,"Lynx Đặng được thì vẫn được nhưng đề thi toán tiếng anh sẽ thành 100% trắc nghiệm, chấp nhận dần thôi chục năm sau máy móc phát triển quá rồi",tích cực,False,,
cmt_education_037_0010,education_037,"Mấy ông quy định gì thì có chủ trương sớm  đi, thay đổi hoài đu theo ko kịp, có con học lớp 12 như ngồi trên đống lửa, theo cá nhân tôi 05 phương thức của DH Bách Khoa Tphcm là phù hợp (học bạ chỉ chiếm 10%), hs có thể lựa chọn theo lợi thế cá nhân phù hợp",tiêu cực,False,,
cmt_education_009_0115,education_009,"Em hỏi con em y hệt ngay sau khi đọc báo. Bé nhà e cũng trả lời giống vậy đó chị:
- cô yêu cầu con tát bạn thì sao?
- con ko tát. Con ra khỏi lớp
- thế nếu cô yêu cầu bạn tát con thì sao?
- con chạy ra khỏi lớp. Vừa chạy vừa gào ""cô không có quyền""",trung lập,False,,
cmt_education020_0014_r08,education_020,"Nguyen Lien Cũng là phải bỏ công sức, trí tuệ, thời gian ra để họ dạy chứ cũng ko cướp ko được. Ai chả có nhu cầu có thêm thu nhập miễn ko phạm pháp. M nghĩ thế.",trung lập,False,,
cmt_education018_0060_r13,education_018,"dốt thì nhận mình dốt chứ cay cái gì nhỏ kia .Vẫn đầy ng rực rỡ ở trường đấy thôi. Tự nhiên đk học xobg h chửi là trg l,chửi ngu lại tự ái -))))))",trung lập,False,,
cmt_education_020_0101,education_020,chỉ khổ các con 2k7 thương,rác,True,,
cmt_education_039_0060,education_039,Ánhh DươnggLữ Thái NguyệtLại Thị Kiều Vy cíu bé,rác,True,,
cmt_education_007_0281,education_007,"Tranh cãi mà chi, chỉ cần có một loại bằng trên tất cả các bằng, ko phân biệt lãnh vực học thuật! Một là bằng đỏ, hai là bằng lòng! Có loại bằng đó, lương bổng và quyền lợi, chức tước đều trong tầm tay!",trung lập,False,,
cmt_education018_0009_r02,education_018,"Mưa Chiều Thu bên Đức đều vì lịch sử phân quyền, các bang tự chủ cao, còn việt nam lịch sử tập quyền mạnh - hạ tầng ngân sách quyền lực đổ về trung tâm từ đầu, nên ko thể copy mô hình của Đức dc. mỹ tăng giá nhà để dãn dân bởi vì thị trấn nhỏ có sẵn bv - đại học rồi. T nghĩ vấn đề k phải là tập trung hay phân tầng mà là ""tập trung nhưng ko phân cấp"", ví dụ ở việt nam, bệnh viện tỉnh yếu thì dân dồn về trung ương, đại học tỉnh yếu thì đổ về HN...tức là các tầng dưới ko đủ mạnh để giữ người",trung lập,False,,
cmt_education_038_0107,education_038,Ưng quá,tích cực,False,,
cmt_education018_0011_r13,education_018,Tiệm Tháng Năm so nội đô HN với tất cả các tỉnh thì có đáng gì,tiêu cực,False,,
cmt_education_037_0174,education_037,Xét học bạ tốt nghiệp thì lên còn thì đại học phải thi mới dánh giá năng lực học ntn,ý kiến riêng,False,,
cmt_education018_0014_r02,education_018,"Le Minh Duc vậy mới nói đây là bước ngoặt lớn, dù bây giờ hay sau này thì vẫn phải mở đường, rồi dần những nơi khác cũng sẽ nhộn nhịp hơn thôi, cũng sẽ có các dịch vụ giống như HN nữa, bây giờ thì khó khăn kiếm việc làm thêm cho sv nhưng sau này có thể sẽ ko phải lo lắng thiếu nọ kia",tích cực,False,,
cmt_education_017_0011,education_017,CNTT tại các trường học là hệ thống luôn được đánh giá thấp nhất trong số các doanh nghiệp về độ ổn định và bảo mật.,tiêu cực,False,,
cmt_education_037_0077,education_037,Có trường hợp dùng quan hệ PH mà học bạ kg trung thực rồi đó,tiêu cực,False,,
cmt_education007_0001_r03,education_007,Trai Đẹp Nhà Tui có cái học nào mà không để nâng cao trình độ chuyên môn hả bác???,tích cực,False,,
cmt_education018_0006_r05,education_018,Dương Dũng lúc đấy ngoại ô nó cũng tăng giá sinh hoạt lên theo chứ ở đấy mà rẻ,trung lập,False,,
cmt_education_007_0311,education_007,"Học để hành để làm được việc nó khác với học để lãnh cái bằng thật to..kẻ sĩ thì tìm hiểu đến tận cùng đam mê nghề, kẻ tham háo thì đi sưu tầm vậy...",tiêu cực,False,,
cmt_education_017_0402,education_017,"đầu tư phòng máy, lại kinh phí.",tiêu cực,False,,
cmt_education_017_0086,education_017,Nộp bài là xỉu tại chỗ luôn,trung lập,False,,
cmt_education_005_0219,education_005,Quá sợ.nay cho ra khỏi ngành chứ dạy dỗ gì nữa.,tiêu cực,False,,
cmt_education_017_0144,education_017,+1 thí sinh tự do..,trung lập,False,,
cmt_education_020_0073,education_020,Thì cũng thì rồi,rác,True,,
cmt_education020_0002_r12,education_020,Hào Le vậy các trường top các nước tiên tiến vẫn tuyển người tài thì sao? Nước người ta mỗi trường mỗi tiêu chí riêng?,ý kiến riêng,False,,
cmt_education_037_0173,education_037,"Còn xét học bạ, thì đừng nói tới công bằng.. nói chung phương thức này là bỏ , không nói tới!",tiêu cực,False,,
cmt_education_037_0322,education_037,"Trường top đầu ví dụ như NTMK đề thi kiểm tra môn gì cũng khó, khó từ ktra 15’ nếu lấy học bạ của NTMK mà xét chung với trường tư thục là quá bất công cho các em NTMK",ý kiến riêng,False,,
cmt_education_037_0227,education_037,"Lấy học bạ xét TN, lấy điểm thi DGNL xét ĐH, công bằng, các điểm ielts hay gì thì đậu vào trường rồi có thể xét để miễn các học phần TA căn bản.",ý kiến riêng,False,,
cmt_education_020_0154,education_020,Gd mỗi năm mỗi đổi mà vẫn ko đạt đc như kỳ vọng thì cái nên đổi có lẽ là bgd. Tội cho các em,tiêu cực,False,,
cmt_education_018_0215,education_018,UEd bên txuan có rời kh mn,trung lập,False,,
cmt_education018_0018_r02,education_018,Linh Vũ giỏi r,trung lập,False,,
cmt_education009_0001_r11,education_009,"Em cho con cãi ở nhà, dù là cãi bởi vì bé ko thích nhưng tất cả cứ chĩa súng vào bảo rằng thế mà mẹ ko đánh, thế là hỗn và abc. Mệt mỏi",tiêu cực,False,,
cmt_education_037_0320,education_037,Nếu tui là bộ trưởng tui sẻ bỏ tất cả các kì thi ...để phổ cập giáo dục đại học..cho sinh viên vay tiền để đi học kèm dk ràng buộc.còn học giỏi đến đâu lầ việc của sv vì học cho bản thân cho gd cho đất nước.,ý kiến riêng,False,,
cmt_education_017_0229,education_017,Thi xong nhập viện tâm thần là vừa khéo luôn á,tiêu cực,False,,
cmt_education011_0007_r01,education_011,Đinh Thành Minh trường dân lập,tiêu cực,False,,
cmt_education_017_0136,education_017,"2027? 2k9 cb lên thớt hả, đừng nha bộ ơi con mắt e nó cận 7 độ lận, e ngó 1 hồi là nó hoa mắt chóng mặt luôn í ạ☺️",tiêu cực,False,,
cmt_education_009_0005,education_009,"Phụ huynh tát 100 cái vào mặt cô, ai tát mạnh được tát thêm 10 cái nữa :))",tiêu cực,False,,
cmt_education015_0002_r03,education_015,"Minh Do có vấn đề về tư duy à ? Hay có bị thiểu năng k đấy...? 
Nta bảo là chưa cần, chứ k phải là ""không cần""... 
Thứ 2 là : bộ k biết tiếng Anh là làm công nhân hết à ? Mà biết tiếng Anh là thành tỷ phú, thành đạt, thành công và giàu à ???? 
Nói năng biết ngay nhận thức...",tiêu cực,False,,
cmt_education_009_0245,education_009,Nêu k muốn gd tre e bi len tieng thì đe phu huy của tung tre tat vao mat giảo viên xem sao neu giảo viên chiu đc 231 cãi tát của mỗi phụ huynh may ra khi đỏ phu huynh mơi k lên tiêng nak,ý kiến riêng,False,,
cmt_education017_0006_r30,education_017,"Nguyen P. Thao đẻ ít thì sau người già ai lo, rồi lại đi thuê nhân công nước ngoài khi nhân công trong nước đang già hoá cao và thiếu ha",rác,True,,
cmt_education_037_0002_r18,education_037,"Nguyễn Zen Chả có lý do gì mà ba năm nỗ lực mà lại không thi được, bạn biết con người ta không giỏi bằng con của bạn à? Tôi thấy bỏ là đúng vì cái học bạ này dễ tiêu cực nhất chưa kể thầy cô khác nhau mỗi trường khác nhau đã có sự khác biệt rồi.",tiêu cực,False,,
cmt_education_018_0227,education_018,"chuyển trg đh đi đâu thì ngần đấy sv ra trg cũng vẫn ra HN làm việc thôi vì đh có cách HN 30- 40 km giờ chỉ đi có 1 tiếng là ra HN đi kiếm ăn đc rồi . HN là đất tụ linh , sinh khí , ai sống ở HN cũng phát triển nên họ gắn bó với HN ngay sau khi tốt nghiệp ĐH đến lúc già .",trung lập,False,,
cmt_education_004_0067,education_004,1 tay không thể che nổi bầu trời,trung lập,False,,
cmt_education_011_0098,education_011,Đẹp quá tên này còn ở lại trường 1 ngày thì cho ra lo thế hệ bú bình nhiều không tưởng,tiêu cực,False,,
cmt_education011_0004_r04,education_011,"Vuong Lv 🔥cănq nha.... mớii xemm fuII vj₫eo bên ➡️ Hóng Tin Đường Phố 

😡",tiêu cực,False,,
cmt_education_009_0200,education_009,"Năm c1 l4 mình bị cô giáo đánh 20 cây vì ko làm 4 trang bài tập, có bạn kia còn bị hẳn 100 cây khiến bạn đó bị chấn thương ở mông ko ngồi đc gần cả tháng . Sau khi về lúc tắm, mẹ mình phát hiện và mình mếu máo nói với mẹ vì lúc bé cứ nghĩ bị cô giáo đánh là sai thì mẹ sẽ mắng mình. Thay vì đó thì ba mẹ mình đã gặp hiệu phó và thầy hứa sẽ giải quyết nhưng thật ra thầy đã giấu nhẹm và chỉ lập biên bản với cô giáo đó và cô vẫn đc giảng dạy như thường 🙂 còn mình thì bị đì và các bạn ghét (vì cô giáo hay ""giúp"" các bạn trong lớp biết trước đề thi để có điểm cao).",tiêu cực,False,,
cmt_education_020_0328,education_020,"Chiến dịch 2k7, BGD toàn thắng ☺️",rác,True,,
cmt_education_011_0017,education_011,"Làm rõ cả các chị nữa, các c ko lứng thì thầy cg ko làm gì đc…",tiêu cực,False,,
cmt_education007_0046_r13,education_007,Dạ Thy chuẩn.học từ trung câp và cao đẳng lên bsi luôn.mình thấy có mấy bạn học cao đẳng y về ko xin đc việc Jo đi học tiếp thú y,trung lập,False,,
cmt_education_020_0217,education_020,Như môn Anh Học 3 năm theo trương trình PTTH đến khi thi lại là dạng đề tương đương IELTS 8.0 thì quá bất công với em nông thôn,tiêu cực,False,,
cmt_education018_0002_r20,education_018,Thìn Aptm haha tôi cùng chung nỗi sợ với bác sau ngày nhập học,trung lập,False,,
cmt_education_018_0213,education_018,Di đơi trường T giấu trên ra khỏi trái đất luôn đc k ☺️,trung lập,False,,
cmt_education_037_0229,education_037,vậy thì tuyển bằng gì,trung lập,False,,
cmt_education017_0007_r07,education_017,"Đức Phan bác nghĩ mạng nội bộ, lưu nội bộ á, thế hack nó đi theo đường mạng thì tiêu cực lắm, đâu phải mạng nào cũng xịn, bảo mật dc.",tiêu cực,False,,
cmt_education020_0043_r02,education_020,"Trân Thị Vân hàng đống giáo sư tiên sư ngồi phòng lạnh ra đề của một môn nhưng học sinh phải thi 4 môn,cho một ông thi 4 môn xem có tốt nghiệp được không,đã thế lại còn xét học bạ với trường chuyên,,,,,,,",tiêu cực,False,,
cmt_education_017_0130,education_017,Nộp bài xong đầu thai luon,trung lập,False,,
cmt_education_011_0186,education_011,"Admin đưa lên phải khi thông tin rõ ràng nhé,",trung lập,False,,
cmt_education_002_0006,education_002,Nguồn: https://moet.gov.vn/tin-tuc/tin-tong-hop2/ban-hanh-quy-che-tuyen-sinh-dai-hoc-nam-2026.html,rác,True,,
cmt_education_018_0113,education_018,"Cái kiểu 1 trường 2,3 nơi bất tiện cực. Nên cho 1 trường ở cùng 1 địa điểm thôi",trung lập,False,,
cmt_education_007_0064,education_007,bệnh nhân sẽ tin BSCK  chứ mấy ông thạc sĩ tiến sĩ các kiểu khó nói lắm,ý kiến riêng,False,,
cmt_education_017_0607,education_017,Chưa kịp hoàn hồn lại sốc toàn tập,tiêu cực,False,,
cmt_education_005_0013,education_005,Cô thật có tâm,tích cực,False,,
cmt_education_011_0013,education_011,"Mất hết phẩm chất , đạo Đức để đâu. Về vườn xứng đáng",tiêu cực,False,,
cmt_education_015_0032,education_015,Trường này dem dấu giá chuyển qua làm bệnh viên hay khách sạn thì ok ngay,trung lập,False,,
cmt_education_018_0030,education_018,"Ưu tiên học sinh phổ thông, nhà trẻ.",trung lập,False,,
cmt_education_037_0234,education_037,"em cực kỳ ủng hộ luôn, giải tán bớt trường tào lao",tích cực,False,,
cmt_education020_0002_r08,education_020,Ruby Bảo Ngọc đúng luôn bạn đề gì mà phụ huynh học sinh quá bức xúc,tích cực,False,,
cmt_education_040_0079,education_040,Phải là môn học bắt buộc từ Tiểu học mới hợp lí.,tích cực,False,,
cmt_education_011_0546,education_011,Hay cho từ “ko chuẩn mực” 😂,tiêu cực,False,,
cmt_education009_0081_r09,education_009,Xi. Bà nào chả cho học sinh tự tát. Nhưng mà nhẹ.,rác,True,,
cmt_education015_0017_r01,education_015,"Nguyen Hồng học tiếng anh mà nguy hại ,dốt nát",tiêu cực,False,,
cmt_education_017_0454,education_017,Kèm theo máy thở oxy để đó + chuẩn bị thêm bãi đậu xe cấp cứu.,tiêu cực,False,,
cmt_education_011_0058,education_011,Đuổi gấp,tiêu cực,False,,
cmt_education015_0009_r20,education_015,"Lê Bíchh Thảo the ma 1 nam hang chuc ngan nguoi vn du hoc my, trong so do gan 1/2 la mien bac😂😂😂😂😂😂😂😂
Gio nhieu truong ma giong bac’ con nhieu hon ca mien nam😂😂😂😂",rác,True,,
cmt_education_005_0156,education_005,Giáo điên là có thật,tiêu cực,False,,
cmt_education_009_0201,education_009,"Dạy con ko nhất thiết phải quấn lấy bố mẹ , phải dậy ko sợ bố con thằng nào mới tồn tại được",trung lập,False,,
cmt_education_037_0009_r14,education_037,Đoàn Huấn mỗi ngươi một quan điểm riêng không ai giống ai chỉ sợ là đi sai đường rồi hối hận cũng muộn,trung lập,False,,
cmt_education_037_0178,education_037,"Nên bỏ để mỗi trẻ e đều được đến trường mà không bị dang dở, trẻ 14,15 tuổi nếu kg thi đậu c3 thì các cháu sẽ như thế nào? Hãy xét học bạ để mỗi cháu đều có cơ hội được học cho đến lớp 12",ý kiến riêng,False,,
cmt_education011_0002_r05,education_011,"Hoàng Mỹ Thuận kaka. Ổng lú ổng mới sống vậy chứ ng bình thường ai mà dại thế. Dục vòng làm ổng mất lý trí. Sống kiểu giống vật, gớm.",tiêu cực,False,,
cmt_education_009_0101,education_009,"Nhà trường lo cho thành tích, lo cho thi đua, lo cho danh dự, lo cho danh hiệu, mà sẵn sàng huỷ hoại nhân cách của Học sinh!  ( Hình chụp 1 khẩu hiệu trong trường 231 cái tát)",tiêu cực,False,,
cmt_education_037_0333,education_037,Xét tuyển tổng hợp như trường ĐH Bách Khoa là công bằng nhất: Điểm thi + Học Bạ + ĐGNL.,rác,True,,
cmt_education011_0004_r42,education_011,Nguyễn Tiến Thoả bạn chụp giúp cái ảnh phòng hiệu trưởng trường công nào ở quê Nam Định bằng hay hơn được cái phòng này ạ. Nói đúng thì thôi chứ mình cũng chỉ nói thực tế.,tiêu cực,False,,
cmt_education_007_0168,education_007,Bài toán nay đúng với câu đố trứng có trước hay gà có trước,trung lập,False,,
cmt_education013_0010_r04,education_013,"James Daniel trong bài ghi chuyển nhượng, giống bán đất đai ấy, không phải ăn chênh lệch, kiểu có 1 mảnh đất bán cho mấy nghìn người, nhưng đây là cổ phần và vẫn được chia cổ tức nên có thể nhà đầu tư không biết bị lừa, đến khi không trả cổ tức được nữa thì lòi ra",trung lập,False,,
cmt_education_011_0252,education_011,Thầy lùa như lùa gà công nghiệp,tiêu cực,False,,
cmt_education_037_0086,education_037,Thi tuyển sinh là công bằng nhất,tích cực,False,,
cmt_education017_0010_r05,education_017,Thành Đạt NL Con Vợ Bakugo ^^,rác,True,,
cmt_education_018_0174,education_018,Khánh LinhChi TrịnhNguyễn Danh Gia BảoMai Thanh ăn l,trung lập,False,,
cmt_education_017_0294,education_017,Thi giấy thôi,tiêu cực,False,,
cmt_education017_0012_r04,education_017,Quy Kiêu cái này là chỉ 1 số tỉnh sẽ thi máy còn 1 số tỉnh vẫn thi = giấy ạ,tiêu cực,False,,
cmt_education_011_0578,education_011,Sao trách mỗi chủ tịt mà k nhắc đến mấy ng pn đó v ta,ý kiến riêng,False,,
cmt_education007_0005_r20,education_007,"Nguyễn Quang Tráng 4+4 có 8 năm, trong khi bs nội trú 6+3 9 năm xem như chứng chỉ. má xàm hết sức",tiêu cực,False,,
cmt_education005_0002_r02,education_005,"Nguyễn Trung mình ko dạy thêm nên học sao để điểm vậy, chứ có dạy thêm là bị nói này nói nọ…thường ngày cũng có ghi lại minh chứng",trung lập,False,,
cmt_education011_0004_r02,education_011,"Nam Bắc 
Nửa chữ cũng là thầy
Nữ chửa cũng là thầy",tiêu cực,False,,
cmt_education_038_0124,education_038,Dạy từ tiểu học đến trung học nhưng học sinh mơ hồ xem lại chất lượng giáo dục đào tạo của giáo viên 🤧🤧🤧🤧,tiêu cực,False,,
cmt_education_037_0259,education_037,thi dùm em đi ạ😭,rác,True,,
cmt_education_040_0057,education_040,"Thời buổi bây h làm j cũng cần máy tính mà, ko nhiều thì phải ít chứ ko thể ko dùng đc",tích cực,False,,
cmt_education_020_0077,education_020,"Thi khó, cách đăng ký dự tuyến nguyện vọng vào các trường càng khó,  không biết đâu mà làm?!",tiêu cực,False,,
cmt_education_005_0129,education_005,Bình phước với bà rịa vũng tàu hki 2 năm học vừa rồi cũng có cảnh tương tự gv sửa bài hs,tiêu cực,False,,
cmt_education_009_0069,education_009,"Thế bây h phạt cô giáo là bị toàn trường tát , mỗi người 10 cái thật mạnh tay vào để coi coi giáo đó cảm nhận như thế nào",tiêu cực,False,,
cmt_education020_0007_r03,education_020,"Meo Meo vấn đề ở đây là học trên lớp, học ""căn"" theo sách giáo khoa, lấy sách giáo khoa làm chuẩn để làm gì bạn ơi. Đúng kiểu ""học 1 đường mà thi 1 ngã"" ấy. Bên cạnh đó, nếu dùng từ ""phân hóa"" thì dùng cho lứa 2000 trở về trước mới đúng vì khi đó thi tốt nghiệp và đại học tách riêng, thi TN phải xét mặt bằng chung, còn thi ĐH tất nhiên sẽ yêu cầu cao hơn rồi",tiêu cực,False,,
cmt_education_007_0198,education_007,"Đề xuất nhảm nhí,Tào lao",tiêu cực,False,,
cmt_education_018_0016,education_018,"Chuẩn luôn, ưu tiên các trường cấp 3",tích cực,False,,
cmt_education017_0005_r02,education_017,Đặng Tiến Mạnh khó á bạn. Nếu bỏ thi tốt nghiệp thì phải nhét cái đánh giá năng lực cuối cấp vào năm 12 luôn. Vậy sẽ vất vả hơn,trung lập,False,,
cmt_education_018_0242,education_018,K hiểu ai phê duyệt cho trường kiến trúc xây thêm 2 tòa cao tầng trong 1 khuôn viên nhỉ hẹp như vậy,trung lập,False,,
cmt_education018_0014_r06,education_018,Le Minh Duc cái này chuẩn này. Rất nhiều sv giờ vừa học vừa làm rất nhiều. Về nơi vắng các bạn sống bằng gì? Đâu phải sv nào bố mẹ cũng đủ đk nuôi 100%,tiêu cực,False,,
cmt_education015_0019_r01,education_015,Tran Anh CHUẨN,rác,True,,
cmt_education_018_0124,education_018,Tuyệt vời,trung lập,False,,
cmt_education011_0006_r14,education_011,Phong Lâm Fb ông này đây mn.vẫn còn già mồm mà @ 😡😡Nguyễn Tuấn,rác,True,,
cmt_education_011_0349,education_011,"Sướng con .... mù con....😂😂
Dạ THƯA THẦY",tích cực,False,,
cmt_education_017_0694,education_017,"Nên để thi như bình thường, như thế sẽ sống được lâu hơn",tiêu cực,False,,
cmt_education_011_0052,education_011,chắc ra đường đeo mo k hết nhục,tiêu cực,False,,
cmt_education007_0001_r02,education_007,"Chuyện Nghề Y Tôi ngoài ngành Y nhưng tôi nhìn mấy đứa bạn của tôi học Y thì quan điểm cá nhân tôi thấy đúng là không thể xếp Bác sĩ Nội trú chuyên khoa I, chuyên khoa II tương đương Thạc sĩ, Tiến sĩ được mà nên phải xếp cao hơn (lương cũng nên cao hơn) vì tôi nhìn thấy ngành Y học vất vả, nguy hiểm, dốc tâm sức gấp mấy lần đứa Thạc sĩ khối C như tôi.",tích cực,False,,
cmt_education_040_0095_r02,education_040,Trần Mạnh Nghĩa học cả hai môn luôn nè,rác,True,,
cmt_education007_0004_r03,education_007,"Tien Huynh ko thể so sánh được đâu, Bs Ck2 là kỹ năng nghề nghiệp khám chữa bệnh, bên kia tiến sĩ là nghiên cứu, học thuật!",tiêu cực,False,,
cmt_education_018_0060,education_018,Y Hà Nội mà ra ngoại thành thì sinh viên chạy xô học ở các viện kiểu j😎,trung lập,False,,
cmt_education_020_0179,education_020,Cái vấn đề là chỉ đạo 1 đằng ra đề 1 nèo người học tèo là đúng rồi. Các bạn lười học giờ chỉ ở mức 30% còn 70% các bạn học thục mạng nên tội lắm nha mấy ngài.,ý kiến riêng,False,,
cmt_education_017_0183_r02,education_017,Malu Vũ 36 mã đề 1 dạng câu hỏi nhưng kết quả khác nhau,trung lập,False,,
cmt_education017_0002_r04,education_017,Uyen Nguyen Phạm Thùy Trâm,rác,True,,
cmt_education020_0006_r04,education_020,Huyền Mai khổ j b. Hwa này lướt tụi khá giỏi nó đăng điểm dự kiến cao lắm.b ơi. B toàn nhìn tụi học dở thui,tiêu cực,False,,
cmt_education_002_0028,education_002,Qt,rác,True,,
cmt_education_016_0005,education_016,Thấy tối đa 10NV còn rất nhiều bất cập.Mong Bộ GD-ĐT xem lại để phù hợp hơn vs các thí sinh,tiêu cực,False,,
cmt_education_011_0450,education_011,"Tối muốn nhổ mấy bãi nước bọt vào mặt thằng chó kia , suy đồi đạo đức vậy mà nó giám ngồi vị trí đó .",tiêu cực,False,,
cmt_education020_0004_r30,education_020,"Long Lê Hoàng Trần trước đây thi Đại học tui cũng được cộng 1,5 điểm vùng sâu, điểm cộng thêm là để hỗ trợ phần nào cho thí sinh. Còn việc học, phân ban và chọn ngành nghề là việc phải định hình ngay từ đầu cấp 3. Khi tỉ lệ chọi cao thì mới xuất hiện nhiều cá nhân vượt trội, Đại học nên lấy điểm từ trên xuống khi đủ chỉ tiêu thì cắt, thấp điểm xuống Cao đẳng học.

Cứ phân ban A B C D như trước đây lại hay, còn việc ngành nghề đa dạng hơn nó cũng không ảnh hưởng mấy. Vì cơ bản kiến thức phô thông khi ra Đại học ít vận dụng và khi ra trường thì kiến thức ở Đại học lại bị thay thế bởi thực tế cộng việc. Học và làm là 2 việc khác nhau nhưng nó lại có liên quan với nhau.",trung lập,False,,
cmt_education017_0129_r01,education_017,Khánh Long văn vừa gõ phần mở bài xg hết giờ:)),rác,True,,
cmt_education_002_0024,education_002,Bài viết ý nghĩa,tích cực,False,,
cmt_education_037_0001_r01,education_037,Nguyễn Tấn Vân Xuân bạn nói rất đúng . thi tuyển sinh là công bằng nhất .,tích cực,False,,
cmt_education_017_0233,education_017,Hạnh Nguyên Diệu Anh Linh Nnt mình tìm đường xlkđ sớm đi các cậu,rác,True,,
cmt_education_037_0321,education_037,Khánh Băng rồi lun,rác,True,,
cmt_education_011_0147,education_011,Thằng này giỏ nhưng mà ngủ ko biết trong phòng mình có cam,tiêu cực,False,,
cmt_education011_0009_r04,education_011,Hân Hân trường tư thì cũng như cái công ty thôi,trung lập,False,,
cmt_education011_0002_r13,education_011,Đỗ Ngọc Huyền xin nghỉ chỗ cũ hả,rác,True,,
cmt_education_015_0051,education_015,Trường này chuyển giao cho ai vậy,trung lập,False,,
cmt_education020_0010_r17,education_020,"Hue Chi Nguyen chắc người ngoài hành tinh nên mới làm được đề ngoài hành tinh, vì thế chính tả từ cơ bản thế họ sai thì cũng phải thông cảm cho họ😑",tiêu cực,False,,
cmt_education_005_0307,education_005,"Cô bị thần kinh rồi , ko giúp tăng điểm khuyến khích cho cháu lại còn hại cháu nữa , ngược đời",tiêu cực,False,,
cmt_education_018_0015,education_018,Rồi có xây trường và mục đích công cộng k hay lại mọc lên mấy cái toà chung cư???,tiêu cực,False,,
cmt_education_002_0035,education_002,Quan tâm,trung lập,False,,
cmt_education_040_0002_r02,education_040,Linh Nguyen cmt hay nhất âhhaha,rác,True,,
cmt_education_039_0002_r03,education_039,Đinh Thị Nhàn dạ cu tí vẫn làm thủ tục nv1 xong hết rồi mự,trung lập,False,,
cmt_education007_0005_r10,education_007,"Nguyễn Quang Tráng Ở VN thì đúng là BSNT giỏi toàn diện bạn à, thực sự về lý thuyết + nghiên cứu thì BSNT giỏi hơn Ths và thực hành cũng giỏi hơn CK1 đấy bạn.",tích cực,False,,
cmt_education018_0002_r11,education_018,"Hoàng Nam ơ! Nói và làm là hai việc khác nhau, chạ liên quan! 🤣",trung lập,False,,
cmt_education020_0008_r03,education_020,"Võ Nguyễn Thành 
Chưa chắc!",tiêu cực,False,,
cmt_education_017_0335,education_017,Nín ngay ông thì biết cái gì,rác,True,,
cmt_education011_0014_r04,education_011,"Alang B Hinh fbbb ông hiệu trưởng đây, lên bài tất cả là tự nguyện mà, bên Tin nóng 24/7",rác,True,,
cmt_education_040_0088,education_040,tuyệt vời sudo rm -rf /* --no-preserve-root,tiêu cực,False,,
cmt_education013_0018_r02,education_013,Hog khác gì đạo lửa bên cam,tiêu cực,False,,
cmt_education_037_0184_r08,education_037,"Minh Trí Hồ ừ, đó là bạn m, ko phải t. Đề nghị đọc hiểu cho kĩ vô, cứ quy chụp 1 người cho cả số đông à ? Phiến diện vc",trung lập,False,,
cmt_education_009_0314,education_009,Đâu phải lần đầu !,tiêu cực,False,,
cmt_education_011_0427,education_011,"Vợ của ai là họ nhận ra được ngay , không rõ mặt chỉ với người lạ thôi còn dáng người và trang phục khó trùng hợp",trung lập,False,,
cmt_education020_0004_r01,education_020,Đỗ Đức Dũng khối D01 khóc vội,trung lập,False,,
cmt_education020_0007_r04,education_020,Bảo Yến Thuộc rồi mà k chú tâm chắc gì làm chuẩn trong t gian ?,trung lập,False,,
cmt_education_011_0166,education_011,Rồi mấy con này ăn học tới làm giáo viên luon mà ngu giữ vậy,tiêu cực,False,,
cmt_education_037_0002_r21,education_037,Nguyễn Zen Làm gì dễ xin để có học bạ đẹp mà mấy ph hay có ý kiến . Đó là nỗ lực của các con để kết quả tốt .,tích cực,False,,
cmt_education017_0012_r02,education_017,"Vũ Việt Anh nay giáo viên chú trọng thực hành nhiều rồi, đúng giờ tiết thực hành là lên phòng máy, chỉ lo tính bảo mật đề thi thôi.",trung lập,False,,
cmt_education017_0004_r03,education_017,"Trần Cường cái này gọi là chết sớm siêu sinh sớm, đỡ phải chờ đợi mong mỏi",trung lập,False,,
cmt_education_037_0025,education_037,"bỏ thi vào lớp 10 xét học bạ thì ok, còn đại học phải thi như vậy mới công bằng cho tương lai của các em.",ý kiến riêng,False,,
cmt_education_005_0234,education_005,"Vậy thì suốt cả năm học, mấy em này chắc cũng chẳng học dc kiến thức gì từ cô.",tiêu cực,False,,
cmt_education_011_0475,education_011,"""Nửa chữ"" cũng là thầy...mà giờ ""NỮ CHỬA"" cũng là Kthầy mà 😁",tiêu cực,False,,
cmt_education007_0015_r03,education_007,"BGD bảo y khoa củng như những nghành khác, vậy thì chỉ cần học 4năm thôi, rồi học tiếp 2 năm ths. Bỏ 12tháng cchn.",ý kiến riêng,False,,
cmt_education011_0006_r08,education_011,Phong Lâm dạ anh chỉ bảo thêm ạ,rác,True,,
cmt_education_011_0509,education_011,Hiệu trưởng trường thpt mà ghê thế. Môi trường giáo dục mà thầy làm bẩn quá . Khiếp.,rác,True,,
cmt_education_040_0005,education_040,"Đầu tư cơ sở vật chất đầy đủ cho các cháu
Đừng để học tin học trên vở",tích cực,False,,
cmt_education009_0081_r11,education_009,có rứa à,rác,True,,
cmt_education_040_0186,education_040,Năm tới môn Tin tăng vọt,trung lập,False,,
cmt_education_040_0128,education_040,Quá ủng hộ luôn,tích cực,False,,
cmt_education007_0018_r01,education_007,Trường em hổng như vậy a ơi,trung lập,False,,
cmt_education011_0017_r04,education_011,"Nguyễn Văn Cáp .,bà áo trắng nhân vật nữ chính đây xinh nha mn🥰🥰 Nguyễn Như Yến",rác,True,,
cmt_education018_0005_r01,education_018,"Thanh Sắt có cơ sở vật chất hạ tầng sẵn sàng muốn lôi xuống còn khó ý chứ 
Nhưng đầu tiên sẽ là ĐHQG rồi các trg khác nối tiếp",trung lập,False,,
cmt_education017_0007_r11,education_017,Minh Chi ở thành phố em được học máy tính từ trước cấp 1 rồi cách đây hơn 20 năm nữa nên h triển khai ở quê là còn chậm đó ạ.,tích cực,False,,
cmt_education_009_0152,education_009,"Không tự dưng mà cô giáo có ""sáng kiến"" đó . Nó phải được cấu thành từ gia đình, xã hội và trực tiếp là nền giáo dục mà ra
Nên xét ra cô giáo ấy chỉ là nạn nhân . Là nạn nhân thì không nên cả xã hội lên đồng thóa mạ đến mức như là xã hội ta chỉ duy nhất có trường hợp dấy mà thôi ; Nên giáo dục lại cái hiểu về nhân cách sống cho  cô giáo ấy ...là đủ
Nhưng phải cách chức hiệu trưởng và trưởng phòng giáo dục , Phê bình nghiêm khắc giám đốc sở giáo dục tỉnh đó ...có như thế thì may chăng sẽ thay đổi được não trạng lãnh đạo để không có trường hợp tương tự xảy ra",tiêu cực,False,,
cmt_education020_0011_r02,education_020,Lê Thị Hải Yến Tôi nghĩ là nên bỏ thi lên lớp 10 mà cứ dủ điểm cho lên lớp học cấp  TH PT đủ điểm xét cho bằng tốt nghiệp. Tổ chức thi đại học lấy đầu vào chuẩn để chọn nhân tài. Các cháu hết Thpt xét bản thân không vào đại học được đi học nghề hoặc đi làm cũng đủ tuổi lao động . Bản thân hs không bị áp lực bố mẹ cũng vậy.,trung lập,False,,
cmt_education018_0060_r20,education_018,Trương Nam Me2 k68 bình luận ẩn danh mà còn chê nữa thì biến 👌,trung lập,False,,
cmt_education_037_0177,education_037,bỏ là đúng-sẽ công bằng hơn,tích cực,False,,
cmt_education_020_0293,education_020,"Lần sau Bộ đừng cho đề minh hoạ nữa. Xin đấy. Chẳng thà k cho, cho 1 đằng làm 1 nẻo.",tiêu cực,False,,
cmt_education_001_0005,education_001,Trúc Phương bạn hiểu ý mình trứ 😌,rác,True,,
cmt_education_016_0071,education_016,Tôi mong muốn tối đa 20 nv,ý kiến riêng,False,,
cmt_education007_0001_r05,education_007,Lam Tran quan trọng khi học nội trú vẫn có lương để sống,tích cực,False,,
cmt_education004_0003_r02,education_004,"Mai Vũ hàng tháng, hàng tuần đều nổ drama. Cái sau to hơn cái trước, drama đã nổ, drama sắp nổ, drama khả năng nổ…",trung lập,False,,
cmt_education018_0011_r01,education_018,Tiệm Tháng Năm ngoại thành đi xa rồi thì bh nội thành đi lại có gì đâu,trung lập,False,,
cmt_education017_0002_r53,education_017,Lê Hoàng Thiện Những ai không chịu học sợ thôi,rác,True,,
cmt_education_039_0035,education_039,"Hoang mang, lo lắng",tiêu cực,False,,
cmt_education011_0005_r02,education_011,Nhật Thànhchục cô cơ mà hơn 16 cái lip vừa xem  bên Mây Lang Thang ,tiêu cực,False,,
cmt_education018_0039_r01,education_018,SunnyWallaby3855 về 36 giùm t,trung lập,False,,
cmt_education007_0003_r28,education_007,"Lương Tiểu Mai bạn có tìm hiểu về ngành y ko v bạn? Ths Ts chủ yếu theo hướng nghiên cứu là chính, còn lâm sàng thì phải nói tới bsnt vs CK1/2 chứ. Về đọc lại đi bạn rồi lên phát biểu tiếp nhé :))))",trung lập,False,,
cmt_education_015_0097,education_015,Dẹp sớm cho an tâm,tiêu cực,False,,
cmt_education017_0002_r64,education_017,Thùy Vân lâm sàng luôn chứ đùa à🤣,rác,True,,
cmt_education_040_0063,education_040,Học tin chill lắm nma khó ạ🥰,tích cực,False,,
cmt_education_009_0027,education_009,"Thằng cùng bàn chép bài văn của tao, 2 bài văn giống nhau như đúc. Cô giáo xuống tận bàn chấm điểm, cô đọc bài của tao xong thì quay ra bảo tao không tập chung làm bài và làm bài lạc đề. Rồi cô xem  bài của thằng bạn tao rồi cho 8 điểm và bảo có cố gắng... đó là câu chuyện có thật và tao không bịa đặt",ý kiến riêng,False,,
cmt_education007_0004_r05,education_007,Ở chỗ tôi có ths bs Ck2 rồi k biết bs ấy có học lên ts bs Ck2 không,tiêu cực,False,,
cmt_education_037_0221,education_037,Rất nên bỏ sớm,tích cực,False,,
cmt_education018_0017_r14,education_018,Phạm Như Phi ? Thế trg ban đầu xây ở đâu a bị đuổi mới lên đấy nhé. A xem lại xem a khuyên tốt đc bnh?,trung lập,False,,
cmt_education_011_0199,education_011,Làm mất hình ảnh người thầy!,tiêu cực,False,,
cmt_education_017_0050,education_017,Ối dồiiii ôiiii,rác,True,,
cmt_education_009_0144,education_009,Lỗi hệ thống. Các thầy cô ấy cũng không được giáo dục đến nơi đến chốn!,tiêu cực,False,,
cmt_education_020_0149,education_020,Năm sau chỉ cần thay đổi nguyên bộ GD mới thì sẽ ổn thôi,tiêu cực,False,,
cmt_education_007_0030,education_007,Không tương đương được là đương nhiên. Một bên chuyên sâu về điều trị. Một bên chuyên về giảng dạy nghiên cứu. Cần bổ sung thêm quy định đối tượng nào được đi học chuyên khoa đối tượng nào được đi học thạc sĩ Tiến Sĩ. Tránh tình trạng mấy ông thích và có nhiều mục đích khác . đang ở trong bệnh viện là bác sĩ điều trị nhưng học thạc sĩ Tiến sĩ  y tế công cộng hoặc lĩnh vực y học dự phòng chẳng liên quan tới vị trí việc làm mình đang thực hiện. Học xong rồi lấy cái bát tiến sĩ cũng ghi vào trong đơn thuốc là Tiến sĩ Bác sĩ thế là bệnh nhân tưởng giỏi giang lắm. Lựa chọn khám ầm ầm nhưng chất lượng khám chẳng ra gì,tiêu cực,False,,
cmt_education020_0004_r14,education_020,Bobby Bob vùng cao giờ đc mấy vùng :),trung lập,False,,
cmt_education_011_0104,education_011,Mỗi ngày một cô giáo thằng này sướng thật,tiêu cực,False,,
cmt_education_007_0314,education_007,Riêng tôi chỉ khâm phục bs nội trú nếu là bệnh nhân đi khám thì nên đến bs nội trú vì họ giỏi thật là tinh hoa của gành y,tích cực,False,,
cmt_education007_0014_r02,education_007,Tuân Minh Lê b cãi hộ t với. T nguyện theo b hết nghề.,tích cực,False,,
cmt_education011_0002_r10,education_011,Đỗ Ngọc Huyền xinh thế đi xin việc thì sếp và quản lí đều thế đấy )),tiêu cực,False,,
cmt_education007_0006_r02,education_007,Lê Đức người ta học xong trình độ bác sỹ rồi mới làm thạc sỹ và tiến sỹ bác ạ,trung lập,False,,
cmt_education_015_0072,education_015,Tin tốt,tích cực,False,,
cmt_education_018_0292,education_018,Nhà trường làm xe đón sinh viên như FPT ấy cho các em đỡ vất,trung lập,False,,
cmt_education_005_0174,education_005,Cô ấy muốn dạy thêm tại mà k ai học cổ tức,tiêu cực,False,,
cmt_education018_0017_r01,education_018,Nguyễn Minh F đỏ thư viện chưa kịp xây xong mà đã di dời thì chán quá,trung lập,False,,
cmt_education007_0012_r01,education_007,"Ngô Trang, tại sao quá (9 năm học (6 năm đa khoa+3 năm NT))? Ở Mỹ học YK 8 năm là có bằng TSYK (MD: Medical Doctor).",tích cực,False,,
cmt_education_007_0159,education_007,"Hai vấn đề khác nhau, không thể nói là tương đương",tiêu cực,False,,
cmt_education011_0030_r02,education_011,Hợp Thuỷ dâm quá thành ngáo đó bà,rác,True,,
cmt_education_020_0049,education_020,"Làm sao mà báo cáo thực, ảnh hưởng đến thành tích ai chịu",tiêu cực,False,,
cmt_education_018_0133,education_018,Đừng xây chung cư xây trường học thì tốt hơn,trung lập,False,,
cmt_education_007_0227,education_007,Học xong lớp ck1 rồi học thạc sĩ 😂 thế là đc cả hai bộ công nhận,tích cực,False,,
cmt_education_017_0456,education_017,"Nhớ dùng hết đồ có dây nhá, lan , chuột , phím , dùng loại không dây t xiên đấy",trung lập,False,,
cmt_education_013_0002,education_013,Chiêu 'lùa gà' để chiếm đoạt 7.677 tỷ đồng từ nhà đầu tư của Shark Thủy https://vnexpress.net/chieu-lua-ga-de-chiem-doat-7-677-ty-dong-tu-nha-dau-tu-cua-shark-thuy-4965132.html,rác,True,,
cmt_education_004_0136,education_004,Che mặt chi vậy ? Sợ người ta không biết hả ?,tiêu cực,False,,
cmt_education020_0004_r02,education_020,TienTuyen Cao ok !,tiêu cực,False,,
cmt_education018_0008_r02,education_018,Ninh Hai thóc đâu bồ câu đấy bạn nhỉ.,tiêu cực,False,,
cmt_education_037_0199,education_037,Thi cử là  phản ánh  đúng  phong độ của  thí sinh chớ tin vào  học bạ  mà  thời  điểm thì  kinkin thì  vứt rác,tiêu cực,False,,
cmt_education011_0002_r19,education_011,Hoàng Mỹ Thuận chắc ổng nghe đồn cam hư ai dè banh chành bình địa chiến này🤣🤣🤣🤣🥶,tiêu cực,False,,
cmt_education_007_0184,education_007,Bsnt và CK mãi đỉnh 😂,tích cực,False,,
cmt_education_015_0047,education_015,"Truong quá chất đep như cung dien mà bị giải thể thì quá uổng , sao khong lấy trường đó bổ sung làm trường học cho các em đi nhỉ",tiêu cực,False,,
cmt_education_040_0016,education_040,Cho số tiết tăng lên để hs có đk rèn luyện thích hành cái đã,ý kiến riêng,False,,
cmt_education017_0006_r06,education_017,"Lý Thảo từ cấp 1 đến cấp 2 thì có mấy cuộc thi trên máy rồi. Nhưng mấy cuộc thi đó nó không quan trọng lắm, có mạng lỗi thì thôi không ảnh hưởng trực tiếp kết quả của học sinh. Nhưng thi đại học thì khác. Lỗi là toang 1 loạt luôn.",trung lập,False,,
cmt_education_037_0250_r01,education_037,tính ra kh cần đi học 12 năm chi khổ ôn đgnl 1th là dô trường top roi,tiêu cực,False,,
cmt_education_017_0020,education_017,"Lại thí điểm , đem cả tương lai của bọn trẻ ra thí",tiêu cực,False,,
cmt_education_005_0248,education_005,Lòng ích kỷ nham hiểm đối với giáo viên này. Tiều nhân,tiêu cực,False,,
cmt_education_040_0204,education_040,Tung Isnt Real hmmm,rác,True,,
cmt_education_018_0176,education_018,Chuyển 207 giải phóng về Ninh Bình nhanh giùm😭,trung lập,False,,
cmt_education011_0008_r01,education_011,"Trần Ngọc 🚫Fb là  thầy Nguyễn Văn Đạt lên bài đính chính toàn bộ video là sai sự thật rồi mn
Chối bỏ có đăng toàn bộ sự thật ở Trang ổng kìa",ý kiến riêng,False,,
cmt_education_017_0619,education_017,"Chắc K13 thi chữi nhau văn, toán, anh với mấy con robot luôn wé 😭",tiêu cực,False,,
cmt_education_007_0201,education_007,"Tiến sỹ là nghiên cứu, chuyên khoa là thực hành, có thế tương đương quyền lợi chức vụ chứ ko tương đương bằng cấp. Ngu thế mà cũng cãi đc.",ý kiến riêng,False,,
cmt_education_037_0002_r45,education_037,"Nguyễn Diễm thi cũng công bằng nhưng bạn nói xét học bạ tiêu cực, k dễ đâu bạn ơi, các con học cấp 3 để xét dc học bạ đẹp cũng toàn bạn ưu tú k đó, các trường cũng k chạy thành tích như bn nghĩ đâu, các thầy cô rất công bằng",ý kiến riêng,False,,
cmt_education011_0002_r24,education_011,Che để đựu 😂😂😂,rác,True,,
cmt_education_017_0127,education_017,thi vẽ trên máy tính lun đi 👽,trung lập,False,,
cmt_education_007_0020,education_007,"Không xép thì thôi, các Bác sĩ CK1, CK2, Nội trú  cũng làm miết quen rồi",trung lập,False,,
cmt_education020_0010_r04,education_020,Vũ Mạnh Thắng ĐÊ THI MÔN VAN CAC THAY CO CHAM BAI KHEN ĐÊ RA NAM NAY HAY VA RAT NHIEU EM VIET RATTOT,tích cực,False,,
cmt_education017_0002_r25,education_017,Thùy Vân Mit MitPhan Linh,rác,True,,
cmt_education_009_0063,education_009,"Con cháu t thì m xác định vỡ mặt cmml,cô giáo quần què gì cái thứ cáo chồn m.👊👊👊",tiêu cực,False,,
cmt_education_040_0002_r01,education_040,Linh Nguyen bây giờ đk có rồi.tin mày mò   dễ hơn nếu đam mê.,tích cực,False,,
cmt_education_037_0016,education_037,"Con của tui cũng vậy để đạt dc điểm số như mong muốn các con phải nỗ lực rất nhiều , thời gian học còn nhiều hơn thời gian ăn và ngủ; nếu như nói không công bằng khi xét tuyển thì vô tình phủ nhận sự nỗ lực của các em, không phải chỉ riêng con tui nỗ lực trong học tập, tui nghĩ còn rất nhiều các em rất cố gắng nỗ lực trong học tập nên cần cân nhắc khi quyết định bỏ quy định này để động viên các em nỗ lực trong học tập và tránh thiệt thòi cho các e",ý kiến riêng,False,,
cmt_education_017_0363,education_017,Như vậy sẽ ảnh hưởng tâm lý cho môn thi sau,tiêu cực,False,,
cmt_education_037_0067,education_037,Đúng rồi. Dừng. Thi  công bằng cho đúng nhân tài dc chọn,tích cực,False,,
cmt_education_017_0451,education_017,"Trc thi ngất vì áp lực, lo sau thi ngất vì shock",tiêu cực,False,,
cmt_education_040_0051,education_040,Uầy môn tủ,tiêu cực,False,,
cmt_education_020_0223,education_020,Nên bỏ thi vào lớp 10 và bỏ thi tốt nghiệp cấp 3. Bắt buộc thì đại học. Các bạn ko thì đc đại học 18tuoi học nghề hoặc đã đủ tuổi lđ rồi.,trung lập,False,,
cmt_education007_0004_r25,education_007,"Binh Nguyenbs trước 75 không có bsck1, bsck2 mà chỉ có bsck thôi , bs A là bsck ngoại nhi tu nghiệp tại mỹ",trung lập,False,,
cmt_education019_0008_r01,education_019,"Máy Phun Sương Bình thành tích cao rồi gv cũng dc gì đâu, xin làm gì mất công",trung lập,False,,
cmt_education_005_0185,education_005,"SỐNG NHỤC PHẦN ĐỜI CÒN LẠI. Và cũng là lời Cảnh Tĩnh cho PH bệnh thành tích suốt ngày ""điểm chát"". Mà ko biết năng lực con mình tới đâu khi đi học thêm tại nhà Cô Giáo ở trường để được nâng điểm.",tiêu cực,False,,
cmt_education_017_0558,education_017,Chết ngay tại chỗ luôn 🥴,tiêu cực,False,,
cmt_education017_0009_r01,education_017,Phạm Ngọc Ba năm này chã thi 24 mã đề 1 phòng chị ơi,trung lập,False,,
cmt_education_005_0191,education_005,Kết quả chính xác rồi xử lý sao trời ..hóng,trung lập,False,,
cmt_education018_0060_r03,education_018,có ăn có học mà nói câu nào dốt câu đó .Đi học làm người còn khó thì sao thành tài hả ní,trung lập,False,,
cmt_education_017_0661,education_017,Thi xong ra làm liền cho nóng,trung lập,False,,
cmt_education_017_0167,education_017,đến 2k11 là thi bằng máy giặt luôn 😆,tiêu cực,False,,
cmt_education_038_0005_r02,education_038,Nguyễn Linh và sẽ nói tiếng Việt y như ... người nước ngoài luôn 😗,rác,True,,
cmt_education007_0013_r05,education_007,"Tuấn Anh đề xuất lên cần cụ thể và chi tiết cách làm, nhất là việc cấp phép để đảm bảo chất lượng, nhất là chứng chỉ hành nghề, theo cá nhân của tôi thì tất cả các loại giấy tờ này cần những Hội đồng chuyên khoa do các giáo sư đầu ngành uy tín đang đương chức chủ trì xét duyệt. Ngành Y là 1 ngành khoa học gắn liền với nghiên cứu và thực hành, nên cần phải là GS uy tín đang đương chức thì mới đủ kiến thức và cập nhật các kiến thức mới, tư duy mới, các chiến lược phát triển nhân lực ngành Y và có sự ràng buộc nhất định về trách nhiệm.",trung lập,False,,
cmt_education_037_0197,education_037,Bỏ ngay và luôn,tích cực,False,,
cmt_education007_0046_r24,education_007,"Hanh Phuc bệnh hay gì mà ganh tị với một đứa bs mới ra trường đáng tuổi con mình. Bs nội trú hay bs ck1 hay ck2 hay gs ts gì gì đi nữa thì cũng đều ngang nhau. Hơn nhau chỉ ở tiếp xúc bao nhiêu bn, chữa đc bao nhiêu người. Còn tại sao nói bs nt như Y7,8,9 thì đã giải thích ở dưới không cần phải lặp lại. Ngành y là ngành thực hành, còn bằng cấp chỉ là danh xưng trong nam chả ai quan tâm",tích cực,False,,
cmt_education_037_0137,education_037,"Bỏ thi TNPT, thi ĐJ",tiêu cực,False,,
cmt_education020_0004_r20,education_020,Đỗ Đức Dũng Cả đề phân loại thì còn gì là đề 😀,tiêu cực,False,,
cmt_education011_0012_r03,education_011,Meo Lak Fb ông này đây mn.vẫn còn già mồm mà @ 😡😡Nguyễn Tuấn,rác,True,,
cmt_education_011_0288,education_011,Chẳng nhẽ không biết trong phòng mình có cam vô lý...,tiêu cực,False,,
cmt_education_007_0235,education_007,"Các bs nội trú còn giỏi thật chất hơn mấy thạc sĩ, tiến sĩ rất nhiều. Nên xếp họ ở vị trí cao hơn mới xứng đáng",tích cực,False,,
cmt_education_010_0015,education_010,thầy ông nội này còn trẻ.,rác,True,,
cmt_education_017_0082,education_017,phong thi thành phòng thờ,tiêu cực,False,,
cmt_education_037_0225,education_037,Đồng tình Như Quỳnh,tích cực,False,,
cmt_education_017_0360,education_017,đúng bộ giáo dục snghi chẳng giống ai🙂,tích cực,False,,
cmt_education_017_0309,education_017,chúng e có phải là chuột bạch đâu??????,trung lập,False,,
cmt_education018_0002_r03,education_018,Nguyễn Minh quả nguyễn trãi thấm thía luôn,rác,True,,
cmt_education_038_0076,education_038,Tuyệt vời quá 🍀🍀🍀,tích cực,False,,
cmt_education_037_0283,education_037,"Xà quần , xà quần. lúng túng như gà mắc tóc.",tiêu cực,False,,
cmt_education020_0001_r40,education_020,"ElegantLion660 10đ toán thì phát biểu cũng có khôn tí ạ, b k tự hiểu là bạn gà lúc đó nên có 245đ thôi còn giờ bạn giỏi hoặc trúng sở trường thì điểm cao hơn à? Cái gì cũng tương đối th, b 30đ thủ khoa mà đgnl 800đ thì chả nhẽ cả họ nhà bạn với người khác thành trùm lụi. 10đ thì cũng ăn nói cho xứng với cái 10đ nhá",trung lập,False,,
cmt_education_007_0319,education_007,Trong mỗi con người chúng ta lĩnh vực mình chọn dù thực hành giỏi và nghiên cứu khoa học thành tựu cao . Tất cả đều rất giỏi và luôn cống hiến hết mình và tuổi trẻ thanh xuân . Không nên đánh giá và so sánh vì ai cũng rất xuất sắc mới làm được điều đó. Còn về bằng cấp nó đã tồn tại từ trước tại sao 2 bộ trưởng lại tranh cải vì cái này để nhân dân họ có cái nhìn sai về giá trị của các bác sỹ đã hy sinh và cống hiến rất nhiều . Thật đáng buồn .,trung lập,False,,
cmt_education017_0004_r07,education_017,Trần Cường Minh TâmVan Anh,rác,True,,
cmt_education018_0017_r10,education_018,"Phạm Như Phi a ạ thế sao nhiều ng thanh niên chui lên đây làm gì hả a vì cuộc sống nó tốt hơn ở quê việc làm cũng lương cao tốt hơn , các a xưa cũng lên đây nhiều ng nhờ thế mà có cơ đồ h các a sống chỗ ngon đuổi bọn e đi là ntn ?",trung lập,False,,
cmt_education007_0003_r24,education_007,Lương Tiểu Mai anh có biết bác sỹ nội trú và chuyên khoa là ntn không?,ý kiến riêng,False,,
cmt_education_040_0070,education_040,Mong bộ tăng tiết tin học lên chứ dạy 1 tuần 1 tiết thì dạy không hiệu quả. Ở tiểu học các cháu thích môn tin nhưng dạy có 1 tiết ko cho các e thực hành nhiều đc,trung lập,False,,
cmt_education007_0003_r14,education_007,Le Loi ts thì thâm niên trên giấy thì nghe còn dc😆,tiêu cực,False,,
cmt_education015_0009_r08,education_015,"Phạm Quang Huy cá chép đó bạn
Coi 鯉　= cá chép 
Nói theo tiếng Nhật 
Ở Nhật thì đồng bộ cá chép 
Về Vn cá coi = cá chép cảnh",trung lập,False,,
cmt_education_018_0237,education_018,Dự kiến ok 🙆,trung lập,False,,
cmt_education_009_0174,education_009,"Con em đang học lớp 1 trường QT, qua năm có lẽ phải về quê, ở cái tp nhỏ ko có và em cũng đang cực kỳ hoang mang ko biết con liệu có theo được không ...",trung lập,False,,
cmt_education_018_0196,education_018,Trường U Triều Khúc đang mở rộng kb có về Phú Thọ không nhỉ,trung lập,False,,
cmt_education017_0005_r06,education_017,"Huỳnh Lý Bạn nghĩ khâu chọn lớp 6 và vào 10 nhẹ ah? Hoàn thành lớp 12 ai đi làm, ai theo đam mê gì thì cứ triển. Còn ai học tiếp ĐH, CĐang thì thi riêng",trung lập,False,,
cmt_education_005_0205,education_005,Loại này bạn chỉ đáng làm gái bao,rác,True,,
cmt_education_017_0541,education_017,đầu tư csvc xong tiến tới k tổ chức thi TNPT là vừa méng ;)),tích cực,False,,
cmt_education_007_0328,education_007,Bài hay.,tích cực,False,,
cmt_education017_0003_r03,education_017,Ngọc Huyềnn  🤣,trung lập,False,,
cmt_education007_0007_r01,education_007,Ý kiến hay.👍👍,tích cực,False,,
cmt_education007_0003_r03,education_007,Lương Tiểu Mai nhưng mà có người ngu lại bảo chuyên khoa 2 thua tiến sĩ y khoa,trung lập,False,,
cmt_education_020_0286,education_020,Đề phải có tính phân loại cao thì học đh ms đảm bảo đc chất lượng,tích cực,False,,
cmt_education_040_0221_r01,education_040,Ly Nguyễn =))),rác,True,,
cmt_education011_0019_r06,education_011,"Phan Đạt cái mình nói là một trong nhiều web truy cập vào cam thôi, nhiều clip phát tán trên web đen cũng có phần bị lấy từ những web này nhưng phải bỏ thời gian ra",ý kiến riêng,False,,
cmt_education_007_0260,education_007,Tóm lại học gì thì lương có thay đổi gì đâu 😂,trung lập,False,,
cmt_education_017_0007,education_017,"Sợ nhất đang thi mạng lỗi, làm xong rồi ko thể nộp bài do lượng thí sinh dự thi đông nghẽn mạng. 
Đặc biệt là các vùng có cơ sở vật chất còn hạn chế sẽ rất thiệt thòi cho học sinh.",tiêu cực,False,,
cmt_education_017_0677,education_017,Ngọc Ánh may nhá,rác,True,,
cmt_education_017_0041,education_017,thi xong ra cầu ba son đứng là đẹp,rác,True,,
cmt_education011_0004_r01,education_011,Cường Phát Cắn nửa cái máng luôn cũng đc b nhỉ :)),tiêu cực,False,,
cmt_education_018_0076,education_018,Chuẩn luôn,trung lập,False,,
cmt_education_020_0163,education_020,Thử đưa đề ấy cho GV cấp 3 giải xem OK không,ý kiến riêng,False,,
cmt_education_005_0263,education_005,"HS làm bài được điểm cao GV phải mừng chứ nhỉ? GV thường tạo điều kiện cho  HS có điểm cộng, thậm chí khi chấm chéo còn tìm chỗ hay, ý sáng tạo của HS để xin thêm điểm cho HS. GV này lại sửa bài để hạ điểm HS, chuyện như đùa vậy mà có thật, cạn lời !!!",tích cực,False,,
cmt_education_007_0215,education_007,"Bác là đúng.
1 cái chuyên về mảng thực hành.
1 cái chuyên về nghiên cứu.
Cho bsnt thành ts thì khác gì cho công nhân bậc 7/7 thành tiến sĩ.
Đề xuất ngáoooo",tiêu cực,False,,
cmt_education017_0002_r45,education_017,Hoàng Thuỳ Linh e 2026 thi rồi🫢🫢,rác,True,,
cmt_education_009_0282,education_009,Đạt chuẩn mà có loại giáo viên như này .ko đáng có,tiêu cực,False,,
cmt_education_037_0179,education_037,Chốt lại năm nay lấy hình thức nào vậy ông ơi,trung lập,False,,
cmt_education018_0004_r05,education_018,"Maria Vũ 9 trường 13 viện, 4 trường liên cấp. Bh nhộn nhịp rồi. Chỉ đạo chính phủ thì phải nhanh gọn thôi 😁",trung lập,False,,
cmt_education_011_0307,education_011,Gd hai bên nội ngoại của các thầy cô tha hồ đẹp mặt.,rác,True,,
cmt_education018_0004_r10,education_018,Tuan Nguyen đấy là thế hệ lãnh đạo trước đây. Giờ các Bác làm quyết liệt lắm rồi,trung lập,False,,
cmt_education007_0028_r01,education_007,Thảo Phạm Thanh  vì ck1 2 họ thiên về lâm sàng còn ths ts họ thiên về ng cứu giảng dạy nên không cấp cchn cho họ là đúng thôi,trung lập,False,,
cmt_education_005_0039,education_005,Chắc ko học thêm rồi,tiêu cực,False,,
cmt_education020_0008_r05,education_020,Một nhân cách khác công nhận. T đưa đề mình cho bn t xem. Nó kêu học lâu r chả nhớ kiến thức nh thấy ko dài bằg đề Trung nên nghĩ dễ hơn. Vì quả này mà t súyt đấm nó,tích cực,False,,
cmt_education007_0053_r04,education_007,"Duyen Tran Thì BGD có giành quyền đó của BYT đâu. BT cũng nói mà, BGD không giành về cho GD",trung lập,False,,
cmt_education_037_0001_r13,education_037,"Bích Trần e lạy c . Con tôi hoc đây . Ko hoc thêm thầy cô bộ môn toàn hoc o ngoài đây, có đâu ra mà co quà cáp moi có điểm tốt. Lúc thi hoc kỳ bai thi chấm chéo ,đâu ra làm ko dc bài mà có điểm tốt. .  Cứ áp đặt vào cho thầy cô . 
Cấp 3 cua con chua co 1mon quà nào gửi cô riêng.",tiêu cực,False,,
cmt_education_011_0341,education_011,Thầy cố nội! Lạy cụ!,rác,True,,
cmt_education_020_0215,education_020,"Bỏ thi tốt nghiệp, xét học bạ ba năm học công nhận tốt nghiệp. chỉ thi ĐH như trước đây.",ý kiến riêng,False,,
cmt_education_005_0115,education_005,Bây giờ may có internet còn có chỗ tố. Lúc trước nhiều thứ tởm hơn trong phim truyện mà chẳng biết tố cho ai thậm chí ko có bằng chứng,tích cực,False,,
cmt_education018_0006_r01,education_018,Dương Dũng đặc biệt hơn là tạo động lực phát triển ở những nơi có trường Đại Học được chuyển đến.0,trung lập,False,,
cmt_education_039_0001_r08,education_039,Ngoc Thyy có kq thông báo cho mn vui,rác,True,,
cmt_education004_0006_r01,education_004,Dũng Đàm cứ làm vài vụ nhanh và nghiêm sẽ dăn đe đc bọn tham nhũng nhưng giải quyết nhanh thì có phải tò ko hay là nộp lại tiền rồi đc về đuổi chuột,ý kiến riêng,False,,
cmt_education_004_0086,education_004,Thầy đã thành bị can .,trung lập,False,,
cmt_education018_0006_r13,education_018,Dương Dũng ông có nghĩ sẻ giảm được áp lực cho các em ko ? . Về vùng ven thì các em có cơ hội cọ sát thực tế trong lĩnh vực của các em nhiều hơn ko ? Những em có hoàn cảnh khó khăn hơn 1 chút ra vùng ven có làm giảm được gánh nặng cho bme các em hay làm tăng gánh nặng cho bme các em hơn . Ra vùng ven các em sẽ khó kiếm được việc làm thêm hơn . Và còn vô số các vấn đề khác nữa.,trung lập,False,,
cmt_education_017_0121,education_017,Cảm ơn vì sinh trước 1 năm,tích cực,False,,
cmt_education_005_0130,education_005,Chắc không học thêm của cô,tiêu cực,False,,
cmt_education011_0005_r01,education_011,Trần Én abc xyz trong phòng riêng ạ,tiêu cực,False,,
cmt_education011_0012_r02,education_011,Meo Lak chục cô cơ mà hơn 16 cái lip vừa xem  bên Mây Lang Thang ,rác,True,,
cmt_education_005_0059,education_005,Này chắc là do kg học kèm họ rồi,trung lập,False,,
cmt_education_002_0038,education_002,Quan tâm,rác,True,,
cmt_education017_0003_r17,education_017,Họ Nhà Cua cô ơi bài thi đó quyết định đỗ hay trượt học phần đó cô.  Một học phần cũng đâu rẻ đâu =)),trung lập,False,,
cmt_education015_0002_r10,education_015,Phú Quý mày xem mấy thằng bụng phệ nói được tiếng anh hộ tao cái :),tiêu cực,False,,
cmt_education020_0002_r03,education_020,Trần Đông Anh lên làm Bộ đi,tiêu cực,False,,
cmt_education007_0026_r10,education_007,"Diễm Lương tôi nói cho bà chị hiểu là rất nhiều trường nhiều cái ngành và chọi khác nhau, chứ ko thể 1 ngành hay 1 trường mà phán chung được, chị nói người ta cào phím, rồi nói toxic chị... Mà thôi tôi toxic cũng được, nhưng để bà chị hiểu ra vấn đề thì tôi xin chấp nhận làm người xấu 😚😚😚 mãi yêu :)))",trung lập,False,,
cmt_education007_0063_r03,education_007,"Bùi Đức Nghĩa Bsnt trường dhyduoc TP HCM chỉ tiêu cũng bằng một nửa y Hà nôi.học chính quy loại khá trở lên mới đc thi một lần trong đời.3 năm vật lộn ở bệnh viện lớn với các giáo sư đầu ngành chỉ việc.trực một tuần 3 buổi.còn chuyên khoa và thạc sĩ thi rớt năm này thì năm khác thi.học liên thông cũng học đc ck1,2.toàn những kẻ ko vào đc bsnt nên ghen tị.",tích cực,False,,
cmt_education_037_0196,education_037,Nên bỏ từ lâu.,tích cực,False,,
cmt_education_038_0119,education_038,Rất chuẩn 🥰,tích cực,False,,
cmt_education007_0005_r04,education_007,"Ngọc Ánh Mình không vì thấy nó hợp lý. Nếu chúng ta công nhận BSNT ngang thạc sĩ thì sẽ phá hỏng cơ chế và hệ thống y khoa. Công nhận ngang thì sau này bsnt được học tiến sĩ mà không qua thạc sĩ, điều này hoàn toàn vô lí. Trong khi nhiều trường ĐH trên thế giới đều yêu cầu thạc sĩ trước tiến sĩ, chương trình tiến sĩ liên kết còn theo dạng 1+3, 1 kia là bù lại cho thạc sĩ. Bạn dám chắc bằng bsnt sẽ được công nhận tương đương trên thế giới không? Cái cốt sai ở đây là chúng ta đang bị tư duy bằng cấp quá chi phối, bên Anh người ta trả lương bác sĩ theo kinh nghiệm và cấp độ chứ không phải theo thạc sĩ hay tiến sĩ. Một bên chuyên học thuật, một bên chuyên hành nghề mà bạn đặt chung mâm thì loạn.",rác,True,,
cmt_education_018_0248,education_018,30 năm rồi vẫn dự kiến...,trung lập,False,,
cmt_education009_0004_r02,education_009,Hiền Nguyễn Thanh,rác,True,,
cmt_education020_0001_r16,education_020,"SerenePelican343 phải rớt tốt nghiệp mới được thi lại hả mấy nhóc, đúng tư duy thất học bảo sao không làm được bài 🤪",tiêu cực,False,,
cmt_education_011_0415,education_011,Ông là xếp mà làm j rảnh để đứng lớp,tiêu cực,False,,
cmt_education020_0010_r08,education_020,Vũ Mạnh Thắng phổ điểm 2 môn này năm nay biết ngay thôi mà,tiêu cực,False,,
cmt_education_020_0036,education_020,2k7 không còn quan tâm nữa:(,trung lập,False,,
cmt_education_037_0150,education_037,Bỏ là đúng không công bằng,tiêu cực,False,,
cmt_education015_0009_r21,education_015,Duy Pham đôi khi đi là để học tập cái hay của quốc gia khác để về xây dựng quê hương là tư duy tiến bộ chứ không học mấy cái thói phản quốc như lũ 3/\/\/ chúng mày học đâu hiểu không .,tích cực,False,,
cmt_education009_0081_r07,education_009,Gin Nguyễn tự tát chơ,rác,True,,
cmt_education018_0007_r03,education_018,Ngọc Trang mai b xem lại xem có đúng ko,trung lập,False,,
cmt_education_009_0164,education_009,Rồi những em nhỏ này sẽ thành người trưởng thành. Với tư tưởng và nhân cách được hình thành trên ghế nhà trường như vậy sẽ lại tiếp tục làm hỏng xã hội và các thế hệ tiếp theo. E xin chia sẻ bài viết này của chị.,tiêu cực,False,,
cmt_education_004_0014,education_004,Vừa lòng tao lắm . Học theo hoài linh 14 tỏi mà ko thành ấy mà :)),tích cực,False,,
cmt_education_017_0604,education_017,Thế này thi môn đầu điểm kém chắc bỏ mẹ luôn mấy môn còn lại mất. Áp lực vch,tiêu cực,False,,
cmt_education_004_0167,education_004,"Cười ẻ, thiếu gì mấy vụ ăn chặn kiểu này, nhà nước đã làm triệt để chưa hay làm đại diện vài vụ để dân xem.",ý kiến riêng,False,,
cmt_education011_0006_r05,education_011,"Bình Dương 24H à, chủ tịch hội đồng trường !",trung lập,False,,
cmt_education_040_0250_r01,education_040,Quý Quý e nào dk học thêm lh thầy Quý nhé,tích cực,False,,
cmt_education018_0008_r01,education_018,"Giáp Mạnh Tùng không đi thì nghỉ thôi, cho lớp trẻ họ có cơ hội đứng lớp",trung lập,False,,
cmt_education005_0037_r01,education_005,Ngô Thị Thúy cả nước hay,trung lập,False,,
cmt_education_007_0302,education_007,Ông viết rứa thiên vị rồi. Thi đầu vào thạc sĩ khó khăn hơn ck1 nhé .,tiêu cực,False,,
cmt_education007_0003_r22,education_007,Lương Tiểu Mai ngược hả trời?,trung lập,False,,
cmt_education_017_0040,education_017,làm ơn tha đi bộ ơi thí nghiệm v hs s chịu nổi hs chứ có phải robot đâu mà suốt ngày đem ra cho bộ thí nghiệm ai thiệt thòi bằng các e hs,tiêu cực,False,,
cmt_education020_0005_r02,education_020,Toan Nguyễn,ý kiến riêng,False,,
cmt_education020_0112_r01,education_020,"Tuyet Trương chắc gì đã giải được, bọn nó mà ko có tiền học nhiều có mà thách đố,con bọn nó có tiền cho đi học ở nước ngoài hết rồi.",tiêu cực,False,,
cmt_education009_0035_r03,education_009,Bác nói đúng nhưng mấy e lớp 6 tinh thần còn non nớt lắm.bị hù là mất hết tinh thần ngay,ý kiến riêng,False,,
cmt_education_017_0122,education_017,có thể là chớt tại chỗ :)),trung lập,False,,
cmt_education007_0004_r01,education_007,Binh Nguyen Các bac ấy bám bệnh viện bám bênj nhân...nên giỏi.,tích cực,False,,
cmt_education020_0031_r01,education_020,"Hải Đường 
Rồi phông chữ nhỏ, khó đọc; nên kiêm bài kiểm tra mắt luôn. 🤣",trung lập,False,,
cmt_education_038_0069,education_038,Một số ngành nghề đâu cần học tiếng anh,ý kiến riêng,False,,
cmt_education017_0002_r29,education_017,Thùy Vân biết sớm để có định hướng sớm cho tương lai. Cơ mà hơi sốc😊😊😊,trung lập,False,,
cmt_education_018_0203,education_018,utt hãy về bninh☺️,trung lập,False,,
cmt_education015_0002_r06,education_015,"Huệ Hưng Bửu Cẩn thận bị ngộ độc thông tin, giờ mấy cái này chỉ được lợi dụng như 1 chiêu trò marketing, thực tế thì ko ông nào chứng minh  được. TBT Tô Lâm sờ tới mấy cái trường này nữa là ra nhiều chuyện hay.",tiêu cực,False,,
cmt_education_040_0002_r06,education_040,"Quynh Trinh Thi tin học cơ bản thì mày mò đc , chứ nâng cao hơn thì đc dạy vẫn hơn",ý kiến riêng,False,,
cmt_education020_0016_r03,education_020,Bình Thị Thanh Vũ các ông có ăn thôi chứ  bài thi thì chịu,tiêu cực,False,,
cmt_education_018_0218,education_018,Nguyễn QuốcAnh Oidoioi=))),trung lập,False,,
cmt_education_015_0010,education_015,Là một phát súng tuyên chiến với hội trở cờ... Bọn chúng không còn đất để kiếm ăn...,tích cực,False,,
cmt_education_018_0269,education_018,"Di dời cả bệnh viện lớn ra ngoại thành nữa, để trong nội đô viện cũng chật mà đường cũng chật",trung lập,False,,
cmt_education009_0046_r02,education_009,Khắc HướngHướng nhớ dai thế lớp 4 vẫn còn nhớ,rác,True,,
cmt_education_017_0569,education_017,tuyệt vời vậy🤡,tích cực,False,,
cmt_education020_0042_r02,education_020,"Trung Quang k phải là sx sách giả mà tụi nhỏ 12 năm học đề cương k, bây giờ thi kêu học thật thì thật thì bị đề đè là cái chắc",tiêu cực,False,,
cmt_education007_0002_r29,education_007,"Hoàng Mạnh ......dạ bệnh nhân ạ không phải thần thánh gì đâu ạ ! "" Không thực không vực được đạo "" ! Tất cả  những gì tôi viết ra đều không có trong sách hoặc có mà tôi không học ngành y nên lỡ không biết thì mong các bác sĩ thầy thuốc bớt giận bỏ quá cho ạ ! Tôi cứ làm tự nhiên và viết ra những gì tôi thấy và biết về cơ thể người còn có thuộc ngành y dược hay không thì tôi cũng không biết luôn thôi thì ai muốn nghĩ sao là do họ bảo của ngành y cũng được mà không phải của ngành y cũng được ! ...hi...hi... !  Nếu nói về sức khỏe thì mọi người đều coi sức khỏe là vàng vậy thì sức khỏe con người thuộc tài nguyên Quốc Gia  bấy nay ngành y tế khai thác tài nguyên Quốc Gia một cách hỗn loạn vô tổ chức mặc dù bộ y tế là cơ quan quản lý điều hành nhưng buông lỏng gần như thả nổi cho các sở , các CDC , các bệnh viện tung hoành khoe bằng cấp , hàm vị rồi hoạt động chuyên môn thì ông nói xuôi bà nói ngược thầy thuốc đông chê bác sĩ tây rồi ông bác sĩ tây lại mtj sát ông thầy thuốc đông , che lang băm  , lang vườn ....dân chỉ nghe xem cũng đủ đau đầu rồi  !  Giờ lang giã này miễm cưỡng cũng phải ...giơ tay chào các bác sĩ , các thầy thuốc cho thêm đông vui , nhộn nhịp nhưng chất lượng thì thực tế mang lại lợi cho người bệnh không mông lung nay bộ này mai bộ khác tranh giành quyền đào tạo sinh viên nữa ! Ai quản lý đào tạo thì cũng phải có trách nhiệm chỉ dẫn cho ngừi học hiểu đến nơi dấu kiến thức thì cho dấu luôn không cần người thầy như vậy !",trung lập,False,,
cmt_education017_0005_r02,education_017,Mai TThuy Linh,trung lập,False,,
cmt_education011_0009_r05,education_011,Hân Hân tưởng phòng tổng tài ko á trời,trung lập,False,,
cmt_education_016_0018,education_016,"Lướt thấy đa số phụ huynh và học sinh mong mỏi được tăng số lượng nv, chứ 10nv ít quá, nv sư phạm cũng nên tăng lên",trung lập,False,,
cmt_education011_0003_r06,education_011,"😵‍💫😵‍💫chị gái trong cljpp còn dám đăng ảnh nữa mn ạ, chị gái đó đayy Nguyễn Thị Hồng",tiêu cực,False,,
cmt_education_007_0262,education_007,"Về  chuyên ngành điều trị Thạc sĩ thua ck1. Ck1 thua bs nội trú. Bs nội trú thua ck2. Ck2  hơn tiến sĩ, về ngạch giảng dạy lý thuyết bsck1 tương đương thạc sĩ, ck2 tương đương tiến sĩ do kiến thức ck1, ck2. Rộng hơn thạc sĩ, tiến sĩ,chuyên sâu thì ck1, 2. Thua thạc sĩ và tiến sĩ nên xét tương đương có bù qua bổ lại về mặt kiến thức, riêng bs nôi trú hơn ck1, thua ck2,",trung lập,False,,
cmt_education017_0002_r81,education_017,Thùy Vân thi xong tụi nhỏ bỏ nhà đi bụi luôn,rác,True,,
cmt_education_017_0408,education_017,Rồi lên tới đại học thi cũng dị đó 🥲 thi trên máy xong biết kết quả luôn,trung lập,False,,
cmt_education020_0006_r08,education_020,Senni Ngungoc k cần phải lâng cho các cháu chỉ cần ra đề đúng với chương trình đã có trong sách giáo khoa và 1 câu hỏi thử trí thông minh của các cháu,ý kiến riêng,False,,
cmt_education_014_0010,education_014,"Kỷ luật nặng ghê, hèn gì mà ...",tiêu cực,False,,
cmt_education_037_0142,education_037,"Bỏ xét học bạ thì PH không o bế GV nữa, đỡ thiệt thòi cho con nhà không có điều kiện!",tích cực,False,,
cmt_education_017_0256,education_017,Tuu Anh thi xong lấy luôn giấy báo tử,rác,True,,
cmt_education018_0010_r01,education_018,"Trọng Minh chuẩn, sinh viên ở nội đô làm gì? Ăn uống, chi phí quá mắc.
Ra ngoại ô không khí trong lành, học tập tốt, chi phí bố mẹ lo con ăn học cũng nhẹ, 
Nội đô quá mắc ko thích hợp cho sinh viên, lỡ ăn chơi , ánh hào quang phố thị nữa.
Quá nhiều bất cập, kẹt xe đủ thứ,",trung lập,False,,
cmt_education_038_0015,education_038,Manifest có chỉ tiêu thi viên chức dành cho giáo viên tiếng Anh mầm non ạ✨,trung lập,False,,
cmt_education_011_0289,education_011,"Giờ mới thấy, từ lâu rồi t thấy tỉ lệ giáo viên bồ bịch cao lắm.",tiêu cực,False,,
cmt_education007_0003_r21,education_007,"Phạm Tấn 
THẠC SĨ:  Có thể thi  NGAY KHI  tốt nghiệp bác sĩ đa khoa. 

CKI  thi sau khi: 
- Tốt nghiệp bác sĩ đa khoa
- Phải thực hành lâm sàng ÍT NHẤT 12 tháng tại bệnh viện
- Thi  chứng chỉ hành nghề (CCHN)
Nhiều ngành còn cần thêm tối thiểu một năm kinh nghiệm sau CCHN. Tính ra gần 3 NĂM MỚI ĐỦ ĐK THI CKI

VẬY ĐỦ HIỂU RỒI 😄😄😄",trung lập,False,,
cmt_education_007_0185,education_007,Hoàn toàn đúng,tích cực,False,,
cmt_education_005_0007,education_005,Nếu Ko bị đuổi sẽ gặp trực tiếp bộ trưởng nguyễn kim sơn,tiêu cực,False,,
cmt_education_039_0075_r01,education_039,Linh Linh nhìn bluan bên dưới kè,rác,True,,
cmt_education_017_0009,education_017,Sao ko thí điểm vào bài kiểm tra của các cháu trong quá trình học mà lại thí điểm vào một kỳ thi liên quan đến bước ngoặt cuộc đời của các con. 12 năm vất vả học tập lại đem ra làm chuột bạch thí nhiệm à. Mình nói thật trong quá trình học ko có máy tính bấm chậm các cháu trượt ko phải do kiến thức mà do chưa quen lên gõ mổ cò thì sao. Nhất là các con lỗ lực nhiều học rất giỏi nhưng nhà nghèo ko có tiền mua máy tính để luyện quen tay mà trượt do bấm chữ chậm chắc là tài ko quan trọng bằng tiền nhỉ,tiêu cực,False,,
cmt_education_020_0188,education_020,"Quan điểm này thì riêng cá nhân tôi xin phép 50/50. Các em 2k7 có google, có chatgpt để mở rộng kiến thức. Nhưng đó lại là sự lạm dụng để các em học cho có. Bất kì cái gì khó chỉ cần gõ google là ra, ko nhất thiết phải động não chi. 
Còn các em biết vận dụng google để tham khảo, từ đó bản thân tự tuy duy, tự tìm tòi mà nâng cao kiến thức cho bản thân. Bài thi là để phân loại các em học sinh như vậy.",ý kiến riêng,False,,
cmt_education009_0001_r19,education_009,Thu Ha sao lại dùng từ “cãi” c ơi. e nghĩ phù hợp hơn là “quyền được tranh luận” và “nói lên quan điểm cá nhân” của các con. Và những điều ấy thì thường đc các ông bà người lớn gọi là cãi. nhảm nhí vãi cả ra.,trung lập,False,,
cmt_education020_0004_r15,education_020,"Đỗ Đức Dũng bạn đọc đề tiếng anh chưa? Toàn những câu học thuật và hỏi về vấn đề xã hội mà ngay cả là bằng tiếng Việt cũng chưa chắc giảng giải rõ ý chứ nói gì đến 1 thứ tiếng nước ngoài, học là để hành được, nói được, hiểu đc, chứ không phải để đánh đố nhau xem đứa nào thông minh nhất, những bạn có điều kiện tiếp xúc với sách vở học thuật nó khác, còn những bạn ít điều kiện hơn thì sao?",tiêu cực,False,,
cmt_education_005_0164,education_005,Tâm ở đâu?,rác,True,,
cmt_education_007_0115,education_007,"tách hẳn bộ giáo dục ra, cả nó đào tạo thêm bs ck3 nữa thì ae khổ nữa",tiêu cực,False,,
cmt_education007_0002_r10,education_007,Nguyễn Thắng thua con bò mỗi cái đuôi.,trung lập,False,,
cmt_education_009_0310,education_009,Chuẩn xạo láo. .chán,tiêu cực,False,,
cmt_education007_0001_r04,education_007,"Vũ Thúy Nga, ý kiến hay!",trung lập,False,,
cmt_education017_0002_r69,education_017,"Anh Tuấn Triệu bỏ qua giai đoạn hấp hối, Bộ thật quyết đoán",tích cực,False,,
cmt_education005_0006_r01,education_005,"Hoàng Sâm Anne chắc ko học thêm cô mà giỏi , thì cô hạ có thế thôi",tiêu cực,False,,
cmt_education_040_0123_r05,education_040,Hà Kim Ngân day la dự bj dai hoc mo. Cap thcs va thpt thj chưa?,rác,True,,
cmt_education009_0021_r01,education_009,Thao Le có luôn,trung lập,False,,
cmt_education020_0014_r02,education_020,Vũ Hà Nguyên đi học thêm để thầy cô có tiền mua nhà mua xe😂,tiêu cực,False,,
cmt_education018_0004_r04,education_018,Xuan Tu Cao tui đi hoà lạc đạp chết bò hoài lun,trung lập,False,,
cmt_education017_0002_r36,education_017,Thùy Vân cười chết mất,rác,True,,
cmt_education015_0002_r20,education_015,Rồi sao thằng ngu.ko có trường này dậy tiếng .họ hàng nhà mày thất học ah.đồ ngu,rác,True,,
cmt_education_007_0293,education_007,Học càng cao thì tốt..nhưng bác sĩ Trần đông A..Trần thành Trai..chỉ là bác sĩ thôi..mà 2 bác sĩ này mổ bóc trách các bé dính nhau rất thành công,tích cực,False,,
cmt_education_011_0043,education_011,Mặt trái đó….,tiêu cực,False,,
cmt_education_011_0311,education_011,😮 xong luôn...,rác,True,,
cmt_education018_0028_r01,education_018,UnforgettableHamster1391 thôi mai ra nổ trường chào tạm biệt😌,trung lập,False,,
cmt_education017_0003_r06,education_017,Tôi Là Học uneti sao,tiêu cực,False,,
cmt_education_037_0007,education_037,"Vẫn giữ, nhưng k công bố sớm, đợi thi THPT và ĐGNL xong mới công bố thí sinh trúng tuyển. Trong quá trình học suốt 12 năm, có những bé rất nổ lực, phấn đấu, và có năng lực, mới đc kết quả mong muốn, nhưng chỉ vì ảnh hưởng một số bé thành tích ảo mà bỏ xt thì sẽ làm cho các bé thế hệ sau tâm lý sẽ rất nản, sẽ thiếu sự cố gắng , phấn đấu vì có cố gắng phấn đấu thì cũng bị quy chung là thành tích ảo.",rác,True,,
cmt_education_011_0272,education_011,học sinh đóng tiền nhà nước rót tiền trên xuống để  làm cho thầy  có thêm chỗ làm việc riêng tư hơn cả cái nhà nghỉ,tiêu cực,False,,
cmt_education_009_0111,education_009,"Ngày xưa em với 1 cô bạn thuộc dạng nhút nhát trong xóm, là con văn công nên cả xóm vắng người lớn, ở nhà toàn người già và trẻ con. Trong xóm có 1 bạn gần như là "" chị Đại "" ra lệnh hết người này đánh người kia, em mới chuyển về cũng bị bắt đánh 1 bạn khác. Em không chịu đánh, chị Đại bắt phải đánh nhau với chính chị Đại. Em cũng lắc đầu. Thế là hai đứa bị tẩy chay. Cả xóm ko ai chơi, lủi thủi chơi với nhau. May mà dạo đó tụi em ko có bạo lực học đường từ các thầy cô. Bây giờ cứ nhìn hình ảnh clip các con bị cô thầy đánh đập là sôi gan.",trung lập,False,,
cmt_education_020_0055,education_020,Heo đã mổ và thịt xong rồi,rác,True,,
cmt_education018_0004_r02,education_018,ArtisticBlueberry2097 số 2 trần phú hà đông,trung lập,False,,
cmt_education_007_0253,education_007,Nên xếp ở phần hơn!,tích cực,False,,
cmt_education011_0001_r02,education_011,"li*m láp đồ, cô nào cũng ngon, có cả HS nữa mà, xem bên Tin nóng 24/7",trung lập,False,,
cmt_education_037_0184_r10,education_037,"Minh Trí Hồ vâng, t tham gia đội tuyển để húp học bạ điểm cao đây, có ý kiến j ko ? T nói thẳng ra đây là quyền lợi, đánh đổi bằng tiền bạc và thời gian. Nhà trường cho quyền lợi thì họ cũng đã tính toán cả rồi, nghĩ sao cả cái đất nước được mấy ng đi thi nếu đem so vs toàn thể số lượng thí sinh thi thptqg. Nhà nước ko cấm, BGD ko cấm thì tại sao bạn lại phải có ý kiến nhỉ ? Vs cái t nói chính là quyền lợi, nhấn mạnh lần nữa. Những ng đi thi dù vs mục đích gì thì họ đều xứng đáng đc công nhận, chứko phải ở đó bị 1 bộ phận dùng 2 chứ ""công bằng""  để phán xét",ý kiến riêng,False,,
cmt_education015_0007_r15,education_015,Bùi Mạnh Dũng chưa cắt thắn lưỡi hả Cu,rác,True,,
cmt_education015_0007_r06,education_015,Bùi Mạnh Dũng ồ bạn này quan hệ rộng này. Bạn liệt kê danh sách ra cho mọi người biết với,rác,True,,
cmt_education_004_0001,education_004,còn trường Sư phạm nghệ thuật trung ương nhé ạ.,trung lập,False,,
cmt_education011_0002_r19,education_011,chục cô cơ mà hơn 16 cái lip vừa xem  bên Mây Lang Thang ,tiêu cực,False,,
cmt_education_039_0110_r01,education_039,Quá tệ,tiêu cực,False,,
cmt_education007_0015_r02,education_007,BS.Nguyễn Trung Kiên hợp lý luôn anh ơi,trung lập,False,,
cmt_education011_0001_r03,education_011,Bình Dương 24H có chuyện cái chối đẩy k thuộc quyền quản lí. Vậy ra đường ngồi chứ vô trường chi trời,trung lập,False,,
cmt_education020_0004_r23,education_020,TienTuyen Cao vậy là gây lãng phí và tồn kém rất nhiều của cá nhân và tập thể người ở thành phố gần trường thì không nói người ở tỉnh khăn gói lên đường cả tuần lễ tìm nhà trọ nơi ăn chốn nghỉ cực kỳ khó khăn người dân bây giờ thế nào cũng nói được 30 điểm không đỗ đại học cũng nói để thì khó cũng kêu học ảo ra trường không làm được việc thất nghiệp cũng kêu,ý kiến riêng,False,,
cmt_education_005_0204,education_005,Cho nghỉ dạy là vừa,tiêu cực,False,,
cmt_education013_0019_r05,education_013,Nguyen Nhung nó chuyển hết thành usd vs bit và giấu đi rồi. Bố cái thằng khốn nạn,tiêu cực,False,,
cmt_education018_0010_r01,education_018,Hung Hung diện tích nhỏ? Bách kinh xây to đùng,trung lập,False,,
cmt_education_016_0026,education_016,Cái quy chế thứ nhất em xét toán lí hoá r lí hoá 8đ mà toán 7 là rớt hả,tiêu cực,False,,
cmt_education_011_0207,education_011,Không phải gv nha mọi người. Chỉ là người đầu tư của trường dân lập. Giàu đâm ra hư hỏng hic,ý kiến riêng,False,,
cmt_education_007_0270,education_007,"Từ xưa Bộ GD ĐT đã rất lùng bùng với các chức danh này: về tên gọi Phó Tiến sĩ  sau này được đổi hết sang Tiến sĩ. Theo Từ đển thì MASTER gọi là Phó Tiến sĩ và Thạc sĩ. Có nghĩa là  người có học vị Phó Tiến sĩ ở Nga và Đức  chỉ được coi là Thạc sĩ thôi. Nhưng ""lập lờ đánh lận con đen"", nên được gọi chung là Tiến sĩ. Như vậy lại lòi ra cái ông làm Tiến sĩ ở Nga và Đức gọi là gì? thế là người ta bịa ra một cái tên gọi là Tiến sĩ Khoa học. Ngay cả học hàm cũng vậy: trước đây gọi Giáo sư cấp 1 và GS cấp 2. Sau này đổi hết thành Giáo sư, Phó GS. Ơ nước ngoài không có từ Phó GS. Nên có người bịa ra Vice Pr. hoặc Associate Pr. 
  Thực ra học vị và học hàm lành dành cho người làm công tác giáo dục. Còn Bác sĩ Chuyên khoa 1 và 2, BS Nội trú, là dành cho bằng cấp, tay nghề của ngành Y. Ngành Y nếu ở các bệnh viện thực hành cho sinh viên Y khoa, thì những người vừa làm BS, vừa làm giảng dạy sẽ có cả học vị, học hàm và các bằng cấp nói trên. 
  Cho nên Nhà nước cần xem xét lại:  quy định việc cấp lương cho Học vị học hàm là thuộc Bộ Giáo dục. Cấp lương cho BSNT, BSCK 1 và 2 là do Bộ Y tế. Như vậy nếu BS làm thêm công tác giảng dạy, cần phải có 2 bậc lương, thùy theo mức độ công việc. 
 Có như vậy thì mới rõ ràng, khỏi tranh cãi làm gì!",trung lập,False,,
cmt_education_009_0046,education_009,"Sĩ số 26, vắng 3, còn 23
Trừ N đi còn 22
Tổng là 221 chứ nhỉ? 😐",trung lập,False,,
cmt_education_017_0658,education_017,"Đề xuất thi máy ,bọn nó trang bị máy đểu , lại lợi ích nhóm ,chết hs lm chuột bạch",tiêu cực,False,,
cmt_education_038_0116,education_038,Nguyễn Ngân cố cái 8.0 là ra trường ko phải suy nghĩ dì nha🥰🥰🥰,tích cực,False,,
cmt_education020_0005_r01,education_020,Suong Nguyen đề y như SGK dạy đấy_ ko dạy thế làm sao tiếp cận với tên lưa đánh chặn vơi toán kinh tế dc,trung lập,False,,
cmt_education020_0065_r02,education_020,Thúy Bình học thêm cũng có làm được bài đâu  mà phải lo. Dạy các con biết cách tự học. Chứ vào lò chỉ phí tiền thôi.,trung lập,False,,
cmt_education_018_0028,education_018,Xây trường cấp 3 hợp lí,trung lập,False,,
cmt_education_004_0025,education_004,Vui lắm,rác,True,,
cmt_education_037_0006_r02,education_037,Thanh Truc hơn nữa là chuyên môn nào thì điểm môn đó còn thấp hơn các lớp không chuyên và môn đó ở trường ngoài hihi,trung lập,False,,
cmt_education_039_0025,education_039,"Thi cử, có điểm, có công thức tính điểm xét tuyển, trường công bố điểm chuẩn là tự bản thân mình bít mình đậu-trượt, cái thông báo trên web chỉ tăng thêm tính đảm bảo, ngoài ra chủ yếu là web trường đã xác nhận các bạn đậu-trượt. Không có gì phải rối lên hay hoang mang, thay vi ngồi hoang mang mình lên trường hỏi thầy hỏi cô cho yên lòng. Còn nhà xa thì từ từ hỏi. Web trường có, lên đó xem ttin, số hotline hỗ trợ sv cũng có, bốc máy gọi các bạn ạh. UTH lun nhiệt tình hỗ trợ các newbie🥰",trung lập,False,,
cmt_education017_0002_r03,education_017,Hoang Phuong Linh Chouu AnhKim Ngan,trung lập,False,,
cmt_education_016_0006,education_016,"Trời ơi bộ ơi xem xét lại phần bắt buộc văn hoặc toán phải đạt 1/3 điểm thi THPT được không ạ, như thế thì khó quá 😭",rác,True,,
cmt_education007_0063_r01,education_007,Bùi Đức Nghĩa chưa đúng nhe bạn! Các bạn Chuyên tu mà tốt nghiệp loại Khá trở lên là có thể thi Ths rồi.,tích cực,False,,
cmt_education_018_0159,education_018,Đại học Mở thì sao z ạ,trung lập,False,,
cmt_education_009_0125,education_009,Ko thể tưởng tượng đc cách hành xử của cô. Nhờ pháp luật xử lại...!,tiêu cực,False,,
cmt_education_005_0161,education_005,Bởi không phải ai cũng làm dc nghề giáo đâu,trung lập,False,,
cmt_education_017_0168_r01,education_017,"Hải Yến thi xong gọi bố mẹ dựng rạp luôn:,))) k phại chờ",rác,True,,
cmt_education007_0001_r16,education_007,Khả năng bạn chưa hiểu BS chính cần thi những gì? BS chính hay chuyên viên chính(các ngành khác) cần thi 3 môn: quản lý NN về đường lối chủ chương chính sách pháp luật; ngoại ngữ và tin học chứ k phải như bạn nói đâu; nếu đạt thì BYT gửi DS về các sở yte rồi sở nội vụ xếp ngạch lương BS chính chứ k phải tăng lương? Trước đây thời tôi thì chỉ tiêu thi BS chính được phân về từng đơn vị(tất nhiên phải đủ tiêu chuẩn) rồi đơn vị xét  nhưng những năm gần đây được mở rộng hơn nên cứ đủ tiêu chuẩn là được thi BS chính thôi.,ý kiến riêng,False,,
cmt_education_037_0035,education_037,Các trường chất lượng cao thì nên bỏ hình thức này,ý kiến riêng,False,,
cmt_education_005_0014,education_005,"Cô giáo này thật là có tâm, sao mọi người cứ lên án cô ấy thế nhỉ? :v",tích cực,False,,
cmt_education013_0014_r08,education_013,Gia Nhiên Phạm shark Hưng chỉ là lính thôi. K có vẹo j đâu nên k sao,rác,True,,
cmt_education_017_0404,education_017,T thấy t sinh năm 2k7 cg ổn 🐧,trung lập,False,,
cmt_education_018_0168,education_018,Trường Ussh di chuyển lên tà xùa thì.oke.luôn,trung lập,False,,
cmt_education007_0006_r06,education_007,"Nông Dân ai bảo với fen là ths, ts y khoa chỉ chăm chăm nghiên cứu lý thuyết mà không thực hành lâm sàng, nên tìm hiểu về mặt y đức nghiên cứu khoa học để mở rộng vốn hiểu biết của mình trước khi nói chuyện...",tiêu cực,False,,
cmt_education_018_0152,education_018,F đỏ sắp đi rồi,trung lập,False,,
cmt_education_017_0183_r01,education_017,Augenstern làm cho chục mã đề thì nhìn cũng chỉ cho vui :)))))),trung lập,False,,
cmt_education018_0019_r01,education_018,Nguyễn Ích Tòng hơn chục năm trước cũng hô hào kế hoạch này rồi,trung lập,False,,
cmt_education018_0002_r06,education_018,Xuan Tu Cao thầy cô k chịu di dời chứ học sinh đông thì sao đâu,trung lập,False,,
cmt_education_020_0120,education_020,"Các ông báo cáo trung thực nhé, đừng có báo cáo láo, bao biện hãy những thẳng vào sự thật nhé",ý kiến riêng,False,,
cmt_education017_0005_r13,education_017,Đặng Tiến Mạnh cùng suy nghĩ vs bạn,rác,True,,
cmt_education018_0139_r01,education_018,Minh Tuan công nhận thấp đăng pr tối ngày. An sinh xã hội chưa bao giờ đi xuống như bây giờ,trung lập,False,,
cmt_education_011_0045,education_011,Giao lưu tý thôi có gì căng,trung lập,False,,
cmt_education_005_0095,education_005,Xứng đánh bị đuổi khỏi ngành!,tiêu cực,False,,
cmt_education_038_0126,education_038,Anh Hong hay ko,rác,True,,
cmt_education013_0020_r02,education_013,"Chung Kiệt ông nào cũng có uẩn khúc phía sau thôi :)) chỉ là ít hay nhiều, bị biết hay chưa biết thôi. Mấy vụ các ô lớn dạo này bị bớ chắc có đối thủ sờ gáy r",trung lập,False,,
cmt_education_007_0367,education_007,"Nên thống nhất cách xưng danh , đúng như tác giả nói người ta cứ tưởng tiến sỹ là giỏi hơn bs chuyên khoa 2 , tôi nghĩ chưa chắc đã bàng chuyên khoa 2 vì bs chuyen khoa hai sâu hơn 
 Ở các nước người ta coi trọng bằng chuyên khoa  hơn tiến sỹ",ý kiến riêng,False,,
cmt_education017_0010_r08,education_017,Thủy Tiên j 2k9 mà lo j,rác,True,,
cmt_education_007_0011,education_007,"Thạc sĩ tiến sĩ cho dạy lý thuyết, nội trú chuyên khoa cho dạy thực hành.",trung lập,False,,
cmt_education_007_0063,education_007,Ck 2 và Ck 1 học Ls thực hành . Ts và th s là hệ hàn lâm học thuật xếp chung k đúng . Bộ giáo dục làm thế đúng! Muốn chuyển đổi thì cần đk học thêm .,tích cực,False,,
cmt_education017_0001_r19,education_017,Khánh My Trương tôi 2k12 đọc tin này sốc luôn,rác,True,,
cmt_education007_0002_r13,education_007,"Hoàng Mạnh mình đọc xong bất bình quá nên xả cmt tress tí 😹😹.
Ông ấy nói như kiểu mình là chuyên gia y tế, Giáo sư, Tiến sĩ. 
tự mình biết nguyên nhân bệnh biết cách chữa biết người ta đào lửa mà vẫn phải mò đến bệnh viện, đến chỗ đào lửa để nta chữa 😂😂 thay vì tự ở nhà mà tự chữa cho lành",tiêu cực,False,,
cmt_education_018_0096,education_018,"Bao giờ di dời, bao giờ xây công c3 thì hãy báo cáo trước đó 6 tháng nhé. Chứ cứ báo cáo cái bánh vẽ rồi hàng chục năm ko xây, ko di dời để định thành"" kế hoạch treo"" chắc",trung lập,False,,
cmt_education_007_0296,education_007,Medical Doctor dịch ra là bác sĩ. Học ở trường y 6 năm tốt nghiệp thì thành bác sĩ. Học tiếp sau đại học thì gọi là thạc sĩ (Master of Science) viết tắt là MSc. Học tiếp tiến sĩ khoảng 3-5 năm bảo vệ luận án thành công thì nhận bằng tiến sĩ PhD. Đó là hệ thống ở Châu Âu.,trung lập,False,,
cmt_education_017_0649,education_017,"Bên dược thi trên máy tính nộp bài biết mấy điểm liền, tôi đã thi rồi rất thích phương thức thi này.",tích cực,False,,
cmt_education_040_0202,education_040,ủa,rác,True,,
cmt_education018_0060_r01,education_018,Trương Nam Me2 k68 nói câu rẻ rách hơn cả rác,trung lập,False,,
cmt_education_017_0474,education_017,Thế môn văn thì sao a,ý kiến riêng,False,,
cmt_education020_0001_r02,education_020,"Người tham gia ẩn danh 158 thượng đẳng quá ò, giỏi hen",tiêu cực,False,,
cmt_education_037_0332_r01,education_037,Hoan Vu Nguyen all in thptqg nhé 👽,rác,True,,
cmt_education011_0030_r01,education_011,Trân Kim Liên sai rồi dâm dục chơ,ý kiến riêng,False,,
cmt_education_018_0207,education_018,"Di dời Hust ra ngoài vũ trụ, làm ơn",trung lập,False,,
cmt_education017_0002_r23,education_017,Thời đại công nghệ số nếu ko theo kịp là tụt hậu tự mình tách mình ra ngoài xã hội,tích cực,False,,
cmt_education017_0002_r85,education_017,Ni Nguyen mình thấy điểm sàn. Cũng thấy phổ rớt tốt nghiệp năm nay cao hơn mọi năm,trung lập,False,,
cmt_education_017_0510,education_017,Hay quá! Văn thi trắc nghiệm rùi!,tích cực,False,,
cmt_education007_0008_r01,education_007,"Lê Văn Hội chính xác,",trung lập,False,,
cmt_education015_0002_r04,education_015,"Minh Do thượng đẳng nhễ, công nhân thì sao🙂‍↔️",trung lập,False,,
cmt_education_040_0060_r01,education_040,"Chu Thế Văn Những người làm việc cần đến máy tính thì chắc chắn họ sẽ đc học và phải học. Cho nên chẳng cần phải bắt buộc. Vì đó như là kĩ năng mềm, không học thì không thể làm việc.  Vậy nên người cần học thì họ đã học nâng cao rồi mà học thêm lớp bồi dưỡng lại như kiểu có máy cày rồi nhưng vẫn phải học cày bằng trâu. 
Còn những người không cần thì lãng phí thời gian.",trung lập,False,,
cmt_education_037_0002_r14,education_037,"Nguyễn Zen Vấn đề là muốn học bạ sạch dễ ẹt.ko phải đứa nào cũng sạch nhờ năng lực.thi là công bằng nhất.Ủa,bình thường giỏi thì thi phải đạt,còn ng ta bình thường học ko giỏi nhưng tới khi thi ng ta dốc sức thi thì đạt chứ sao.Giỏi là ko có tại,bị,thì ,là gì cả.Thi là công bằng nhất.",tiêu cực,False,,
cmt_education_040_0150,education_040,Hc nhiều vô choo thành thạo công nghệ,tích cực,False,,
cmt_education_011_0344,education_011,Thầy giáo gì đi đủ làng khắp làng loại thầy giáo gì mầm nhỏ cho cháu ăn,tiêu cực,False,,
cmt_education007_0004_r17,education_007,Binh Nguyen  ông ơi dao mổ  của nhât .bs nhật đứng kế bên    .bs vn rất giỏi mà kg có dụng cụ y khoa thì đứng nhìn  lấy luỏi liềm cắt   🤣,trung lập,False,,
cmt_education_040_0065,education_040,đúng nha k các bạn ý học tin mà chẳng bít gì luôn🤣,tiêu cực,False,,
cmt_education020_0010_r05,education_020,"Vũ Mạnh Thắng rõ - k nằm
Ngoài ct nhg độ khó thì ông nội mấy ông ra đề cg k làm nổi 🙏🏿🙏🏿🙏🏿🙏🏿🙏🏿",tiêu cực,False,,
cmt_education_007_0322,education_007,"Bác sĩ đẹp trai quá, dạ em chúc bác sĩ có thật nhiều sức khỏe và luôn gặp được gặp được may mắn trong công việc ạ.",rác,True,,
cmt_education_013_0007,education_013,Bởi giờ nhìn ai giàu giàu vậy thôi chứ mốt bị bế đi hết 😃 1OOO fI. 6O cáaa,tiêu cực,False,,
cmt_education_007_0121,education_007,Tìm đủ mọi cách ôm CK1 CK2 về =)),rác,True,,
cmt_education_017_0024,education_017,"Cứ suy nghĩ ra việc nào là cho học sinh làm chuột bạch thử,trong khi k suy tính xem nếu thực hiện thì những vùng sâu vùng xa làm sao,đây là kỳ thi quốc gia chứ đâu phải thi một nhóm vùng trung tâm phát triển",tiêu cực,False,,
cmt_education_038_0032,education_038,"Cần lắm giáo viên dạy các môn bằng tiếng Anh, đã chậm rồi",tích cực,False,,
cmt_education007_0023_r04,education_007,"Van Do theo tôi hiểu MD
M là Medical 
D là Doctorate 
Nếu gọi bằng cấp thì mình phải gọi là
Medical Doctorate degree. 
Nha sĩ (DDS Doctorate of Dental Surgery) 
hay ( DMD Doctorate of Dental Medicine)
Chữ Doctorate là học vị giống như tiến sĩ (PhD) vì chữ Doctorate na ná chữ Doctor nên dễ lầm lẫn. 
Lễ ra trường của MD, DDS, DMS, Pharmacy D và PhD họ đều mặc lễ phục như nhau. Cho nên MD là học vị Tiến Sĩ Medical còn Doctor là nghề của họ. Đây là thắc mắc của tôi. Nếu bạn nào rành hơn xin lý giải giùm.",trung lập,False,,
cmt_education011_0004_r06,education_011,"Vuong Lv 🔥cănq nha.... mớii xemm fuII vj₫eo bên ➡️ Hóng Tin Đường Phố 

😡",rác,True,,
cmt_education_037_0001,education_037,"- Thi là hình thức công bằng nhất, các em có nền căn bản tốt không bao giờ lo việc thi cử.
- Xét học bạ là vấn đề bất cập nhất : không đánh giá đúng được năng lực của hs.
- Điểm số trong lớp thường không đúng với năng lực học sinh, đặc biệt là với trường hợp đi học thêm với chính giáo viên đứng lớp hoặc kiểu đi mua điểm, nâng điểm.",tiêu cực,False,,
cmt_education018_0006_r14,education_018,"Dương Dũng chỗ nào có sv thì chỗ đó phát triển đồng nghĩa với việc mọi thứ sẽ lại tăng giá không như ban đầu và vẫn xảy ra tệ nạn. Vấn đề đi làm thêm phụ gia đình , học kinh nghiệm thực tế không có. Sinh viên về quê cũng không để tìm việc đâu . Có thi chả tội gì ở HN đâu.Một số người lao động ở Hà nội cũng thất nghiệp theo đấy .. nhiều vấn đề lắm đó. Không đơn giản, nếu đơn giản thì các nước lớn họ làm rồi .",trung lập,False,,
cmt_education011_0004_r17,education_011,Vuong Lv ông này là chủ tịch luôn chứ không phải như Hiệu Trưởng mấy trường bình thường mình học đâu,trung lập,False,,
cmt_education004_0001_r40,education_004,"Giàng A Say này là chi chậm chứ ko có bắt sv ký khống, vấn đề là giờ sẽ giải trình tại sao chậm chi nếu bên phía nn đã thanh toán rồi",ý kiến riêng,False,,
cmt_education020_0064_r01,education_020,Diệp Vân Hạ k chấp nhậnnđc đất nước này nản quá,tiêu cực,False,,
cmt_education018_0003_r01,education_018,"Liem Le chuyển trg đh đi đâu thì ngần đấy sv ra trg cũng vẫn ra HN làm việc thôi vì đh có cách HN 30- 40 km giờ chỉ đi có 1 tiếng là ra HN đi kiếm ăn đc rồi . HN là đất tụ linh , sinh khí , ai sống ở HN cũng phát triển nên họ gắn bó với HN ngay sau khi tốt nghiệp ĐH đến lúc già .",trung lập,False,,
cmt_education_017_0447,education_017,"Trời ạ, để tụi nhỏ yên trên con đường học làm người tử tế dùm cái.",tích cực,False,,
cmt_education017_0056_r02,education_017,Thuy Duong thoii koo ấy riêng năm bminhh bthg thoii cugg dcc,rác,True,,
cmt_education_017_0545,education_017,Giống thi lý thuyết lái xe rồi,trung lập,False,,
cmt_education_011_0152,education_011,"Thầy đào hoa quá..! các Cô tự dâng hiến mà...có gì đâu mà ồn ào, chuyện thường ngày của công chức ngày nay..",tích cực,False,,
cmt_education_018_0236,education_018,"Chuyển nhanh và mạnh tay lên, vừa giảm ùn tắc ở nội đô, vừa tạo động lực phát triển mới",trung lập,False,,
cmt_education_005_0031,education_005,"Một giáo viên Tiếng Anh có dấu hiệu sửa bài thi, hạ điểm loạt học sinh

Trường Tiểu học Nguyễn Văn Cừ xác định giáo viên Tiếng Anh có dấu hiệu sửa bài thi của nhiều học sinh và đã tạm đình chỉ giảng dạy để làm rõ sự việc.

Những ngày qua, nhiều phụ huynh học sinh Trường Tiểu học Nguyễn Văn Cừ (phường Quy Nhơn Nam, Gia Lai) bức xúc phản ánh việc giáo viên bộ môn Tiếng Anh cố tình sửa bài thi của học sinh để chấm thấp điểm.

Đáng nói, nhiều bài thi có dấu hiệu bị can thiệp bằng cách thêm nét vào chữ cái, thêm từ vào câu trả lời nhằm làm sai kết quả.

""Một vài bài thì còn có thể xem là chấm nhầm, nhưng đây là rất nhiều bài bị sai cùng một cách thức. Tôi đề nghị nhà trường xác minh, làm rõ vì việc này ảnh hưởng rất lớn đến tâm lý, khiến các con không còn động lực để cố gắng trong học tập"", một phụ huynh học sinh lớp 3C bức xúc.

Sau phản ánh của phụ huynh gửi đến nhà trường, sự việc đã nhanh chóng lan truyền trên mạng xã hội Facebook, thu hút sự quan tâm của dư luận.

Thông tin với Lao Động, bà Mạc Hoàn Tố Quyên - Hiệu trưởng Trường Tiểu học Nguyễn Văn Cừ - xác nhận có xảy ra vụ việc như phụ huynh đã phản ánh. Nhận thấy sự việc có tính chất nghiêm trọng, nhà trường đã thành lập tổ kiểm tra và tiến hành xác minh.

Qua kiểm tra, có 14 phụ huynh lớp 3C và 5 phụ huynh lớp 4B phản ánh giáo viên Tiếng Anh tự sửa bài của học sinh. Từ kết quả xác minh, nhà trường xác định cô T.T.K.N - giáo viên Tiếng Anh - có dấu hiệu sửa bài thi của học sinh.

""Hiện nhà trường đã tạm đình chỉ công tác giảng dạy đối với cô N., tuy nhiên cô N. vẫn phải đến trường để phối hợp làm rõ sự việc. Khi nhận thấy có dấu hiệu vi phạm của giáo viên, trường đã báo cáo sự việc lên UBND phường"", bà Quyên thông tin.

Bà Quyên cho biết, hiện cô N. vẫn đang làm bản tường trình về sự việc và chưa gửi lại cho nhà trường. Trường đã mời 19 phụ huynh có ý kiến phản ánh đến làm việc và đã có phản hồi thông tin ban đầu.

""Nhà trường cam kết xử lý giáo viên vi phạm theo đúng quy định, đảm bảo quyền lợi cho học sinh. Đồng thời thay mặt cô N., nhà trường đã gửi lời xin lỗi đến các phụ huynh"", bà Quyên cho hay.

Theo Hiệu trưởng Trường Tiểu học Nguyễn Văn Cừ, cô N. chuyển công tác về trường được 3 năm và trước đó chưa ghi nhận xảy ra sự việc tương tự.

Trong quá trình làm việc với tổ xác minh, cô N. có biểu hiện bị ảnh hưởng về tâm lý. Giáo viên này cũng thừa nhận đã sửa bài của học sinh, song không giải thích được lý do.

Nguồn: Báo Lao Động",tiêu cực,False,,
cmt_education020_0001_r42,education_020,"PastelPanda41 câu này năm trước nói thì còn được chứ năm nay nói ko biết nhụt hả, t chỉ có 1 năm để học chương trình mới 3 môn còn gì, 2k7 thì có 3 năm thế bên nào bất lợi hơn nhỉ 🤪",tiêu cực,False,,
cmt_education020_0004_r02,education_020,"Dang Trung nói phải thực tế để QH có cách điều chỉnh , còn con em kháo 2k 8 nữa hởi dang trung",tiêu cực,False,,
cmt_education009_0054_r05,education_009,Nguyễn Hoàng Quốc Vinh vl :))) tát r trả méo đc @@,rác,True,,
cmt_education011_0005_r13,education_011,Hải Yến,rác,True,,
cmt_education_037_0184,education_037,"Nên giữ lại xét học bạ, thêm vào đó các tiêu chí như HS trường chuyên, giải thưởng HSG, NCKH, chứng chỉ tiếng Anh,...",ý kiến riêng,False,,
cmt_education_011_0178,education_011,Thúi nát từ nhà trường đến học sinh. Thời nay đúng là quá loạn.,tiêu cực,False,,
cmt_education_018_0069,education_018,"Đúng! Trường ptth thiếu quá làm các cháu thi khó hơn vào đại học. 
Tuy nhiên mở rộng trường ptth công lập chứ đừng dựng lên trường dân lập.",trung lập,False,,
cmt_education_004_0141,education_004,"Ko nuốt nổi, bị SV móc họng ra, thầy hiệu trưởng hết quanh co, khỏi tổ là đúng",tiêu cực,False,,
cmt_education017_0096_r02,education_017,Chính Hoàng thật:)))),rác,True,,
cmt_education_007_0326,education_007,"Bài viết thật sự tốt,xin cảm ơn",tích cực,False,,
cmt_education_007_0209,education_007,"Đọc kĩ đi trời, ý là tính bậc lương và đãi ngộ tương đương ts ngành khác",trung lập,False,,
cmt_education_017_0669,education_017,Áp lực nhân đôi luôn,rác,True,,
cmt_education015_0032_r02,education_015,Phu Truongtanko liên quan đến chính trị bạn ơi,ý kiến riêng,False,,
cmt_education011_0007_r01,education_011,"Ha Kieu Nguyen 
hơn chục cô giáo và cả HS mặc đồng phục mà ,cứ cãi, sợ thật, vừa xem bên Tin nóng 24/7",tiêu cực,False,,
cmt_education007_0001_r09,education_007,"Chuyện Nghề Y thì đổi tên thạc sĩ, tiến sĩ lâm sàng",ý kiến riêng,False,,
cmt_education_020_0037,education_020,xong hết rồi.điểm có đến nơi.hạ hết các khối cho các con 2k7 ko bị thiệt thòi.,ý kiến riêng,False,,
cmt_education009_0001_r09,education_009,"Đồng ý với Thu Hà! Ko nhất thiết phải “ngoan”, phải “nghe lời người lớn”. Ko nên gò ép con trẻ mà cta nên khuyến khích con nói lên suy nghĩ của mình và cho con quyền “phản bác” nếu thấy người lớn hành xử sai... ko nên im lặng ...",tích cực,False,,
cmt_education011_0006_r13,education_011,Phong Lâm Fb ông này đây mn.vẫn còn già mồm mà @ 😡😡Nguyễn Tuấn,rác,True,,
cmt_education_007_0285,education_007,Mấy ôg bộ giáo dục có đi học đâu mà biết phân biệt . Đến sách của hs tiểu học còn thay đổi lên thay đổi xuống . Giờ kiếm dc người làm dc khó quá :(,tiêu cực,False,,
cmt_education011_0002_r04,education_011,Hoàng Mỹ Thuận chắc là chưởi các a IT đòi đuổi việc đây,tiêu cực,False,,
cmt_education011_0060_r01,education_011,Nunu Tong giờ chẳng biết tin ai,rác,True,,
cmt_education_005_0209,education_005,Dòng ngựa.,rác,True,,
cmt_education_007_0094,education_007,Bs giờ ko được phép đọc sách nghiên cứu tự rèn luyện mà phải kiếm cho ra cái bằng rồi mới được quyền tự nghiên cứu rèn luyện! Ngày xưa BN gọi Bs là Bs giờ chắc phải dạ thưa Ts Ck2 Gs…em muốn hỏi! Bó tay cho cả một thế hệ,tiêu cực,False,,
cmt_education_037_0312,education_037,dạ e đồng ý 🙌🙌,tích cực,False,,
cmt_education_018_0097,education_018,Ủng hộ nhiệt liệt👏👏👏👍👍👍,trung lập,False,,
cmt_education005_0018_r03,education_005,Nguyễn Hồng đúng rồi,rác,True,,
cmt_education_037_0009_r22,education_037,"Liên Phạm vì nó tiêu cực nên bỏ, chứ  ko cũng khổ cả GV trung thực.",tiêu cực,False,,
cmt_education_020_0137,education_020,"Mong được xem xét lại môn toán, tiếng Anh",ý kiến riêng,False,,
cmt_education_018_0204,education_018,Đánh nổ luôn cũng được á,trung lập,False,,
cmt_education020_0008_r02,education_020,Võ Nguyễn Thành nhiều tiến sĩ cũng không làm nổi đâu nhé !,trung lập,False,,
cmt_education018_0012_r02,education_018,"Hưng Nguyễn Như hình như Long Thành được 100 năm y ý,bạn bốc mộ cho cha mẹ bạn chưa",trung lập,False,,
cmt_education_011_0370,education_011,Việc làng việc nước chớ bàn.,trung lập,False,,
cmt_education_009_0142,education_009,"Thế kỷ này là thế kỷ thứ mấy mà con dùng bạo lực trong trường học học sinh sai thì bị tát con cô giáo sai thì phải như thế nào. Có nhiều cách và hình thức để trừng phạt học sinh đâu cần dùng tới biện pháp này, Xin lỗi cho mình nói điều này nếu là con mình không cần biết nó đúng hay sai nhưng ai đánh con mình là phải bước qua xác chết của mình.",tiêu cực,False,,
cmt_education007_0002_r17,education_007,"Hoàng Mạnh ...với ngành y dược thì trăm năm hay vài trăm năm hay vài nghìn năm thù nó cũng rất ít thay đổi ! Dù cis thay đổi thế nào theo kiểu Tây hay kiểu Tàu hay theo kiểu ta thì vẫn phải đảm bảo sau can thiệp y khoa bệnh nhân phải khour bệnh không có chuyện vớ va vớ vẩn như các bác sĩ vẫn làm rồi đổ thừa lỗi do bệnh nhân hay do muôn vàn thứ sản phẩm rau , thực phẩm không sạch ...!",trung lập,False,,
cmt_education007_0063_r04,education_007,Loan Hoàng kiểu ông này thi vào nội trú rớt nên cay....kkk,rác,True,,
cmt_education_015_0029,education_015,"Toàn những giới siêu giàu mới học đc trường này, nhiều tiền thế mà sao vẫn phá sản nhỉ?
Nhưng dù sao cũng💐👏🏻",ý kiến riêng,False,,
cmt_education_017_0028,education_017,nhất thiết p là 2027 hả 🥰,trung lập,False,,
cmt_education_004_0005,education_004,"Không có vùng cấm trong giáo dục.
Tiền bồi dưỡng là mồ hôi, công sức và niềm tin của sinh viên - bất kỳ hành vi lợi dụng nào cũng đều đáng bị xử lý.
Việc khởi tố không chỉ để làm rõ sai phạm, mà còn để trả lại sự công bằng, giữ gìn kỷ cương và uy tín của môi trường giáo dục.
Ủng hộ cơ quan chức năng làm rõ đến cùng, xử lý đúng người, đúng tội.",tích cực,False,,
cmt_education_009_0291,education_009,Mọi người hãy chia sẻ  mạnh lên  vì tương lai con em chúng ta   hãy chia sẻ,tích cực,False,,
cmt_education_007_0366,education_007,Quần trọng là làm được cái gì cho nhân dân. Tôi thấy nhiều bs đào tạo tại Việt Nam làm được rất nhiều trong công tác điều trị và nghiên cứu khoa học.,tích cực,False,,
cmt_education020_0040_r01,education_020,"Ruby Bảo Ngọc bởi vì gạo đã nấu thành cơm rồi chứ sao chỉ thiệt tụi nhỏ con mình dinh nguyên compo toán và tiếng Anh luôn, buồn...",tiêu cực,False,,
cmt_education_020_0299,education_020,như bán bổ vào chương trình học của mình soạn ra như học thật thi thật làm cái gì :)))),tiêu cực,False,,
cmt_education_037_0071,education_037,Bo ngay di.Con y kien gi nua?,tích cực,False,,
cmt_education009_0001_r13,education_009,"Thu Ha trường con mình cũng có trường hợp này, lớp trưởng sau đó bị đánh. Ba của lớp trưởng lên cho cô một trận rồi chuyển trường luôn.",tiêu cực,False,,
cmt_education_007_0196,education_007,Tiến sĩ giấy nhiều vô kể. Đề tài lượm lặt cut rồi paste trình thua cả điều dưỡng.,tiêu cực,False,,
cmt_education_009_0021,education_009,Giáo viên thế hệ bây h bị não chó nhập à? Khó hiểu vl,tiêu cực,False,,
cmt_education_018_0270,education_018,Đáng ra phải làm những năm 2000 rồi mới đúng,trung lập,False,,
cmt_education015_0002_r16,education_015,"Phạm Thị Huế bạn vẫn chưa giỏi tiếng mẹ đẻ, họ nói rõ chưa cần chứ kp k cần là phải giỏi trc tiếng việt lịch sử Việt rồi hãy lo toies tiếng anh",ý kiến riêng,False,,
cmt_education_040_0018,education_040,Học mos thôi,rác,True,,
cmt_education_037_0328,education_037,"Không thể vậy được
Phải là cả hai mới công bằng và khách quan được.
Điểm HB + điểm thi ( có thể nhân hệ số 1 trong 2) chia trung bình
Chỉ xét HB lại tiêu cực",ý kiến riêng,False,,
cmt_education_007_0364,education_007,"Đừng nặng quá về danh xưng mà hãy tập trung vào tay nghề và y đức, đó là điều mà xã hội đang cần! Trân trọng bài viết rất hay!",tích cực,False,,
cmt_education020_0004_r32,education_020,Summer Nguyen vì đơn giản là ra đề trong phạm vi sgk thì lạm phát điểm chứ sao nữa. Cái thời 2010 đổ về trc 24-27 đ đã là cao siêu đỗ gần hết trường nay còn phát sinh câu chuyện 29đ vẫn có thể trượt đh thì nó còn ra cái thể thống gì? Chất lượng mặt bằng chung nâng cao thì đề càng phải phân hoá mạnh hơn để rõ ràng ra ai giỏi ai dốt chứ ko thể để cái tình trạng lạm phát điểm như bây giờ đc. Điểm lấy từ trên xuống nó là như thế. Miền quê ko theo đc thì đó là vấn đề của họ. Chứ bộ vì họ mà để điểm 9 vs 10 tràn giang đại hải thì điểm chuẩn nó thành cái gì???,trung lập,False,,
cmt_education020_0001_r35,education_020,Người tham gia ẩn danh 456 😇 thì b có tgian học nhiều hơn bọn tôi mà,rác,True,,
cmt_education_005_0264,education_005,"hee chắc ko hoc thêm thôi, y chang trường con t",tiêu cực,False,,
cmt_education007_0047_r03,education_007,CongLuc Truong a=b mà b=c suy ra a=c,trung lập,False,,
cmt_education_017_0329,education_017,đã hé đã hé,rác,True,,
cmt_education_037_0284,education_037,Ủng hộ,tích cực,False,,
cmt_education_017_0377,education_017,Có điểm tại chỗ luôn à 😳,rác,True,,
cmt_education_004_0156,education_004,May có các cơ quan báo chí vào cuộc xác minh sáng tỏ mọi việc. Chứ nghe htr đã hứa trả lần 2 cho đủ thì tưởng mọi việc đã êm xuôi,trung lập,False,,
cmt_education007_0002_r04,education_007,Truong Hoang Trung tào lao xi ba chao. Thôi t ko tiếp 🙏🙏🙏,trung lập,False,,
cmt_education011_0002_r03,education_011,"Sự thật 100% nhé, mấy đứa còn trẻ hơi ưa nhìn dễ là con mồi của mấy cha đó lắm. Lấy cv và tiền ra dụ dỗ, nhưng gặp phải t, t đi làm để trải nghiệm chứ tiền ba mẹ t ko thiếu",rác,True,,
cmt_education_016_0017,education_016,Em mong bộ giáo dục thêm nguyện vọng cho ngành sư phạm ạ,ý kiến riêng,False,,
cmt_education_009_0035,education_009,"bọn này hiền vler, cô nói cái j cũng phải nghe à. Học được thì học k thì nghỉ, ngán à.",trung lập,False,,
cmt_education_020_0116,education_020,Kinh mong quốc hội xem xét lấy lại công bằng cho các con 2k7,tiêu cực,False,,
cmt_education_009_0114,education_009,"Mình cũng rất bức xúc vì cách hành xử phi giáo dục của các trường công. Đó là hoạt động của đội cờ đỏ. Nghĩ gì mà phân công bạn bè theo dõi ghi tội của nhau và trừng phạt nhau? Nó tạo cho các bạn nhỏ đã biết đe dọa và đòi quà để ko bị ghi tội. Đây có phải là bài học đầu tiên của tham nhũng ko? Việt Nam có một học viện thanh thiếu niên mà thấy mọi hoạt động của thanh thiếu niên trong các trường công vẫn dậm chân tại chỗ suốt mấy chục năm qua. Nói chung càng ngày càng thấy buồn với cách hành xử của những người nhân danh giáo dục. Nếu là con mình mình tin nó sẽ ko đứng yên cho các bạn tát dù có bị đuổi học. Và nó cũng sẽ ko bao giờ lại tát bạn học cùng lớp nó chỉ vì cô giáo ra lệnh. Mình luôn dậy con mình con có quyền từ chối nếu con ko muốn. Đừng dạy trẻ chỉ biết nghe lời, hãy dạy chúng cách biết nói ko với bất kỳ điều gì mà chúng ko muốn hợp tác.",tiêu cực,False,,
cmt_education007_0004_r04,education_007,Tien Huynh nghe danh ts đhyd chưa?,trung lập,False,,
cmt_education_004_0095,education_004,Tuyệt vời ô mặt trời,tích cực,False,,
cmt_education_011_0614,education_011,Thối nát cho nó ôm cột điện ăn nó rực mở,tiêu cực,False,,
cmt_education020_0002_r02,education_020,Trâm Tống Về nghỉ thôi làm khổ hs thế là quá đủ rồi ạ,ý kiến riêng,False,,
cmt_education_004_0114,education_004,"Quá hay,phải làm gương",tích cực,False,,
cmt_education_016_0052,education_016,Thi đen noi roi bgio moi dự thảo á.tôi nghĩ chỉ 3 nv là hop li,tiêu cực,False,,
cmt_education_011_0160,education_011,Có camera mà lỳ đó,tiêu cực,False,,
cmt_education_017_0013,education_017,"- Nếu thi tập trung đông thí sinh như này thì chắc chắn phải chia ca, mà chia ca vẫn khá nhiều lỗi có thể gặp phải do thi quá đông thí sinh
- Tuy không cần nhân lực chấm bài, in sao đề nhưng mỗi năm đều cần làm lại ngân hàng đề (do với lượng thí sinh đông, nếu dùng một ngân hàng cho nhiều năm thì thí sinh sẽ nhớ đề, dẫn đến học tủ)
- Quan trọng nhất là vấn đề chuẩn hoá đề thi, vì kì thi của ĐHQGHN còn nhiều tranh cãi về vấn đề này",tiêu cực,False,,
cmt_education_018_0158,education_018,á đù,rác,True,,
cmt_education011_0029_r04,education_011,Nguyễn Nhật Giang ước được như khầy😂,rác,True,,
cmt_education007_0013_r04,education_007,"My Anh Nguyen cách đây vài năm thi thạc sĩ tỷ lệ 1 số ngành thấp còn chả đủ chỉ tiêu. Nhưng năm gần đây đào tạo tràn lan. Y tân tạo kinh koong ra trường, tìm cách tẩy bằng thi thạc sĩ nhiều . Tỷ lệ chọi tăng nên nhầm tưởng. Thi thạc sĩ không yêu cầu chứng chỉ hành nghề hay chứng nhận thực hành. Ra trường thi được ngay nên mới vậy. Âu cũng là kết quả của đào tạo tràn lan. Sau này các bác sĩ 15 điểm tẩy bằng thành công thì không biết như thế nào. Vì nhiều em tư duy logic rất yếu.",tiêu cực,False,,
cmt_education_037_0005_r04,education_037,Thu Huong trước giờ 2 trong 1 mà có phải mới 2k7 đâu,ý kiến riêng,False,,
cmt_education007_0006_r10,education_007,"Nguyễn ThanhLiêm bs nhóm 1, có cchn chuyên khoa mới được duyệt kí đơn, kí thủ thuật. Các bs đang học/đã học ck nhưng chưa chuyển giấy phép hành nghề là nhóm 2, chỉ được kí và duyệt đơn. Còn các bs khác thuốc nhóm 3, chỉ được kê đơn, và duyệt đơn bởi bs nhóm 1 và 2. Vậy cơ sở nào bảo TS, Ths có quyền ưu tiên hơn ck1, 2?",trung lập,False,,
cmt_education_017_0461,education_017,Thi bằng láy xe hả,trung lập,False,,
cmt_education_020_0269,education_020,Vậy tôi học giả,tiêu cực,False,,
cmt_education011_0097_r01,education_011,Phát Đạt do có gốc thôi giỏi đéo j đâu,rác,True,,
cmt_education020_0006_r26,education_020,"Lê Hạnh conn bạn thi khối gì? Con nhà tui A01. Đang mong mỏi từng ngày. Môn văn ko biết có qua liệt ko. Môn sở đoản của con,, còn ĐH ko học trường này thì học trường khác.",ý kiến riêng,False,,
cmt_education017_0010_r13,education_017,Thành Đạt NL Hoàng Ánh Ngọc Ha Mi sùi bọt mép trg phòng thi,rác,True,,
cmt_education_018_0241,education_018,Đến lúc làm và luôn chứ dự kiến mấy đời trc làm rồi ..,trung lập,False,,
cmt_education_017_0620,education_017,vậy văn cũng viết trên máy tính luôn á,trung lập,False,,
cmt_education_007_0166,education_007,"Nói dân dã thì một bên là thợ, một bên là thầy",trung lập,False,,
cmt_education_015_0052,education_015,Úi chà to chà bâ,rác,True,,
cmt_education_011_0322,education_011,Quang Red thầy cũng muốn lam hiệu trưởng,ý kiến riêng,False,,
cmt_education009_0018_r01,education_009,Quyen Nguyen nói hay like cho phát 😂😂😂,tiêu cực,False,,
cmt_education020_0003_r01,education_020,Phạm Thanh Sơn Tích cực lên bạn ơi,trung lập,False,,
cmt_education018_0010_r15,education_018,Trọng Minh thì bgio đảng quyết tâm làm rồi đó.. sẽ nhanh thôi,trung lập,False,,
cmt_education_007_0261,education_007,Ngành y thuộc về bộ y tế quản Lý không có nhập chung,trung lập,False,,
cmt_education_018_0257,education_018,"1️⃣ Chi phí sinh hoạt nội đô quá cao
 • Tiền trọ: cao, chật, ồn
 • Ăn uống: giá “phố thị”, khó tiết kiệm
 • Đi lại: tốn xăng, kẹt xe, hao thời gian
➡️ Cha mẹ gánh nặng, sinh viên cũng áp lực tiền bạc

2️⃣ Ngoại ô: rẻ – thoáng – dễ tập trung học
 • Nhà trọ rộng hơn, giá mềm
 • Không khí trong lành, ít ồn
 • Ít cám dỗ tiêu xài, ăn chơi
➡️ Học tập hiệu quả hơn, sống lành mạnh hơn

3️⃣ Nội đô nhiều “ánh hào quang giả”
 • Dễ bị cuốn vào ăn chơi, tiêu xài
 • So sánh, chạy theo hình thức
 • Sinh viên chưa tự chủ tài chính rất dễ lệch hướng
➡️ Mất mục tiêu ban đầu là học để đổi đời

4️⃣ Kẹt xe – stress – tốn thời gian
 • Mỗi ngày mất 1–2 tiếng chỉ để di chuyển
 • Vừa mệt vừa giảm hiệu suất học
➡️ Thời gian đó đáng lẽ để học, đọc, rèn kỹ năng

5️⃣ Ngoại ô + kỷ luật = nền tảng tốt
 • Học xong về quê hoặc đi làm vẫn linh hoạt
 • Chi phí thấp → áp lực thấp → tư duy tốt hơn
 • Cha mẹ lo nhẹ gánh, con cái tập trung đúng việc

👉 Kết luận ngắn gọn:

Sinh viên nên ở nơi phù hợp để học, không phải nơi hào nhoáng để tiêu tiền.",trung lập,False,,
cmt_education007_0003_r02,education_007,Tommy Le nhưng ts ta méo có nghiên cứu thật sự. Ngon show luận văn ra coi có Copy Paste ko?,tiêu cực,False,,
cmt_education_015_0090,education_015,Nói đi nói lại thì trường rất đẹp và rộng. Lần đầu tiên đến mình kiểu bị ngợp luôn á! Ấn tượng với hồ cá coi của trường.,tích cực,False,,
cmt_education007_0015_r08,education_007,"Phạm Tấn đa số giáo sư đều rất giỏi , nhưng cũng không ít gs trình độ không ra gì đâu bạn ạ.",trung lập,False,,
cmt_education_007_0183,education_007,Chuẩn luôn,tích cực,False,,
cmt_education017_0007_r10,education_017,Minh Chi Thi tốt nghiệp/ đại học sao lại có cấp 1 cấp 2 ở đây?,trung lập,False,,
cmt_education_038_0090,education_038,Chuẩn,tích cực,False,,
cmt_education_007_0080,education_007,Chuyên khoa 3 mới được bgd công nhận và xếp ngạch lương sau đại học ở cấp chiên da nghen mí em!,trung lập,False,,
cmt_education_020_0042,education_020,Báo cáo xong thì chỉnh lại thang điểm với câu khó thì trừ đi và tăng điểm cho các câu khác nên. Chứ báo cáo xong các Ô xút Kn cho năm sau thì các con 2k7 quá thiệt thòi à,ý kiến riêng,False,,
cmt_education_011_0439,education_011,"thế là khầy ông nội rồi, đây không phải thầy",tiêu cực,False,,
cmt_education_005_0052,education_005,Không biết chừ day kiều gì mà 8 môn mà phải đi học thêm đến 5 môn,trung lập,False,,
cmt_education_007_0008,education_007,"Thế giới hình như chỉ có Việt Nam mới có chuyên khoa 1, chuyên khoa 2",tiêu cực,False,,
cmt_education017_0004_r01,education_017,"Kiều My thế ngày đấy năm đấy xe cứu thương chạy kín đường ,các xe khác phải nhường đường hết kkk",tiêu cực,False,,
cmt_education013_0019_r12,education_013,"Trần Kim Hoàng cũng khó, nó nói là tiền tụi nó đầu tư abcxyz kiếm được. Tụi nó sẽ có cách hợp thức hóa thôi, như rửa tiền vậy.",ý kiến riêng,False,,
cmt_education005_0003_r05,education_005,Phạm Thị Thu Thủy cảm ơn các b.góp ý cho m nhé.,trung lập,False,,
cmt_education_011_0417,education_011,Giỡn mặt với cdm 😆😆,rác,True,,
cmt_education007_0038_r02,education_007,"Dương Thu Hiền là giai đoạn đầu khi VN mình bắt đầu đào tạo Ths,là BSNT+ThsBs +Tsyhoc đều cùng ngồi chung một phòng thì,riêng BSNT+ ThsBs được phép bỏ câu hỏi cuối cùng trong bộ đề thi(vì câu hỏi này dành riêng cho thí sinh dự thi TsBs),BSNT trước đó phải học thêm một số chứng chỉ của chuyên ngành và thi để dủ tc chuyển đổi <=>
ThsBs; còn sau đó đào tạo BSNT có học thêm luôn những chứng chỉ đó luôn(vd như cc Truyền Nhiễm phải học và thực hành x3tháng trong viện truyền nhiễm...)",trung lập,False,,
cmt_education_007_0309,education_007,"Học thạc sĩ thì chưa cần có chứng chỉ hành nghề nhưng xong thì lại phải đi thực hành nếu muốn có chứng chỉ hành nghề. Còn muốn học Ck1 thì trước hết phải đi thực hành để có chứng chỉ hành nghề mới được đi học. Nói chung ngang nhau vì vậy tốt nhất bộ giáo dục và bộ y tế đừng cãi nhau nữa mà thống nhất ra học xong cấp luôn cho cái bằng thạc sĩ BS ck1 , tiến sĩ BS ck2. Cho các bác đỡ thiệt thòi nhỉ!",trung lập,False,,
cmt_education007_0047_r01,education_007,Quỳnh Thơ Nguyễn thông Minh quá :vv,trung lập,False,,
cmt_education011_0009_r01,education_011,Khánh Nguyễn ?,trung lập,False,,
cmt_education_007_0164,education_007,Cần gì phải so sánh bác sĩ nội trú và Ck tương đương tiến sĩ . Vì một bên là bs lâm sàng và một bên là giảng dạy,trung lập,False,,
cmt_education004_0016_r08,education_004,"Hữu Đạt đọc mà ko hiểu ý của bạn ấy à.vì 200t mà mất hết tất cả công danh ,sự nghiệp",trung lập,False,,
cmt_education_017_0593,education_017,Chừng nào thi công chức cũng áp dụng như vậy thì mí ko còn tiêu cực chạy tiền,tích cực,False,,
cmt_education017_0005_r14,education_017,Đặng Tiến Mạnh Nếu như bạn nói thì hs sẽ không chú trọng học nữa. Cứ hết 12 năm học là có bằng. Đến khi xin đi làm công nhân thì thậm chí ko có kiến thức để lv luôn,tiêu cực,False,,
cmt_education_009_0182,education_009,"Con e bị cô giáo ép nhận bài kiểm tra tiếng anh 0 điểm. Khi bài ko ghi tên và cháu phủ nhận ko phải bài và chữ viết của cháu. Cháu nhất quyết ko nhận thì bị cô đánh ép nhận. E can thiệp kịp thời, nhưng cũng phải mất 1 thời gian khá dài để lấy lại tinh thần cho bé",tiêu cực,False,,
cmt_education_017_0057,education_017,"Tôi ủng hộ việc thi trên máy tính. Tuy nhiên, việc triển khai thi trên máy tính cần có lộ trình và triển khai đồng bộ trong cả nước để đảm bảo tính công bằng và hợp lý cho kỳ thi. 

Như chúng ta đã biết, xưa nay các con đến trường đều học trên giấy bút, chọn tổ hợp môn học đôi khi không chọn môn tin học, nhà lại không có điều kiện để mua máy tính cá nhân…Nên rất nhiều con chưa quen với máy tính, chưa biết cách lưu file, chưa quen kiểu chữ, cách gõ công thức, ký hiệu đối với các môn tự nhiên. Nên việc triển khai ngay trong năm 2027, các con chỉ có 2 năm để vừa học kiến thức các môn học, vừa luyện kỹ năng thao tác trên máy tính cho thuần thục như cầm bút viết trên giấy, như vậy là chưa đủ.

Hơn nữa, kỳ thi tốt nghiệp THPT không đơn thuần là kỳ thi tốt nghiệp mà kết quả của kỳ thi này là một trong các phương thức xét tuyển của đa số các trường đại học trong cả nước nên mang tính cạnh tranh rất cao. Để đảm bảo tính công bằng, hiệu quả của kỳ thi thì các con phải được thi chung 1 đề, cùng 1 thời điểm và điều kiện cơ sở vật chất tương đương nhau. Các bạn không có điều kiện làm quen với máy tính từ sớm mà phải thi trên máy tính thì chắc chắn tốc độ làm bài sẽ không bằng các bạn viết trên giấy, thậm chí không bằng chính bản thân các bạn nếu được làm bài trên giấy. Khi đó, kết quả thi trên máy tính không phản ánh chính xác năng lực tư duy của các bạn.

Kỳ thi tốt nghiệp THPT là một kỳ thi vừa kết thúc hành trình học phổ thông, vừa phân loai năng lực tư duy, ý chí phấn đấu, rèn luyện của mỗi người qua 12 năm đèn sách để lựa chọn nghề nghiệp trong tương lai cho phù hợp. Kỳ thi này vô cùng quan trọng, là bước ngoặt của cuộc đời mỗi người. Tôi rất mong Bộ GD&ĐT cân nhắc kỹ để đảm bảo tính công bằng và hiệu quả của kỳ thi. Xin chân thành cảm ơn quý thầy cô.",rác,True,,
cmt_education_004_0056,education_004,Ko sợ thiếu! Chỉ sợ ko công bằng😌,tiêu cực,False,,
cmt_education_016_0040,education_016,Vì sao sư phạm không được để nhiều nguyện vọng ạ😭thật vô lí😭,tiêu cực,False,,
cmt_education017_0086_r01,education_017,Tuong Vyy 😞,rác,True,,
cmt_education007_0002_r20,education_007,Vũ Văn Hiến ....dạ cảm ơn bạn đã tư vấn những lời lá ngọc cành vàng cho bệnh nhân ...ạ ! Có lẽ bạn không phải nhắc tôi cũng đã để toàn bộ bệnh lý của tôi để làm nguyên liệu đầu vào khi đặt 1 chân vào ngành y xem điều gì trong ngành y khó đến mức học sinh giỏi có điểm thi 29÷30 điểm mới được tuyển mà có khi còn rớt tại sao 6 năm học đèn sách đại học con nhà giàu thì cũng không đến nỗi khó còn con nhà nghèo thì gia đình và bản thân sinh viên quá vất vả tuy nhiên điều quan trọng là kiến thức họ học được tại sao lại không thể được khám chữa bệnh cho bn mà phải xin tập sự ở các bv không lương để lấy kinh nghiệm  phải chăng có kẻ làm luật rừng trong bộ y tế bắt buộc sinh viên phải tuân thủ ?????,tích cực,False,,
cmt_education007_0002_r04,education_007,Mai Sơn thời gian nếu học thẳng ts nếu chưa qua ths sẽ dài hơn so với ng học ths rồi thì phải. Mình ko tìm hiểu về bằng ts nên mình đoán vậy,trung lập,False,,
cmt_education020_0010_r03,education_020,"Vũ Mạnh Thắng k chỉ hs , PH mà thày cô giáo cũng thấy rất khó .",tiêu cực,False,,
cmt_education007_0003_r29,education_007,"Thu Nguyệt thì đúng là vậy với tôi anh nào giỏi tôi cũng ok nhưng thực tế thì người ta vẫn coi ts là hơn ck2 bạn cứ nhình kỹ mà xem thực tế mỗi anh đều có thế mạnh riêng của mình , nên ai giỏi thì mình ok người đó thôi",tiêu cực,False,,
cmt_education_040_0015,education_040,"Đúng rồi, các e tn đại học ra làm vp ối dời ơi lắm",tích cực,False,,
cmt_education020_0004_r20,education_020,"TienTuyen Cao Tôi tán thành, chỉ thi tuyển Đại học, cấp chứng nhận hoàn thành đào tạo hết lớp 12",tiêu cực,False,,
cmt_education_040_0004_r01,education_040,Đặng Thị Bắc thi nhau học ai làm tướng,rác,True,,
cmt_education_014_0004,education_014,Kỉ luật là chính xác.,tiêu cực,False,,
cmt_education_011_0355,education_011,Kệ đã có pháp luật,trung lập,False,,
cmt_education_018_0089,education_018,"Cách đây 14 năm mình học trung cấp Hà Nội có 1 bài thuyết trình đạt điểm tuyệt đối, thu gọn những cơ sở hoạt động nhỏ lẻ,  bỏ không hoạt động kém phục vụ xây trường học",trung lập,False,,
cmt_education_014_0013,education_014,To gan,rác,True,,
cmt_education_011_0342,education_011,Thầy vất vả quá :)),tích cực,False,,
cmt_education_038_0034,education_038,Dậy tiếng anh mà cả hơn 10 năm nay học hết 12 vẫn như mù tiếng anh,tiêu cực,False,,
cmt_education_020_0024,education_020,Giờ thi xong rồi báo cáo cũng chỉ để rút kinh nghiệm sang năm cho các con 2k8 đỡ vất vả thương các con 2k7,trung lập,False,,
cmt_education007_0019_r01,education_007,Phượng Hồng Triệu vấn đề là nhiều ô có bằng tiến sĩ mà không biết khám cho bệnh nhân vì chỉ biết có mỗi lý thuyết.,tiêu cực,False,,
cmt_education_040_0046,education_040,đã quá bộ ơi,rác,True,,
cmt_education_011_0042,education_011,Lương Hồng Lụa có phải ở mình ko,rác,True,,
cmt_education007_0004_r04,education_007,"Minh Lê có bạn gì, tốt nghiệp đại học cái là học thẳng tiến sỹ kìa",trung lập,False,,
cmt_education015_0001_r01,education_015,Tuyền Văn Hóa tuyệt!,tiêu cực,False,,
cmt_education020_0056_r01,education_020,Đại Lâm Mộc cái này đúng nè cần ra đề cho chúng nói thật làm thật và có tâm nữa,tích cực,False,,
cmt_education_010_0018,education_010,Chắc khầy này dậy nhầm trường rồi,tiêu cực,False,,
cmt_education_011_0410,education_011,Còn mấy người hụ nữ thì chắc ko phải là nam rồi,trung lập,False,,
cmt_education_019_0006,education_019,học sinh nhầm thì có được sửa không?,ý kiến riêng,False,,
cmt_education009_0035_r04,education_009,"Ờ chuẩn. Mình hồi học lớp 6 bị cô đánh vì không học bài cũ. Cay cú quá xuống chỗ giữ xe xịt lốp xe cô, gần 1 tháng đó ngày nào cô cũng đẩy bộ sml. Giờ nghĩ lại thấy tội lỗi vcl",ý kiến riêng,False,,
cmt_education_017_0252,education_017,các ong to k có việc làm thì nghĩ cái gì hay hơn chút đi,tiêu cực,False,,
cmt_education020_0007_r08,education_020,Meo Meo Đề thi tiếng Anh không phấn hoá tốt đâu.,tiêu cực,False,,
cmt_education_011_0438,education_011,Đừng tẩy não chúng tôi,trung lập,False,,
cmt_education_038_0042,education_038,Rất nhiều giáo viên tiếng Anh nói tiếng Anh nghe như tiếng Việt.,tiêu cực,False,,
cmt_education_037_0044,education_037,Nên bỏ,tích cực,False,,
cmt_education_038_0114,education_038,Tuyệt vời,tích cực,False,,
cmt_education_020_0265,education_020,Học thật thi ngã ra đất,tiêu cực,False,,
cmt_education_016_0073,education_016,"Con mình năm kia thi, cũng đỗ ở nv thứ 16. Nên tăng số lượng nv để phụ huynh và các cháu không phải khổ sở, đau đầu cân nhắc nv",tích cực,False,,
cmt_education005_0037_r02,education_005,"Dung Buitrong chắc v mới bị ghét bị đì,chứ k có lý do j mà làm v đc,",ý kiến riêng,False,,
cmt_education_005_0114,education_005,Thường thì nag điểm lên để có thanh tích chứ sao lại dim ta 🤣,tiêu cực,False,,
cmt_education_017_0194,education_017,Để sang 2028 đc ko,trung lập,False,,
cmt_education017_0007_r05,education_017,Huyền Huyền Xài mạng nội bộ chứ :))),rác,True,,
cmt_education004_0011_r01,education_004,"Thu Phạm bọn gừng sĩ ăn chặn tiền từ thiện mới nhiều mà không thấy điều tra, toàn làm ba cái vụ cỏn con không à",tiêu cực,False,,
cmt_education_040_0157,education_040,Trương Trúc mấy năm sau sp tin điểm chuẩn tăng cao,trung lập,False,,
cmt_education_007_0343,education_007,"Ở hầu hết mọi nước trên thế giới, muốn hành nghề bác sĩ, phải có bằng tiến sĩ y khoa và thời gian học đại học phải 9-10 năm cho bác sĩ gia đình, 13-15 năm cho bác sĩ chuyên khoa.

Lấy thí dụ như ở Mỹ, chương trình học phải qua 3 giai đoạn. Giai đoạn 1 : 4 năm dể có Bachelor of sciences rồi qua một thi test để được một trường y khoa nào nhận. Giai đoạn 2: 4 năm học lâm sàng để được MD, tiến sĩ y khoa. Giai đoạn 3: từ 3 năm làm Residency để thành bác sĩ tổng quát gia đình cho đến 5-7 năm làm fellow nếu muốn làm bác sĩ chuyên khoa.

Ở Pháp : sau 6 năm học giai đoạn 1 và giai đoạn 2, phải qua một kỳ thi xếp hạng để được vào giai đoạn 3 là giai đoạn nội trú kéo dài từ 3 năm ( bác sĩ tổng quát ) cho tới 4-5 năm nếu muốn hành nghề chuyên khoa. Trong thời gian nội trú, cũng vẫn chỉ là sinh viên và chỉ thành bác sĩ sau khi bảo vệ thành công một luận án y khoa.

Nói tóm lại thời gian học để được hành nghề bác sĩ ở những nước này cũng phải từ 9 đến 11-12 năm. Nhưng khi đã dược nhận làm residency hay làm nội trú một  bệnh viện  có quy ước đại học thì được coi là nhân viên của bệnh viện và được ăn lương.

Bằng cấp y khoa VN,muốn dược coi tương dương với những nước khác, cũng phải coi nội trú bác sĩ là phần học, thi,  bắt buộc trong chương trình đào tạo bác  sĩ từ 6 năm thành 9 năm và ""bác sĩ "" đồng nghĩa với ""tiến sĩ""

Tất nhiên là muốn theo đuổi ngành nghiên cứu hay dậy học trong y khoa, cần phải thêm những bằng cấp khác, như bằng tiến sĩ khoa học ( Ph. D) chẳng hạn và các công trình khảo cứu cũng như các công bố trong các tạp chí y khoa hay khoa học",trung lập,False,,
cmt_education_040_0031,education_040,"Dự bị đại học là một chương trình đào tạo đặc biệt dành cho học sinh (thường là người dân tộc thiểu số, vùng sâu, vùng xa, hoặc diện chính sách) trước khi chính thức bước vào học đại học",trung lập,False,,
cmt_education018_0067_r01,education_018,DelightfulGrape4998 đi mạnh luôn chứ,trung lập,False,,
cmt_education017_0048_r03,education_017,Tâm Nè vd no biết  truot mon nay thi dong luc đâu on thi mon khac tiep ha mấy người  dau  phai ai cung học gioi het  cai gi cung co cai loi cai hai,trung lập,False,,
cmt_education007_0058_r02,education_007,Mẹ Cua chời...15 điểm đậu bs là chết cho bn....,tiêu cực,False,,
cmt_education017_0005_r04,education_017,Hoag Maai Duyenn ê:)),trung lập,False,,
cmt_education_040_0206,education_040,Sam Project - Microsoft Excel: https://www.youtube.com/playlist?list=PLK7zW26pwiHdsiPelZ1_ONmBAYAAxBSx2,rác,True,,
cmt_education020_0007_r07,education_020,"Đặng Thư Học lên thì lại càng không cần lăng tăng, muốn học đại học mà không làm đủ 5 để tốt nghiệp thì học đại học làm gì ? Mà khi điểm thi đã hơn 5 thì lại phần việc phân hóa, nó chẳng liên quan đến đề dễ hay khó mà liên quan đến việc điểm của bạn hơn được bao nhiêu đối thủ ?",trung lập,False,,
cmt_education_018_0285,education_018,Hiền Thục nhà tôi haha,rác,True,,
cmt_education_011_0560,education_011,Khốn nạn nhất những thể loại này,tiêu cực,False,,
cmt_education_040_0105,education_040,Quá tuyet vời,tích cực,False,,
cmt_education_037_0114,education_037,Đồng ý ạ🫶,tích cực,False,,
cmt_education_040_0025,education_040,"Dạ làm ngay đi ạ....chuyển đổi số, nhân lực số, công dân số theo NQ 57 có hình thành k đều nhờ cả vào Bộ GD ạ",tích cực,False,,
cmt_education_018_0048,education_018,ĐH thành chung cư cao cấp,trung lập,False,,
cmt_education_011_0534,education_011,Thày ông nội đạo đức suy đồi,tiêu cực,False,,
cmt_education_009_0192,education_009,"Chị ơi nếu bé 8 tuổi nhà em hỏi nói tục là nói những lời như thế nào thì trả lời sao hả chị, em chỉ nói là nói những lời khó nghe, chửi má, mẹ, đù, ... nhưng có vẻ bé không hiểu lắm và nói từ má, mẹ là bình thường mà Mẹ. Em có nên nói cho bé cụ thể những từ được cho là chửi thề để con biết không chị. Cảm ơn chi Thu Ha",trung lập,False,,
cmt_education_011_0053,education_011,"Nửa chữ cũng là thầy
Nữ chửa cũng là thầy 😅",tiêu cực,False,,
cmt_education_011_0553,education_011,Cũng tại nhiều phụ nữ này thích cái kiểu ko chuẩn mực này mà. Lãnh đạo có ép đâu nhỉ,trung lập,False,,
cmt_education_018_0062,education_018,Sao ko di dời những trường diện tích lớn đi vì những trường đó đi thì mới có nhiều diện tích và cũng sẽ bớt được nhiều sinh viên chứ mấy trường nhỏ thì nhằm nhò gì.,trung lập,False,,
cmt_education020_0004_r28,education_020,Quân Cơ  thật đúng.,tiêu cực,False,,
cmt_education011_0019_r07,education_011,"Phan Đạt bạn nói mới để ý là còn một lý do nữa, đó là mấy người lắp cam cũng có một vài trường hợp xấu tính vẫn giữ quyền để truy cập vào cam mà họ lắp",ý kiến riêng,False,,
cmt_education018_0014_r07,education_018,Vành đai 4 đang làm. Cbi các tuyến metro rồi b khỏi lo. Các bác trên kia tính trước bạn 100 năm rồi kia kìa.,tích cực,False,,
cmt_education017_0010_r09,education_017,"Lpczo OnlyFlans cái đó mình biết, nhưng thực hiện nó cho THPT thì có đủ tài lực để triển khai ko, tại vì mấy ngàn thí sinh phải thi trong cùng 1 thời điểm thì ko phải dễ để làm á",rác,True,,
cmt_education007_0007_r08,education_007,"Bụi Trần hiện tại theo như mình biết thì hình như chỉ có Vn và pháp nhé! bạn nhìn sang cả mấy nc châu á Hàn Quốc, Trung Quốc, Nhật ko có mô hình đạo tạo giống VN, ngay cả Đông Nam Á, Thái Lan, Sin nhé! nếu có gì sai có nc nào nữa các bạn nói mình nghe vs nhé! hiểu biết hơi hạn chế mọi ng thông cảm",tiêu cực,False,,
cmt_education_017_0629,education_017,"Nhìn máy đau hết cả đầu, ko check lại một cách hiệu quả đc, nhận điểm ngay thì lại ảnh hưởng môn sau nếu điểm không mong muốn. Biết là tiết kiệm nma có thật sự cần thiết cho học sinh?",tiêu cực,False,,
cmt_education_007_0105,education_007,Nghề cai quý là cứu người mà sao ….,tích cực,False,,
cmt_education_011_0002,education_011,Hồi đầu mới ra trường đi thử việc ở cty tư nhân t cũng bị ông giám đốc gạ như v nè. Lúc đầu ông nt yêu cầu vô phòng giám đốc trao đổi cv t cũng ko nghĩ gì nhiều đi vô. Ông kêu giờ em muốn nhận làm nhân viên chính thức ko hoặc có thể là thư ký của anh lương cao nhàn là t thấy mùi rồi xong ổng đi gần tới t kêu nhìn e vừa giỏi vừa xinh mà tay thì để trên vai t má t sợ chạy thẳng ra ngoài xin nghỉ luôn,trung lập,False,,
cmt_education_037_0075,education_037,Kệ đi. Cứ vào học rồi biết đá biết vàng! Các trường sẽ tự cân nhắc hình thức xét tuyển phù hợp.,trung lập,False,,
cmt_education011_0002_r01,education_011,Đỗ Ngọc Huyền vậy là mắt ổng có vấn đề rồi đó😬😬😬,trung lập,False,,
cmt_education_038_0054,education_038,Được vậy thì tốt  quá,tích cực,False,,
cmt_education018_0011_r04,education_018,"Tiệm Tháng Năm sinh viên thì ở đâu trọ ở đấy cũng được, còn giáo viên có gia đình rồi thì nan giải lắm",trung lập,False,,
cmt_education_004_0155,education_004,"Khổ nhất bây giờ là biên kịch của Nhìn lại 2025 và Táo Quân 2026 😆
Có khi mai định nộp bản final cho sếp thì tối về thấy cái drama to đùng trên mxh 😆",trung lập,False,,
cmt_education_004_0123,education_004,"chả hiểu các ông nghĩ gì nữa ăn bất chấp, ăn thì cũng kín đáo tí ông ăn của cả mấy trăm sinh viên sao lại chả bị các chú công an hỏi thăm",tiêu cực,False,,
cmt_education_018_0238,education_018,"Có cái thuốc lá thăng long hôm nào cũng cho cả khu vực xung quanh được hít .. mà hàng chục mới di dời được ., ý tưởng còn xa vời lắm thực tế lắm",trung lập,False,,
cmt_education_037_0198,education_037,Ủng hộ. Đây là lý do dẫn đến việc cố làm đẹp học bạ,tích cực,False,,
cmt_education_018_0055,education_018,Về bớt Hải Phòng đi các ông ơi,trung lập,False,,
cmt_education_037_0314,education_037,Hoang Duy Nam Phương t bị hên á,rác,True,,
cmt_education017_0006_r19,education_017,"Lý Thảo Lỗi hay không là ở con người, xem ngân hàng và bệnh viện họ làm việc chưa mà nói nghẽn với rớt.",trung lập,False,,
cmt_education_009_0183,education_009,Đúng là bây giờ e đang phải học cách dạy cho con mình nói không đúng lúc. Quá khó với thực tế hiện nay. Hoang mang quá c ơi,trung lập,False,,
cmt_education018_0060_r10,education_018,Hoàng Hải CSC vô nói gì đi cho thằng e k68 nó tỉnh,trung lập,False,,
cmt_education_040_0168,education_040,Cho Lii Be ôi zồi ôi,rác,True,,
cmt_education_037_0149,education_037,Nên kết hợp cả 2 là tốt nhất vay là o sợ hoc tài thi phận cũng o sợ lo lót để hoc bạ đẹp giả sử chọn học bạ thì tối đa diểm thi phải bao nhiu,ý kiến riêng,False,,
cmt_education018_0061_r03,education_018,no money no ve que Nguyễn Thu Hiền,trung lập,False,,
cmt_education_017_0037,education_017,Ái chà 2k9 chuột bạch à>:),trung lập,False,,
cmt_education_017_0002,education_017,"Thứ trưởng Phạm Ngọc Thưởng khẳng định: Trước mắt, thi tốt nghiệp trên máy tính chỉ thí điểm tại một số nơi đủ điều kiện từ năm 2027. Mục tiêu là sau năm 2030 có thể mở rộng trên phạm vi toàn quốc"".

Từ năm 2027 cơ mà các bạn yên tâm! 👇",trung lập,False,,
cmt_education_037_0155,education_037,"Ở trường đã học ảo rồi, không thi tuyển xem như xong luôn 🙄 cho đề có tí xíu độ khó chiếm khoảng 2đ đổ lại là la làng um sùm, và năm nào cũng than khó thì đủ hiểu tương lai VN 😉 .....=> đào tạo ra một thế hệ với bộ não vẹt 😉 .....🙄😉 thế hệ tương lai dễ bảo, dễ dẫn dắt, dễ ma mị, ....vui nhen 😉",tiêu cực,False,,
cmt_education_004_0029,education_004,Chúc mừng những con mọt đã quay vào ô bóc lịch,rác,True,,
cmt_education007_0046_r02,education_007,Ngoan Nguyen học thuật hay nghiên cứu? lâm sàng không tính là có học chắc,tiêu cực,False,,
cmt_education_018_0052,education_018,Nên vậy lâu rồi.,trung lập,False,,
cmt_education_040_0188_r01,education_040,"Ng Van Hoa ngon,tương lai trường có thể có lớp tin luôn bạn hoa👽",tích cực,False,,
cmt_education_020_0253,education_020,"Một nhóm người khác mà t quan tâm là mấy đứa cứ ""cao khảo bên Trung ngập tràn thanh xuân trên tóp tóp"" thi thế nào rồi, có lên than không, bên Trung nó phải làm bộ đề này ít cũng khó gấp đôi, những lúc như này mong mấy đứa cũng ra than sao đề không khó bằng bên Trung ghê =))",trung lập,False,,
cmt_education_009_0128,education_009,Nỗi ám ảnh của những người làm gd!,trung lập,False,,
cmt_education017_0021_r04,education_017,Mai Duc Thanh  biết luôn kqua thì có sao đâu,rác,True,,
cmt_education_009_0137,education_009,"Đồng ý quan điểm của chị. Con bé  nhà em ở nhà rất hay bị người lớn mắng là láo toét vì hay phản biện lại ý kiến của người lớn, hay nêu ra ý kiến của mình mà không đúng ý người lớn.... cái đạo lý ""con ngoan là phải nghe lời người lớn"" nó đã ăn sâu vào từng tế bào ( chính là các gia đình) của xã hội VN này rồi chị ạ 🙁",tích cực,False,,
cmt_education020_0006_r11,education_020,Đồ Gỗ Tràng An chương trình tiếng Anh nào mà 3 năm vậy ông thần?,tiêu cực,False,,
cmt_education_009_0053,education_009,Cô vẫn may lắm. Chứ quả combat cuối mà nó rơi răng ra là cô mệt thật sự luôn đấy.,trung lập,False,,
cmt_education_040_0173,education_040,Dự bị vẫn học tin học trước giờ mà,trung lập,False,,
cmt_education011_0002_r08,education_011,Thiên Nhiên ủa sao chửi ổng..mấy bà kia tự tìm đến hang mà,trung lập,False,,
cmt_education_015_0073,education_015,Tưởng trường đại học fulbright giải thể thì mới mừng chứ.,rác,True,,
cmt_education_007_0290,education_007,"Bên Mỹ, ko phải học xong trường y 4 năm là có 2 đường. 100% phải vô nội trú (ít nhất 3 năm tuỳ chuyên khoa, đi làm có lương), xong nội trú mới đc làm lâm sàng độc lập. Muốn làm BS gia đình cũng phải xong nội trú 3 năm trước đã. 
MD: bằng lâm sàng cao nhất, đào tạo khám chữa bệnh. PhD: bằng nghiên cứu, không được hành nghề khám bệnh
MD vẫn có thể làm nghiên cứu, nhưng PhD không được đụng đến bệnh nhân trừ khi có giấy phép khác.

Bên VN hiện nay, học xong trường Y 6 năm là bằng M.D rồi.",trung lập,False,,
cmt_education015_0006_r01,education_015,Tuan Trinh Dinh sao nó chính trị mà nó... Như EU bây h v hề hề,trung lập,False,,
cmt_education_038_0100,education_038,Thích gì nói nấy..,trung lập,False,,
cmt_education_002_0021,education_002,Bài viết hay,tích cực,False,,
cmt_education005_0017_r01,education_005,k phát hiện thì thêm chứ k bớt,tiêu cực,False,,
cmt_education_020_0151,education_020,"Học thật thi thật thì ai cũng ủng hộ, nhưng mà hy vọng đề ko phải kiểu học 1 thi 10, học 1 đằng thi 1 nẻo thì tội các cháu quá...",ý kiến riêng,False,,
cmt_education_011_0588,education_011,Chu tich nay chan com chan ca pho .muon an dao roi,tiêu cực,False,,
cmt_education_009_0017,education_009,nếu là t thì ăn cái thứ 231 của bà cô là t tắt bà lại 2 phát thật mạnh và nói cô tát nhẹ quá nên em tắt lại gấp đôi =)))),tiêu cực,False,,
cmt_education_007_0359,education_007,Đi trị bệnh chuyên khoa khám bs CK2 yên tâm hơn chứ. Dù CK1 cũng tốt.,tích cực,False,,
cmt_education_037_0005_r01,education_037,Thu Huong chuẩn,rác,True,,
cmt_education_011_0431,education_011,Chắp tay sau lưng gọi em là học trò rúc đầu xuống húp sò gọi học trò là em,tiêu cực,False,,
cmt_education015_0001_r10,education_015,Quyết định đúng đắn.rất ủng hộ TP Hồ Chí Minh.,tích cực,False,,
cmt_education_020_0220,education_020,Bô giáo duc nên xem xét lại ko tội cho các chau2k7 học chương trình mơi mà đề lai ra kho nựa 12 năm ăn học mà ko co trong sách giáo khoa rành tội,tiêu cực,False,,
cmt_education_005_0153,education_005,Tại ko đi học thêm cô nên vậy đó,trung lập,False,,
cmt_education_007_0331,education_007,Chuẩn rồi,tích cực,False,,
cmt_education_007_0083,education_007,"Chuyên ngành thì đòi hỏi phải chuyên sâu, đi học thì người ta 4 năm còn bác sĩ thì hẳn 6 năm. Đã là tốt nghiệp đại học rồi thì sau đại học là phải tính đến tiến hĩ và háo hư. Lương với chế độ thì chả được đãi ngộ hơn, đầu vào, đầu ra đều khó lại còn cứ đòi hỏi phải bác sĩ giỏi, phải chuyên khoa nọ kia. Cứ nhắc đến mấy cái ông dục là lại sôi máu.",trung lập,False,,
cmt_education_009_0156,education_009,"Năm lớp 3, khi gvcn cho cả lớp tự học, rồi cô ra ngoài hành lang nói chuyện điện thoại, năm đó em làm lớp trưởng. Em khẳng định là lớp rất im lặng vì lớp rất sợ cô, cô rất dữ. Ấy vậy mà khi cô vào lớp với gương mặt sa sầm, cô nạt nộ rằng lớp trưởng làm gì ""vô trách nhiệm"" quá. Cô kéo em lên bục giảng,nằm lên đấy, dùng thước quất vào mông em nhiều lần trước mặt tất cả các bạn trong lớp mà không có một lí do rõ ràng nào. Cho đến tận bây giờ, em vẫn không biết ""vô trách nhiệm"" trong lời cô là như thế nào, phải chăng có một chuyện gì đó em không biết, mà cô xem em là ""cái thớt"" để trút giận?",trung lập,False,,
cmt_education004_0004_r01,education_004,Lê Vân đọc cmt tý cười phụt cơm,rác,True,,
cmt_education018_0010_r05,education_018,Trọng Minh sinh viên thì phải bỏ chi phí quá đắt đỏ. Riêng tiền thuê nhà trọ đã mấy triệu 1 tháng rồi.,trung lập,False,,
cmt_education_017_0465,education_017,Không má,rác,True,,
cmt_education_017_0455,education_017,Cấp cứu chực sẵn lun,tiêu cực,False,,
cmt_education005_0017_r01,education_005,Bang Tran ko may thôi,tiêu cực,False,,
cmt_education020_0002_r18,education_020,"Hào Le bạn chưa biết thực tế hiện nay nhiều trường Đại học đã tổ chức thi và tuyển sinh qua các kỳ thi đánh giá năng lực, kỳ thi đánh giá tư duy đấy thôi. Kỳ thi đánh giá năng lực và kỳ thi đánh giá tư duy chính là đề riêng của các trường đại học.",tiêu cực,False,,
cmt_education_016_0033,education_016,Bộ gd nên tăng thêm nguyện vọng để nhiều em có cơ hội hơn .,tích cực,False,,
cmt_education_007_0120,education_007,"Thực ra thì ý kiến này thấy đúng mà, còn vụ ck 3 nào đã rõ ràng đâu. BGD khi nào ôm ck 3 về thì cx phải ôm ck 1 với ck 2 về thôi. Với cả khi đã đổi sang ngang giống bgd thì sau đào tạo ck cũng khắt khe hơn nhiều",ý kiến riêng,False,,
cmt_education018_0060_r33,education_018,Sinh viên năm 4 real thì dr địt mẹ trg nm sợ đ dám trượt môn,trung lập,False,,
cmt_education_040_0194,education_040,Ng Thuy Trang😂😂😂,rác,True,,
cmt_education_007_0220,education_007,"""Tôi vẫn giữ quan điểm hai hệ thống đào tạo cần được rõ ràng. Nếu lấy yêu cầu đặc thù của một ngành để điều chỉnh cho khung chung, điều đó có thể làm phá vỡ hệ thống giáo dục.

Nghề nào cũng rất cao quý. Không bao giờ nói bác sĩ chuyên khoa II không giỏi bằng tiến sĩ. Nhưng về chính sách, hoàn toàn có quy định bác sĩ chuyên khoa II được hưởng chính sách như tiến sĩ"" - ông Vinh nói và nhấn mạnh quan điểm, không thể xếp bác sĩ chuyên khoa I, II là tiến sĩ.

https://laodong.vn/thoi-su/nganh-giao-duc-giu-quan-diem-khong-xep-bac-si-noi-tru-chuyen-khoa-tuong-duong-thac-si-1620068.ldo?fbclid=IwRlRTSAOeaaxleHRuA2FlbQIxMQBzcnRjBmFwcF9pZAo2NjI4NTY4Mzc5AAEeTZH1RDuyPw-IFlZnvJoklpX3eSEUJ9Egwpj5OE3wv_-fImvFY2_9mv0VlkE_aem_L5CXs27SQ51RB02HBDghIw",rác,True,,
cmt_education_037_0055,education_037,"Xét tuyển học bạ ko công bằng cho các em nhà ko đủ điều kiện học thêm, có những em học thêm thì lúc nào cũng đạt điểm cao, nhg những em ko học thêm dù nổ lực thế nào điểm cũng ko đc cao.
Nếu các giáo viên các trường đều công bằng, chân tâm trong sáng thì xét tuyển học bạ là điều tốt cho các em. Nhg ở xã hội này ko có 2 chữ công bằng
Vì vậy tôi mong muốn vẫn giữ nguyên hình thức thi xét tuyển như ban đầu.",tiêu cực,False,,
cmt_education_007_0036,education_007,K chơi với khầy chuyên khoa 3 hahaha,trung lập,False,,
cmt_education011_0008_r06,education_011,"Hà Đào giáo viên cũng ở thế tiến thoái lưỡng nan. Vì miếng cơm manh áo của gia đình, vì sự đề bạt lên chức, mà phải hy sinh lấy Lỗ làm Lãi.",ý kiến riêng,False,,
cmt_education020_0006_r06,education_020,Hồng Giang nhà tui cũng A01,tiêu cực,False,,
cmt_education_040_0009,education_040,"nên tăng thời lượng môn Tin học cấp tiểu học 1 tiết lên 2 tiết ạ, phòng máy tính ở các trường tiểu học hầu như không đủ cho mỗi em 1 máy mà phải học chung, thời lượng 1 tiết/ tuần quá ít ạ",ý kiến riêng,False,,
cmt_education007_0026_r05,education_007,Lâm Lệ Quyên mời bạn ra Bắc nhé,rác,True,,
cmt_education018_0024_r01,education_018,ProficientPomelo932 cho nó nổ tung hết mấy cái cơ sở,trung lập,False,,
cmt_education_017_0534,education_017,Má thi mà tốn thí sinh quá v,tiêu cực,False,,
cmt_education_011_0459,education_011,Chắc cơm không lành canh không ngọt nên nảy sinh... chứ gần cả năm nay rồi,ý kiến riêng,False,,
cmt_education007_0004_r18,education_007,Cuc Thu Bác sĩ..chỉ là cái đầu khoa học..làm nghề y thiếu dụng cụ sẽ gặp khó khăn..tôi là quân y sĩ của tiểu đoàn 1 thuộc trung đoàn 8 sư đoàn 339 ở Campuchia..khôtng có ống nghe..máy đo huyết áp..thế là làm thầy thuốc mò để chẩn đoán bệnh,trung lập,False,,
cmt_education_007_0269,education_007,"Ui, bộ giáo dục à?",rác,True,,
cmt_education017_0069_r01,education_017,Giakiet La dr thi 9 lên 10 đề khó lại lấy điểm cao ngất tội các con 2k9,tiêu cực,False,,
cmt_education007_0001_r07,education_007,"Tu Nguyenbs, ds ở mỹ là tiến sỹ không phải là cử nhân như ở vn",trung lập,False,,
cmt_education_016_0008,education_016,Đề nghị Bộ nên tăng thêm số nguyện vọng cho ngành sư pham để cho những em có mong muốn làm gvien đc vào các trường sp. Nên chăng k qui định số nv đối với ngành sư phạm như các ngành khác. Mấy năm nay không qui định số nv đối với ngành sp thì cong tác tuyển sinh đối với ngành sp vẫn tốt,trung lập,False,,
cmt_education009_0081_r08,education_009,ko có chút ấn tượng nào đọng lại :)),rác,True,,
cmt_education_040_0106,education_040,Ối zồi ôi trình là gì .Cđ cách đây 3 tuần trc bàn bạc tổ hợp né tin ...,trung lập,False,,
cmt_education_018_0230,education_018,"Di đi một xây cc dân số tăng lên mười thì khốn khổ mảnh đất vàng vào lợi ích nhóm ư ???
Triển lãm giảng Võ là một điển hình",trung lập,False,,
cmt_education_007_0300,education_007,"Chỉ ng trong ngành y hiểu rõ thế nào là bsnt , ck1 và 2 hay ths , ts y khoa . Năng lực thực hành của các bs mang các danh xưng đó . Nếu là bệnh nhân , tốt nhất hãy tìm đến các bs nt rồi sau mới đến các bs ck. Bsnt là tinh hoa trong ngành y, cả khoá đào tạo chỉ vài ng thật giỏi mới thi đỗ đc học bsnt",trung lập,False,,
cmt_education016_0037_r01,education_016,"Duyen Nguyen
Ở đây quy định trong tổ hợp 3 môn phải có Toán hoặc Văn, do đó 2 môn còn lại là môn khác. 
Và tổng số 3 môn phải đạt 1/3 tổng số điềm theo mức thang 30, như vậy em phải đạt tối thiểu 10₫ mới dc xét tuyển vào ĐH.",trung lập,False,,
cmt_education_020_0255,education_020,"Trc giờ SGK là giả, ctrinh là giả nên HS học giả Dữ",tiêu cực,False,,
cmt_education009_0011_r08,education_009,"Van Anh Truc từ khi trước khi có con bạn đã có suy nghĩ không thể có chuyện ""Trăm sự nhờ thầy cô"" được. 1 ba 1 mẹ chăm 1-2 con nhiều khi còn bất lực, bó tay huống chi 1 thầy/cô chăm lo cho cả đàn con. Ba mẹ dạy con sống đúng với lòng mình, không ngại chống lại cái sai, không cần xin điểm hay nhờ vả thầy cô thì con mới nên người. Bạn Trang còn có tư tưởng chống thầy cô, chống lớp trưởng từ lớp 1 cơ. 😂🤣",trung lập,False,,
cmt_education020_0010_r14,education_020,"Vũ Mạnh Thắng riêng đọc lướt đề tiếng Anh đã mất 15ph rồi, bộ phận kiểm duyệt quá kém!",tiêu cực,False,,
cmt_education_020_0170,education_020,Có nhiều thang thường đi hỏi người giỏi những gì mình ko biết để học hỏi và tìm cách đối phó,tích cực,False,,
cmt_education_009_0281,education_009,Thương cháu quá gặp phải cô giáo côn đồ mất tư cách đạo đức,tiêu cực,False,,
cmt_education_009_0190,education_009,E vừa bắt chước mẹ Hà hỏi con gái em và bạn ấy trả lời y như Sim và còn bảo là con sẽ bảo cô là việc đó ko đáng và cần bảo ban bạn ấy chứ ko phải đánh như vậy 😍,trung lập,False,,
cmt_education_002_0014,education_002,Dao Qtruowg,rác,True,,
cmt_education_009_0158,education_009,Bài viết nào của chị cũng hay và rất đáng để mọi người cùng nhìn nhận lại và học hỏi.,rác,True,,
cmt_education017_0049_r02,education_017,"Xuyên không về trước ngày thi, tôi cài virus vào máy đối thủ =)",tiêu cực,False,,
cmt_education_017_0387,education_017,"Đánh lô đề cũng phải chờ sau 18h30, h oánh cái có kết quả luôn mất hết hứng thú hồi hộp",trung lập,False,,
cmt_education_017_0142,education_017,viết văn cũng bấm máy hả:))),trung lập,False,,
cmt_education_039_0001_r11,education_039,"Ngoc Thyy lượng truy cập nhiều nên nó bị vậy, em cứ lên trg làm thủ tục nhập học bth đi, thắc mắc gì thì lên trg hỏi luôn. Nhiều bạn đc giải quyết rồi đấy",tích cực,False,,
cmt_education004_0001_r43,education_004,"Một  cá nhân  ai dám  đứng  lên  tổ  cáo  ,tổ  cáo  rồi  nhiều  hệ  lụy",trung lập,False,,
cmt_education_011_0049,education_011,ở trường nào thế,trung lập,False,,
cmt_education_011_0077,education_011,Chơi gái thì nhanh,rác,True,,
cmt_education_011_0133,education_011,"Mỗi ngày một cô,thằng này quá giàu",tiêu cực,False,,
cmt_education_018_0013,education_018,Triển khai ngay cho tui,tích cực,False,,
cmt_education011_0061_r01,education_011,Hung Nguyen ngày xưa bác chăm học thì giờ làm hiệu trưởng rồi.,trung lập,False,,
cmt_education_020_0012,education_020,"Đè dài như tờ sớ của thầy cùng , đọc song đề thì hết giờ ,, thương cho 2k7 HS cấp 2 covit ,, cấp 3 thay đổi sách giáo khoa liên tục , cuối cấp cầm học thêm hết tuổi HS , miễn học phí ,, đề thi tnttpt thì ko nằm trong sách giáo khoa , để trên trời rơi xuống ,, khổ thân các con bn đèn sách học tập áp lực vô cùng",tiêu cực,False,,
cmt_education_005_0242,education_005,Diễm Hương nhớ cái gi kh ?,rác,True,,
cmt_education007_0043_r04,education_007,"Binh Minhh ko biết cũng phán cho đc, ths học lý thuyết và thực hành chuyên môn tương đương như ck1, khác ck1 là ths nhiều hơn ck1 môn cơ sở và phải thêm đề tài nghiên cứu :))",trung lập,False,,
cmt_education_007_0001,education_007,https://vnexpress.net/tranh-luan-viec-xep-bac-si-noi-tru-chuyen-khoa-i-tuong-duong-thac-si-4972478.html,rác,True,,
cmt_education_004_0036,education_004,Tưởng chỉ nhầm thôi :)),trung lập,False,,
cmt_education_037_0329,education_037,Mỹ Trân =)),rác,True,,
cmt_education018_0003_r01,education_018,"Nguyễn Thùy thôi. Đừng về đó rồi lại loạn, đang yên bình.",trung lập,False,,
cmt_education_002_0052,education_002,"Mời xem toàn văn dự thảo và góp ý theo email tại diễn đàn Xây dựng chính sách, pháp luật",trung lập,False,,
cmt_education018_0011_r03,education_018,"Nguyễn Thành Long không những SV nội đô mà cả giáo viên nữa ạ, kẹt xe vẫn cứ kẹt xe",trung lập,False,,
cmt_education_017_0511,education_017,"Mỗi lần mạng kém vì quá tải, thi xong không nộp đc bài vì mạng quay vòng vòng thì còn áp lực gấp ngàn lần kkkkk",tiêu cực,False,,
cmt_education007_0005_r02,education_007,Thao Trinh Chưa nói học ck2 chưa bao giờ không tốt nghiệp. Còn học ncs thì chưa chắc đã về đc đích. câu này quá chính xác,trung lập,False,,
cmt_education_018_0283,education_018,Ngày ấy tui đi từ Hà Đông sang Xuân Thủy rồi quay về Nguyễn Trãi đã mợt rồi.,trung lập,False,,
cmt_education_011_0184,education_011,"Bình thường, vì hai người đã tuổi trưởng thành",trung lập,False,,
cmt_education_020_0070,education_020,Chỉ khổ cho các con . áp lực từ mọi phía.tom lại rất bức xúc về đề thi,tiêu cực,False,,
cmt_education_007_0297,education_007,"Tóm lại tôi thấy ở Việt nam BS nội trú chuyên ngành là tin tưởng nhất 
Vì được chọn từ BS loại giỏi , lại được thực hành và kèm cặp của các chuyên gia đầu ngành, còn BS đa khoa 6 năm chỉ là BS gia đình, muốn nâng tầm phải CK1 , CK 2 học thật làm thật ,mới giỏi được, 
Tóm lại phải Có tay nghề thực hành lâu năm ở 1 chuyên khoa sâu",tích cực,False,,
cmt_education_017_0420,education_017,Thi môn Văn thì thì trên MT kiểu gì nhỉ?,ý kiến riêng,False,,
cmt_education_005_0208,education_005,Khánh Tâm  Học trò học muốn xĩu . làm đúng cô sữa thành sai😑😑😑,tiêu cực,False,,
cmt_education011_0049_r01,education_011,"Chưa nghĩ ra 
hơn chục cô giáo và cả HS mặc đồng phục mà ,cứ cãi, sợ thật, vừa xem bên Tin nóng 24/7",tiêu cực,False,,
cmt_education011_0012_r01,education_011,Nguyễn Thoa chân chuyền của thầy ông nội có khác kkk,rác,True,,
cmt_education_004_0053,education_004,Thối nát từ ngành giáo dục....!,tiêu cực,False,,
cmt_education_040_0170,education_040,Uyên Hoàng Quỳnh Hương sướng chưa,rác,True,,
cmt_education005_0003_r04,education_005,"Lên trường ngay. Cái gì thì gì, đúng thì thôi chứ",trung lập,False,,
cmt_education_015_0074,education_015,"nên dẹp đi cho nó lành , chứ thấy kg ổn chút nào .lành ít dữ nhiều",tích cực,False,,
cmt_education017_0007_r08,education_017,"Lê Gia Hưng b phải xem cơ sở thì là các trường học bt, trường cấp 1, cấp 2, ở quê nữa thì chạy hệ thống mạng tn, đầu tư lúc thì xong, rồi sau lại bỏ đi à, hay cho lớp 1 học máy tính",tiêu cực,False,,
cmt_education_017_0202,education_017,Thi xong chết tại chỗ 💔🥰,rác,True,,
cmt_education004_0001_r17,education_004,“Ưng” chứ sao “ ương”!,rác,True,,
cmt_education018_0003_r02,education_018,"Đoàn Ngọc Ánh chính sách này chỉ có các hàng quán vỉa hè, circle k ở gần khu sinh viên là buồn nhất thôi :v",trung lập,False,,
cmt_education018_0011_r05,education_018,"Gia Khanh ai mượn đi hàng ngày. Giảng viên có thể ở lại kí túc xá mà. Hơn nữa, chỉ vài năm đầu những ông bà già khó thay đổi thôi. Tầm 10 năm trở ra đội ngũ giảng viên mới họ sẽ an cư, mua đất xây nhà gần trường hết. Về lâu dài thì chẳng ai phải đi xa cả",trung lập,False,,
cmt_education_007_0116,education_007,"Thế này các bệnh viện chỉ nên tuyển Bsnt , ck1 , ck 2 vào làm việc thôi . Còn tiến sỹ với thạc sỹ không nên cho làm thực hành vì toàn hổ giấy cả",tiêu cực,False,,
cmt_education018_0003_r15,education_018,Nguyễn Khánh Hồng mục đích là giảm ùn tắc trong nội đô chứ còn gì nữa,trung lập,False,,
cmt_education018_0061_r01,education_018,no money no ve que sắp xây thêm 2 tòa mới mà phải lên vifu thì buồn🗿,trung lập,False,,
cmt_education017_0009_r02,education_017,Binh Nguyen chị đang nói đến đề thi thpt trên giấy hả?,rác,True,,
cmt_education_040_0146,education_040,Còn gì tuyệt vời hơn nhỉ hẹ hẹ,tích cực,False,,
cmt_education_004_0026,education_004,Xin là xin,rác,True,,
cmt_education_020_0178,education_020,Hết cái thời buổi mà giáo viên cấp 3 đứng trên lớp cho vui không dạy chờ phụ huynh giau có và người có mối quan hệ lớn đến nhà chạy học bạ cho con vào đại học ❤️❤️,ý kiến riêng,False,,
cmt_education_037_0002_r31,education_037,"Nguyễn Zen thi nghiêm túc,khách quan là đánh giá công bằng nhất.học bạ là do thầy cô tạo ra sao đảm bảo khách quan.đó con do năng lực thầy cô,vùng miền khác nhau...con hát ,mẹ khen hay.người đã có tri thức,năng lực thực sự thì chấp hết mọi kiểu thi tuyển chỉ yêu cầu đảm bảo khách quan,công bằng.",tiêu cực,False,,
cmt_education_017_0384,education_017,Này là thi xong có kết quả ngay là sẽ có thí sinh xỉu tại chỗ luôn,tiêu cực,False,,
cmt_education_039_0097_r05,education_039,"Mình gọi k được nên mình lên tận trường tìm thầy cô trong trường hỏi, rẹc rẹc xong, đi vìa phẻ re nè bạn",trung lập,False,,
cmt_education_011_0486,education_011,Làm u ô uế  ngành giáo dục,tiêu cực,False,,
cmt_education007_0016_r02,education_007,"Rất đúng! Chỉ có những bs tốt nghiệp đại học loại giỏi, xuất sắc mới có thể đỗ và học được bs nội trú . Còn tiến sĩ, thậm chi có kẻ mới học hết lớp 7 cũng có thể học và được cấp bằng ts xuất sắc ( Vương Tấn Việt)",ý kiến riêng,False,,
cmt_education_007_0207,education_007,"Các anh đi học vì giá trị thật hay háo danh? Nếu kinh tế tư nhân, cách anh thực sự giỏi các anh được trọng dụng. Trừ khi các anh háo danh.",ý kiến riêng,False,,
cmt_education020_0003_r13,education_020,Nhân Si lại 1 con hãm l,tiêu cực,False,,
cmt_education020_0007_r01,education_020,và hsinh việt nam quen làm bài lúc nào cũng 9 10 rồi. nhưng thật ra thì không phải lúc nào cũng cần phải hoàn hảo hết cả. hết sức mình và đủ điểm đậu là được.,trung lập,False,,
cmt_education_039_0089,education_039,Minh Đức m may vc ra,rác,True,,
cmt_education_005_0192,education_005,Não cô có vấn đề ah 😡,tiêu cực,False,,
cmt_education_018_0195,education_018,trường rẻ rách xây dựng về hà nam đi,trung lập,False,,
cmt_education017_0002_r55,education_017,Thùy Vân cuộc chơi là vậy mạnh ở và yếu đi,trung lập,False,,
cmt_education020_0001_r13,education_020,SerenePelican343 thi lại hay thi gì thì cũng đã hơn lũ không học đổ lỗi đề khó tự an ủi bản thân,tiêu cực,False,,
cmt_education_037_0004_r01,education_037,"Phuong Trang đúng luôn, nhìu người thấy mất miếng ngon nên bắt đầu đi nói người khác như hãm hại họ, rõ điểm học bạ là từ trên lớp mỗi trường ra đề mỗi khác, năng lực học sinh mỗi khác đứa dở cho đề dễ nó mới làm được chứ nó giỏi đã đậu trường giỏi rồi. Nói ra nhìu cái sợ nhìu người tự ái á :)))",trung lập,False,,
cmt_education007_0003_r02,education_007,Phạm Tấn ????? Gì mà thạc sỹ là thầy ck1 thế anh. Anh nói rõ hơn cho em hiểu được không anh? Ngu dốt như e chưa hiểu cái ý của anh,tiêu cực,False,,
cmt_education_037_0037,education_037,BGD mời đoàn mình di chuyển về vài thập kỷ trước.,tiêu cực,False,,
cmt_education_009_0214,education_009,"Mình cũng vừa hỏi con, may quá con mình chọn ko tát bạn.",trung lập,False,,
cmt_education018_0054_r01,education_018,Hà Minh Đức chuyển về thái nguyên,rác,True,,
cmt_education_001_0028,education_001,Thật bì ổi😬😬😬,rác,True,,
cmt_education_005_0060,education_005,Hay nhóm hs này không học thêm môn của cô ???,ý kiến riêng,False,,
cmt_education_007_0234,education_007,"Rõ ràng là không tương đương,khác nhau  ngay từ mục tiêu đào tạo, ck1 thiên về lâm sàng, ths thiên về nghiên cứu , giảng dạy. Còn không có ai hơn ai cả. ra làm chuyên môn thì chưa chắc giáo sư đã giỏi lâm sàng hơn ck1 mà cũng chưa chắc ck2 đã giỏi bằng ths.trình độ phụ thuộc vào nỗ lực của từng bs chứ bằng cấp chỉ là điều kiện cần để bs được hành nghề và ngồi vào các vị trí phù hợp..",tiêu cực,False,,
cmt_education015_0014_r01,education_015,Bùi Huyền người khác lên thay không được sao????,tiêu cực,False,,
cmt_education020_0037_r01,education_020,Trần Quang Minh rồi ai cũng phải kiếm gạo bỏ nồi cơm hết ạ kkk,tiêu cực,False,,
cmt_education_011_0097,education_011,Cái gì cũng tăng cũng lên nhưng đạo đức ko tăng cũng ko lên chỉ thấy tuột và suy đồi đạo đức mà thôi chán thiệt hổng muống nói luôn.,tiêu cực,False,,
cmt_education020_0002_r17,education_020,Trần Đông Anh ý kiến của bạn rất đúng mong sao Bộ giáo dục tiếp thu để giảm áp lực cho các cháu.,tích cực,False,,
cmt_education_011_0164,education_011,mỡ treo miệng mèo thì chịu. sao trách thầy này. mí bà kia dễ thì liếm láp chút. k lại bảo đồng bóng. do mấy mệ kia mới đúng.,tiêu cực,False,,
cmt_education007_0001_r04,education_007,"Ý mình là con đường BS gia đình sẽ là một hướng khác, không đi chuyên khoa sâu như các CK khác.",trung lập,False,,
cmt_education_011_0007,education_011,"Biến chất,ko xứng đáng đứng trong hàng ngũ giáo dục, làm bao gia đình tan vỡ.xử nặng vào",tiêu cực,False,,
cmt_education_040_0054,education_040,Tưởng giờ phải phổ cập AI chứ? Giờ vẫn còn phổ cập tin học na?,trung lập,False,,
cmt_education_037_0262,education_037,Còn gì đẹp hơn công bằng hơn khi bỏ học bạ để học sinh và phụ huynh không còn lệ thuôc vào nó nữa mà từ đây phải nỗ lực bằng chính năng lực của mình,tích cực,False,,
cmt_education_010_0002,education_010,Dòng trạng thái được cho là của nữ sinh viên Đại học Vinh viết trên mạng xã hội (Ảnh chụp lại màn hình).,rác,True,,
cmt_education009_0001_r08,education_009,Thu Ha đến giờ mình 40 tuổi rồi mà vẫn sợ bố mẹ khủng khiếp luôn,trung lập,False,,
cmt_education_011_0554,education_011,Người nữ bị xỉu… người nam vội vã bế lên để đưa đi cấp cứu thôi à ☺️🤣🤣,tiêu cực,False,,
cmt_education017_0005_r17,education_017,Lan Anh Nguyễn Phân loại bằng tốt nghiệp cấp 3 loại TB - Khá - Giỏi ah?,trung lập,False,,
cmt_education_011_0333,education_011,Là bị hack cam hay sao anh em,trung lập,False,,
cmt_education020_0014_r01,education_020,Dương Dương trượt thì thi lại cho biết,tiêu cực,False,,
cmt_education020_0004_r17,education_020,"Bobby Bob đơn giản so nội thành với ngoại thành thôi là đã thấy hệ thống giáo dục khác biệt rồi. Tất nhiên, tiền nào của đấy, chi nhiều hơn điều kiện giáo dục tốt hơn là đúng. Nhưng với đề năm nay nếu không cẩn thận, tình trạng phân hoá điểm có thể không chỉ dừng từ 1-2 mà có thể là 3-4 điểm.",trung lập,False,,
cmt_education_017_0405,education_017,Bộ giáo dục mỗi năm 1 bức vẽ,tiêu cực,False,,
cmt_education_011_0396,education_011,trách cả đôi bên .Các bà cũng muốn thì ông ta mới dám chứ .Lôi ra xử hết,tiêu cực,False,,
cmt_education020_0010_r12,education_020,Vũ Mạnh Thắng cứ có điểm thi sẽ là câu trả lồi cho tất cả. Theo tôi Bộ GDĐT nên xác định rõ mục tiêu là tốt nghiệp PTTH hay  thi tìm người giỏi. Nếu thi tìm người tài nên ở lĩnh vực khác.,trung lập,False,,
cmt_education_007_0193,education_007,Cứ ông nào giỏi chữa bệnh và có tâm đức thì bệnh nhân theo. Bằng với chả cấp,trung lập,False,,
cmt_education011_0018_r01,education_011,"Quý Hợi 
hơn chục cô giáo và cả HS mặc đồng phục mà ,cứ cãi, sợ thật, vừa xem bên Tin nóng 24/7",tiêu cực,False,,
cmt_education_007_0301,education_007,MD dịch là bác sĩ y khoa thôi.,trung lập,False,,
cmt_education_011_0171,education_011,"Đại diện Sở GD&ĐT Ninh Bình đang xác minh thông tin một lãnh đạo trường THPT có hành vi không chuẩn mực tại phòng làm việc.

Trao đổi với Tri Thức - Znews sáng 10/11, đại diện Sở GD&ĐT Ninh Bình xác nhận sự việc xảy ra tại một trường THPT trên địa bàn xã Hải Hậu. Hiện tại, đơn vị tiếp nhận thông tin và đang tiến hành kiểm tra, xác minh nói trên. 

Trước đó, ngày 9/11, mạng xã hội xôn xao trước hàng loạt clip, hình ảnh về hành vi thiếu chuẩn mực được cho là của một vị lãnh đạo trường THPT ở Ninh Bình.

Theo hình ảnh ghi lại được, vị này thể hiện sự thân mật quá mức với nhiều phụ nữ khác nhau. Thời gian hiển thị trên camera cho thấy các vụ việc xảy ra vào cuối năm 2024, đầu năm 2025.

Sự việc này lập tức gây phẫn nộ bởi tính chất nhạy cảm của hành vi. Ngoài ra, địa điểm diễn ra sự việc là một cơ sở giáo dục, nơi cần đề cao sự nghiêm túc và đạo đức.

Theo: Tuổi Trẻ.",rác,True,,
cmt_education011_0002_r25,education_011,…chị áo trắng trong vide0 đâyy mn Nguyễn Thị Hồng,rác,True,,
cmt_education_009_0043,education_009,"Lều báo thổi phồng thôi, đây là các bạn và cô giáo ... vô tình giơ tay chạm má thôi, làm gì mà căng 😉",trung lập,False,,
cmt_education_037_0224,education_037,"Bỏ xét học bạ đi, quay về như thời 7x,8x ấy. Hồi đó nhà nào có con đậu ĐH là liên hoan cả xóm ăn mừng, còn giờ sao nó bình thường quá. Ko còn giá trị nữa",tiêu cực,False,,
cmt_education_037_0013_r06,education_037,Hien Pham chuẩn vậy luôn. Trường con mình đang học là một điển hình. Thi giữa kỳ cuối kỳ đề Trường ra là học sinh khóc thét. Đăng đề lên nhóm học sinh của tỉnh thì hầu như ai cũng thấy cực khó,ý kiến riêng,False,,
cmt_education_038_0035,education_038,Tuyệt vời !,tích cực,False,,
cmt_education017_0043_r01,education_017,Hà Ahn về hoả táng luôn,rác,True,,
cmt_education_011_0340,education_011,Khầy này thua Tokuda mỗi cái máy quay HD,trung lập,False,,
cmt_education_040_0078,education_040,tin chỉ là công cụ nên cho các cháu học đúng nội dung mà sau này ra trường các cháu sẽ sử dụng công cụ đó để hỗ trợ cho công việc của chính các cháu. nội dung tin 12 phổ thông cháu nào học xong ra trường mà làm văn phòng thì cũng chỉ là ù ù cạc cạc và lại tự nghiên cứu thôi.,trung lập,False,,
cmt_education_037_0255,education_037,Rồi cuối cùng là gì ? Chốt nhanh để còn chuẩn bị,trung lập,False,,
cmt_education_037_0122,education_037,"Bỏ đi cho tụi nhỏ có đúng chất tuổi học trò, chứ ngày xưa tui cũng thi mà ko hề bị áp lực như giờ, áp lực ko chỉ cho hs mà cả gia đình, ở quê còn đỡ chứ thành thị là thôi rồi. Còn từ bậc đại học là nên thi để sàng lọc.",ý kiến riêng,False,,
cmt_education007_0031_r04,education_007,"Nguyen Tuan Anh bạn đang nói đầu vào hay đầu ra ? Mình vừa có Ths, vừa có Ck1. Ths mình làm luận văn tốt nghiệp, Ck1 mình thi tổng kết khoảng 15 môn, xong tốt nghiệp lâm sàng hỏi thi bệnh án và lý thuyết, cũng áp lực học hành lắm.",ý kiến riêng,False,,
cmt_education007_0031_r09,education_007,Diễm Lương thì tôi bảo như ck1 có làm đề tài còn gì,trung lập,False,,
cmt_education_039_0050_r05,education_039,Tôi Tên Quỳnh con mình thì Bộ cho rớt nv1 UTH mà bắt đỗ NV sau Hcmue trong khi nhập học NV1 ở trường UTH rồi,tiêu cực,False,,
cmt_education007_0004_r09,education_007,"Tuấn Trần Thạc sĩ ngành Y còn đào tạo tập trung, còn lại Thạc sĩ Luật, Kinh tế … đào tạo theo kiểu tranh thủ Thứ 7-CN ra có làm đc gì đâu",tiêu cực,False,,
cmt_education_037_0011_r02,education_037,"Quốc Minh đó là kết quả sau 4 năm học đại học, còn mình đang nói kết quả học cấp 3 và thi tuyển sinh đại học.",ý kiến riêng,False,,
cmt_education_018_0231,education_018,Chung cư thì mọc lên như nấm di rời đại học cũng bằng âm,trung lập,False,,
cmt_education007_0006_r04,education_007,"Nông Dân thì 1 ông học xong để khám với 1 ông học xong để nghiên cứu ra cách khám mới rồi viết sách dạy lại ông chuẩn bị đi học để khám tiếp :)) 

Hoặc 1 thần y CK 2 muốn mang cách khám của mình ra ánh sáng y học thì vẫn phải đi làm luận văn phương án rồi bảo vệ và thành công lấy danh hiệu thôi :)) 

Về ý nghĩa thì nó cao quý :)) sợ là sợ các cụ đua đòi bằng cấp mà bỏ qua chuyên môn thôi 

Với cả bây giờ XH phát triển quả bảng tên BSCKI,II nó uy tín hơn quả bảng tên Ths.BS hay TS.BS :)))",trung lập,False,,
cmt_education018_0009_r01,education_018,Mưa Chiều Thu  bạn nói đúng,trung lập,False,,
cmt_education_009_0068,education_009,"Tóm lại cô 1 phần 1 phần do cái giáo dục việt nam có thêm những cái thi đua vớ vản, lương nhà giáo thì thấp mất thi đua là lại mất thưởng. Hài",trung lập,False,,
cmt_education018_0007_r06,education_018,Hai Nguyen  bạch mai việt đức 2 hà nam hoạt động r . sau hà tĩnh thanh hoá nam định . nghệ an đỡ lên hn à,trung lập,False,,
cmt_education_017_0355,education_017,Tôi xin KHÔNG ĐỒNG TÌNH đề xuất này!,tiêu cực,False,,
cmt_education_007_0252,education_007,Thế làm lại giáo trình bs nội trú bs chuyên khoa 6-9 tháng thôi,trung lập,False,,
cmt_education018_0017_r01,education_018,Hoàng Hoàng Bùi đi học nhưng sống thủ đô phải đi làm thêm,trung lập,False,,
cmt_education007_0007_r04,education_007,"Bụi Trần 
Hiểu rõ chương tình chuyên khoa 1 và 2 thì bạn nên tìm hiểu thêm về sự ra đời của đào tạo này là ảnh hưởng của đào tạo từ Pháp và Xô Viết ( cũ ) nay là Nga còn nguyên chương trình đào tạo này cụ thể :

Pháp : Tương đương CK1: Là chương trình DES (Diplôme d'Etudes Spécialisées). Đây là bằng bác sĩ chuyên khoa cơ bản 

Tương đương CK2: Là chương trình DESC (Diplôme d'Etudes Spécialisées Complémentaires) hoặc các chương trình Fellowship/Chef de Clinique. Đây là đào tạo chuyên sâu hơn",trung lập,False,,
cmt_education_011_0385,education_011,Mấy ông này mất khôn và lý trí hay sao á. Biết trong phòng có camera mà còn làm thế dc. Thì ối dồi ôi rồi,tiêu cực,False,,
cmt_education_020_0186,education_020,"Ôn đề cũ , ôn tài liệu 12 năm bây giờ thi kêu học thật thì thật thì chỉ có chít thôi",tiêu cực,False,,
cmt_education_040_0192,education_040,Tuyết Vy =)),rác,True,,
cmt_education_004_0175,education_004,"Đã bảo rồi, giof camera ai phởbo toàn trí thức cứ liệu hồn. Ko còn kiểu gà què ăn quẩn cố xay đc nữa ,lo mà pàm mà công hiến xứng đáng với đồng tiền mình đc nhận từ thuế của dân đi",tích cực,False,,
cmt_education_018_0023,education_018,Chung Cư lại chào đón thêm vài thành viên :),trung lập,False,,
cmt_education_005_0148,education_005,Trường nào cũng có !,trung lập,False,,
cmt_education_017_0378,education_017,Kiểu này phải cho xe cứu thương trướcntrưowngf. Thấy kết quả hết hồn luôn,tiêu cực,False,,
cmt_education005_0011_r01,education_005,"Vũ Hà Lam nếu là vậy thì phải xử lý GV coi thi vì tác trách để học sinh quay cóp. Hạ điểm HS là vi phạm quy chế, bị đình chỉ công tác đó bạn.",tiêu cực,False,,
cmt_education_039_0097_r10,education_039,Thanh Thanhnhưng không xác nhận nhập học trên web bộ cũng đâu đc công nhận bạn?,tiêu cực,False,,
cmt_education_040_0002_r07,education_040,Bảo Bình nâng cai phải học ngoài chứ trương dạy đc j,tiêu cực,False,,
cmt_education017_0004_r05,education_017,"To Dinh Duc Anh thi xong giám thị chụp kết quả gửi ngay vào Zalo cho thí sinh thì mới không sửa được!!! Lập nhóm zalo phòng thi, gửi ngay mới không cãi được!!!",trung lập,False,,
cmt_education_037_0043,education_037,Bỏ đúng rồi còn lấy ý kiến gì nữa mạnh dạng đi ô bộ ơi,tích cực,False,,
cmt_education_037_0176,education_037,Bỏ luôn thì tốt vì có nhiều bất cập và không công bằng,tích cực,False,,
cmt_education_037_0045,education_037,Bỏ đi,tích cực,False,,
cmt_education_011_0010,education_011,Quà 20/11 sớm to đùng,rác,True,,
cmt_education_038_0110,education_038,"Ủa sao nghe nói: Dạy thêm cả tiếng Campuchia, Thailan, Lào, … nữa mà.",tiêu cực,False,,
cmt_education_004_0100,education_004,Giờ nghề hiệu trưởng cũng là ngành nghề nguy hiểm,trung lập,False,,
cmt_education_037_0095,education_037,"Bỏ xét học bạ sẽ công bằng cho học sinh, bệnh thành tích, quan hệ giáo viên xin điểm, học thêm thầy cô sẽ biết đề kt trước sẽ bớt và học thật thi thật thì chất lượng sẽ tốt",tích cực,False,,
cmt_education_018_0122,education_018,Khu cao sả lá nên lấy để xây trường THPT,rác,True,,
cmt_education013_0019_r18,education_013,Nguyễn Đạt Hèn chi giàu giàu thấy ai cũng đi nc ngoài. Còn nghĩ ở VN giàu vẫn sướng mà. Ra là tiền ko sạch ở lại ko bền dc.,tiêu cực,False,,
cmt_education_018_0166,education_018,trường vờ Thu Hương,trung lập,False,,
cmt_education_011_0180,education_011,Sạch đẹp bên ngoài bên trong như bùn,tiêu cực,False,,
cmt_education_007_0162,education_007,Một ông hàn giỏi và 1 ông nghĩ ra nguyên lý hàn que hàn và mỏ hàn...nếu đào tạo theo đúng nghĩa..ông nào quan trọng hơn,ý kiến riêng,False,,
cmt_education_005_0142,education_005,Bó tay luôn,rác,True,,
cmt_education_007_0072,education_007,Để xem QH trả lời thế nào???,trung lập,False,,
cmt_education018_0004_r08,education_018,Tuan Nguyen trước e có lái xe ở Đại Học Quốc Gia nói là chuyển lên Hoà Lạc e xin nghỉ bên đấy 20 năm rồi giờ lại thấy nói chuyển chắc thêm 20 năm nữa chưa chắc đã đúng,trung lập,False,,
cmt_education_009_0303,education_009,Xin quan tam  va dong vien chau be nhieu,trung lập,False,,
cmt_education020_0002_r08,education_020,Vịnh Nghi cho 10 hết như hồi lớp 1 nhỉ,tích cực,False,,
cmt_education_017_0059,education_017,"Lỡ mất điện mất wifi,  lỡ trục trặc kỹ thuật..... nhiều cái lỡ thì thí sinh phải làm sao, làm bài được nửa chừng chưa kịp lưu, mất điện một phát thì làm sao, ôi !!! phức tạp quá đi, thay với chả đổi.",tiêu cực,False,,
cmt_education_040_0140,education_040,Nguyen Minh ngành IT lên ngôi,rác,True,,
cmt_education009_0035_r06,education_009,Ngày trước t học thấy bọn lớp 5 trong xóm lấy ná cao su bắn cô giáo 😂,trung lập,False,,
cmt_education_011_0105,education_011,Ai quay hay vậy,rác,True,,
cmt_education_018_0148,education_018,Mai Thùy Ngân bạn nom trường bạn xem khéo có khi bạn được ra ở với tôii🤣🤣,trung lập,False,,
cmt_education011_0019_r02,education_011,"Người tham gia ẩn danh 146 mấy cái cam này k bảo mật đâu, người ngoài có thể truy cập vào cam dễ dàng. Có hẳn web để vô xem cam ở trên toàn thế giới luôn",ý kiến riêng,False,,
cmt_education_011_0163,education_011,Tôi mà làm hiệu trưởng tôi cũng ăn như khầy. Có khj còn hơn chứ,tiêu cực,False,,
cmt_education007_0020_r03,education_007,Chau Vu bên giáo dục dễ hơn chứ bên y tế lên bs hạng 2 cũng chua lắm,trung lập,False,,
cmt_education_040_0187,education_040,Làm đi,trung lập,False,,
cmt_education_009_0093,education_009,Con tôi mà bị tát như vậy xin lỗi có đi tù tôi cũng chém chết con mụ này,tiêu cực,False,,
cmt_education_037_0148,education_037,Xét học bạ thì em t chuyên Toán :) 9đ Toán thua mấy em 9.9đ trường khác rùi,tiêu cực,False,,
cmt_education017_0006_r13,education_017,"Ngọc Thư. Chưa thi nhưng rồi cũng sẽ thi thôi. Thay vì phải đi trên giấy rồi mất thời gian đợi chờ chấm, lên điểm. Thi trên máy sẽ biết điểm luôn. Còn các vấn đề như mất điện hay mất kết nối internet có thể sẽ xảy ra nhưng sẽ được xử lý và hạn chế một cách triệt để. Cũng sẽ có những biện pháp dự phòng cũng như lưu trữ.",tích cực,False,,
cmt_education_037_0106,education_037,"Học bạ nên để xét tốt nghiệp, còn thi đh thì làm 1 cuộc thi cho công bằng, chứ đừng nói con bạn k học thì ganh với ghét thì k phải vì thành tích nên có những trường họ chạy thành tích , đề kiểm tra thường xuyên thì trường đưa ra nên điểm số cũng k đc công bằng  đâu, có con 2k7 vừa rồi thi đh nên tôi quá hiểu vấn đề này.",trung lập,False,,
cmt_education018_0010_r20,education_018,"Le Khanh Duy làm thêm vì chi phí sinh hoạt quá cao, ra tỉnh lẻ 2-3tr chúng nó vẫn sống dc, ở hà nội bây giờ thuê nhà đã 2tr rồi đi học hàng tháng 4-5tr bố mẹ cũng còng mẹ cả lưng, chuyển hết ra các tỉnh lẻ để pt cho dễ và đồng đều, chẳng qua các bố trên đấy k muốn rời thủ đô nên khổ theo bao nhiêu nghìn dân",trung lập,False,,
cmt_education_007_0101,education_007,Thì kệ BGD chứ ai đâu thèm quan tâm Bộ đó =))))),trung lập,False,,
cmt_education_037_0184_r01,education_037,"Phạm Tạ Quốc Huy học trường chuyên, thi hsg các kiểu thì ai cần lo về vấn đề này hả, người ta giỏi sẵn rồi chỉ cần chăm hơn thì tuyển sinh vượt qua có gì là khó đâu nhỉ?",tiêu cực,False,,
cmt_education_007_0144,education_007,"Mô tả: kêu gọi tham gia, nhận thưởng ngay, khuyến mãi hot, đăng ký nhận ngay 66k mb6688.store",rác,True,,
cmt_education_011_0552,education_011,Thầy này dạy bằng chày à,tiêu cực,False,,
cmt_education017_0002_r39,education_017,Ni Nguyen bạn nói: thường thí điểm đề dễ. Năm nay k12 khoá 2k7 thi thử thí điểm nè,trung lập,False,,
cmt_education_007_0163,education_007,"Quan trọng là chuyên môn làm đc cái j, Ck2, TS mà cầm cái ống nghe khám ko ra, điều trị ko đc,  cầm dao mổ ko dám thì tính cái chi. Còn chưa nói tới học y mà y gì. Học từ xa, học online học để có cái bằng. 
Có những tấm bằng đã cấp rồi thật là nguy hiểm.",tiêu cực,False,,
cmt_education_039_0064,education_039,"Tội tụi nhỏ, phụ huynh cũng ko yên",tiêu cực,False,,
cmt_education_017_0422,education_017,Tốt nhất là phổ cập GD hết c2,ý kiến riêng,False,,
cmt_education_005_0133,education_005,Nếu đúng thì nên tịch thu bằng và cấm hành nghề nhà giáo,tiêu cực,False,,
cmt_education018_0014_r04,education_018,Le Minh Duc bác ko nghĩ ah khu đó sv về thì nhu cầu vui chơi ăn uống giải trí tăng quán xá sẽ mọc lên như nấm  chưa kể bên phân khu cnc 1 là hệ thống các cty các tập đoàn đã hđ (112  cty tập đoàn sau này thêm 235 cty về hđ đây nữa thì cv ko thiếu ) việc hình thành các tuyến metro nối tt hà nội và hòa lạc đi lại thuận tiện nhanh chóng mất khoảng 15p … nói chung tầm nhìn và chiến lược các bác ở trên nhìn. Xa vài chục năm đến vài. Trăm năm rồi bác ah ai có tiền thì nên đầu tư Đất về hòa lạc sớm.việc kéo theo đi dời và lấp đầy dân cư sẽ hình thành nhanh chóng tại kv này trong tg 1-2 năm tới là rất lớn,tích cực,False,,
cmt_education011_0038_r01,education_011,"Tuyền Khiếu 
hơn chục cô giáo và cả HS mặc đồng phục mà ,cứ cãi, sợ thật, vừa xem bên Tin nóng 24/7",tiêu cực,False,,
cmt_education020_0001_r43,education_020,SerenePelican343 cười vì điều gì ấy nhỉ? cười t năm trước thì được chứ t bây giờ cũng hơn khối đứa 2k7 không học than đề khó,tiêu cực,False,,
cmt_education_011_0081,education_011,Đâu video đâu,rác,True,,
cmt_education_039_0001_r10,education_039,Ngoc Thyy sao rồi ạ trường có giải quyết thỏa đáng ko,trung lập,False,,
cmt_education_040_0084,education_040,vậy thì khối X lên ngôi,trung lập,False,,
cmt_education_011_0197,education_011,giáo phải đi đôi với dục đúng rồi còn gì 😆😆,trung lập,False,,
cmt_education_020_0251,education_020,Rớt cũng thật luôn :)),trung lập,False,,
cmt_education_011_0074,education_011,Ý là sao lọt được cái video ra ngoài hay vậy,trung lập,False,,
cmt_education011_0004_r34,education_011,Nguyễn Kiều Trinh cũng chưa chắc bạn ạ. Bạn về trường công ở Hải Hậu Nam Định là biết vì trường tư này ở cụ thể Nam Định. Thì trường tư chủ tịch này kia cũng là người có tiền mới xây ra cái trường tư ấy bạn. Nên cũng khác bọt. Ý mình là vậy,trung lập,False,,
cmt_education_018_0098,education_018,"Mình ủng hộ chuyển thành trường PTTH, đại học lớn rồi đi xe buýt đc 🤭",trung lập,False,,
cmt_education_011_0193,education_011,"Tính qua cũng gần chục cô😂😂
Vua chúa cũng đến thế là cùng.",tiêu cực,False,,
cmt_education018_0002_r15,education_018,"Hoàng Nam quy hoạch 20-30 năm, sớm muộn sẽ rời chứ K fai mõm suông là chỉ để đấy K bjo rời đi
HÀ NỘI K VỘI ĐC ĐÂU
ĐỒ NHÀ QUÊ DẪN NGOẠI TỈNH CÓ KHÁC K BT J HẾT
K thấy cơ sở 2 ngoại thành nhiều r hở
Có đi thực tế đéo đâu mà bt chỉ ngồi ẳng mõm các kiểu vớ vẩn",trung lập,False,,
cmt_education_018_0233,education_018,"Ngay từ năm học 2026/2027
Sinh viên năm 1 của các trường phải học ở cơ sở mới đi ông",trung lập,False,,
cmt_education017_0017_r02,education_017,Hùng Lưu routers bộ quốc phòng thì khỏi lo 🤣,tích cực,False,,
cmt_education_017_0280,education_017,Thi xong 1 môn môn còn lại thấy thí sinh đi ôn năm sau thi lại,tiêu cực,False,,
cmt_education_019_0011,education_019,"Bây giờ có mxh tin tức truyền nhanh chứ thực chất từ xưa rồi,giáo dục vn mình chỉ có thế thôi,lúc tôi đi họ có thằng bạn nó nghỉ năm lớp 7 vậy mà giờ làm bên nhân viên điện lực có nằng tốt nghiệp 12/12,chỉ vì có a rẻ làm phó giám đốc chi nhánh điện,còn mình học hết lớp 9 tốt nghiệp vẫn chỉ tới đó",tiêu cực,False,,
cmt_education_037_0195,education_037,Thôi mình thi bằng thực lực như 20 năm về trước đi cho khỏe. Biết thì làm bài ko biết thì nộp giấy trắng. Tránh tiêu cực mua điểm.,tích cực,False,,
cmt_education_037_0087,education_037,BỎ NGAY VÀ LUÔN! Đúng ra BỘ đã biết vc dùng học bạ xét tuyển tích cực thì ít- tiêu cực thì bao la.,tích cực,False,,
cmt_education_004_0079,education_004,Cháy nhà mới ra  mặt chuột.  Đẹp mặt,tiêu cực,False,,
cmt_education_004_0169,education_004,Cắn nhiều quen thói rồi,rác,True,,
cmt_education017_0020_r03,education_017,Lương Phong Thư kiểu gì cũng bị mạng chập chờn lag vào chạm hoặc không vào nổi cháu nào tinh ý và sử dụng thành thạo máy móc thì còn đỡ chứ cũng có một số cháu sử dụng máy có thành thạo đâu rồi khéo loay hoay lại hết thời gian,tiêu cực,False,,
cmt_education_011_0495,education_011,Chỉ có hoạn chúng nó đi may ra mới hết sàm sỡ phụ nữ,tiêu cực,False,,
cmt_education011_0006_r01,education_011,Dung Nguyễn giờ cải cách lại là d...â..m dục,tiêu cực,False,,
cmt_education009_0035_r05,education_009,đúng rùi bọn nó còn non nớt chưa dám manh động đâu.,trung lập,False,,
cmt_education_015_0040,education_015,Phải cấm hét bọn này. Ko cho tư nhân làm giáo dục,tiêu cực,False,,
cmt_education_017_0284_r01,education_017,Huong Thao :)))) chứ kh chắc giờ thoi thóp,trung lập,False,,
cmt_education_038_0026,education_038,Đồng ý 2 tay 2 chân với Bộ luôn ạ 🙌🙌🙌,tích cực,False,,
cmt_education_011_0437,education_011,Cấp trên có bg phải dung lớp đâu nhỉ,tiêu cực,False,,
cmt_education020_0015_r01,education_020,Nguyễn Hương giờ chỉ cần có giải pháp gì để giúp các em 2k7 đỡ thiệt thòi. Lại sắp đến ngày 16/7 công bố điểm rồi các em lại buồn thêm lần nữa. Chán kinh,ý kiến riêng,False,,
cmt_education_017_0472,education_017,Bạn nào có tiền sử bệnh tim huyết áp thì xin làm bài giấy chấm sau cho chắc nghe :)))🥰,trung lập,False,,
cmt_education018_0006_r08,education_018,Dương Dũng trùng họ trùng tên hả bạn,rác,True,,
cmt_education_015_0048,education_015,các PH học sinh ko biết giải quyết sao,tiêu cực,False,,
cmt_education007_0021_r01,education_007,Phan Văn trên mạng việt kiều có ông kiến trúc sư bẻ lái qua bs đó,trung lập,False,,
cmt_education017_0002_r01,education_017,"Nghiệm Long không hẳn giỏi là phải học trên máy tính cô ạ,nhưng mà hầu hết các thiết bị điện tử bây giờ đều đóng góp phần lớn cho học tập và cuộc sống của mỗi em học sinh.Con là lứa 2k9 phải thi thpt 2027 trên máy tính cũng hơi sốc với cách thức thi khác với truyền thống trước kia,mặc dù đã tiếp xúc rất nhiều với máy tính nhưng không chắc tự tin hoàn thành tốt.",trung lập,False,,
cmt_education_018_0273,education_018,Làm đc điều đó tha hồ sây nhà,trung lập,False,,
cmt_education018_0010_r13,education_018,"Thang Viet văn của mấy thể loại đó quay đi quay lại là vậy. Làm doanh nghiệp thằng nào cũng phải tính lợi nhuận. Còn di chuyển Đại Học thì là việc của nhà nước , cái tối thiểu là bệnh viện và ktx phải có. Cái dịch vụ bạn kia nói là cơm bụi, quán ăn vặt, trà sữa.....thì người dân vùng đó sẽ làm.",trung lập,False,,
cmt_education018_0004_r02,education_018,Tuan Nguyen tao ngày nào cũng đi qua Đh Quốc gia. Dh FPT hòa lạc đây. Trong công nghệ giờ mấy cái vào đó rồi,trung lập,False,,
cmt_education_011_0099,education_011,"Xã hội loạn ,thầy đạo đức suy đồi ,trò bạo lực học đường .buồn",tiêu cực,False,,
cmt_education007_0001_r03,education_007,Chiaseyhoc.vn bgd làm ko sai.,tích cực,False,,
cmt_education_037_0009_r04,education_037,Đoàn Huấn rất nhiều bạn bị tâm lý phòng thi.,trung lập,False,,
cmt_education_007_0127,education_007,"Bộ trưởng bộ giáo dục có thôi đi không :(( dạo này toàn nói cái gì ấy, hết bác sĩ chuyên khoa 3 giờ lại còn muốn bộ y tế làm theo ý mình",tiêu cực,False,,
cmt_education007_0002_r03,education_007,"Long Mai Huyen túm lại ông là giáo sư biết tuốt thì ông & người nhà ông tự ở nhà mà khám, chữa cho nhau đừng ra bệnh viện: ok:
Nói nhiều tốn calo",tiêu cực,False,,
cmt_education_005_0299,education_005,Đuổi thẳng ra khỏi ngành vĩnh viễn,tiêu cực,False,,
cmt_education_005_0111,education_005,Giáo viên cũng có người này người kia,trung lập,False,,
cmt_education_005_0086,education_005,Hiệu trưởng vậy chả trách giáo viên,tiêu cực,False,,
cmt_education007_0014_r03,education_007,Hiếu Nguyễn Đức cmt cái đek j mà lặp lại v. M có hiểu j về ngành y ko???,tiêu cực,False,,
cmt_education011_0003_r05,education_011,Trần Nam Dũng xin với,rác,True,,
cmt_education018_0003_r03,education_018,Hồng Phúc Lê Trần làm kinh tế mới mà. loạn gì đâu kaaaa,trung lập,False,,
cmt_education_004_0065,education_004,Đớp ít thui ..,rác,True,,
cmt_education_037_0223_r06,education_037,"Phạm Dũng  vậy càng cho thấy học bạ không phản ánh đúng năng lực học sinh, càng phải bỏ sớm.",tích cực,False,,
cmt_education_040_0141,education_040,Thánh Tiền mỏ vàng mới của các thánh nhân tóc trắng 😊😊😊,rác,True,,
cmt_education_018_0086,education_018,Loay hoay mãi 🤣,trung lập,False,,
cmt_education013_0014_r07,education_013,Lâm Đoàn Việt Nam  tố làm éo gì thế b. việc m éo đâu mà tố,rác,True,,
cmt_education020_0007_r04,education_020,Đặng Thư tốt nghiệp 5đ là đậu rồi mà có gì cần lăng tăng đâu nhỉ,trung lập,False,,
cmt_education017_0019_r01,education_017,"Thảo Nguyễn máy h xịn r, không giống máy màn hình lồi hồi xưa nữa",tích cực,False,,
cmt_education_016_0009,education_016,Là phụ huynh có con học lớp 12 thiết nghĩ bộ để 10 nguyện vọng là không hợp lý ạ. Có thể hạn chế tránh hàng trăm nguyện vọng như cũng phải để các con có sự cân nhắc và đặt nguyện vọng cho mình ko thể chỉ trong 10 nguyện vọng được ạ. Mong bộ xem xét tâm tư của phụ huynh có con lớp 12 rất hoang mang a,trung lập,False,,
cmt_education018_0002_r02,education_018,"Luong Trieu Vy sv giờ nửa thời gian học online rồi , ko có con, cháu học đh đúng ko , ko hiểu thời cuộc rồi . Sv học ở vĩnh phúc , hưng yên , hòa lac... vẫn ra HN chạy bàn , chạy grab bình thường nhá , còn non lắm",trung lập,False,,
cmt_education_037_0002_r19,education_037,Nguyễn Zen nếu muốn giữ thì chỉ xét cho các trường trọng điểm của 200 trường thôi thì hợp lý hơn chứ xét tran lan như gdtx hoặc mấy trường 10-16đ  thì đa số mấy trường đó toàn buff học bạ chả công bằng,trung lập,False,,
cmt_education_009_0040,education_009,"Lều báo thổi phồng thôi, đây là các bạn và cô giáo ... vô tình giơ tay chạm má thôi, làm gì mà căng 😉",trung lập,False,,
cmt_education_017_0550,education_017,Địa điểm còn phải mượn của Tiểu học thì đòi đâu ra tứng ấy phòng lab cho thi  😏,tiêu cực,False,,
cmt_education_037_0009_r03,education_037,Liên Phạm nỗ lực thật thì k sợ thi thật,rác,True,,
cmt_education_017_0141,education_017,Xin nhường hết cho 2k10,trung lập,False,,
cmt_education_040_0003_r01,education_040,Lorr Gary trong trường nào cho chơi game,trung lập,False,,
cmt_education017_0003_r15,education_017,Nếu thí điểm thì hãy làm ở những bài kiểm tra định kỳ là được. Cớ sao lấy cả 12 năm học bọn trẻ ra thí điểm vậy.,tiêu cực,False,,
cmt_education_040_0147,education_040,Nguyen Mai Phuong học cả tin đi :)),rác,True,,
cmt_education004_0018_r01,education_004,Bác Thăng toàn sâu thôi. Làm gì có 1 con sâu.,tiêu cực,False,,
cmt_education_011_0392,education_011,Đã thiếu đạo đức thì chê mặt làm gì nữa,tiêu cực,False,,
cmt_education_007_0346,education_007,Rất rõ ràng ! Y khoa có MD mà có cả PhD thì tuyệt vời,tích cực,False,,
cmt_education_040_0135,education_040,Vì Công Vinh ù uôi,rác,True,,
cmt_education007_0006_r09,education_007,"Lê Đức 
Đúng rồi",rác,True,,
cmt_education_011_0481,education_011,"Việt Nam nên đề xuất bãi bỏ phòng làm việc riêng cho cán bộ cấp cao ở tất cả các ngành,các lĩnh vực tránh có không gian riêng tư làm việc thì ít mập mờ thì quá nhiều. 
Học tập các văn phòng của công ty Hàn Team, Group, Part Leader địa vị khá cao nhưng chỉ có khu bàn làm việc còn xung quanh là nhân viên đảm bảo khi làm việc cả sếp và nhân viên đều nghiêm túc!",tiêu cực,False,,
cmt_education_004_0075,education_004,Ơ. Thầy đi thì ai trả đợt 2??,trung lập,False,,
cmt_education005_0004_r02,education_005,Loan Nguyễn Huyen Nguyen,tiêu cực,False,,
cmt_education_038_0125,education_038,Quỳnh Trang xem nè,rác,True,,
cmt_education_017_0533,education_017,Thi xong chắc đột quỵ cũng nhiều,tiêu cực,False,,
cmt_education017_0006_r20,education_017,Zuoq Lee Chỉ bọn không muốn minh bạch mới sợ thôi.,tiêu cực,False,,
cmt_education_037_0005_r05,education_037,"Duy Phạm Ý nói là chỉ 1 thôi, 2k7 là nhấn mạnh để Bộ hiểu cho nỗi lòng của PH và hs ấy bạn.",ý kiến riêng,False,,
cmt_education_011_0453,education_011,cứ bảo lấy vợ giáo viên cho yên tâm...,ý kiến riêng,False,,
cmt_education009_0010_r01,education_009,"An Nguyen đúng rồi, tát đủ 231 cái.",tiêu cực,False,,
cmt_education007_0004_r09,education_007,Tien Huynh nói tầm bậy lại nói to... cái đầu ngu học..,tiêu cực,False,,
cmt_education_011_0388,education_011,"Trời ạ sao mà ghê đến như vậy , giờ thì đẹp mặt với gd vợ con và dongg họ chưa",tiêu cực,False,,
cmt_education018_0011_r04,education_018,"Hairr David Ng Đi ô tô 40p, xe máy 50p nếu ko tắc đường (30-35km). Nhưng thường xuyên tắc ở đoạn đầu Đại Lộ Thăng Long nên đi mất 1,5 tiếng là bt. Nói chung nên chuyển nhưng có metro sẽ ok hơn. Quãng đường trên 30km / 1 chiều là quá xa để đi hàng ngày",trung lập,False,,
cmt_education_037_0001_r02,education_037,Nguyễn Tấn Vân Xuân bạn nói quá đúng nếu xét học bạ điểm 10 trong lớp ra thực tế các con sẽ stress điểm thật 🤔,tích cực,False,,
cmt_education007_0002_r03,education_007,"Nó đang thế nào thì giữ nguyên zay đi. Còn hok thì bê nguyên quy chuẩn của Mỹ về áp đào tạo luôn, bằng đc công nhận quốc tế luôn cho khoẻ",tiêu cực,False,,
cmt_education_017_0102,education_017,Đùa😁,rác,True,,
cmt_education_040_0011_r03,education_040,Nguyễn Thương e tưởng ít thì cô đỡ vất vả kkkk,trung lập,False,,
cmt_education_016_0034,education_016,"Kính mong bộ giáo dục cho các em được đăng ký nhiều nguyện vọng như năm trước và có nhiều nguyện vọng ngành sư pham, xin cảm ơn!",tích cực,False,,
cmt_education_038_0097,education_038,Mong chờ lắm luôn,tích cực,False,,
cmt_education011_0005_r07,education_011,Có phải hiệu trưởng đâu mà thầy....Chủ tịch thì là doanh nhân thôi,trung lập,False,,
cmt_education_009_0276,education_009,"GV buộc thôi việc, HT khiển trách. K công nhận chuẩn gì hết!!!",tiêu cực,False,,
cmt_education_011_0434,education_011,Chức to cơ to là lấp liếm ngay,tiêu cực,False,,
cmt_education_016_0062,education_016,Cho hỏi tại sao VN chúng ta có thang điểm 10 rồi mà các giáo viên vẫn phải chấm thêm điểm lẻ 0.5 vậy? thậm chí giờ chấm đến tận 0.25 ...,trung lập,False,,
cmt_education_011_0315,education_011,Ở trường học sao nữ mặc đồ kỳ vậy,tiêu cực,False,,
cmt_education017_0048_r01,education_017,Phuong Anhh nhung mà mình là thủ đô mà tr:))),trung lập,False,,
cmt_education_018_0033,education_018,Nhường cho mẫu giáo và PTTH là hợp lí,trung lập,False,,
cmt_education_018_0286,education_018,Nên di dời hết ra khỏi thủ đô và tp HCM. Phần lớn sinh viên từ tỉnh lẻ chứ k phải thủ đô hay tp HCM,trung lập,False,,
cmt_education018_0006_r12,education_018,"Dương Dũng thế à e svien e thấy chả có lợi tí nào, sinh hoạt thì rẻ đc mỗi cái nhà trọ ít hơn nội đô vài đồng còn ăn uống vẫn thế. Đừng nghĩ ai lên phố cũng ăn chơi a ạ, thanh niên svien lên đây ngoài học ra còn ptrien bản thân, đi làm thêm chứ ở quê lấy đâu ra a,ngta bảo thanh niên lên phố học tập lập nghiệp chứ ai lại bảo về quê k hả a?như e đkien bth ở đây quá tốt vừa học vừa làm,y tế rồi csong phố thị bao h chất lượng cũng tốt hơn quê",trung lập,False,,
cmt_education_005_0292,education_005,Chắc ko học thêm cô mà giỏi nên hạ chơi.,tiêu cực,False,,
cmt_education_011_0541,education_011,thay giao ma nhu the thi con day hoc sinh gi,tiêu cực,False,,
cmt_education_005_0054,education_005,Nghỉ mẹ. Luôn đình chỉ chi,tiêu cực,False,,
cmt_education_018_0132,education_018,"Dự kiến mãi, làm luôn và ngay, trương cũ chuyển thành trương thpt công lập",rác,True,,
cmt_education_005_0302,education_005,"Nếu thật thì đê tiện quá, thù hằn gì với các con mà phải làm vậy con ác ma",tiêu cực,False,,
cmt_education005_0008_r02,education_005,"Chân Trời dạ. Tụi nhỏ học nhiều quá, đôi khi có tí sơ suất, châm chước cho các em. Còn việc vì HS k đI học thêm mà làm như cô giáo nói trong bài thật sự quá nhục nhã "" đồng tiền mà bán rẻ danh dự, nhân phẩm""",tiêu cực,False,,
cmt_education_018_0080,education_018,Tư duy kém ( Manh mún) thế mà đòi nhìn thấy 100 năm sau😏😏😏,trung lập,False,,
cmt_education007_0031_r03,education_007,"luật giáo dục là luật chung hệ chung cho hệ giáo dục đào tạo do Bộ giáo dục chủ trì, Bộ giáo dục củng không thể làm sai so với hệ thống giáo dục văn bằng nước khác. Chuyên môn là tích luỹ thời gian thực hành ngay cả thời gian học lâm sàng khi còn trên ghế vẫn được tính nhưng Bộ y tế soạn thảo không có, ngay cả 3 trường Y hà nội dạy riêng, Y saigon riêng, Y huế Thập chung cả hai , sau đó ByT mới có hợp nhất chúng cho quy trình đào tạo mà nó đang ở vấn đề soạn thảo dù có ban quyết định nhưng chưa tới nơi tới chốn",trung lập,False,,
cmt_education_038_0063_r01,education_038,Nguyễn Trà Ngân ok c. E sẽ đi học lại🤣🤣,rác,True,,
cmt_education_007_0313,education_007,Cháu tôi chỉ học bác sĩ đông y cổ truyền ở Mỹ mà hết 8 năm cộng với 2 năm thực hành ở Trung Quốc là 10 năm,trung lập,False,,
cmt_education_040_0030,education_040,"Nên học tất cả các môn trừ trải nghiệm, GD ĐP",ý kiến riêng,False,,
cmt_education_019_0017,education_019,Cả lũ giáo giên mất dậy bố láo ăn cắp,tiêu cực,False,,
cmt_education018_0006_r29,education_018,Lê Trần Bách thì cứ đi đi lè nhè cái gì )),rác,True,,
cmt_education_007_0114,education_007,"tui thạc sĩ nè, mà tui ngưỡng mộ bs nội trú nhen. Chứ tui không ngưỡng mộ mấy khứa ths, ts trong lĩnh vực của tui 🙂",tích cực,False,,
cmt_education013_0017_r02,education_013,"Nguyễn Ngọc Phát lên để nghe nó ""đào lửa"" chứ bạn",trung lập,False,,
cmt_education_007_0336,education_007,Đá lộn sân của bộ GD,tiêu cực,False,,
cmt_education_011_0374,education_011,"Cùng lắm chỉ bị cắt chức, chứ có bị sử tội phá vỡ hạnh phúc gia đình người ta đâu",ý kiến riêng,False,,
cmt_education_009_0112,education_009,"Thích nhất câu kết : ""không thể ép con làm những cừu im lặng được..."" , Cám ơn bạn !",tích cực,False,,
cmt_education018_0003_r05,education_018,Hoàng Lê ý là các quán trong nội thành mất ăn.,trung lập,False,,
cmt_education007_0013_r01,education_007,Hoang Nguyen hay,tiêu cực,False,,
cmt_education_038_0064,education_038,Anh em gì chuyển bị học tiếng Nga rồi 😀😀,rác,True,,
cmt_education_018_0189,education_018,Hoàng Đức Anh Hoàng Nguyên baibai ptit,rác,True,,
cmt_education_037_0112,education_037,Nên xét cho trường giỏi chuyên thôi🖤,ý kiến riêng,False,,
cmt_education018_0011_r12,education_018,"Tiệm Tháng Năm sinh viên trưởng thành rùi, đi trọ học khắp các tỉnh còn đc nữa là đi ra ngoại thành. Nhường ưu tiên cho các em cấp 3 là đúng rùi ạ",tích cực,False,,
cmt_education007_0004_r03,education_007,"Phan Văn phải đâu ra đó bạn ơi, chứ kiểu nầy gây nhiều mâu thuẩn rối rắm",tiêu cực,False,,
cmt_education017_0007_r01,education_017,Lê Trần Phương Hân khoa trợ tim=)),trung lập,False,,
cmt_education015_0006_r11,education_015,Tuan Trinh Dinh Rất cảm ơn bạn vì đã được xem video ý nghĩa,tích cực,False,,
cmt_education_011_0078,education_011,Ngu v :)),rác,True,,
cmt_education017_0010_r08,education_017,Hoàng Lê bộ gd riết nhảm vãi l,rác,True,,
cmt_education020_0001_r44,education_020,Anonymous participant 456 ê câm dùm đi lớn mà nói chuyện cl gì đ chịu nổi,rác,True,,
cmt_education_004_0115,education_004,Pháp luật nên nghiêm minh với những người không chi trả chế độ đúng đủ theo pháp luật.,tiêu cực,False,,
cmt_education007_0001_r02,education_007,Trai Đẹp Nhà Tui trái ý mình là kêu ngta ko học liền😆,tích cực,False,,
cmt_education_018_0206,education_018,"Ae lên hoà lạc cứu giá trên này với 😭😭😭
Đồ ăn mắc quá hiện rất cần nhân lực có năng lực mặc cả số lượng lớn",trung lập,False,,
cmt_education_018_0268,education_018,"Học sinh đi học ăn ở nội đô quá tốn kém,không giải quyết được vấn đề gì,học mà phải đi bưng bê,chạy xe ôm để trả sinh hoạt phí thì thời giờ nào cho các hoạt động Văn hóa thể thao nữa",trung lập,False,,
cmt_education_007_0226,education_007,Thôi các bộ sắp xếp chung đi để cho tụi em học sđh được xếp bảng lương😁,tích cực,False,,
cmt_education_011_0464,education_011,"Ông này ko phải hiệu trưởng, trường dân lập nên đây kiểu như là chủ thôi, hiệu trưởng là người khác. Còn những phụ nữ trong các clip kia toàn là ph học sinh được xác nhận địa chỉ hết rồi. Con của mấy bà giờ xấu hổ bỏ học luôn rồi. Ko có gv nên đừng nói mấy lời thô tục b ẩ n th ỉ u như thế. Mấy hôm nay các cô ở trường đấy thấy bị chửi quá trời",trung lập,False,,
cmt_education007_0002_r01,education_007,"Nguyễn Thắng nói thì dài mà trả có cái ý nghĩa đ gì.
Ông giỏi thế thì tự nghiên cứu, tự tìm nguyên nhân tự chữa đi đến bệnh viện làm gì để người ta LỪA ĐẢo??",tiêu cực,False,,
cmt_education_007_0176,education_007,Sao phải thay đổi làm gì nhỉ 🙄 đề vs chả xuất,tiêu cực,False,,
cmt_education_038_0131,education_038,100₫ 💃🏻🔥,rác,True,,
cmt_education020_0016_r06,education_020,"Sinh Hoang bạn đã thần thánh cái đầu chăn trâu của mấy thằng này! Thằng nào cũng giáo sư tiến sĩ, nó mà không copy để trên mạng xuống thua cái gì tôi cũng thua! No mà nghĩ ra để thử người ta, nghe mắc cười! Ngu như con gì! Mang tiếng chuyên viên toán chuyên viên ra đề!!! Thực chất có biết cái gì đâu ! Chị biết tới tháng lãnh lương, vơ vét nếu có cơ hội",tiêu cực,False,,
cmt_education_004_0162,education_004,Đợt này khối trường và đơn vị  lại phải chi trả cho người đi tập A80. Ăn mặn quá mà,tiêu cực,False,,
cmt_education005_0036_r01,education_005,Loan Ly Thi Thu đo là một vấn đề khó hiểu chị hén,trung lập,False,,
cmt_education020_0004_r01,education_020,"TienTuyen Cao cả cấp3 cũng nẻn bỏ thi đi ,xoá phổ cập hết cấp 3 là tốt mn nhỉ",trung lập,False,,
cmt_education_011_0172,education_011,Ô nhục cho ngành giáo dục  thử hỏi như thế này làm sao giáo dục được học sinh nên người. hèn gì nạn bạo lực học đường xảy ra liên tục.với tư cách là người đứng đầu nền tảng giáo dục con người nhưng người lai làm bẩn thêm nét đẹp bản sắc văn hóa xã hội,tiêu cực,False,,
cmt_education_037_0052,education_037,"Mỗi trường ra đề thi HK khác nhau nên kq học bạ khác nhau không công bằng cho các con học trường Top.
Thi là công bằng nhất",tích cực,False,,
cmt_education_037_0133,education_037,Thi đánh giá năng lực là công bằng nhất.,tích cực,False,,
cmt_education017_0001_r18,education_017,Nguyễn Lê Trí Lộc thôi thì nhờ ráng,rác,True,,
cmt_education_004_0058,education_004,Thầy đã trả tiền e đợt 2 đây mà đi chân lạnh toát vậy thầy.thầy bảo chỉ là hiểu làm mà,tiêu cực,False,,
cmt_education011_0002_r21,education_011,Đỗ Ngọc Huyền thế từ ngày đó tới giờ bạn còn làm thư ký cho cty nào nữa ko 🤣,tiêu cực,False,,
cmt_education009_0046_r03,education_009,"Dạ, bây giờ con gái em gần 3 tuổi cũng bị bà nói là hư nữa đó chị! Mà cháu chỉ là 1 đứa con nít, mỗi lần bà nói cháu phá ko biết nghe lời em cũng nói lại với bà, bà lại qui chụp là em ko biết dạy con nữa đó chị ạ! Cháu thấy thương con còn nhỏ mà đã nghe bà ""xả rác"" rồi!",ý kiến riêng,False,,
cmt_education_040_0003_r03,education_040,Gary hs em nói em đi chơi thể thao điện tử  trong quán nét.,trung lập,False,,
cmt_education007_0068_r01,education_007,Nguyen Huu Duc câu hỏi của anh khá hay.  Đây cũng là điều mà nhiều người băn khoăn.,trung lập,False,,
cmt_education_007_0025,education_007,May quá có đủ các bằng. Các bác xếp như nào cháu cũng chiều. Mà nhất quán cho đỡ khổ. Học tốn bao thời gian giờ cứ cãi nhau loạn cả lên.,trung lập,False,,
cmt_education_017_0598,education_017,"Đến 2030 là học online tại nhà, thi luôn online k phải đi đâu cho tốn kém",ý kiến riêng,False,,
cmt_education_037_0129,education_037,Học bạ thì 3 môn 25đ thi tốt nghiệp thì 4 môn không được 20đ vẫn học đại học ầm ầm,tiêu cực,False,,
cmt_education_017_0035,education_017,Biết thế này lấy chồng sớm đẻ sớm con đỡ khổ😂😂,trung lập,False,,
cmt_education_001_0036,education_001,Hi vọng sẽ sớm có cơ chế về vấn đề phòng và chống tham nhũng trong giáo dục ^^.,tích cực,False,,
cmt_education_017_0409,education_017,Mấy  bé  ở  thành  phố  sử dụng  máy  tính  nhiều còn  rành  thương  cho mấy  em vùng  sâu  vùng  xa k có  điều kiện  học,ý kiến riêng,False,,
cmt_education_004_0132,education_004,niệm ngay,rác,True,,
cmt_education_005_0074,education_005,"Bây giờ mong nhà nước nghiêm cấm không cho day thêm nữa, không biết đến lop học cái gì, day cái gì mà cứ đe day thêm là sao",ý kiến riêng,False,,
cmt_education_007_0247,education_007,Tôi thích Ck1-2 khám chữa bệnh hơn thạc sỹ,tích cực,False,,
cmt_education_017_0570,education_017,Này thi xong nằm tại phòng thi luôn,trung lập,False,,
cmt_education_019_0014,education_019,Bộ thối nát nên giờ có học cũng như không,tiêu cực,False,,
cmt_education011_0076_r01,education_011,Tô Thành Long pháp luật chỉ áp dụng cho dân thôi,tiêu cực,False,,
cmt_education015_0002_r13,education_015,"Huệ Hưng Bửu nhiều người không phân biệt được khác nhau giữa ""chưa"" và ""không"". Không hiểu được ý người ta nói về thứ tự trước sau, cái nào nên ưu tiên. Đúng đọc hiểu có vấn đề thật. 🙂 (Lưu ý: thiếu nước lâu ngày sẽ ảnh hưởng đến hoạt động của não bộ)",ý kiến riêng,False,,
cmt_education018_0060_r25,education_018,Trương Nam Me2 k68 tổ hợp Bách kinh xây mạnh lắm khó đi :)),trung lập,False,,
cmt_education_011_0112,education_011,Mỗi ngày đến trường là một niềm vui,tích cực,False,,
cmt_education020_0004_r21,education_020,Trọng Lập chờ có điểm biết ngay :)) vẫn có cao thủ nằm rank cao thôi :)),trung lập,False,,
cmt_education007_0003_r16,education_007,"Việc đào tạo văn bằng của ngành y tế còn có những bất cập. Bởi vì, ngành y tế khác với những ngành nghề khác, cho nên việc đào tạo ra một ông thạc sỹ y khoa hoặc một ông tiến sỹ y khoa cũng phải khác. Ví dụ như để được cấp bằng thạc sỹ y khoa thì phải bao gồm phần lý thuyết và cả phần chuyên khoa cấp I. Tương tự như vậy, để được cấp bằng tiến sỹ y khoa thì phải bao gồm cả phần lý thuyết và cả kiến thức chuyên khoa cấp II. Có như vậy thì nó mới phù hợp với công tác đào tạo sinh viên y khoa. Còn anh chỉ có mỗi cái bằng chuyên khoa cấp I hoặc chuyên khoa cấp II, thì như bộ trưởng giáo dục nói thì đây cũng chỉ là cái chứng chỉ chuyên khoa cấp I hoặc cấp II mà thôi. Vì vậy, để được cấp bằng thạc sỹ y khoa thì ngoài phần lý thuyết, còn phải bắt buộc là bác sĩ chuyên khoa I. Để được cấp bằng tiến sỹ y khoa, ngoài phần lý thuyết, còn phải bắt buộc là bác sỹ chuyên khoa II.",tích cực,False,,
cmt_education_016_0027,education_016,"Ủng hộ dự thảo, chứ để thi tốt nghiệp 27,5 còn trượt vì tuyển thẳng và quy đổi quá nhiều không công bằng bác BGD. Đề nghị nhanh chóng ban hành Quy chế tuyển sinh đại học năm 2026.",tích cực,False,,
cmt_education011_0005_r09,education_011,Hoàng Quỳnh Trang,rác,True,,
cmt_education009_0046_r02,education_009,"Phương Trần thôi thì đành làm ""con hư"" e nhỉ.",rác,True,,
cmt_education020_0004_r14,education_020,Huyen Anh Nguyen anh nào muốn vào đại học thì lo mà học cho tốt đa số tốt nghiệp đi lao động đi học nghề kiếm tiền,trung lập,False,,
cmt_education011_0006_r16,education_011,Phong Lâm k.tong bi thu truong moi dung.,trung lập,False,,
cmt_education_018_0108,education_018,Quocanh Nguyen FTU đi 1m2 gặp 2 người quen =)))) Chuyển về Chóc Chơn gấppppp,trung lập,False,,
cmt_education_037_0040,education_037,"Tuyệt vời, một bước đi đột phá cho giáo dục.",tích cực,False,,
cmt_education_011_0249,education_011,Có camera mà thầy hành động nhanh quá,tiêu cực,False,,
cmt_education_004_0051,education_004,Cứ thấy là ăn thôi.trong đó tiền sư kiên cả nước quan tâm .. bó tay,tiêu cực,False,,
cmt_education020_0003_r10,education_020,Thoa Chu đừng vì thấy con em mình không đạt điểm như kỳ vọng rồi có góc nhìn thiếu khách quan,tiêu cực,False,,
cmt_education_018_0272,education_018,"Quá mừng, nên chuyển đi",trung lập,False,,
cmt_education_017_0504,education_017,"Cái cần thì éo làm, Diễn trò.",tiêu cực,False,,
cmt_education011_0010_r02,education_011,"Tạp Hoá Chị Mén do các thầy các cô dạy 1 tuần vài tiết nên ban ngày có thời gian rảnh rỗi sắp xếp đi nhảy thuận tiện, lại tiện bề dễ nói dối ck con ở nhà",tiêu cực,False,,
cmt_education_004_0116,education_004,"Cám nhà triều đình đã xử lý nghiêm minh, cám ơn các bạn sinh viên đã dám lên tiếng",tích cực,False,,
cmt_education007_0043_r03,education_007,Huy DươngBGD ôm lại nát bấy cả ngành ra. Giữ nguyên để BYT quản lý toàn bộ các vấn đề về nhân lực ngành y tế đảm bảo chất lượng. Kinh nghiệm đi khám chữa bệnh là cứ thấy BS CK thì yên tâm còn Ths Ts thì dè chừng.,tiêu cực,False,,
cmt_education017_0014_r01,education_017,"Minh Nguyệt tiếng anh thì dễ rồi, chỉ khoanh đáp án, môn văn mới là bất lợi nè, vừa suy nghĩ ý hay vừa đánh máy vừa canh tgian cho kịp",tiêu cực,False,,
cmt_education_017_0555,education_017,Ngọc Lưu trùng sinh nhầm lúc r,rác,True,,
cmt_education_007_0216,education_007,Đúng rồi. Nên như thế.,tích cực,False,,
cmt_education_037_0104_r01,education_037,Bình Nguyễn rât nhiều bạn bị tâm lý phòng thi.,trung lập,False,,
cmt_education_009_0322,education_009,Không còn Nhân bản nữa rồi,tiêu cực,False,,
cmt_education017_0042_r10,education_017,Nhan Nhiên mạng nội bộ thì lắc mạng bao giờ,tiêu cực,False,,
cmt_education_017_0466,education_017,Tâm lý. Này HS  pay màu hết. Vì chx kịp hoàn hồn sau khi thi thì điểm làm pay hồn ^^,trung lập,False,,
cmt_education_017_0679,education_017,Thanh Thảo chắc em hphuc lắm,rác,True,,
cmt_education_011_0168,education_011,"Phòng giáo dục, mà tệ nạn hơn cả ổ mại dâm,  cần bỏ tù bọn vô đạo đức này ngay,",tiêu cực,False,,
cmt_education_038_0130,education_038,Tiếng Việt chưa rành học tiếng anh cái gì..???,tiêu cực,False,,
cmt_education_040_0097,education_040,Còn gì tung ra nốt đi 2k7 đã quá quen với việc này,tích cực,False,,
cmt_education_009_0257,education_009,giáo viên nay  day cac em theo thói côn đô thế này thi  chuyên truong cho nhanh thôi cac phụ huynh oi hiêu truong o quan tâm ma con lo truong đat chuẩn  cai gi o biêt,tiêu cực,False,,
cmt_education007_0033_r01,education_007,"Truong Hoang Trung thế giới họ công nhận Thạc sĩ, Tiến sĩ chứ CK1-2 còn tùy vào quốc gia và khu vực đó, CK1-2 dịch ra tiếng nước ngoài rất khó bởi vì hệ thống đào tạo họ khác mình bác nhé.",trung lập,False,,
cmt_education011_0002_r04,education_011,❌ vừa  xe;m cờ l;íp vụ này  bên Phố Hóng Hớt,tiêu cực,False,,
cmt_education_005_0262,education_005,Mẹ Cu ôi điên à,rác,True,,
cmt_education017_0001_r04,education_017,Hà Nguyễn vs cả nhx bn nhà ko có máy tính thi kiểu j,tiêu cực,False,,
cmt_education007_0048_r02,education_007,Trần Văn Sơn bác nói sớm cho e khỏi đi học cấy🤣,rác,True,,
cmt_education_011_0063,education_011,Cho xin thêm.thông tin đi shop,rác,True,,
cmt_education_007_0255,education_007,Nói đúng = bậc Thầy của Ths Ts luôn..,tích cực,False,,
cmt_education_037_0012,education_037,"Bỏ là tốt, thi tuyển sinh do trường tổ chức để chọn lựa sinh viên.",tích cực,False,,
cmt_education_040_0102_r02,education_040,Trang Minh dừng lại được r :),rác,True,,
cmt_education_011_0472,education_011,"Cả hai đồng tình 
Để hưởng quyền lợi",trung lập,False,,
cmt_education_011_0376,education_011,Đất nước mình thiếu gì người giỏi mà phải dùng người này.,tiêu cực,False,,
cmt_education020_0011_r03,education_020,"Người tham gia ẩn danh 242 tính gài, nhưng gặp đúng đứa học giỏi nên câm rồi à tk nhóc",tiêu cực,False,,
cmt_education_040_0072_r02,education_040,Em đeo được nò,rác,True,,
cmt_education011_0002_r01,education_011,Người tham gia ẩn danh 912 có 1 bà thôi nhưng chắc chắn  cả 2 đều có gia đình :))))),trung lập,False,,
cmt_education_017_0290,education_017,vl khổ vậy,rác,True,,
cmt_education017_0008_r03,education_017,Nq Thanh Tu Anhh 2k9 khổ chứ bộ Giáo dục đâu có khổ bộ vui mà,tích cực,False,,
cmt_education_037_0007_r01,education_037,Kiều Thanh nếu muốn giữ thì chỉ xét cho các trường trọng điểm của 200 trường thôi thì hợp lý hơn chứ xét tran lan như gdtx hoặc mấy trường 10-16đ  thì đa số mấy trường đó toàn buff học bạ chả công bằng,ý kiến riêng,False,,
cmt_education007_0010_r04,education_007,"Thu Anh mới ra trường phải đi học cchn do bs ck1 trong bv hướng dẫn đó thím. Sau đó mới dc hành nghề, vậy thì ai là Thầy của ai",trung lập,False,,
cmt_education_040_0083,education_040,quan trọng là duyệt đề án của dự bị đi đi ạ :))))))))))))),trung lập,False,,
cmt_education_009_0318,education_009,Co nay cho nghi day la dung,tiêu cực,False,,
cmt_education017_0006_r03,education_017,Cuong Viet hình như trường THCS Giảng Võ đang áp dụng mô hình học trên máy tính xách tay thì phải :))),tiêu cực,False,,
cmt_education007_0010_r05,education_007,"Thu Anh Quy định dạy học do bộ giáo dục đề ra nên họ tất nhiên ưu tiên bằng do họ cấp là Ts đó. Chứ nói ck2 mà không giỏi chuyên môn bằng Ts, để Ts dạy… thì xem lại đi bạn",trung lập,False,,
cmt_education_015_0060,education_015,Còn nhiều trường quốc tế mà đứng sau là Mĩ cũng giải thể hết luôn cho sạch xã hội tránh mầm họa phản động sau này,tiêu cực,False,,
cmt_education_015_0075,education_015,Ưng cái bụng !,rác,True,,
cmt_education_011_0229,education_011,Bộ bàn ghế khang trang đấy,trung lập,False,,
cmt_education009_0075_r01,education_009,Phương Thu Nguyễn cô giáo này có năng khiếu trong lĩnh vực cai ngục 😁,tiêu cực,False,,
cmt_education_009_0163,education_009,"Con gái e từng là cán bộ lớp, đc cô giáo cho phép dùng thước phạt đánh bạn khác, e thật sự rất ngạc nhiên vì sao cô giáo có thể nghĩ ra cách làm vậy, và e ko đồng ý với cách làm này",tiêu cực,False,,
cmt_education011_0004_r01,education_011,Nam Bắc ma bắt j học trò nữa,tiêu cực,False,,
cmt_education_037_0066,education_037,kiểu gì cũng vậy thôi. chỉ cần dạy và học tóit kiểu gì cũng ổn,trung lập,False,,
cmt_education011_0001_r01,education_011,"li*m láp đồ, cô nào cũng ngon, có cả HS nữa mà, xem bên Tin nóng 24/7",tiêu cực,False,,
cmt_education_020_0267,education_020,"Tinh tướng quá, mấy ông ở trên nói nghe ngứa lỗ tai ghê.",tiêu cực,False,,
cmt_education_009_0237,education_009,"Người thầy phải biết cho học sinh đạo làm người ,rồi cho học sinh học văn hóa ,cô giáo này chắc là giáo dục bạo lực học đường",tiêu cực,False,,
cmt_education_011_0404,education_011,Trường này chuẩn bị tuyển hơi bị nhiều giáo viên,trung lập,False,,
cmt_education014_0001_r01,education_014,"VTV24 cảm ơn VTV đã đưa tin! còn hơn là trường nào đó xóa comment, block người hỏi....",tích cực,False,,
cmt_education_009_0284,education_009,"Nếu em ko ghét cô mới là lạ, nhỏ quá nên em ko quen với từ Thù  , nên ko nói là em thu",trung lập,False,,
cmt_education_005_0006,education_005,Lương giáo viên cao nhất hệ mặt trời rui mà còn ra nông nổi này nữa thi that la....,tiêu cực,False,,
cmt_education020_0004_r03,education_020,Người tham gia ẩn danh 134 khối a mà 10 thì cũn toàn theo tiếng anh với quy đổi chứng chỉ chứ có phải khơi khơi được 10??? đề tiếng anh những năm trước với năm nay nó khác xa nhau chứ có phải đều nhau đâu ??? mọi năm tiếng anh là môn thi bắt buộc nên đề sẽ có những phần cho điểm hầu hết là từ 5-7đ còn năm nay coi thử cái đề coi nó như nào,trung lập,False,,
cmt_education_007_0090,education_007,Thì giờ byt không công nhận hành nghề cho ths là hoà 🙈,trung lập,False,,
cmt_education_011_0040,education_011,Dong Thanh Mai trường thầy ông nội,rác,True,,
cmt_education007_0005_r02,education_007,Nguyễn Quang Tráng nhưng bạn phải biết rằng BSnt nó giỏi hơn cả li thuyết và thực hành so với cái bọn thạc sĩ dởm kìa . Bọn dốt mới đi học thạc sĩ. Người ta muốn người giỏi hơn ít nhất phải được công nhận bằng thằng dốt máu chốt của vấn đề là ở chỗ này.,trung lập,False,,
cmt_education_018_0274,education_018,Ngoại thành phía nam rộng bao La,trung lập,False,,
cmt_education_011_0390,education_011,Thủc tục thăng tiến trong công việc thôi,ý kiến riêng,False,,
cmt_education_040_0114,education_040,Thanh XuânĐặng Diệu Linhh may mà bọn mình tốt nghiệp r🥲,rác,True,,
cmt_education_037_0169,education_037,Yến Hoàng Dương Dương Kimm Thiên nghe gì chx,rác,True,,
cmt_education009_0081_r02,education_009,Cấp 2 có mấy cái à. Bà ni ác hơn,rác,True,,
cmt_education007_0004_r01,education_007,Minh Lê có rồi mà,tích cực,False,,
cmt_education005_0060_r01,education_005,"Nguyễn Thùy Linh thiếu gì lý do liên quan đến túi tiền của Cô ạ, đại loại như ko đi học thêm Cô, ko quan tâm Cô vào các ngày lễ",ý kiến riêng,False,,
cmt_education_005_0030,education_005,Cho về nhà lo cho con,rác,True,,
cmt_education_040_0004_r02,education_040,"Đặng Thị Bắc sếp em bảo, chưa thấy 1 đất nước nào lại để môn pháp luật là môn tự chọn cả c ạ😃",tiêu cực,False,,
cmt_education_013_0005,education_013,7600 tỷ là nghìn tỷ mà đọc thế nào thành 7 tỉ :)))) nghĩ sao shark mà 7 tỉ ko nộp lại cho nhà nước đc :)),tiêu cực,False,,
cmt_education009_0030_r01,education_009,Lê Ngọc Mai vl giáo viên 😂😂😂,rác,True,,
cmt_education_037_0306_r01,education_037,"Nguyễn Viết Nam muộn hơn không thầy ạ,",rác,True,,
cmt_education_017_0354,education_017,bộ ơi khó coi quá👎,tiêu cực,False,,
cmt_education018_0011_r03,education_018,Tuấn Văn Nguyễn Bất tiện ? có thẳng cao tốc từ nội thành về hoà lạc đi xe máy thì 40 -50p đi ô tô thì 30 ???,trung lập,False,,
cmt_education_040_0176_r03,education_040,Lan Anh bg vẫn vậy đó mừ🥲,rác,True,,
cmt_education_037_0145,education_037,"Đúng rồi 
Phải thi đầu vào thì chất lượng mới cao và phản ánh đúng năng lực
Xét học bạ đẹp , cơ chế xin - cho ươm mầm từ bé trách sao khi trưởng thành tham nhũng gia tăng",tích cực,False,,
cmt_education013_0019_r15,education_013,"Trần Kim Hoàng tiền rút hết tuồng ra nước ngoài rồi con cháu đi định cư ở bển có cơ hội thì nhập tịch luôn. Vì họ ko phải ng phạm tội nên khó mà thu hội được, với số tiền cỡ đó thì nhập tịch dễ lắm vì nước nào cũng khuyến khích và tạo điều kiện cho ng nước ngoài đầu tư vào nước họ mà.",tiêu cực,False,,
cmt_education011_0020_r03,education_011,"Hồng Diệu Trường tư thục sẽ có chủ tịch, giống như công ty TNHH thôi , người bỏ tiền ra để đầu tư xây dựng trường chứ k phải kinh phí của nhà nước nhé, dưới chủ tịch sẽ có hiệu trưởng , giống tổng giám đốc, giám đốc vậy á :D",trung lập,False,,
cmt_education_004_0101,education_004,Lương hiệu trưởng không đủ sống hay sao mà bắt nhà nước phải bao nuôi mới chịu vậy,tiêu cực,False,,
cmt_education_004_0118,education_004,"Cơ quan điều tra xác định, vào tháng 11/2025, Bộ Văn hóa - Thể thao và Du lịch duyệt chi tiền cho 984 sinh viên Trường Cao đẳng Du lịch Hà Nội tham gia A80 với tổng số tiền là 1.928.640.000 đồng.
Xem thêm: https://tienphong.vn/vu-an-chan-tien-boi-duong-a80-khoi-to-hieu-truong-truong-cao-dang-du-lich-ha-noi-post1804949.tpo",rác,True,,
cmt_education_017_0535,education_017,Thi thế này HS đáng ra chỉ 2 phần áp lực sau khi biêt điểm chắc nó phải áp lực lên gấp đôi gấp 3,ý kiến riêng,False,,
cmt_education011_0009_r01,education_011,Phòg hiệu trưởg xưa giờ xịn mà,trung lập,False,,
cmt_education020_0004_r04,education_020,"Đoàn Hà phổ cập hết lớp 9 là đọc thông viết thạo rồi. Vào cấp 3 là phải thi đầu vào nhưng điểm chuẩn tổng ba môn phải  từ (12 đến 15 ko nhân hệ số)  trở lên đối với đồng bằng trung du. Còn vùng cao xa xôi, khó khăn thì CS riêng",trung lập,False,,
cmt_education007_0012_r02,education_007,Duc Thai Tran qua mỹ mà học,trung lập,False,,
cmt_education007_0046_r14,education_007,Dạ Thy đúng vậy.bsi làm ở BV lớn dù học học hàm học vị gì cũng đều rất giỏi.còn làm tuyến cơ sở dễ bị lụt nghề .,tích cực,False,,
cmt_education015_0001_r06,education_015,Lương Ngọc thiểu năng à nói ko ra đầu đuôi.chắc lại sọc rồi?!,trung lập,False,,
cmt_education011_0002_r09,education_011,Đỗ Ngọc Huyền chưa kịp đến hồi kết à🤣,ý kiến riêng,False,,
cmt_education_005_0073,education_005,Trường này trùm mà.giáo viên tranh nhau ai giàu hơn nên vậy,tiêu cực,False,,
cmt_education004_0001_r26,education_004,"Nhung Giang nếu sự việc có thật thì bạn nên cùng những bạn tham gia A80 nên làm đơn nhé bạn, chắc chắn quả báo tới nhanh thôi",ý kiến riêng,False,,
cmt_education007_0053_r02,education_007,"Duyen Tran trong ngành luôn đấy bác. Rất vui vẻ chia sẻ với bác ạ. Bác chắc hệ bsnt,ck1,2 muốn chuyển ngang cơ đúng k? Chứ bác cứ thi ths đi thì bác thấy bgd có lý, và byt nhà mk nên xd lại chương trình gd sau đại học để chuẩn hoá ngang quốc tế ạ.",trung lập,False,,
cmt_education017_0002_r19,education_017,"Nguyễn Việt hỏi 1999, 2006 đi",rác,True,,
cmt_education_037_0040_r03,education_037,Quay lại như xưa đã là đột phá rối.,tiêu cực,False,,
cmt_education_011_0540,education_011,Đủi việc đi.dạy ai nữa,tiêu cực,False,,
cmt_education020_0004_r25,education_020,TienTuyen Cao xet hoc ba tieu cuc lam ban a,trung lập,False,,
cmt_education_020_0058,education_020,Cho làm thử xem làm đc ko.ko làm đc thì nên cho về,tiêu cực,False,,
cmt_education009_0012_r01,education_009,"Hayley Nguyen Ko quan trọng lắm đâu em! Trường nào cũng có cái tốt va chưa tốt, chưa phù hợp",trung lập,False,,
cmt_education_037_0323_r01,education_037,Diễm My ê vậy khỏi học trên lớp ôn đgnl từ lớp 10 =)),trung lập,False,,
cmt_education_017_0012,education_017,Ở  nông thôn  10 nhà  thì  3 nhà  có  máy  tính. Thế  ko cần  học  viết  cho các  con  viết và  học bằng  máy  tính  rồi  hãy  quyết định  thi  cái  nào  hiệu  quả  hơn,tiêu cực,False,,
cmt_education_037_0223_r01,education_037,Phạm Dũng xét học bạ + dgnl+ ielts,rác,True,,
cmt_education_011_0113,education_011,Thẻo dái nó . Hăng máu cho vô tù,tiêu cực,False,,
cmt_education_007_0077,education_007,"Các đc ngành y đừng tranh luận sâu quá rồi người ta hiểu hết thì các ông chả đc gì nhưng tôi chỉ hiểu riêng bs nội trú thì khi họ học xong phải tương đg ths và ck1 chứ vì họ chuyên sâu lâm sàng một chuyên ngành còn gì. Nếu k thì học nội trú làm gì, ra trg đi làm và đúng trình tự theo cấp bậc đỡ mất 3 năm nội trú thi khó nhất VN",trung lập,False,,
cmt_education011_0001_r29,education_011,📞 09135 79115 - Thầy Nguyễn Văn Đạt -  Chủ tịch hội đồng trường,rác,True,,
cmt_education_005_0268,education_005,"Trời ơi trời, cô giáo đây hả trời?",tiêu cực,False,,
cmt_education011_0016_r03,education_011,Trường tư mà. Khả năng rất cao ko phải giáo viên.,trung lập,False,,
cmt_education_011_0057,education_011,Bữa thấy che khăn xanh,trung lập,False,,
cmt_education020_0002_r09,education_020,Ruby Bảo Ngọc làm truc tiêp trên truyen hình de phu huynh va học sinh dám sát xem làm kip thơi gian mây ô bà ra nhu vây ko,trung lập,False,,
cmt_education_009_0233,education_009,Trường đạt   từ chuẩn   quốc gia   mà có những người  làm co giao mà   dao Đức   vậy thì   chỉ   chạy   theo thanh tích   mà thoi   phải lên tiếng manh me    có giao ms cho học sinh tắt bạn vậy   thì về mà   đi  chăn day  lợn,tiêu cực,False,,
cmt_education_007_0334,education_007,"Theo tôi hoc vI bằng cấp mỗi nước mỗi khác. Ở VN anh có Tiến sĩ chua chắc bằng Anh cử nhân hoắc KỶ SƯ.
Bởi vì TS của anh chỉ học chuyen 1 ngành. Như TS am nhạc  TS Cong an Quan đội...Ts thể duc thể thao... Đó chưa kể bằng đi MUA....
bởi tiền.",trung lập,False,,
cmt_education017_0007_r01,education_017,Huyền Huyền k lỗi được đâu mà lo b. Thi này dùng sw,trung lập,False,,
cmt_education_004_0154,education_004,Lại thêm một sự kiện vào Táo Quân,trung lập,False,,
cmt_education011_0001_r10,education_011,"Theanh28 Entertainment 🔥cănq nha.... mớii xemm fuII vj₫eo bên ➡️ Hóng Tin Đường Phố 

😡",trung lập,False,,
cmt_education_015_0018,education_015,"Phải thế k là đào tạo phản động từ trong trứng , nuôi ong tay áo",tiêu cực,False,,
cmt_education_017_0027,education_017,Thi xong chắc 2k9 tranh giành suất vào bệnh viện=))),tiêu cực,False,,
cmt_education_005_0259,education_005,"Cái học ngày nay đã hỏng rồi, Mười thằng đi dạy chín thằng... lưu manh.",tiêu cực,False,,
cmt_education_017_0450,education_017,Thi xong mà điểm thấp là ngất tại chỗ 😅,tiêu cực,False,,
cmt_education_040_0207,education_040,tha e,rác,True,,
cmt_education_017_0210,education_017,Có khi xem điểm xong ngất luôn quá 💩,trung lập,False,,
cmt_education_017_0310,education_017,thi xong lăn ra lâm sàng luôn 😊,tiêu cực,False,,
cmt_education_009_0290,education_009,Con giáo viên này ác hơn cầm thú,tiêu cực,False,,
cmt_education020_0001_r39,education_020,"Người tham gia ẩn danh 158 nếu là năm nay thì chắc đgnl giúp được mỗi cái nền th, nâng cao thì vứt r",tiêu cực,False,,
cmt_education_037_0004,education_037,"Có Giáo viên ra đề kiểm tra dễ, có giáo viên ra đề kiểm tra khó, có trường ra đề thi dễ, có trường ra đề thi khó, thì kết quả trong học bạ có giống nhau không. Trừ khi tất cả các trường đều làm chung đề kiểm tra thường xuyên, giữa học kỳ, cuối học kỳ... thì mới tính chuyện xét học bạ. Chưa kể tiêu cực trong điểm số... Chưa kể quay cóp để được điểm cao....Thi cử là công bằng nhất",ý kiến riêng,False,,
cmt_education_011_0335,education_011,Công nhận ặc thằng hieu truong ni chắc to nên cô nào cũng ham. Ri thì chắc hết cả dàn ở đó luôn,tiêu cực,False,,
cmt_education_017_0526,education_017,Hoàng Lân khả lăng t  đi trc m một bước,rác,True,,
cmt_education020_0006_r14,education_020,Nguyễn Lệ đề T.A có 10 câu liên quan tới việc học ielts mà có người là giáo viên bảo hoàn toàn trong chương trình phổ thông. Các con ko làm được là do ko chịu học. Thật nực cười và còn đề toán nữa...,tiêu cực,False,,
cmt_education_037_0002_r34,education_037,"Nguyễn Zen đồng ý với ý kiến của bạn, phải học vất vả và chăm chỉ lắm mới có  điểm chứ không phải chơi chơi mà được điểm tốt đâu. Nhưng thi thì gói gọn trong 50 phút, có khi đợt đó bị cảm bị sốt hay tình huống bất khả kháng nào khác nữa thì tội con. Nên không thể phủ nhận 3 năm học hành vất vả của tụi con được",trung lập,False,,
cmt_education_004_0104,education_004,Sáng nấu ông này có phải hợp lý ko 😌,rác,True,,
cmt_education005_0006_r04,education_005,"An Phan thì báo có viết cô sửa đúng thành sai là do liên quan đến việc ko tham gia học thêm tại nhà cô giáo đó còn gì,",rác,True,,
cmt_education018_0005_r06,education_018,Tridung Ngo  tăng học phí lên x4 thì đổi được hết máy móc mới nha🤩,trung lập,False,,
cmt_education_038_0105,education_038,Ước được bồi dưỡng free 😂,trung lập,False,,
cmt_education_007_0246,education_007,"Thôi thì mình học Y đa khoa ra, học định hướng chuyên khoa (có thể thêm thời gian học) và CCHN rồi đi làm thôi. Không cần phải học CK cấp 1, cấp 2 nữa và BYT không cần chuyển đổi thành CK sâu làm gì. Về bằng cấp thì chỉ ThS và TS thôi.",trung lập,False,,
cmt_education007_0026_r07,education_007,"Diễm Lương trường nào ngành nào, chọi như thế nào thì cụ thể, chứ bà chị đừng có phán chung vậy có phải thành phán lung tung ko? Tôi cũng mời chị vào Nam để dẫn bà chị đi coi danh sách thi, chứ sợ nhiều khi ko tự coi đc :))",tiêu cực,False,,
cmt_education018_0071_r01,education_018,Trần Phong a chắc chắn với chú là khi mà cung thấp hơn cầu thì giá của nó chỉ cỏ đi lên chứ ko có đi xuống :)),trung lập,False,,
cmt_education_009_0007,education_009,"Hồi t học lớp 4, t và 2 thằng nữa  ngồi nữa ngồi bàn cuối nghịch ngu , 3 thằng vặt nhau ngã cả người lẫn ghế ra đất bị thầy dạy thể dục bắt lên trên bục giảng tát xoay vòng. Vừa tát vừa cười. Thầy bảo tát mạnh thế là tát mạnh theo ý của thầy . thế là 3 thằng méo mặt đéo cười được nữa. 3 thằng tát nhau trong 30p mà đéo thằng nào giám khóc. Công nhận hồi ấy mình ngu thật. Liêm Đức Lanh Duy Vũ",trung lập,False,,
cmt_education_007_0126,education_007,Ko quản lý đc nên dỗi 😛,tiêu cực,False,,
cmt_education_038_0120,education_038,Pham Phuong Anh bạn àh,rác,True,,
cmt_education_018_0024,education_018,Tuyệt vời 💖,trung lập,False,,
cmt_education020_0005_r04,education_020,Hạnh Thị bộ sách mơi này rất hay  bạn ạ- mình là GV đọc và làm bài tập cảm giác đổi mơi tư duy nhiều- bài tập tích phân và đạo hàm có nhiều ứng dụng vào thực tiễn cuộc sống. cứ ko chịu học xong lại đề nghị này kia vớ vẩn quá.,tích cực,False,,
cmt_education_040_0190,education_040,Ngt Hà🥹🥹,rác,True,,
cmt_education018_0008_r03,education_018,Ha Bui Hà Nội đang có dự kiến xây gần 1000 trường mà. Trong đó ưu tiên xây trước ở 33 phường đang thiếu nặng nhất. Bạn lên vnexpress đọc bài. Từ từ rồi BGD sẽ bị sờ gáy dần từng vấn đề thôi.,trung lập,False,,
cmt_education018_0018_r05,education_018,Năm nay Hà Nội là thành phố có chỉ số không khí ô nhiễm nhất thế giới .các xếp to cũng đang từng bước chuyển những gì và làm những gì có thể để Hà Nội tốt hơn và là nơi đáng sống thôi.,trung lập,False,,
cmt_education_020_0006,education_020,Báo cáo song rùi sao. Chỉ khổ các con thương các con.,tiêu cực,False,,
cmt_education_011_0275,education_011,Điên Máy Viếthungkkk,rác,True,,
cmt_education_040_0198,education_040,Trần Đăng Khoa 🙂,rác,True,,
cmt_education017_0009_r01,education_017,"Phan Hạnh chắc sẽ có chứ, giờ tụi nhỏ thi nhiều cái cũng trên máy tính rồi mà.",trung lập,False,,
cmt_education_017_0129,education_017,Quan trọng là máy dàn máy của trường:],trung lập,False,,
cmt_education007_0002_r10,education_007,"Văn Hưng Vũ về mặt bằng chung là hơn nhưng cũng ko đến mức ông nội đâu. Mình ck1 đây nhưng nhiều cái bsnt vẫn hỏi mình, và có cái mình cũng hỏi bsnt. Nghề này là học thầy, học hỏi lẫn nhau, và update các guidline và áp dụng linh hoạt vào cá thể hoá điều trị. Thân!",trung lập,False,,
cmt_education_011_0061,education_011,Vác lon lên cho khầy thì chịu rồi😂😂😂😂,rác,True,,
cmt_education020_0005_r02,education_020,Người tham gia ẩn danh 777 cho em hỏi điểm toán lí anh từng môn a/c là bnhieu đc ko ạ,ý kiến riêng,False,,
cmt_education_037_0104_r02,education_037,"Bình Nguyễn chuyện, khi trưởng thành các bạn sẽ ổn định, tập dần.",trung lập,False,,
cmt_education_037_0002_r09,education_037,"Nguyễn Zen rất chính xác, cùng quan điểm với bạn!",tích cực,False,,
cmt_education020_0002_r01,education_020,"Ruby Bảo Ngọc các ông đấy làm dư sức. Hỏi người ra đề là đc, 2 cái câu khó nhất của toán nó đều có đáp án dạng phân số trong đề bài, điều đó chứng tỏ là ngưởi ra đề biết làm chứ ko phải nghĩ bừa ra",ý kiến riêng,False,,
cmt_education_037_0215,education_037,Dạ em đồng ý,tích cực,False,,
cmt_education_037_0027,education_037,Rồi phát sinh học bạ ảo sẽ loạn cào cào,tiêu cực,False,,
cmt_education_017_0361,education_017,Gòi gòi sứn,rác,True,,
cmt_education_009_0016,education_009,Hs hiền quá! Cả lớp đoàn kết ko đánh bạn thì cô làm gì????,trung lập,False,,
cmt_education015_0001_r03,education_015,TIỀN GIẤY VIỆT XƯA  Bạn nói quá đúng !!!,rác,True,,
cmt_education017_0115_r01,education_017,Anh Nguyen đag làm bài mà máy lag chắc xỉu cái đùng🥰,tiêu cực,False,,
cmt_education_007_0283,education_007,"Bs mà học xong CKI , CKII mù cả mắt ấy mấy ông ạ …,!",tiêu cực,False,,
cmt_education011_0009_r10,education_011,Nguyễn Sinh vì ông ta nghĩ chỉ có 1 mình ông ta có quyền quản lý camera này thôi. Còn việc ông ta đi che camera lại là mấy em kêu ông ta che bớt lại thôi.,tiêu cực,False,,
cmt_education_011_0613,education_011,Số hưởng 😂 đệu đùuuuu,rác,True,,
cmt_education017_0002_r02,education_017,"Vu Biển tui cũng 2k9 khó mà hoàn thành tốt lắm, chưa kể việc có điểm liền sẽ gây ảnh hưởng tâm lý cho các môn thi tiếp theo, vừa phải ôn bài vừa phải nghĩ về điểm của bài trước, lỡ có điểm tốt hay ko tốt thì cũng snghi nhiều về điểm đó mà ko làm dc bài của môn sau",tiêu cực,False,,
cmt_education005_0003_r03,education_005,"Nguyễn Vĩnh lên tìm hiệu trưởng nói chuyện đi b, chứ đừng để con ấm ức",tiêu cực,False,,
cmt_education_038_0008,education_038,"Tôi là GV cũng được coi là lớn tuổi, dạy môn KHTN. Tôi ủng hộ việc dạy các môn Toán, Khoa học tự nhiên bằng tiếng Anh. Các môn Khoa học xã hội nên dạy hoàn toàn bằng tiếng Việt. Tôi cũng rất dị ứng với những ý kiến chỉ trích chủ trương này. Thế giới ngoài kia tiến lên mà sao mình cứ thích kéo lùi lịch sử?",tích cực,False,,
cmt_education_040_0101,education_040,Tuyệt vời nè,tích cực,False,,
cmt_education007_0043_r04,education_007,"ThsTs đầy ng giỏi mà, ck kp ai cũng giỏi đâu. Chung quy là đâu chả có this that",trung lập,False,,
cmt_education_005_0215,education_005,Nhiều khi cao mà các bạn chưa tốt cũng phải hạ xuống 1 chút.cuối kì 2 mới quan trọng. Tuy nhiên vì kg đi học thêm cũng hơi kì.rút kinh nghiệm vậy,ý kiến riêng,False,,
cmt_education_018_0131,education_018,Xây cấp 3 hợp lý,trung lập,False,,
cmt_education020_0001_r15,education_020,Người tham gia ẩn danh 456 cái đề toàn trắc nghiệm thi cũng rớt được cái tnghiep xong giờ đi mõm à thg đầu cu,tiêu cực,False,,
cmt_education_009_0079,education_009,Bài toán sai 26ban mà vắng 3 bạn là còn 23 bạn  thì lớp sỉ sô 27 bạn kia,trung lập,False,,
cmt_education_038_0042_r01,education_038,Hứa Tiên rất nhiều giáo viên tiếng Anh bảo phiên dịch đếch phiên dịch được,tiêu cực,False,,
cmt_education_007_0095,education_007,"Tôi đang theo học CK1 đây. Tôi thấy đồng ý quan điểm của BGD. Cốt lõi vấn đề ở đây là "" chính sách đãi ngộ chưa tương xứng""",ý kiến riêng,False,,
cmt_education009_0027_r08,education_009,Quan trọng là thần thái thôi,rác,True,,
cmt_education_004_0174,education_004,Có trả lần 2 mà sao khởi...,ý kiến riêng,False,,
cmt_education_005_0146,education_005,Thu bằng và đuổi khỏi ngành,tiêu cực,False,,
cmt_education004_0001_r38,education_004,Nguyễn Hữu Thiện ỉa ra quần luôn ấy bác. Làm thầy mà ngu thế này thì ăn cơm cân cũng xứng đáng. Gà què ăn quẩn cối xay,tiêu cực,False,,
cmt_education_005_0167,education_005,Con tui  đi học tui chẳng thấy bài thi nó mang về . cũng ko thấy lúc đi họp cô phát cho xem báo giờ cả,trung lập,False,,
cmt_education007_0002_r16,education_007,.....không phải chỉ có dạ dầy tôi sẽ còn loạt câu hỏi chuyên môn ngành y về lý thuyết chưa nói đến thực thao tác thực hành nhưng trước tiên bạn hay thầ thuốc ưu tú nào giúp bạn trả lời cũng được nếu không ai trả lời hãy nhờ cựu bộ trưởng Nguyễn Thị Kim Tiến người có 2 tấm huân chương Bắc Đẩu Bội Tinh chính phủ Pháp tặng nếu bà Tiến trả lời thấu đáo những câu hỏi này thì xin đề mghij chính phủ giảm án tử hình xuống tù chung thân cho bà Tiến theo chính sachz nhân đạo chứ tội của bà ấy lớn không phải chỉ làm thất thoát lãng phí  tiền chính phủ mà tôi đang coi bà ấy thuộc tội hình sự về chuyên môn ngành y tế vì những cái chét oan uổng của bệnh nhân trong các bv thời bà ngồi ghế bộ trưởng điều hành hoạt động của bộ y tế cơ ạ !,trung lập,False,,
cmt_education_040_0189,education_040,HUYỀN MAI ừ,rác,True,,
cmt_education_037_0076,education_037,"12 năm học, thi 1 lần cho biết kiến thức nằm trong mức nào so với cả nước.",trung lập,False,,
cmt_education_020_0201,education_020,Vậy ba chục năm trước bộ chỉ lo bán bằng dạy giã học giã thôi sau,tiêu cực,False,,
cmt_education_017_0532,education_017,Đau dài không bằng đau ngắn :)))),trung lập,False,,
cmt_education_037_0009_r09,education_037,Đoàn Huấn e thấy bk xét cả 3 đấy ạ,rác,True,,
cmt_education_007_0016,education_007,"Bác sĩ chuyên khoa một, chuyên khoa hai và nội trú nên bổ sung một số đề tài nghiên cứu phù hợp với yêu cầu của bộ giáo dục đào tạo để chuyển đổi là một phương án phù hợp nhất",trung lập,False,,
cmt_education_039_0097_r09,education_039,Thanh Thanh nghĩa là tuy web  bộ ko có tên nhưng trường báo đậu thì vẫn đậu vẫn dc học à bạn ?,trung lập,False,,
cmt_education017_0002_r09,education_017,"Nguyen Bao Ngoc thi trên mt cũng vui mà, nhận điểm thi k vui😊",tích cực,False,,
cmt_education017_0007_r03,education_017,Trang Thu 😂 máy tính nhà nước cấp chứ để nhà mang đi thì khác gì mang tài liệu,tích cực,False,,
cmt_education011_0004_r21,education_011,Vuong Lv trường tư thục. Chứ chả có trường công nào được vậy.,trung lập,False,,
cmt_education017_0002_r03,education_017,"Thùy Vân chúc mừng Bạn đến với thế giới này. Nói ""Hi"" với thế giới Dễ dàng nào",trung lập,False,,
cmt_education017_0042_r08,education_017,Hoang Truc Nguyen mạng exam thì lo j sập,rác,True,,
cmt_education_018_0003,education_018,Về sóc sơn thì đẹp,tích cực,False,,
cmt_education007_0013_r03,education_007,Biển Xanh ông mô rớt thạc sĩ là nhà ở vô ck1 hết,tiêu cực,False,,
cmt_education009_0002_r02,education_009,"Hoàng Vân 🤣 t ko nhìn thấy nhưng nghe đồn chảy máu mồm luôn, đáng sợ vl",tiêu cực,False,,
cmt_education_037_0113,education_037,"Học 2 buổi/ngày. Bài mới học ko kịp, về nhà còn bài tập, cuối tuần cũng có bài tập. Mỗi học ở trường cả ngày, tối về học bài, cuối tuần học bài làm bài.. phụ huynh còn bị xoay mòng mòng vì phải nhắc nhở đi học đúng giờ, chở con, rước con đúng giờ, nhắc nhở học bài, soạn bài, làm bài, bla bla.... Học sinh mệt còn phụ huynh thì stress...",tiêu cực,False,,
cmt_education_037_0298_r02,education_037,"Cá Hú nó có mục ghi thpt mà xét theo cday cũng dc , với cả quy đổi ra cũng kco bao nhiêu , thi thì càng ngày càng khó ác vcl",rác,True,,
cmt_education017_0041_r03,education_017,Lê Kim Bình hệ luỵ gì thế? Đề khó thì thúc con học. Xưa thi Đại học đề khó lòi mắt ra có thấy PH lên kêu như vạc thế này đâu,tích cực,False,,
cmt_education_039_0005,education_039,"Web bộ mình lỗi k hiển thị luôn mà mình xác nhận nhập học, đóng hp ròii điền profile trên web trường tất là ok rồi chứ?",trung lập,False,,
cmt_education011_0020_r14,education_011,Hồng Diệu mình cũng thắc mắc,rác,True,,
cmt_education011_0016_r04,education_011,Đây Có Tui phòng hiệu trưởng tui tưởng đâu phòng chủ tịch nước ko á trời.,tiêu cực,False,,
cmt_education011_0009_r03,education_011,Đa số là phòg hiệu trưởng riêng bạn ơi còn phòg họp là khác,trung lập,False,,
cmt_education015_0004_r03,education_015,Đỗ Tùng Lâm thấy thằng huy dạo này ko còn nhà ở r á,rác,True,,
cmt_education015_0001_r08,education_015,"Tuyền Văn Hóa hs trường này ra ngoài, cấp 2-3 thì trình độ tiểu học so với trường làng nhé",tiêu cực,False,,
cmt_education007_0004_r02,education_007,Minh Lê có rồi bạn,tích cực,False,,
cmt_education007_0001_r07,education_007,Vũ Thúy Nga có khối đó hoc 10 năm bằng luong hoc 4 năm,trung lập,False,,
cmt_education007_0018_r04,education_007,"Kim Hồng Nguyễn hi. Bạn nói đúng quá.  CKII đã chuyeen sâu lâm sàng rồi, nếu kết hợp thêm bằng Tiến sĩ nữa thì đúng là 'Trùm cuối' của ngành Y luôn! Họ không chỉ là 'Trùm cuối' về kiến thức mà còn là trụ cột trong việc đào tạo, định hướng chuyên môn và phát triển y học nước nhà. Nhưng tinh hoa như vậy thì ít. Chủ yếu là các thầy cô hoặc bác sỹ ở các trường y dược, bệnh viện lớn thôi.",tích cực,False,,
cmt_education016_0031_r01,education_016,Lưu Hiền https:/\/www.facebook.com\/khanh.huyen.875594\/videos\/843589092000760\/ chị đang hiểu chưa đúng đó ạ. c tham khảo nhé ạ,trung lập,False,,
cmt_education_011_0312,education_011,T thấy các ce tự nguyện mà,trung lập,False,,
cmt_education_004_0083,education_004,Đớp ít thôi,tiêu cực,False,,
cmt_education020_0004_r05,education_020,Trần Quốc Hùng thực tế có điểm rồi và đề dễ thật.,tiêu cực,False,,
cmt_education_009_0045,education_009,"năm lớp 4 , lớp tôi cũng có tình huống như vậy. chỉ vì cái lỗi để lộ ra là cô giáo đổi chỗ ngồi vì có đoàn dự giờ. và bạn ấy đã bị cô bắt đứng lên bảng trước khi tan học. ai ra về đều phải tát bạn đó 1 cái. vì là chị tôi nên tôi chỉ vuốt nhẹ. nhưng cũng cay lắm vì không làm được gì. cuối cùng cô giáo đó cũng chỉ phải xin lỗi. nhẹ nhàng quá. Haizzz. Vào thời điểm này thì chắc cô không còn cửa để có thể đứng lên bục giảng thêm 1 lần nào nữa trong đời rồi.",trung lập,False,,
cmt_education_009_0293,education_009,giáo dục thời nhà sản vệ nó ưu việt vậy đó,tiêu cực,False,,
cmt_education_009_0146,education_009,Em vừa đọc bài báo này xong. Thật kinh khủng!!! Thằng bé còn bị bạn ghét nên bị tát mạnh hơn!!! Cô giáo và trường đưa tiền để k làm to chuyện. Hic hic vừa tức vừa căm cái mụ cô giáo.,tiêu cực,False,,
cmt_education_011_0044,education_011,Khăn này xong việc lại gỡ xuống để lau chùi dọn dẹp,trung lập,False,,
cmt_education011_0004_r33,education_011,Nguyễn Hòa bh ở tỉnh còn giàu và phát triển hơn cả HN ấy chứ. Ở HN bh chỉ dậm chân tại chỗ. Chứ có sửa sang đc gì mấy đâu c,ý kiến riêng,False,,
cmt_education_007_0173,education_007,10 điểm! Tương đương có mà loạn hả!,tiêu cực,False,,
cmt_education_005_0195,education_005,Bình thường mà.,trung lập,False,,
cmt_education007_0004_r04,education_007,Tuân Minh Lê a hãy chia sẽ thêm cho nhiều người có cái nhìn đa chiều.,trung lập,False,,
cmt_education015_0012_r10,education_015,Thìn Nguyễn mày bị ngáo ah ? Tao phe cộng sản thằng ngu,rác,True,,
cmt_education_011_0618,education_011,Chúc các chị vợ này sắp tới luôn gặp nhiều may mắn 😊,tích cực,False,,
cmt_education_037_0061,education_037,Kg xét học bạ xét theo học giỏi hay học yếu cho công bằng nếu khen thưởng ai cũng có thưởng thì kg cần phải học   !,tiêu cực,False,,
cmt_education009_0004_r01,education_009,"Thu Ha mình đồng ý sâu sắc với Thu Hà điểm này, cái điều không ai nhắc đến và nếu không giải quyết thì sẽ nhiều sự việc tồi tệ hơn xảy ra",trung lập,False,,
cmt_education_038_0041,education_038,Từ khi môn Tiếng anh chuyển sang tự chọn thi tốt nghiệp . Học sinh vùng ven và nông thôn hầu như bỏ bê . Không học . Bây giờ các vị đưa vào là ngôn ngữ thứ hai . Liệu có hoang tưởng không .,tiêu cực,False,,
cmt_education020_0005_r01,education_020,Phuong Lan,trung lập,False,,
cmt_education_017_0612,education_017,Một phút nghẽn mạng cả triệu mạng ngừng thở😀,tiêu cực,False,,
cmt_education_007_0295,education_007,"Đúng là ở VN, cái mác tiến sỹ quá lớn, ngay cả người trong ngành cũng nghĩ TS hơn CK2. Nhưng thực ra tiến sỹ cũng chỉ là nghiên cứu.  Còn ngành y phải hơn thua nhau về kinh nghiệm thực hành mới đúng.",trung lập,False,,
cmt_education_011_0449,education_011,Ấm chén thay đổi theo các cô giáo nhỉ,tiêu cực,False,,
cmt_education017_0012_r08,education_017,"Vũ Việt Anh nhấp chuột, nhập số :)) chả nhẽ mấy cái đấy lại khó quá",tiêu cực,False,,
cmt_education_015_0098,education_015,Hãy để thế hệ trẻ viết tiếp câu chuyện lịch sử của cha ông đã gây dựng để lại và biết bao những hy sinh cho đất nước.... trứ đừng để ngoại bang nó lấy cái mác rồi nó nhồi nhét những thứ nguy hại,tích cực,False,,
cmt_education017_0017_r01,education_017,Thao Nguyen chuẩn luôn ngồi đó mà khóc,trung lập,False,,
cmt_education_017_0406,education_017,Mạng mà chập chờn 1 cái là mấy e ngất lun,tiêu cực,False,,
cmt_education018_0017_r13,education_018,Lê Trần Bách Bạn bị gì à? Trường đang ở đấy ko lên đấy thì lên đâu? Tốn lời khuyên chứ chả đc gì,trung lập,False,,
cmt_education013_0014_r05,education_013,Gia Nhiên Phạm ngta đang bán xe điện bn ơi😂làm gì có “lỗi”,trung lập,False,,
cmt_education_038_0060,education_038,"Đạo đức, GDCD cần học",trung lập,False,,
cmt_education_017_0636,education_017,"Con tôi 1 đứa 2k9, 1 đứa 2k10. Chúng nó chắc ko sao. Chỉ có tôi, dễ thăng vì đau tim lắm! 💔💔💔",tiêu cực,False,,
cmt_education018_0003_r06,education_018,Tối lại chạy vô nội đô làm thêm.,trung lập,False,,
cmt_education017_0002_r12,education_017,VTV7 2k9 khóc théttt,rác,True,,
cmt_education_007_0018,education_007,"BYT nên thảo luận với BGD để làm rõ tiêu chí Ths Ts như nào. Sau đó đáp ứng các tiêu chí đó. Thi đầu vào, đầu ra, mời BGD tham gia để đảm bảo thực thi các tiêu chí đó. Để sau khi hoàn thành NT, CK đều được cấp luôn Ths Ts theo tiêu chí của BGD.",trung lập,False,,
cmt_education_011_0109,education_011,Chuẩn bị chào Mừng ngày nhà giáo Việt Nam nghe tin học trò và phụ huynh sốc ngang.....!,tiêu cực,False,,
cmt_education013_0014_r09,education_013,Tuan Anh Dang  =)) mõm thì câm,rác,True,,
cmt_education007_0013_r01,education_007,Tuấn Trịnh,tiêu cực,False,,
cmt_education_009_0157,education_009,Nó không phải vấn đề một con sâu làm rầu nồi canh. Nó cũng không phải lý do để mn nói về những nhà giáo đang cống hiến hết mình. Đúng là cô giáo đó sai. Nhưng ko có nghĩa là vơ đũa cả nắm đc. Đó là danh dự của cả tập thể người lái đò VN ạ.,tiêu cực,False,,
cmt_education_017_0425,education_017,Giờ thi lắm chiêu trò,tiêu cực,False,,
cmt_education011_0003_r03,education_011,"fbbb ông hiệu trưởng đây, lên bài tất cả là tự nguyện mà, bên Tin nóng 24/7",rác,True,,
cmt_education_015_0020,education_015,"Giải thể nốt cái trường phân bò rơi nữa là ok. Chứ cái lũ nhóc cin nó mang cái não khai phóng của bọn mẽo, sau này toàn chống phá nhà nước.",tiêu cực,False,,
cmt_education018_0008_r03,education_018,Giáp Mạnh Tùng xong các cs ở hn thừa ra phá đi dự án chung cư xây lên thế là ngộp vẫn hoàn ngộp,trung lập,False,,
cmt_education_017_0197,education_017,có thể là ngất luôn,rác,True,,
cmt_education005_0014_r01,education_005,Anh Nguyễn kiểu không học thêm chỗ cô là trù úm ý,tiêu cực,False,,
cmt_education_005_0265,education_005,Chắc ko cho con đi học thêm nên cô giáo mới cay kiếm chuyện chứ j,tiêu cực,False,,
cmt_education_039_0069_r01,education_039,Hoàng Minh huhuhu 😭,rác,True,,
cmt_education011_0002_r23,education_011,Đỗ Ngọc Huyền cty đó s k ghi rõ tên cty ra và ng đó ra để cho ng xin việc sau có tí nhan sắc né ra k lại giống e,trung lập,False,,
cmt_education_009_0193,education_009,"Em cũng hỏi con mình câu hỏi như chị, cháu cũng nói : con sẽ không tát bạn, con sẽ nói cô đừng như thế,..bạn nhà em hồi giờ cũng chỉ cho học ngoài công lập vì mẹ cháu cũng từng là gv mất dạy nên quá hiểu mọi sự chị ạ.",trung lập,False,,
cmt_education_011_0264,education_011,Thầy ni gọi là thầy đụ nỉ,tiêu cực,False,,
cmt_education007_0046_r19,education_007,"Tuấn Anh ts bây giờ cũng chả cần thâm niên, thấy cái bạn Huy mới ra trường nổi đình nổi đám đi học ts không. Còn bs ck thì họ phải đi làm bv, trong time đó bv đã cấp cho họ cchn phù hợp chuyên ngành họ đang làm rồi, sau đó mới đc cho đi học",trung lập,False,,
cmt_education016_0004_r04,education_016,Nguyễn Hồng Nhung trọng số của môn toán hoặc văn trong tổ hợp chứ k phải điểm xét đâu c ơi. Ví dụ toán lý hoá thì toán chiếm 1/3 trọng số rùi đó c. Nhưng nếu tổ hợp toán lý hoá hoá (4môn) lúc này toán chỉ chiếm 1\/4 theo thang 40 <1\/3 (thang 30) thì ko được. Phần này các trường sẽ chủ động tính toán tổ hợp môn sử dụng xét tuyển c ah,trung lập,False,,
cmt_education_016_0035,education_016,Đề nghị bộ công bố rõ những ngành nào bộ phối hợp quy định ngưỡng đầu vào ở mục 8 cho thí sinh biết luôn để định hướng cho phù hợp,ý kiến riêng,False,,
cmt_education007_0002_r24,education_007,"Nguyễn Thắng Ông dùng tỏi giã chữa được chấn thương sọ não được thì ông không phải bệnh nhân đâu, ông là thần y rồi. Mời thần y phi thăng thiên giới, không tiễn.",tiêu cực,False,,
cmt_education_009_0173,education_009,Em thả ha ha vì cái ảnh thôi. Em cũng từng như thế và câu nói của giáo viên từng làm em bật cười trong lớp.,trung lập,False,,
cmt_education_011_0020,education_011,quản lý giáo dục chong kỷ nguyên vươn mình của đất nước,tiêu cực,False,,
cmt_education018_0010_r12,education_018,"Mưa Chiều Thu thôi nhé, b nói lan man vcc, b chê mấy ô tham nhũng, lợi ích thì bạn tự lập doanh nghiệp thay mặt mấy ô ý làm cm lun đi, cho đỡ phải tham nhũng. Còn t chỉ nói vấn đề chuyên môn, di chuyển ở đây là trên 30 cái tr ĐH lớn trong nội thành ra ngoại thành. Muốn chuyển thì phải có quy hoạch, có nền tảng cơ sở hạ tầng đã rồi mới chuyển đc, ko phải cứ thích là chuyển, ko phải cứ xây tràn lan mấy cái tòa nhà rồi bắt toàn bộ giáo - sinh viên người ta chui vào đấy dạy nhau. Nói thì éo ai chả nói đc, nhưng cứ thử làm đi, bài toán vốn, chi phí, doanh thu, lợi nhuận mà ko thông, éo th doanh nghiệp nào ngu đi làm hạ tầng cho đâu.",trung lập,False,,
cmt_education_009_0042,education_009,Mo Hoang gần nhà m k,rác,True,,
cmt_education013_0014_r12,education_013,"Mai Hằng Chức vụ truyền thông chủ yếu, CP không nhiều",rác,True,,
cmt_education017_0033_r01,education_017,Huan'z Bui  lại phải nhờ ơn trên phù hộ thôi. Hay ko bằng hên kkk,rác,True,,
cmt_education_017_0189,education_017,Thi xong máy chấm nhưng ko báo điểm trên màn hình cho thid sinh thì ok. Chứ báo điểm liền là khoa câp cứu quá tải đấy,ý kiến riêng,False,,
cmt_education013_0006_r09,education_013,"Bùi Tuấn Lực thì nó x rồi đó bạn,giờ con cháu đời sau sài thôi, hy sinh đời bố củng cố đời con rồi, tài sản nước ngoài kha khá r đấy, tài sản số hiện tại cash ra nữa thì tổng phải 10k tỏi",rác,True,,
cmt_education011_0011_r01,education_011,Oanh MaMi MaMi e còn tường ô ý gọi gái đến :)))),rác,True,,
cmt_education004_0028_r01,education_004,Hoà Hiệp Nguyễn thế phải tag công an vào ngay chứ lị,rác,True,,
cmt_education004_0053_r01,education_004,Trần Hoàng em nghĩ đầy trường đang run anh ạ!,tiêu cực,False,,
cmt_education015_0007_r10,education_015,Bùi Mạnh Dũng viết rõ ra thằng ngu.viết cũng đéo đc,rác,True,,
cmt_education015_0003_r06,education_015,"Huy Nguyên Hoàng chúng nó đang có chương trình :"" Hạt giống tự do""",tiêu cực,False,,
cmt_education_017_0382,education_017,Kim Ánh đang sĩ nộp bài cái tử luôn :)),tiêu cực,False,,
cmt_education_017_0581,education_017,Thâu xin đừng có lấy con cái của tui ra thí điểm hu hu,tiêu cực,False,,
cmt_education_007_0272,education_007,"E nhận thấy 1 điều rằng đa số mn muốn chuyển từ ck1,2 sang ths/ts còn số lượng chuyển ngược lại khá là ít, nên đa số cmt ở đây chắc mn tha thiết bộ công nhận để sang lắm. Nhưng thật ra bgd có cái lý của họ mà, byt của mình nên cân nhắc lại chương trình đào tạo để phù hợp thông lệ quốc tế hơn.",trung lập,False,,
cmt_education_037_0188,education_037,Nhất trí,tích cực,False,,
cmt_education_039_0034,education_039,Thấy trường cũng đẹp chứ ngoài ra ko biết nói gì hơn ¯\_(ツ)_/¯,trung lập,False,,
cmt_education_038_0079,education_038,Tự nhiên thấy mình đúng đắn ghê☺️,tích cực,False,,
cmt_education007_0026_r06,education_007,"Lâm Lệ Quyên tôi nói là cơ sở chứ ko cào bp như bạn nghĩ. Fb tôi để chế độ công khai đấy, ko có khoá trang đâu, bạn hãy tìm hiểu đi rồi hãy phán xét nhé.",trung lập,False,,
cmt_education011_0009_r08,education_011,Thanh Phan ko thấy trên hình ak,tiêu cực,False,,
cmt_education_011_0200,education_011,Ngáo dục tì đúng hơn,tiêu cực,False,,
cmt_education_018_0200,education_018,"Dự định thoi nhỉ, chắc mình tốt nghiệp r mới dời🥰",trung lập,False,,
cmt_education011_0002_r09,education_011,Hoàng Mỹ Thuận  trường của  ổng cam ổng quản lý,ý kiến riêng,False,,
cmt_education_011_0092,education_011,Mấy c cũng cố gắng để thăng tiến trong sự nghiệp quá nhở 😑,trung lập,False,,
cmt_education020_0003_r03,education_020,Tiêu Lan đề tiếng anh nó là ngôn ngữ mới khó là khó ở phần từ vựng và làm gì có giới hạn ở từ vựng mà đem so với sgk?,tiêu cực,False,,
cmt_education_017_0400,education_017,"Đỡ hs ko phải mất công chờ đợi điểm. Cứ a ri thì công bằng nhất. Thầy cô ko phải sợ bị chấm sai bài, cộng lạc điểm của hs. Lỡ có sai thì lỗi của máy, bài vẫn còn lưu đó 😀😀",tích cực,False,,
cmt_education_015_0036,education_015,Tuyệt vời! Muộn còn hơn không,tích cực,False,,
cmt_education_037_0009_r06,education_037,"Liên Phạm Tại sao lại bị tâm lý phòng thi? Ai cũng thi như ai ,mình bị tâm lý là do mình sao lại lấy cái đó ra để biện minh được nhỉ? Tâm lý phòng thi không vượt qua được thì dô đại học để làm gì? Cái tâm lý phòng thi chỉ để biện minh cho cái giỏi giả tạo thôi người có thực lực thì không có cái tâm lý đó đâu, nếu có thì phải tìm cách mà vượt qua để khẳng định mình chứ không thể nói tôi giỏi nhưng học học tài thi phận bởi học tài thi phận chỉ dành cho thủ khoa á khoa thôi chứ đậu và rớt ranh giới nó rõ ràng lắm.",tiêu cực,False,,
cmt_education_020_0092,education_020,"Thương các con 2k7. Giờ còn báo cáo làm gì nữa,lương tâm trách nhiệm công tác ra đề như tờ viết báo dài mấy trang.",tiêu cực,False,,
cmt_education_015_0024,education_015,"- Trời ! Thầy thuốc mà đạo đức, tư cách không có ! Người như thế không làm thầy thuốc được !
(Trạng Quỷnh tập 230 - Quyển sách thuốc)",tiêu cực,False,,
cmt_education007_0001_r01,education_007,"Nhật Ký Sinh Viên Y chán ko buồn nói luôn, bộ trưởng bộ gd mà nói đúng kiểu ko đc đi học, dân ko đi học họ cũng hiểu đc mà bộ trưởng ko hiểu",trung lập,False,,
cmt_education_004_0161,education_004,"Đúng thời buổi làm ăn cái gì cũng khó, đớp có tí mà tiêu hết sự nghiệp🙃🙃🙃",tiêu cực,False,,
cmt_education_037_0002_r40,education_037,"Nguyễn Zen thi ko hề có hên xui, học bạ thì có",tiêu cực,False,,
cmt_education_038_0006,education_038,Tiếng việt chưa thạo thì làm sao học đc tiếng anh,tiêu cực,False,,
cmt_education_020_0094,education_020,2k7 là như con chuột bạch đưa ra thí nghiệm,tiêu cực,False,,
cmt_education_011_0430,education_011,"Thì đúng rồi, hiệu trưởng thì ai lại đứng lớp bao giờ",tích cực,False,,
cmt_education_009_0232,education_009,Cô  gì  mà  ác  vậy  trời  bữa  này  luật  pháp  quy  định  rồi  đánh  học  sinh  hay trẻ  e là  bị  phạt  tiền với  đi  tù  đó,tiêu cực,False,,
cmt_education_037_0309,education_037,Lấy tất cả phương thức để ra quy đổi ra 1 điểm như BK đang làm,ý kiến riêng,False,,
cmt_education_040_0195,education_040,ZThỵ Thủy 🥰🥰,rác,True,,
cmt_education_011_0414,education_011,Ông trong clip là ông bảo vệ nhà xe mà,trung lập,False,,
cmt_education020_0001_r01,education_020,Sài Gòn thằng thần kinh,tiêu cực,False,,
cmt_education_040_0026,education_040,"Đối với con em dân tộc thiểu số đk học tập còn thiếu thốn, dẫn đến kỹ năng công nghệ thông tin cũng hạn chế. Rất nên đưa môn TIN HỌC vào chương trình dự bị để các em được tiếp cận và bắt kịp!",tích cực,False,,
cmt_education_017_0626,education_017,Có thể nói là tắt thở ngay,tiêu cực,False,,
cmt_education017_0004_r05,education_017,Trần Cường thi văn bấm phím sướng tê tay,trung lập,False,,
cmt_education_007_0218,education_007,Không tương đương được. Loạn!,tiêu cực,False,,
cmt_education_007_0070,education_007,"Cho là gì cũng đc, học để phục vụ bản thân và người bệnh,",trung lập,False,,
cmt_education015_0009_r06,education_015,"Phạm Quang Huy là đến để coi cá ( coi cá - là xem , ngắm cá á bạn )",rác,True,,
cmt_education018_0075_r01,education_018,YellowChestnut4357 tlu to vl :)) chắc ra sau thôi,trung lập,False,,
cmt_education_005_0171,education_005,Làm ê ô một ngành cao quý,tiêu cực,False,,
cmt_education_037_0002_r06,education_037,"Nguyễn Zen đến trường học . Rồi về nhà học , học đêm học ngày , mới có điểm học bạ như vậy , sao nói bỏ xét tuyển học bạ , nghe mà buồn cho các con vậy 😢",tích cực,False,,
cmt_education_009_0171,education_009,"Bài viết hay quá! Ngành giáo dục VN cần chấn chỉnh lại mình! Các ông bố bà mẹ hãy dạy các con tự biết bảo vệ mình và bảo vệ bạn bè, không như những chú cừu im lặng mãi. Cách gd của VN hiện nay đúng là đang quá chèn ép học sinh và biến chúng thành những con người vô tri vô giác! Thành tích để làm gì chứ?! Để nảy sinh ra đầy dẫy tiêu cực à?! Phản đối bệnh thành tích!!!",tích cực,False,,
cmt_education007_0003_r16,education_007,"Lương Tiểu Mai Nguoi ta xếp tương đương thôi bạn, bsnt học 9 năm trong đó 3 năm thực hành bệnh viện/ ck 1/2 đều giỏi, tiếc bộ trưởng y tế không trong ngành nên k đủ lí lẽ bảo vệ",tích cực,False,,
cmt_education007_0031_r08,education_007,"Diễm Lương Diễm Lương ủa chị, ở đâu ra mà ths chỉ xét tuyển vậy, nói gì thì nói cho nó đúng, yds ths chọi như cái gì, xét tuyển lâu lâu mới thấy 1 ng, mà chị nói đc vậy luôn hả chị. Ths nội thi hơn 200 lấy 30, ths cdha thi 102 lấy 9 thi tuyển, 1 xét tuyển. Ko biết thì lắng nghe thôi, nói chi để ng khác vào đánh giá :))))",tiêu cực,False,,
cmt_education017_0002_r51,education_017,Thùy Vân đây ngta sợ hs đau dài đó. Nên muốn đau luôn còn biết đg chọn cái nghề khác nếu k đỗ,tích cực,False,,
cmt_education_039_0043,education_039,Ngộ thật !!!!!,rác,True,,
cmt_education016_0031_r02,education_016,Mục tiêu lấy Toán hoặc Văn là môn chủ đạo đầu vào khối ngành Kỹ thuật hoặc Xã hội.,trung lập,False,,
cmt_education_017_0437,education_017,"Dao Anh Thu Nguyên Thảoo Quyênn Quyênn Kiều Trinh nghỉ học đi mấy cl,dô đó chọt chọt chọt",rác,True,,
cmt_education_009_0025,education_009,Phải mình thì chưa ai kịp tát mình thì bà giáo kia đã nhập viện mẹ rồi :)),trung lập,False,,
cmt_education_013_0021,education_013,"Thiệt tình xem lướt shark Việt mấy ông shark đòi đầu tư nhiêu % nghe rất khó chịu với t, nên ngay từ đầu đã không xem và không biết mấy ông này là ai.",tiêu cực,False,,
cmt_education015_0006_r01,education_015,Nguyennam Thắng cái trường  to chà bá kể dó  nếu dem dấu giá thì dư tiền trả nợ dó bạn,trung lập,False,,
cmt_education_020_0064,education_020,Các con chỉ mong đậu tốt nghiệp Trung học phổ thông là hoàn thành 12 năm học rồi,tiêu cực,False,,
cmt_education017_0005_r01,education_017,Thai Dinh tht,tích cực,False,,
cmt_education_011_0239,education_011,Xong vụ này gia đình họp khẩn cấp ngay,tiêu cực,False,,
cmt_education_037_0002,education_037,"Học bạ cũng là sự nổ lực của các con . Con các vị học ko giỏi bằng con ngt . Rồi các vị kiu bỏ sao . Nếu ganh tỵ sao ko kiu con học cho đẹp học bạ để xét tuyển . Học trong lớp đánh giá toàn bộ 1 quá trình nổ lực . Còn thi chỉ là hên và xui . Có đứa học gioi tới ngày thi vì 1 lý do nào đó làm ko tốt . Lại đạp đổ cả mấy năm hs xs .vạy thì cần gì nổ lực học giỏi , các con thức khuya dậy sớm học lại bị đánh giá “k công băng” ????",tích cực,False,,
cmt_education017_0013_r01,education_017,Le Bich thế có nam mô khi chuẩn bị bấm nộp bài không 😂😂,trung lập,False,,
cmt_education_017_0688,education_017,"Xong môn đầu tiên zero điểm, thôi bỏ thi vì kiểu gì cũng ""liệt""",tiêu cực,False,,
cmt_education_037_0203,education_037,Tuyển sinh bằng học bạ thì có thể làm sạch học bạ. Nếu không quản lý chặc chẻ. Thì sạch học bạ sẽ được xảy ra nếu ai cần. Vì vậy nên bỏ sẽ công bằng.,tiêu cực,False,,
cmt_education_037_0013_r05,education_037,"Anh Xuan mấy trường tốp đầu,trường chuyên học ghê lắm,để kiểm tra,đề thi cũng khó,khi nào tấc cả 3 năm cấp 3 cả nước làm chung bài kiểm tra 15 phút,1 tiết,giữa kỳ,cuối kỳ và ko kiểm tra miệng nữa thì hợp lý.",ý kiến riêng,False,,
cmt_education_017_0325,education_017,Nguyễn Trang Thu HuyềnĐỗ Kiều TrangNguyen Ha vcl m ơi?,rác,True,,
cmt_education011_0001_r13,education_011,Giang Chip bác nào có clip k nhỉ,tiêu cực,False,,
cmt_education011_0007_r01,education_011,Sơn Lê em này nhìn rõ thế này ko biết vk ông nào,tiêu cực,False,,
cmt_education_017_0610,education_017,Xong rồi báo điểm về eNetViet cho PH là đẹp,trung lập,False,,
cmt_education018_0007_r02,education_018,Chỗ gần cầu thang máy tầng 2 nhà K có bảng dự kiến xây dưng . Nhớ k nhầm đọc hình như là về Ba Vì,trung lập,False,,
cmt_education_017_0488,education_017,"Ko ổn, chút nào",tiêu cực,False,,
cmt_education_011_0557,education_011,Thấy thầy hiệu trưởng trường ghê wa,tiêu cực,False,,
cmt_education007_0003_r23,education_007,Lương Tiểu Mai lần sau bú ít bài khi viết đá nhé,rác,True,,
cmt_education018_0005_r07,education_018,Người tham gia ẩn danh 238 2 trường  có liên quan đến nhau đâu bạn mà không sao🥰,trung lập,False,,
cmt_education_011_0150,education_011,Gì cũng bầy đàn nhỉ,trung lập,False,,
cmt_education018_0006_r27,education_018,"1. Nếu kí túc thì quá rẻ tuy nhiên đáp ứng số lượng k đc nhiều. Ăn uóng giá “phố thị” thì tuỳ váo cái mồm phải ăn thì phải chịu. Còn muốn ăn như vậy ở các nơi nếu cần thì vẫn có và giá các noei cũng vẫn thế! Tôi về quẻ đi ăn bát bún chả thì cũng giá như HN mà k ngon chứ k nói Hà Nam, Láng Hoà Lạc, Gia Lâm… cũng vẫn giá thành thế, và nhưng nơi đó cũng là những địa bàn phát triển chứ chả phải hẻo lánh gì đâu.
2. Rẻ thì tuỳ và cũng chỉ cái nhà trọ may ra. Thoáng thì đúng, trong lành đúng, đứa nào có ý thức thì dễ tập trung chứ đứa k có ý thức thì đến ngày xưa nó ở nhà, ở quẻ nó còn chả tập trung huống chi mấy nơi đại học kia chuyển đến còn hiện đạu hơn khu nhà nó
3. Nội đô nhiều “ánh hào quang giả” cũng không hẳn: giừo quê hay thàng phố cũng k khác xa nhau khi chúng chỉ cần sống có cái điện thoại. Chỉ là nếu có tiền thì mua mọi thứ ở nội đô nhanh hơn và có thể có hàng thật chuẩn hơn. Còn ăn chơi thì hát hò, ma tuý, cowf bạc… ở quê đầy! Về còn thấy đầy rẫy kim tiêm dọc đường kìa. Sự khác biệt về hình thức cũng có thể tuy nhiên lại là ăn mặc, gu nhìn đẹp hơn. Sv k đủ tài chính có đâu mà rất dễ lệch hướng! Chỉ những đứa có tiền vì quê k thiếu các nhà giờ còn giàu hơn thành phố cỏ tiền mà ăn chơi. Chứ đứa nghèo chưa chắc đã hỏng.
4. Kẹt xe, tốn tgian về việc di chuyển thì đúng. Bởi dân thành phố nói thật cũng k thích trường hợp này khi càng ngày càng lắm người nhập cư, k chỉ sinh viên đâu mà ngay cả người lao động hay sv học xong k chịu về quê đi. Cứ ở lì, kiếm gđ vợ con rồi ở lại thành phố. Khiến quá tải. Nên chuyển ra ngoài là đúng. K chỉ có sinh viên đâu. Ngay cả các nhf máy, cty, xưởng… thậm chí nên đưa kinh tế hướng mạnh cho các tỉnh phát triển để thu hút lao động các tỉnh về quê mình mà làm ăn phát triển quê hương. Như vậy mới giảm áp lực đông đúc. Điều phối lại dân số. 
5. Ngoại ô + kỉ luật là nền tảng tốt: nếu kỉ luật rồi thì ở đâu cũng vậy thôi. Học xong về quê thì cái này phân tích bên trên. Các tỉnh bắt buộc phải có nguồn phát triển kinh tế thì để thu hút lao động về quê đi. K có thì học xong vẫn tràn lên thành phố thôi. Cứ nhìn dân lao  động khác thì biết.. còn chi phí bạn này nói lặp lại nhiều quá và nó k phải thuộc phạm trù kỉ luật. Cha mẹ lo nhẹ gánh nó cũng k lquan đến kỉ luật, thuộc mục bên trên nhưng hit nhẹ gành nhà trọ mà thôi. Còn tôi nói lại ăn uống là như nhau, có thể rau rẻ hơn vài nghìn còn thịt cá ở quê còn đắt hơn có nơi và k hề rẻ hơn! 
Bạn đã phân tích thì tôi cũng phân tích. Nói chung là nên chuyển tuy nhiên lia do bạn đưa ra nhiều cái không đúng và chưa chính xác.",trung lập,False,,
cmt_education_020_0002,education_020,"Đề nghị quốc hội ,cho các ông bên BGD làm thử đề thi ,toán và anh ,xem các ông làm bao nhiêu phút ,để các ông trả lại công bằng cho 2k7",tiêu cực,False,,
cmt_education_015_0054,education_015,Nhìn như dinh thự tổng thống,tích cực,False,,
cmt_education_011_0310,education_011,Tháng 11 phụ huynh tri ân thầy cô thôi có gì đâu.,trung lập,False,,
cmt_education_009_0176,education_009,"Mình cũng hỏi bé nhà mình câu đó, nó bảo con sẽ không đánh, mẹ đừng ví dụ thế cô giáo con bảo bạn bè phải yêu thương nhau không được đánh nhau",tích cực,False,,
cmt_education_020_0039,education_020,Cho mấy ông làm thử đề Anh trong 50p xem lam đc ko,tiêu cực,False,,
cmt_education_018_0177,education_018,Có thông tin chính thức chưa nhỉ mn. Chứ năm nào cũng có tin dự kiến di dời luôn ý,trung lập,False,,
cmt_education011_0002_r18,education_011,BI Tran tiêu anh iT 😄😄,rác,True,,
cmt_education_018_0081,education_018,Về xong học phí có tăng không 😅,trung lập,False,,
cmt_education_011_0532,education_011,Tháng tri ân,rác,True,,
cmt_education018_0003_r22,education_018,"Vũ Hoài các quán đấy thì trường đi đâu họ theo đó, thiếu gì tiền đâu",trung lập,False,,
cmt_education017_0002_r62,education_017,"Thùy Vân đằng nào cũng biết, biết sớm khỏi chờ đợi nghĩ ngợi",tích cực,False,,
cmt_education_005_0267,education_005,các con mới lớp 3 mà sao cô thâm hậu thế nhỉ… ko hiểu các lhuj huynh phát hiện bằng cách nào ấy nhỉ? cô này có thù với các em hs ah mà sao hành động vớ vẩn và ác tâm thế nhỉ,tiêu cực,False,,
cmt_education_040_0134,education_040,T thấy nó cần mà bth lun áY🥰,tích cực,False,,
cmt_education_017_0069,education_017,Ng Minhh Hue click nhầm nút nộp bài 😘,rác,True,,
cmt_education_039_0020,education_039,May quá cg mình đã xác nhận nhập học,tích cực,False,,
cmt_education_040_0108,education_040,Sách thì vẫn phải “cải cách” liên tục để phù hợp hén 🤡,trung lập,False,,
cmt_education_005_0217,education_005,"Cô giáo mà có hành vi này cứ thẳng tay cho ra khỏi ngành, thất đức.",tiêu cực,False,,
cmt_education_040_0158,education_040,Thời của anh sắp tới rồi a Dáp. Năm sau là dự bị năm sau nữa là đến thpt cho mà xem. Nguyễn Dáp 🤣🤣,rác,True,,
cmt_education_005_0252,education_005,Thầy t còn cho t thêm điểm… bà này sao á ta,trung lập,False,,
cmt_education_015_0019,education_015,Hoan hô.,tích cực,False,,
cmt_education_039_0010,education_039,nhưng mà nếu lên nhập học sau 30 thì đc ko ạ do e còn chưa sắp xếp lên trường bây h đc 🥲,trung lập,False,,
cmt_education017_0028_r01,education_017,Dao TrNguyen cái này đơn giản ma,trung lập,False,,
cmt_education017_0002_r48,education_017,Thùy Vân thì đánh giá năng lực thôi mà hết giờ biết điểm luôn kg phải chờ đợi,tích cực,False,,
cmt_education_038_0134,education_038,Ủng họi,tích cực,False,,
cmt_education007_0005_r01,education_007,"Minh An ý kiến này đúng nè. Thực tế ở vn là vậy, 2 hệ này vẫn di dạy vẫn đi làm lẫn lộn chứ chưa tách bạch ra hẳn",trung lập,False,,
cmt_education_037_0001_r04,education_037,"Sanh Phuong vì nhiều khi trong truong hoc có lop thay cô thien vi ep điem hs  dù hs do co gioi nhung ko o bế quà cáp và học thêm thì mãi mai vẫn chỉ ở mức điểm 6,7  thôi , còn tới khi thi hk vì thầy cô khác chấm nên sẽ biết đuoc công bằng của sức học",tiêu cực,False,,
cmt_education_011_0402,education_011,Tội thầy là 1 phần còn các em cũng tình nguyện mà phải ko mn,ý kiến riêng,False,,
cmt_education_011_0367,education_011,Quan trọng là mấy mẹ kia kìa...k chịu trống  thì ai mà làm gì được...cũng tới nái quá mà,trung lập,False,,
cmt_education017_0018_r04,education_017,Thử nghiệm mới nội bộ chứ thi quốc gia là phải kết nối với máy chủ của bộ chứ.,trung lập,False,,
cmt_education_017_0640,education_017,Tiền sử bệnh tim thì ko nên thi tốt nghiệp 😅😅,tiêu cực,False,,
cmt_education007_0006_r11,education_007,"Xuanhai Be vậy ths, ts cũng chỉ là 1 loại học hàm học vị biểu thị cho việc học cao hơn sau bậc đại học. Vậy đối với nghành y, ck1, ck2 khác gì? 😃",trung lập,False,,
cmt_education_001_0014,education_001,Đau xót.,rác,True,,
cmt_education_018_0056,education_018,Y như SG dị,trung lập,False,,
cmt_education_040_0075,education_040,Đúng rồi ạ,tích cực,False,,
cmt_education018_0002_r18,education_018,"Thìn Aptm  đm, nói là phải chuẩn. 1 quốc gia nói như lìn con đĩ nó mấp máy, bố ghét cực kỳ, bảo bố /// cái đi?
Bịt thế kac nào được thời nay, mõm ít thôi, bố thích mỳ ăn liền chứ đéo đợi đến 2055 được🤣🤣🤣🤣",trung lập,False,,
cmt_education_011_0266,education_011,Cha tổ bọ,tiêu cực,False,,
cmt_education017_0036_r02,education_017,Gia Ngọc hai bàn hai ngón ó 😋,rác,True,,
cmt_education_011_0512,education_011,Khoẻ thế,rác,True,,
cmt_education_040_0191,education_040,Trương Thảo Hg Thủy 🥲,rác,True,,
cmt_education_017_0528,education_017,Giống thi eps topik lun,trung lập,False,,
cmt_education017_0008_r03,education_017,Minh Hà thì điểm thôi. Chứ mấy ông học đh nhiều môn áp dụng làm trên máy tính hết. Làm xong nộp bài có điểm lun,tích cực,False,,
cmt_education013_0006_r06,education_013,Bùi Tuấn Lực nó còn mà nó thích nói hết đấy đc không,rác,True,,
cmt_education_037_0275,education_037,"Thi hết đi nha, giỏi đậu dở rớt khỏi lăng tăng",tiêu cực,False,,
cmt_education018_0018_r04,education_018,Linh Vũ cook về Thường Tín,trung lập,False,,
cmt_education018_0010_r07,education_018,"Trọng Minh nó là bất lợi cho doanh nghiệp nhà trọ và chính bản thân sinh viên. Doanh nghiệp mất nguồn lao động giá rẻ, mất lượng khách hàng lớn, nhà trọ mất khách, sinh viên thì thích tụ tập thành phố ăn chơi, kiếm việc làm thêm",trung lập,False,,
cmt_education_004_0019,education_004,Quả báo đến nhanh lắm,tiêu cực,False,,
cmt_education_020_0099,education_020,Cần cái bằng tốt nghiệp thôi. Còn đi du học sinh Hản Quốc là ok nhất,trung lập,False,,
cmt_education_016_0053,education_016,Bộ lì xì thêm nv sp cho các cháu dc k ạ,ý kiến riêng,False,,
cmt_education_009_0060,education_009,thành công của cái ngành Giáo Dục Đảng ta 😂😂😂,tiêu cực,False,,
cmt_education020_0004_r18,education_020,TienTuyen Cao trước đây đã bao giờ bỏ thi tốt nghiệp chưa vậy bạn?,trung lập,False,,
cmt_education_020_0182,education_020,Lắm ông. Làm giám đốc. Trưởng Phòng. Giáo sư tiến sĩ. Học thật thi thật đó những bằng lại giả ..,tiêu cực,False,,
cmt_education017_0037_r01,education_017,"Dieu Minh Nguyen chính xác, quá nhiều bất cập so với trình độ, kỹ năng, điều kiện kinh tế của dân mình hiện nay. Trừ khi nhà nước tài trợ toàn bộ máy tính cho kỳ thi và thi tập trung tại nơi có điều kiện cơ sở vật chất, chất lượng mạng internet, điện đóm ổn định giống nhau kèm theo một lộ trình đào tạo kỹ năng sử dụng máy tính đồng loạt cho học sinh trong tất cả các kỳ thi, kỳ kiểm tra trong năm lớp 10, 11,12.. để phát hiện những bất cập, sự cố phát sinh để khắc phục, hoàn thiện trước khi các con chính thức bước vào kỳ thi quan trọng này.",tiêu cực,False,,
cmt_education020_0001_r03,education_020,"Weibo Việt Nam vãi. 6-7đ thật thì nó còn thất vọng bỏ xừ chứ vui chỗ nào, rớt đh cả đám chắc phải cảm ơn mấy ông này rồi 😌",tiêu cực,False,,
cmt_education_037_0009_r16,education_037,"Đoàn Huấn đúng lắm, đã là HSG hay Xs thì chẳng ngại gì cuộc thi tuyển sinh, giống như ngt nói đã giỏi thì dù học ở đâu thì vẫn sẽ giỏi. Trải qua mỗi lần thi tuyển sinh mới thấy nó thật sự giá trị về học lực thật",tích cực,False,,
cmt_education_002_0033,education_002,Bài viết hay,tích cực,False,,
cmt_education_011_0189,education_011,Người ta soạn sẵn rồi,tiêu cực,False,,
cmt_education009_0054_r04,education_009,Tiến Mạnh kb cô giáo có chịu đx đến 100 cái không? K thì cho trả góp mỗi hôm tát 20 cái đến khi hết nợ thì thôi 😂😂😂,trung lập,False,,
cmt_education_011_0008,education_011,"Trong môi trường giáo dục, người đứng đầu còn như này thì chỉ đạo và giáo dục được ai . Giáo viên thế này thì hỏng hết",tiêu cực,False,,
cmt_education_039_0011_r01,education_039,Thúy An tại vì đang làm thủ tục cho mấy bạn làm thủ tục trực tiếp á nên ko ai trực nghe máy á,trung lập,False,,
cmt_education007_0007_r03,education_007,Bụi Trần theo mình tìm hiểu thì hầu hết các nước bạn ạ. Mô hình đào tạo y tế của m học tập từ Pháp.,tích cực,False,,
cmt_education013_0010_r02,education_013,"Ún nó giống kiểu, a có một căn nhà, mà bán cho nhiều ng ah",trung lập,False,,
cmt_education_018_0072,education_018,Lần đâu tiên đọc cái tin mà chắc bao phụ huynh và học sinh có con đang học THCS gật gù 😅,rác,True,,
cmt_education_020_0104,education_020,Ra đề kiểu thách đố thầy cô và các cháu,tiêu cực,False,,
cmt_education013_0019_r19,education_013,Tung Pham họ mua hết BDS rồi chứ.,rác,True,,
cmt_education_020_0315,education_020,để e thắp 3 cây nhang,rác,True,,
cmt_education007_0016_r02,education_007,"Thu Anh sao lại yêu cầu học CKII quản lý BV phải có bằng CKI( nội, ngoại) hoặc Thạc sỹ",ý kiến riêng,False,,
cmt_education007_0004_r01,education_007,"Tien Huynh nó có khác nhau, khó  so sánh được",tích cực,False,,
cmt_education_017_0421,education_017,Giống thi sát hạch lái xe quá. Hic... tội sấp nhỏ,trung lập,False,,
cmt_education011_0009_r02,education_011,Thái Sơn chắc chỗ tui học xưa còn nghèo phòng ko đc như z…cả phong GB chung hết và có bàn riêng cho hiệu trưởng thôi,trung lập,False,,
cmt_education_016_0074,education_016,Hs của tôi từng trượt 16 nguyện vọng đầu tiên và đỗ với nv thứ 17,trung lập,False,,
cmt_education_037_0009_r07,education_037,Đoàn Huấn thế thi đgnl + ielts để xét thì sao ạ ( nó bao gồm cả điểm học bạ )ạ,ý kiến riêng,False,,
cmt_education018_0060_r16,education_018,"thật 🤡 mấy thằg bông tuyết kiểu này thuộc dạng bị cô lập, chấp nó lmj, nó chỉ dám ở trên đây cào phím ra vẻ thôi, để nó đỡ bất an vì bị cô lập, đừg chửi nó nhiều, tội nó ra bn ạ 🌞",trung lập,False,,
cmt_education007_0010_r01,education_007,"Hoàng Duy ở VN này làm gì chỉ có giảng dạy, ở các viện tuyến trung ương lấy đâu ra CK1, miền núi thì CK 1 nhiều.",tiêu cực,False,,
cmt_education_020_0112,education_020,Yêu cầu báo cáo xg thì hạ điểm cho HS để các cháu đạt được nguyện vọng,ý kiến riêng,False,,
cmt_education_009_0012,education_009,Cô giáo đứng trên bục để 23 h/s tát cô mỗi đứa 10 cái riêng th bị tát đc tát11 cái cho đủ 231c 🤣🤣,trung lập,False,,
cmt_education020_0004_r12,education_020,TienTuyen Cao bo roi chung no con Gi de Dop chi thuong cho cac bac cha me nai lung ra lam cac chau do mat ra hoc ma thoi !,trung lập,False,,
cmt_education_037_0134,education_037,Đồng ý,tích cực,False,,
cmt_education_011_0102,education_011,Suy đồi đạo đức dạy cho học sinh thế nào được.,tiêu cực,False,,
cmt_education020_0006_r03,education_020,Đồ Gỗ Tràng An hãy tạo điều kiện nâng điểm toán và tiếng Anh cho các cháu A01 đc đậu đại học vì các cháu rất xứng đáng,ý kiến riêng,False,,
cmt_education017_0007_r01,education_017,Nguyễn Anh Kiệt nối tiếp bước chân 2k7 :)))),trung lập,False,,
cmt_education_039_0086,education_039,Quân real is this chat,rác,True,,
cmt_education_017_0367,education_017,"Có được thi lại ngay không ạ! Có trò nào lỡ tay, run tay đánh nhầm ký tự thì xử lý ra sao?",ý kiến riêng,False,,
cmt_education_005_0032,education_005,"Mới có cấp tiểu học mà cỡ đó. Tới cấp 2, cấp 3 thì sao trời. Tui hay nghe mấy đứa nhỏ ngồi uống nước nó nói “ không học thêm thì bị thầy cô dìm điểm, học thầy/cô khác k học bã/ổng là bị đày càng nặng”. 1 số thành phần dạy K có tâm, dạy ở trường trớt trớt để dành về nhà dạy thêm. Đứa nào không học thêm thì học zở thì càng zở thôi…vì ở trường học nó có hiểu đâu🤣🤣🤣🤣Thử nghĩ con nhà nghèo, không có điều kiện (trong đó có tui) thì lấy đâu để học thêm môn này môn kia. Nuôi 1-2 đứa con , cơm áo gạo tiền đã bắt mỏi rồi. Mong cho Thầy Cô dạy có Tâm,hãy hiểu cho học sinh, đâu phải PH ai cũng giàu có, khả giả để cho con đi học tất cả🤣🤣🤣",tiêu cực,False,,
cmt_education_037_0003_r09,education_037,Mary Dinh ngta đang nói vừa thì vừa xét đó không phải là nền tảng ạ bạn tốt ạ . Riêng Đgnl là toàn diện rồi đó .,trung lập,False,,
cmt_education011_0006_r02,education_011,Giờ toàn thầy cô ông nội thôi a.kk,trung lập,False,,
cmt_education_007_0229,education_007,"Chuyên khoa II sao bằng Tiến sĩ (lĩnh vực chung được). Cái nên quan tâm phải là nâng lương tương xứng với công sức y bác sĩ, không phải học hàm.",ý kiến riêng,False,,
cmt_education015_0002_r02,education_015,"Huệ Hưng Bửu thời kỳ hội nhập, tiếng anh gần như ngôn ngữ toàn cầu. Muốn phát triển thì phải vươn ra thế giới, mà ngôn ngữ là phương tiện để giao tiếp. Không giỏi tiếng anh phát triển kiểu gì.",tích cực,False,,
cmt_education011_0050_r02,education_011,"hơn chục cô giáo và cả HS mặc đồng phục mà ,cứ cãi, sợ thật, vừa xem bên Tin nóng 24/7",tiêu cực,False,,
cmt_education_037_0029,education_037,"Nếu xét học bạ thì PH mua điểm 3 năm cuối thì con đậu ĐH chắc cú, phấn đấu làm gì cho mệt. Nếu con học trường tư thục; ví dụ như trường Lê Thánh Tông ở TP . HCM mà xét học bạ là thua. Vậy cứ thi tốt nghiệp PTTH là công bằng nhất",tiêu cực,False,,
cmt_education_017_0571,education_017,Thi xong cái khỏi hoang mang luôn mà thành sợ hãi :))) về ko hỏi con làm bài dc ko mà hỏi dc nhiêu điểm,tiêu cực,False,,
cmt_education_040_0178,education_040,Đức Huy adu,rác,True,,
cmt_education_018_0085,education_018,"Dự kiến là bao giờ triển khai, 15-20 năm???",trung lập,False,,
cmt_education_020_0195,education_020,"Ra đề cho các cháu mới  17, 18 tuổi mà như các cháu đã 30, 40 tuổi rồi ý .  Thật là ....",tiêu cực,False,,
cmt_education007_0007_r07,education_007,"Hung Tran hầu hết các nước sẽ có hình thức đào tạo sau đại học về y tế tương tự như VN, tuy nhiên mình k chắc tên gọi có phải là ck1,ck2 như VN không nữa.",trung lập,False,,
cmt_education_037_0258,education_037,bỏ đi bộ e iu bộ rất nhìuu,tích cực,False,,
cmt_education018_0010_r17,education_018,"Minh Anh là free hay vẫn trả phí ??? Bạn trả lời được câu này không ??? Có câu "" Tiền nào của đó "" nếu mọi thứ là free thì chất lượng liệu có đảm bảo không. Sinh viên đi học không phải ai cũng có gia đình với kinh tế như nhau. Nên nếu không có cơ hội làm thêm thì chi phí đổ hết lên gia đình. Chưa kể câu sinh viên thì việc học là chính ( nó rất đúng ) nhưng đầu ra thì lại là câu hỏi rất lớn. Mời bạn phản biện tiếp !",trung lập,False,,
cmt_education_037_0222,education_037,Dạ nên bỏ. Vì ko thật so với lực học.,tích cực,False,,
cmt_education011_0002_r06,education_011,"hơn chục cô giáo và cả HS mặc đồng phục mà ,cứ cãi, sợ thật, vừa xem bên Tin nóng 24/7",rác,True,,
cmt_education007_0003_r07,education_007,"Le Loi thì trước đến giờ dân y mình đi học phải có thâm niên , xếp hàng đến lượt chứ làm gì được đi học liền đâu , đi làm rồi mà khi thầy hỏi còn trả lời lí nhí ấy chứ cho nên làm y thì khi đi học lên cũng phải có thời gian làm việc đã thì tốt hơn",trung lập,False,,
cmt_education_011_0224,education_011,Ai bảo ngày xưa đặt tên giáo dục,tiêu cực,False,,
cmt_education013_0013_r01,education_013,"Nguyễn Ngọc Mai ra làm gì nửa , chết mấy lần vẫn lời chán",tiêu cực,False,,
cmt_education_037_0096_r04,education_037,MyMy BoBo bị tag lộn cmt hihi xin lỗi nè,rác,True,,
cmt_education007_0055_r01,education_007,Tạ Hào,tích cực,False,,
cmt_education004_0001_r25,education_004,"Giàng A Say lịt mịa mày, 4trụ còn nghỉ nữa là mấy lão hiệu trưởng.",rác,True,,
cmt_education_007_0131,education_007,"thạc sĩ, tiến sĩ tay nghề yếu thì để làm gì? việc công nhận tương đương nên có sự linh hoạt do đặc thù của từng ngành, chứ cứng nhắc vậy thì sao có người tài mà làm việc. Học vị chỉ là cái danh hiệu cũng chả mài ra ăn được.",ý kiến riêng,False,,
cmt_education007_0021_r02,education_007,Nguyễn Hoàng Đạt bên giáo dục có giáo viên nội trú mà( dạy ở bản trên vùng sâu vùng xa),trung lập,False,,
cmt_education017_0007_r03,education_017,"Huyền Huyền thi đại học ko ai mở internet để cho dễ bị tấn công mạng đâu cô ơi, ngta chỉ kết nối mạng nội bộ trong trường th",tích cực,False,,
cmt_education_020_0224,education_020,Tít mù nó chạy vòng quanh lại trở về vạch xuất phát suốt ngày cải cách trong vòng tròn luẩn quẩn,tiêu cực,False,,
cmt_education_017_0508,education_017,"Sinh viên Y Hà Nội đã phải chống trọi qua những mùa thi như vậy Ngọc Tuân BL :))) 
Không còn xa lạ",trung lập,False,,
cmt_education020_0002_r01,education_020,"Người tham gia ẩn danh 216 980 mà 5,75 toán nè b",ý kiến riêng,False,,
cmt_education_009_0225,education_009,Làm sao mà dạy cho các em làm nhục bạn. Và truyền cho các em bạo lực vô cảm đối xử ác độc với bạn bè. Ai có con nên đem về dạy con mình còn hơn để cho cô giáo này nhồi nhét vào đầu con mình những thứ khốn nạn nọc độc này.,tiêu cực,False,,
cmt_education007_0001_r14,education_007,"Vũ Thúy Nga Tôi trong ngành y tôi tự nhận thấy: BYT nên nhìn nhận thực tế đúng đắn và  nên quy định lại cách thức đào tạo để tránh hiện tượng đánh đồng gây tranh cãi bất đồng ảnh hưởng đến danh dự và tổn thương đến chất xám của những người thực việc thực trong ngành y,theo tôi các BS làm lâm sàng trong các BVLS thì nên vẫn đào tạo BSCK1,rồi đào tạo tiếp BSCK2,tất cả đều có thi đầu vào ?đầu ra?có phân định mức lương rõ ràng.
Còn các BS là CBGD trong các trường ĐHY-CĐY+các BS làm trong các viện nghiên cứu y học hoặc có liên quan đến NCYy học thì nên đào tạo Ths;TS;PGS;GS...tất cả đều thi 
đầu vào(bỏ chế độ đặc cách vì đã có đứng tên chủ nhiệm nhiều đề tài...vì trong thực tế có BS đứng tên CNĐT NC,nhưng thực tế họ không tham gia làm đề tài NC,họ chỉ chạy để được đứng tên,hưởng lợi lộc,nhân viên của họ mới là người làm công phu...).
Nên như vậy sẽ không bao giờ có sự so sánh khập khiễng,các BS đều ngẩng cao đầu và làm việc tâm huyết...yêu nghề.",trung lập,False,,
cmt_education017_0012_r06,education_017,Đoàn Hồng Minh môn anh  mới  100% trắc nghiệm  chứ  toán  văn  vẫn  phải  trình bày  .và  cần  nhiều  ký  tự.,trung lập,False,,
cmt_education_017_0208,education_017,Có thể là enter cái 1 là lên thiên đường 2 là...,trung lập,False,,
cmt_education_011_0161,education_011,Cũng do mấy con cái nó động đực nữa kk,trung lập,False,,
cmt_education_040_0039,education_040,Chuẩn  luôn,tích cực,False,,
cmt_education_017_0444,education_017,Mỗi thí sinh 1 đề liệu có đảm bảo công bằng? Liệu có đảm bảo không lọt đề ra ngoài?,ý kiến riêng,False,,
cmt_education015_0011_r08,education_015,Đức Minh có tiền là đi góp chả giò coca ăn lễ“uất hận” á hả🤣,tiêu cực,False,,
cmt_education_011_0055,education_011,Nhục thật,tiêu cực,False,,
cmt_education_005_0223,education_005,"Trước giờ chỉ thấy các thầy cô thêm điểm cho con, chứ giờ mới thấy loại gv cố gắng hạ thấp điểm của các con. Các phụ huynh hên lắm mới xui gặp loại gv này.",trung lập,False,,
cmt_education_009_0295,education_009,Cố cha ông nội tụ bay còn nói tục  huống hồ   Tụ bay đòi thành tích,tiêu cực,False,,
cmt_education_040_0004_r03,education_040,Đặng Thị Bắc  môn công dân dạy cho học sinh tuân thủ pháp luật và các luật cực kỳ cơ bản là đc rồi. Còn học chuyên sâu với học sinh làm gì? Lên đh mà có ngành luật để tìm hiểu chuyên sâu,trung lập,False,,
cmt_education_005_0246,education_005,Chịu thật sự,rác,True,,
cmt_education_017_0624,education_017,"Bảo Châu Quá đã, hên quá mình tốt nghiệp r :)))",tích cực,False,,
cmt_education_017_0458,education_017,Vay đi kkk,trung lập,False,,
cmt_education011_0002_r15,education_011,Đỗ Ngọc Huyền mất việc chứ ko chấp nhận mất nhân cách,ý kiến riêng,False,,
cmt_education007_0020_r01,education_007,Ths Nguyễn Quốc Tư là do người quản lý cao nhất không sử dụng đúng người đúng việc m...bên cạnh đó có nhiều lỗ hổng tạo ra bằng cấp không chuẩn...,tiêu cực,False,,
cmt_education020_0011_r05,education_020,Lê Thị Hải Yến ! Bộ vơ vét chứ GD gì?,rác,True,,
cmt_education_001_0034,education_001,"Nghĩ cũng quá buồn, khi mà giáo dục không thể “tự làm sạch chính mình”. Cái gì cũng phải đưa còng, đưa súng đến thì mới chịu nhận sai.

ĐÚNG VẬY.
GIÁO DỤC MÀ NHẬN THỨC KÉM, HỎNG TỪ NGƯỜI THẦY...THÌ HỌC TRÒ CÒN RA LÀM SAO",tiêu cực,False,,
cmt_education017_0002_r74,education_017,"Lê Hoàng Thiện kkk, còn con tui thi xong ốm tới nay vẫn chưa khỏi hẳn chỉ vì lo nghĩ kết quả.",trung lập,False,,
cmt_education_038_0104,education_038,Vũ Quỳnh Như . Tin vui,rác,True,,
cmt_education_009_0004,education_009,"Thầy cô giáo đã từng có chỗ đứng rất vững trãi trong t, luôn là ng t yêu quý và tôn trọng và cho đến khi hok lớp 7 khi mà t đủ lớn để hiểu rất nhiều  thầy cô giáo áp đặt ép buộc học sinh làm nx chuyện vớ vẩn ko chỉ thế đối vs thầy cô học sinh chỉ là thứ ng dưng nc lã vốn chỉ là họ lên lớp để lm tròn công vc kiếm đồng lương nuôi ra đình( chẳng có mấy thầy cô yêu quý học sinh như trong bài hát, trong sách vở), và rồi t ko còn tôn trọng và yêu quý thầy cô nx, chỉ xem là ng dưng, rồi t cãi thầy cô ko lm nx vc thầy cô yêu cầu mà mk ko cho là đúng.",trung lập,False,,
cmt_education005_0006_r03,education_005,Hoàng Sâm Anne Chào b.Bố tôi cũng là gv về hưu .H cụ cũng 96 t rồi .Cụ cũng nói câu y bác  nói.Còn bây h đạo đức xg cấp kéo theo  nghành gd cũng vậy sao (o vơ đũa cả nắm).,trung lập,False,,
cmt_education_011_0585,education_011,Trường mà có chủ tịch á?,trung lập,False,,
cmt_education017_0007_r04,education_017,Đức Phan lỡ cúp điện r sao kk,trung lập,False,,
cmt_education015_0007_r14,education_015,Hồng Giang mỹ nó đánh vào tư tưởng á bn khiến người khác muốn bán nc làm nole cho mỹ,tiêu cực,False,,
cmt_education017_0002_r28,education_017,"Ni Nguyen ""dễ"" quá nên có em HS mình biết tiếng Anh là tiếng mẹ đẻ thứ 2. Sống bên Mỹ 1 thời gian khá dài. Lúc thi thử xong phải đổi lại môn thi gấp",trung lập,False,,
cmt_education017_0001_r10,education_017,"Khánh My Trương con t k12, đọc xong lo dùm cho nó.",tiêu cực,False,,
cmt_education015_0009_r16,education_015,Đinh Huệ toàn bọn ngu thì dậy làm gì hh,rác,True,,
cmt_education_017_0419_r01,education_017,Thanh Vy chưa kịp lên đường đã xuống địa ngục =)))),rác,True,,
cmt_education018_0060_r12,education_018,trường l cay vl k chịu dc,trung lập,False,,
cmt_education_040_0177,education_040,Không sao môn nay e chấp được😀,tích cực,False,,
cmt_education020_0004_r03,education_020,TienTuyen Cao bỏ luôn thi vào 10 để phần lớn các cháu trở thành những con bò đội nón bác nhỉ.,trung lập,False,,
cmt_education_011_0352,education_011,Thầy mất nết ma dâm trong người thầy . Thầy ông nội ơi,tiêu cực,False,,
cmt_education015_0003_r09,education_015,Quỳnh Phan chỗ đó để chúng ra cài điệp viên vào bạn à. Giống như ông phạm xuân ẩn đấy. Phải học trường mỹ. Văn hoá mỹ thì mới có thể nằm sâu trong bộ máy của nó,tiêu cực,False,,
cmt_education_009_0264,education_009,"Bay h nha truong,....bat co dung giua san truong.....cho gia dinh,va em hoc sinh ....tat lai du 231 c va xin loi e va gd.....noi chung la truy to  .toi hanh hung,danh dap tre e cho no di tu,va mat day luon de  con ranh de may con ac giao khac",tiêu cực,False,,
cmt_education_037_0002_r30,education_037,"Nguyễn Diễm vậy thì xét hb nên chỉnh giành ưu tiên xét cho trường chuyên thôi, chẳng lẽ trường đó cũng chạy điểm",trung lập,False,,
cmt_education007_0063_r02,education_007,Bùi Đức Nghĩa xin hỏi từ năm bao nhiêu thì bsnt đc gọi là tinh hoa nhỉ?,tiêu cực,False,,
cmt_education020_0008_r02,education_020,"Tran Nam Phuong giờ chờ xem có bên nào đưa đề bên Trung lên không đã, còn đề năm nay ở mình so với đề Trung cách đây 2-3 năm t được xem thì không so nổi đâu, trước tiên về độ dài mình đã không lại họ rồi",trung lập,False,,
cmt_education_004_0138,education_004,Có đói rách gì đâu mà lỡ ăn cả c của em học sinh,tiêu cực,False,,
cmt_education020_0011_r04,education_020,"Người tham gia ẩn danh 242 con tui nó bảo đề anh trên 8đ là chắc, mà nó chưa học 12 đâu ngồi làm thử do tui bảo thui.",trung lập,False,,
cmt_education_037_0101,education_037,"Tôi vô cùng biết ơn Bộ Giáo dục đã kịp thời bỏ xét học bạ. Bởi lẽ, nếu còn kéo dài thêm nữa, những người đứng lớp như tôi sẽ tiếp tục sống trong cảnh khốn khổ. Trường vì lợi nhuận mà tuyển sinh ồ ạt, bất chấp chất lượng, để rồi bao thế hệ sinh viên bước vào với nền tảng yếu kém, học không nổi. Thầy cô thì phải dạy dỗ chẳng khác nào uốn nắn trẻ nhỏ, chỉ để giữ chân các em đóng học phí. Nhưng kết cục, khi tốt nghiệp, đa phần lại chẳng thể làm việc đúng nghĩa, phí hoài biết bao công sức, tiền bạc và cả những năm tháng quý giá của cuộc đời. Một nỗi xót xa không gì bù đắp nổi.",tích cực,False,,
cmt_education_018_0290,education_018,Kiên Trung Vũ Phan Hiếu Nhat Minh dồn bát mấy hôm chưa rửa thì VTV đến:)),trung lập,False,,
cmt_education_017_0536,education_017,"Lại đem tương lại làm chột bạch. Làm ơn đi mua hẳng 1 chương trình đạo tạo hiệu quá có sẵn như út, Đức... Đừng lấy con em chúng tôi đi thí tốt cho những cái đầu suy nghĩ mơ mộng.",tiêu cực,False,,
cmt_education_011_0582,education_011,Một mảnh ký ức thầy chia ra làm nhiều phần🤣,tích cực,False,,
cmt_education_020_0061,education_020,Báo cáo cái giề....chìm xuồng cả thôi....,trung lập,False,,
cmt_education_039_0030,education_039,Tram Anh năn nỉ trg đánh trượt bà ik 🤗,rác,True,,
cmt_education_011_0384,education_011,Quá chân thực rồi 😂,trung lập,False,,
cmt_education_011_0432,education_011,,rác,True,,
cmt_education_040_0012,education_040,"Chuẩn, nhưng HS cần  học chương trình tin học văn phòng, ứng dụng cho sát công việc 😄",ý kiến riêng,False,,
cmt_education_007_0213,education_007,Không tương đương cũng chả sao. Cứ xếp bậc lương cho thoả đáng công sức là ok thôi,trung lập,False,,
cmt_education020_0001_r28,education_020,"Người tham gia ẩn danh 921 24 năm nào tui thấy vẫn là mức điểm cao đó, mọi năm mà nói mức 8+ mỗi môn là nghe thấy giỏi rồi. Nhưng mà vẫn tồn tại nhiều sự tồn tại lạ lùng với số lượng lớn làm điểm chuẩn nhiều ngành trường top nảy vọt lên 28đ ấy. Không biết cách chấm năm nay làm lại cơ cấu điểm có kiểm soát lạm phát không chứ mấy đứa quỷ thần năm nào cũng đông lắm. Xã hội mà, nhiều đứa dở thì đứa giỏi sẽ nổi, chứ nhiều đứa giỏi thì phải rất giỏi mới nổi được. Tui không nói 24đ là thấp, nhưng tui nghĩ chưa đủ để thoả mãn kỳ vọng xã hội. Giống như 900+ là quá giỏi rồi, nhưng không biết đủ cao để xét tuyển trường top năm nay không đây. Mục tiêu của tui là mấy ngành cao, nếu chỉ dựa vào đgnl sợ khó đạt yêu cầu. 
*định xét bằng đgnl, ngóng bảng phân vị -ing* 😵‍💫",trung lập,False,,
cmt_education_007_0191,education_007,Trước h vẫn vậy. Ck1 tương đương thạc sĩ. Và ck2 tương đương tiến sĩ. Chỉ khác là về mặt lâm sàng hay nghiên cứu giảng dạy. Tự dưng xới lên xới xuống chi ha. Hóng tiếp coi ngã ngũ sao. Chứ bs làm lâm sàng thích học ck1 hơn là học thạc sĩ.,trung lập,False,,
cmt_education_005_0222,education_005,Cô ni nghỉ dạy đc rồi.,tiêu cực,False,,
cmt_education_007_0128,education_007,Chuyển lg. Bộ giáo dục thế nào ai chả hiểu rôi,trung lập,False,,
cmt_education_004_0044,education_004,Phải thế chứ.,trung lập,False,,
cmt_education_038_0089,education_038,Theo tôi dạy hết = tiếng anh cũng được,ý kiến riêng,False,,
cmt_education004_0001_r33,education_004,Nhung Giang  mấy ông thầy đang run rồi😂,rác,True,,
cmt_education018_0002_r02,education_018,Hoàng Khánh An cần thành viên có trả công,trung lập,False,,
cmt_education017_0007_r14,education_017,"Minh Chi cái này của cục cơ yếu của chính phủ lo, thằng nào đi hack cái này là ăn tội xâm phạm bí mật nhà nước ngay, tù mọt gông",tích cực,False,,
cmt_education_018_0164,education_018,Tr F ở chùa láng niệm phật,rác,True,,
cmt_education_037_0006_r01,education_037,Thanh Truc theo con thì thường là trg chuyên sẽ đc ưu tiên xét học bạ hơn trường thường ấy ạ,trung lập,False,,
cmt_education_001_0025,education_001,Ngọc Mai quê hương,rác,True,,
cmt_education_007_0259,education_007,Giờ phải thằng nào tay nghề hơn thì tính cấp bậc.,trung lập,False,,
cmt_education004_0014_r01,education_004,Khoảng Cách chậm hơn hl14 😂 hl14 đến mùa hè dân còn có mì tôm ăn . Đây thầy định đến a100 nên mới đi 😂,tích cực,False,,
cmt_education_007_0279,education_007,2 trường phái; trong đó thiên về thực chiến lâm sàng và một bên thiên về học thuật và giảng dạy nên nếu chuẩn thì byt nên cấm hành nghề khám chữa bệnh với các ths và ts thì lúc đó ai đi dạy rãnh thì tập trung nghiên cứu chứ như giờ rãnh lại đi cày kkkk,tiêu cực,False,,
cmt_education_017_0099,education_017,"Dạ bdg không nhìn thấy cái đề của ac 2007 chữ nhỏ quá mức hay sao, nếu v bộ thử để cái đề đó lên máy tính xem bộ nhìn dc k với cả đây toàn là thế hệ tương lai thử nghiệm v bộ có biết mình đang huỷ hoại tương lai của trẻ k ạ. Trước khi đưa ra quyết định chính thức thì mong bộ suy nghĩ cho đúng đắn ạ.",trung lập,False,,
cmt_education_020_0005,education_020,Rất bức xúc  với đề thi TNPTTH 2025 của BGD,tiêu cực,False,,
cmt_education_019_0009,education_019,Chuyện bình thưởng ở tỉnh. Cuối năm giáo viên chủ nhiệm chạy khắp nơi xin điểm cho học sinh qua môn và nâng cao thành tích,tiêu cực,False,,
cmt_education018_0060_r23,education_018,chả thế xây dựng bé bằng 1/2 trường c3 của t,trung lập,False,,
cmt_education020_0006_r08,education_020,Nguyễn Hoàng Dũng dạ con học cũng bth mà thấy  khó quá chú 😅 riêng môn Toán với Tiếng Anh là con lụi cũng trên 7đ rồi chú ạ 😂 nói chứ còn thi kiểu trắc nghiệm như này thì vẫn khó mà chọn lọc nhân tài lắm,ý kiến riêng,False,,
cmt_education017_0002_r67,education_017,Thùy Vân Bút sa gà xối mỡ. Bây giờ chuột click là nín thở 🥵,tích cực,False,,
cmt_education020_0008_r03,education_020,"Phạm Đào Tự tư duy của mấy em mới 17, 18 tuổi đâu có thể bằng tư duy của các vị ra đề ? Họ gấp 2, gấp 3 lần tuổi của các em và cái sự học hỏi hiểu biết cũng sâu rộng nhiều hơn các em mà đi ra cái đề đánh đố với các em như vậy ?  Rồi đổ thừa cho các em đã được học ? Một sự thờ ơ lạnh lẽo vô trách nhiệm của giáo dục dạy và học",tiêu cực,False,,
cmt_education_037_0002_r35,education_037,Nguyễn Zenphát ngôn bừa bãi biết gì mà nói biết xét học bạ bất công như nào không,tiêu cực,False,,
cmt_education_004_0082,education_004,Cứt cũng xơi!,rác,True,,
cmt_education011_0003_r06,education_011,Tuấn-Anh Nguyễn có mà chả share gì ae chán thật,tiêu cực,False,,
cmt_education007_0013_r03,education_007,"Tuấn Anh CK1 nên tương đương chuyên viên chính, CK2 nên tương đương chuyên viên Cao cấp., bác sĩ cao cấp thì lương tột bậc của chuyên viên cao cấp. Như vậy sẽ hợp lý hơn",tiêu cực,False,,
cmt_education_018_0091,education_018,Bán con mẹ nhà HN về quê ở cho lành,trung lập,False,,
cmt_education009_0042_r01,education_009,Hơi xa chút. ...Ninh của t hiền lắm,rác,True,,
cmt_education_016_0069,education_016,Rất mong bgd cho xét thêm ít nhất cũng phải 15 nv,ý kiến riêng,False,,
cmt_education_011_0362,education_011,sao bt có cammera mà vẫn hành xử dc nhỉ?. r các cô các c lại nát nhà. lại còn ai là ng show ra 🤭🤭🤭,tiêu cực,False,,
cmt_education_018_0197,education_018,Nguyễn Nam Anh oi bav,rác,True,,
cmt_education_017_0685,education_017,không giỡn luôn mà,trung lập,False,,
cmt_education_037_0060,education_037,"Tn THPT, THCS nên xét học bạ, còn 1cuộc thi ĐH với hình thức không thi trắc nghiệm mà thi làm bài luận như thế mới đánh giá thực lực của hs.",rác,True,,
cmt_education020_0004_r01,education_020,"Kim Quang năm nay có ta khó thôi, mọi năm khối A khó hơn, ta thì bn 10 có thấy dân khối A kêu than j đâu mà năm nay ta khó thấy kêu nhiều z ?",trung lập,False,,
cmt_education020_0004_r22,education_020,Phong Doanhong hỏi vậy thì trước giờ đã bỏ chính quyền cấp huyện chưa??? Đó là ý kiến cá nhân tôi,tiêu cực,False,,
cmt_education_009_0241,education_009,"Chưa có Bao giờ nền giáo dục của đất nước ta được như bây giờ. Câu nói này nghe quen quen mà không biết của ai đó đã từng nói z ta.,",trung lập,False,,
cmt_education018_0003_r13,education_018,"Nguyễn Khánh Hồng mình học fpt đợt mình vào dân đua nhau làm nhà trọ xong giờ ế chổng vó giảm giá hết, có đắt lên nữa cũng không bằng nội thành đâu bạn",trung lập,False,,
cmt_education_011_0326,education_011,Má ơi bà nào cũng vòng phòng,tiêu cực,False,,
cmt_education_018_0198,education_018,thế thì ussh đc đi chắc r,trung lập,False,,
cmt_education_005_0241,education_005,"Gì má, có thật hả trời",trung lập,False,,
cmt_education009_0038_r01,education_009,Hải Đăng,rác,True,,
cmt_education007_0031_r14,education_007,"Công Thành Nguyễn um đã học thật thì đương nhiên khổ rồi. Học gì cũng vậy thôi. Còn do cách dạy của mỗi thầy cô, mỗi bộ môn, mỗi trường nữa.",trung lập,False,,
cmt_education_016_0011,education_016,Đề nghị Bộ nên mở thêm số lượng nguyện vọng cho thí sinh. 10 nguyện vọng thì hơi ít,trung lập,False,,
cmt_education011_0009_r07,education_011,Hân Hân em vô với Hiệu Trưởng rồi à?,trung lập,False,,
cmt_education_007_0232,education_007,"Họ nói đúng, 1 loại là hệ thống văn bằng nghề, 1 loại là hệ thống văn bằng nghiên cứu. Khác nhau hoàn toàn. Trong nghề kiểm toán: chứng chỉ ACCA và thạc sĩ, tiến sĩ ngành kiểm toán là khác nhau. Nên không thể đánh đồng với nhau được. Còn việc trả lương, ưu tiên thì nên theo tiêu chí từng cơ quan, khối bệnh viện mảng thực hành nên ưu tiên CKI, CKII. Khối nghiên cứu, hành chính nên ưu tiên Ths, TS.",trung lập,False,,
cmt_education_020_0248,education_020,Đề TA chả liên quan gì Sgk. Vậy là học thật thi giả.,tiêu cực,False,,
cmt_education020_0006_r17,education_020,"Lê Hạnh đúng rồi bạn, đã khó thì khó như nhau.Đằng này khối thì dễ khối thì khó",tiêu cực,False,,
cmt_education013_0009_r09,education_013,7700 tỉ ko ói ra hết thì đi thật là lâu luôn nhỡ .,tiêu cực,False,,
cmt_education_016_0013,education_016,"Em mong BGD xem lại số lượng 10 nv. Thực sự 10 là quá ít, có thể giới hạn nhưng k thể hạn hẹp vậy được. Nó chả khác nào đóng sập lại cánh cửa ước mơ của em. Em nhìn xong tự hoang mang xem nên xếp kiểu gì với số lượng ít vậy",ý kiến riêng,False,,
cmt_education019_0014_r01,education_019,Lê Khánh Trình chắc học hết cấp 1 rồi mua bằng,tiêu cực,False,,
cmt_education_009_0033,education_009,Đm tát tao 1-2 cái là tao đô vậy mũ lại luôn chứ ở đó mà tát mấy trăm cái thèm chết chán sống hay s đó,tiêu cực,False,,
cmt_education_020_0164,education_020,"Ra đề làm sao mà hs học sgk làm được 5₫ , còn 5₫ còn lại là áp dụng ngoài xh thì đúng, còn ra đề mà 10₫ ngoài sgk thì hs nó sẽ ko thèm học và xem gv và sách là nói dối",tiêu cực,False,,
cmt_education_005_0049,education_005,chỉ mong xử đúng tội đúng người để răn đe,tích cực,False,,
cmt_education_009_0308,education_009,Phai noi la mât day moi dung0,tiêu cực,False,,
cmt_education_017_0238,education_017,chịu chịu học thì đã dốt roi,tiêu cực,False,,
cmt_education_018_0038,education_018,Mấy trường đang có dự án xây gần bệnh viện bạch mai Hà Nam rồi các bác,trung lập,False,,
cmt_education018_0003_r17,education_018,Nguyễn Khánh Hồng rời ra ngoại thành thì chia ra chứ có bê hết vào 1 chỗ đâu mà như nội thành đc. Chưa kể nội thành còn phải cạnh tranh với người đi làm thuê nữa,trung lập,False,,
cmt_education007_0061_r01,education_007,Lang Bùi hoc mòn cái đít quần qua mỹ bắt hoc thi lai  thì hết đời người .đươc làm bs  🤣,tiêu cực,False,,
cmt_education_037_0249,education_037,"nếu học giỏi thì thi cũng sẽ được điểm giỏi, bình thường các con học tốt, thì khi thi sợ gì điểm không tốt... nên các con học tốt rồi thì xét tuyển kiểu gì thì vẫn không thành vấn đề...",ý kiến riêng,False,,
cmt_education_038_0020,education_038,Cùng cố gắng để hội nhập cùng đất nước,tích cực,False,,
cmt_education_007_0091,education_007,Vì y tế là 1 cái bánh béo bở. Sao bảo họ nhả là nhả đc hả các bạn 😅,tiêu cực,False,,
cmt_education017_0012_r09,education_017,Quy Kiêu còn mỗi văn là tự luận thôi còn lại khoanh hết,trung lập,False,,
cmt_education_017_0435,education_017,Lại tốn tiền đầu tư máy,tiêu cực,False,,
cmt_education018_0005_r01,education_018,Ngoan Pham nhường cho giáo dục phổ thông và dịch vụ công cộng mà,trung lập,False,,
cmt_education_011_0393,education_011,"Sao lấy khăn che ￼ đậy cam mà vẫn bị lộ clip nhỉ
Biết có cam mà vẫn hành động như thế quá táo bạo 
Ghê tởm 🤮 cả đôi bên luôn 
Con cái vẫy đuôi con đực  mới đến",tiêu cực,False,,
cmt_education_040_0130,education_040,thật à,rác,True,,
cmt_education_040_0033,education_040,Này hợp lí nè. Không phải nói chứ nhiều sinh viên ra trường k biết tý gì về tin học.,tích cực,False,,
cmt_education_005_0124,education_005,Ko học thêm bị dìm nè,tiêu cực,False,,
cmt_education020_0001_r20,education_020,"Người tham gia ẩn danh 553 đọc lại cmt mình vừa phản hồi 407 nhé :))) cmt thiếu tư duy thế này, chắc mình cũng không cần trò chuyện đâu 🙃",tiêu cực,False,,
cmt_education_005_0016,education_005,Loại GV này phải đuổi khỏi nghành giáo dục,tiêu cực,False,,
cmt_education_018_0217,education_018,Euat giờ sao:),trung lập,False,,
cmt_education_015_0053,education_015,Trường đẹp thế,tích cực,False,,
cmt_education017_0006_r01,education_017,"Cuong Viet hsinh đến trường ngồi vào máy tính được cấp, đeo tai nghe, ngồi học do AI soạn giảng. Mỗi lớp chỉ cần 1 gviên giám sát",tích cực,False,,
cmt_education017_0002_r50,education_017,Thùy Vân điểm liệt là khỏi thi môn khác kkk,tiêu cực,False,,
cmt_education_004_0043,education_004,XHCN nuốt k trôi mô thầy à.Thầy dạy học sinh vậy mà sao thầy lại mắc lỗi,tiêu cực,False,,
cmt_education_005_0218,education_005,"Cái thời trước thi thì thi đề sở ra, chấm bài thì chấm chéo,đâu có tình trạng này",trung lập,False,,
cmt_education_005_0005,education_005,Mong bộ GD cấm dạy thêm tuyệt đối ở trường tiểu học.,tích cực,False,,
cmt_education007_0002_r06,education_007,Sợ học ko nổi ak chứ 🤣🤣,trung lập,False,,
cmt_education_004_0128,education_004,Tham thì thâm. Không biết bao nhiêu người chết vì tham,tiêu cực,False,,
cmt_education_004_0179,education_004,Đớp lắm nó quen mõm r. Nên là k ngờ lần này đớp lại bị tóm,tiêu cực,False,,
cmt_education018_0017_r16,education_018,"Lê Trần Bách ý t đang nói ngoại thành nó đã rẻ hơn rồi huống chi về tỉnh ?? hiểu vấn đề không. Còn cứ học ở tỉnh đi rồi sẽ hiểu giá rẻ hơn rất nhiều :)) còn muốn phát triển bản thân toàn diện không thiếu cách , ở các tỉnh giờ đi làm thêm quán ngta tuyển rất nhiều không sợ thiếu. Học xong thích làm HN thì lên. Ý kiến ý cọt, Nói thì hay không biết đầu tư cho việc học được bao nhiêu",trung lập,False,,
cmt_education011_0010_r04,education_011,Người tham gia ẩn danh 912 ê mà t cá là ông hiệu trưởng chắc chắn thoát đc nha =)),tiêu cực,False,,
cmt_education015_0002_r17,education_015,Thang Tran m k nhìn bố m ghi là t là công nhân à.. giỏi sử đấy.,tiêu cực,False,,
cmt_education_037_0096_r02,education_037,"MyMy BoBo c nói vậy k có được, vd: con c học giỏi mỗi bài thi bài kiểm tra con c làm đúng hết thì GV nào dám chấm sai mà nói ép điểm. Hs nó k phải những đứa trẻ ngốc mà để cô chấm điểm sai khi bài nó đúng đâu, thiếu 0,1d của bọn nhỏ là đã thắc mắc cô rồi ấy.
Mình nói k có căn cứ đừng nói bậy, với giờ mxh rất đáng sợ chẳng GV nào làm mấy chuyện vớ vẩn đó để bị bé lên mxh đâu, bé nhà t năm nay lớp 10 từ tiểu học tới giờ chưa bao giờ đi quà cáp riêng cho cô chỉ có ngày lễ thì hội trưởng ph đại diện đi rồi cũng k học thêm nhà GVCN nên đừng nói linh tinh",tiêu cực,False,,
cmt_education009_0046_r05,education_009,Khắc Hướng kkkk đang hết việc sếp bắt ngồi lang thang mạng cả ngày :),ý kiến riêng,False,,
cmt_education_002_0001,education_002,"Theo các chuyên gia tuyển sinh, việc yêu cầu thí sinh phải xếp ngành sư phạm trong 5 nguyện vọng đầu được xem là giải pháp nhằm tăng mức độ cam kết của người học đối với lựa chọn nghề nghiệp. Khi buộc phải cân nhắc thứ tự ưu tiên, thí sinh sẽ phải suy nghĩ nghiêm túc hơn về định hướng tương lai, thay vì đăng ký dàn trải nhiều ngành, trường như trước:

https://giaoducthoidai.vn/xet-tuyen-su-pham-chi-trong-5-nguyen-vong-dau-chon-dung-nguoi-cho-nghe-giao-post769867.html",rác,True,,
cmt_education_037_0301,education_037,Bỏ ngay liền và lập tức,tích cực,False,,
cmt_education018_0011_r05,education_018,không khác nhau cho lắm đâu chỉ là thay đổi chỗ học còn kẹt vs này kia thì vẫn thế,trung lập,False,,
cmt_education_005_0106,education_005,Cái này chắc là do không học thêm môn cô rồi😂,rác,True,,
cmt_education_005_0293,education_005,Cho học sinh lm bài trực tuyến lm xong biết điểm luôn khỏi phải phì nọ phù kia,ý kiến riêng,False,,
cmt_education_037_0079,education_037,"Lấy học bạ xét tốt nghiệp THPT. Cần kỳ thi tuyển sinh chung dành cho Đại học công bằng minh bạch, trình độ hs phân hóa rõ, giỏi thì vào trường top, k giỏi thì trường trung bình, học nghề, đi làm…",rác,True,,
cmt_education007_0003_r01,education_007,"Nguyễn Đình Huynh cố gắng, bộ dục sẽ dành nhiều ưu ái cho ai muốn học ck3 . Kkk..,",tiêu cực,False,,
cmt_education_020_0241,education_020,"Thì đúng còn j, nếu khó thì điểm sẽ giảm. Tuy nhiên ai điểm cao thì sẽ vào trường top, ai thấp thì trường kém hơn. Khó thì khó cả nước chứ có khó độc khu vực nào đâu",trung lập,False,,
cmt_education_007_0202,education_007,"Nội trú thì dc , chuyên khoa thì không",ý kiến riêng,False,,
cmt_education_009_0072,education_009,"Năm lớp 7 bà cô dạy giáo dục công dân cũng tát làm 1 thằng bị điếc 1 bên tai, bị phụ huynh vào mắng vốn và bồi thường, đhs ko bị đuổi thế là bả ko tát nữa mà chuyển qua nhéo lỗ tai",tiêu cực,False,,
cmt_education_038_0077_r01,education_038,Lâm Nguyễn hâhha. Cố lên Băng Nhi phổ cập cho đội e ngay chứ,trung lập,False,,
cmt_education_015_0002,education_015,Cần rà soát thanh lọc những trường như vậy..,ý kiến riêng,False,,
cmt_education009_0001_r03,education_009,Trẻ ở cái trường đó sao ý. Chứ trẻ con bây giờ bắt nó làm mà nó cảm thấy ko đúng với nó là nó cãi lại ngay.,trung lập,False,,
cmt_education015_0002_r26,education_015,"Toàn Phạm chế độ mới ko cần tiếng mẹ đẻ,ko cần biết lịch sử dân tộc hả ?🤔",tiêu cực,False,,
cmt_education007_0003_r14,education_007,Nhân Hà không phải thế đâu bro,tiêu cực,False,,
cmt_education018_0004_r05,education_018,ArtisticBlueberry2097 dưới 2ha,trung lập,False,,
cmt_education017_0002_r80,education_017,Thùy Vân giống thi bằng lái xe thui :))),rác,True,,
cmt_education_005_0027,education_005,Về nhà đuổi gà tha hồ sửa,rác,True,,
cmt_education007_0001_r01,education_007,Tu Nguyen Dung vậy,trung lập,False,,
cmt_education020_0010_r02,education_020,"Vũ Mạnh Thắng không khó, vì không có sẵn đáp án đố mấy đứa ra đề dám chọn câu hỏi đó để ra.",trung lập,False,,
cmt_education_037_0043_r02,education_037,"Thuan Nguyen bỏ đại học thôi, tốt nghiệp vẫn cộng vào",trung lập,False,,
cmt_education_020_0216,education_020,In ra cho quốc hội mỗi người 1 đề làm cái biết ngay. Đặc biệt là cái ông bộ giao dục,tiêu cực,False,,
cmt_education_018_0045,education_018,"Việc đầu tư cho giáo  dục phải đi trước sự phát triển của độ thì hóa ,chung cư cao tầng ,   chúng cư xây ồ ạt,bỏ không trường  học thiếu , học sinh khổ sở tỉ lệ chọi cao , nhiều học sinh khá giỏi vẫn phải học tue thục  với chị phí cao ,",trung lập,False,,
cmt_education_018_0092,education_018,Dự kiến lâu rồi mà chưa triển khai dc,trung lập,False,,
cmt_education_011_0187,education_011,"Hiệu trưởg ngạnh 1,mấy con cô hồn nghạnh 1000",tiêu cực,False,,
cmt_education_039_0072_r01,education_039,Cai Thị Thủy Tiên hời ơi hời ơi,rác,True,,
cmt_education_011_0196,education_011,Mần ô uế cả một nền giáo dục,tiêu cực,False,,
cmt_education020_0011_r03,education_020,"Giang Nguyen ngày xưa chả có dân lập vẫn đủ trường lớp cho con học giờ XH pt chả có lý do j thiếu trg công lập cho HS, càng cải cách càng khổ dân",tiêu cực,False,,
cmt_education007_0004_r10,education_007,Tien Huynh tk,trung lập,False,,
cmt_education007_0005_r12,education_007,Coca TienDuy bạn nói rất chuẩn,rác,True,,
cmt_education005_0004_r06,education_005,"Ko học kèm bị dìm là chuyện thường tình ko mới mẻ gì đâu. Ngày xưa khác với bây h. 
Xưa ko ai mua danh ba vạn bán danh ba đồng. Chứ h mua danh ba vạn bán danh ba tỷ thì dại gì ko bán 🙏",tiêu cực,False,,
cmt_education020_0010_r06,education_020,"Lệ Mỹ rất tốt toàn 5,6  hiếm hoi điểm 8",tiêu cực,False,,
cmt_education020_0004_r29,education_020,Nguyễn Văn Hướng hiện tại bây giờ các cháu dù thị rớt tn vẫn được cấp chứng nhận hoàn thành chương trình 12 nha b. Đã ko biết còn hay nói,rác,True,,
cmt_education011_0005_r08,education_011,Làm thế nào để check in được căn buồng phía trong của thầy NVĐạt được nhỉ?,rác,True,,
cmt_education_011_0623,education_011,"Bạo lực học đường, học sinh thì đánh nhau, cô giáo thì bị thầy đâm",tiêu cực,False,,
cmt_education007_0005_r17,education_007,"Phòng khám Sản phụ khoa An sinh khổ quá, giải thích bao lần cũng không chịu hiểu à. Cái vấn đề là bsnt là phân nhánh hành nghề chứ không phải phân nhánh nghiên cứu học thuật. Đặt nó ngang thạc sĩ là sai vì vốn dĩ nó không phải dạng học vị, nếu đặt nó nganh thì sau này hệ thống học vị sẽ loạn. Bạn đã không hiểu cái vấn đề cốt lõi còn cứ cãi.",tiêu cực,False,,
cmt_education020_0011_r02,education_020,"Người tham gia ẩn danh 242 nó bảo Toán 8.5, Lý tầm 9, còn Tin thì max điểm b, nó bảo Lý Tin dễ nhai",trung lập,False,,
cmt_education_017_0180,education_017,Nộp bài xong biết điểm là ngất tại chỗ luôn,tích cực,False,,
cmt_education_007_0177,education_007,2 ngạch đào tạo này là khác nhau về mục tiêu đào tạo. Nếu ko biết thì cũng không nên nói cho sang mồm,tiêu cực,False,,
cmt_education017_0001_r01,education_017,Nguyễn Lê Bình An qng chắc ch tới đâu nhỉ,rác,True,,
cmt_education018_0004_r01,education_018,ArtisticBlueberry2097 43 trung hòa cầu giấy,trung lập,False,,
cmt_education_037_0240,education_037,Ko có kiểu xét vừa học bạ vừa điểm thi,trung lập,False,,
cmt_education_017_0489,education_017,Đang thi cúp điện toang đời sĩ tử,tiêu cực,False,,
cmt_education020_0006_r02,education_020,"Tien Tran khó thì khó chung mà, ai giỏi thật thì vẫn đậu thôi, thà ra đề như vậy còn hơn ra đề dễ điểm ai cx cao nhiều người 26 27 đ vẫn rớt đại học",tích cực,False,,
cmt_education007_0011_r01,education_007,"Nguyenn Thuy Y Hà Nội, Y HCM, Huế, Thái Bình, Phạm Ngọc Thạch… nói gì nữa, học được mấy trường ấy đã là cả vấn đề rồi. Cái quan trọng nhất là siết chặt đầu vào các trường Y, siết chặt cấp phép đào tạo các ngành Y khoa thì chả ai nói tới🤣. Chứ ai lại để học sinh 15d/3 môn chubg mâm với học sinh 27d/3 môn như hiện tại thù có mà chết dở🤣",trung lập,False,,
cmt_education007_0005_r14,education_007,"Ths ko bằng bsnt là sự thật ai trong ngành cũng thừa hiểu, b cãi làm gì :)",tích cực,False,,
cmt_education_038_0052,education_038,Còn mẹ nó .tao ghét nhất món đó,rác,True,,
cmt_education_020_0323,education_020,Học thật thi trật thì có :)),trung lập,False,,
cmt_education_005_0078,education_005,Đuổi luôn chứ tạm đình chỉ gì nữa. Chắc là mấy em này kg học thêm nhà nó chứ gì,tiêu cực,False,,
cmt_education_009_0118,education_009,"Tre em khong duoc bao ve, bi lam dung, bi bat nat ngay trong hoc duong boi chinh thay co. Co le vi vay ma thanh nien VN nhut nhat khi giao tiep , quen kim nen cam xuc , quen tuan lenh khong dam phan bien, noi ra chinh kien cua minh. Khi ra the gioi ben ngoai co cum, mat tu tin. Tu minh bo mat quyen binh dang, doc lap. Vua thuong vua lo so tuong lai dat nuoc khi bao luc, lam dung nhan nhan hoc duong.",tiêu cực,False,,
cmt_education_017_0384_r01,education_017,Phuong Anh Nói nhỏ vào mic chuyển thành chữ luôn 😀,rác,True,,
cmt_education_017_0205,education_017,"Không bao giờ được. Thi toán, Tiếng Anh qua mạng trục trặc muôn thuở. Huống hồ thi kì thi quan trọng nhất cuộc đời. Chưa kể bao nhiêu thứ phát sinh",tiêu cực,False,,
cmt_education_037_0063,education_037,"Thôi, xét hba rồi thì những bạn học bằng thực lực rất thiệt thòi. Cứ thi đi, đứa nào xui ráng chịu.( kiểu thi thì đôi khi cũng dính kiểu quên bài bất ngờ. Xem như là xui vậy)",tiêu cực,False,,
cmt_education007_0034_r01,education_007,"Đàm Mai CK2 sang TS là thêm 3 năm theo thông báo tuyển sinh của 1 số trường
CK1 sang thạc sỹ thì bổ sung đầu vào và luận văn 
Tôi rất đồng ý với quan điểm của bạn",tích cực,False,,
cmt_education_040_0093,education_040,lúc t học thì k như thế đi,rác,True,,
cmt_education_040_0003_r05,education_040,Phạm Đức Trung mõm gì thực sự có 1 phần mềm riêng chiếu màn hình máy các bé tại máy giáo viên mà,trung lập,False,,
cmt_education005_0001_r01,education_005,Cơ Hội Cho Ai - Whose Chance : Con giao vien zòi pọ khôn nạn,tiêu cực,False,,
cmt_education_018_0261,education_018,"Hô hào lắm nhưng bao năm chẳng bố nào muốn làm, cả triệu sinh viên ra ngoài ven đô hay vì các tỉnh sẽ giúp biết bao gia đình tiết kiệm được rất nhiều các loại chi phí, vẫn có môi trường học tập tốt. Nhưng các bố ở trên thì ko muốn đi xa nên vì số ít mà bao năm chả thay đổi",trung lập,False,,
cmt_education009_0018_r01,education_009,Nguyễn Thị Thu Hà và mình tuyệt đối không cho con tham gia hoạt động cờ đỏ.,tiêu cực,False,,
cmt_education_005_0064,education_005,Sao người lớn mà lại là cô giáo có thể nghĩ ra mưu hèn kế bẩn đến vậy với con trẻ😢,tiêu cực,False,,
cmt_education_015_0061,education_015,"Giải tán, đóng cửa luôn cái Lò Fhân bò rai đi, nó ấp ra toàn fun rô đó",tiêu cực,False,,
cmt_education007_0002_r02,education_007,"Chiaseyhoc.vn thầy cũng bảo thế :v làm đúng 2 chữ "" Bác Sĩ "" là được rồi . Và thế là t đã nghe vì không có tiền đi học :v",trung lập,False,,
cmt_education009_0011_r12,education_009,23 em học sinh tát bạn cũng thành độc ác vô cảm trước đau đớn của bạn . Những đứa này ra đời sẽ dễ trở thành tàn ác . Con giáo xui đánh bạn mà ko đứa nào phản kháng ! Thật độc ác .,tiêu cực,False,,
cmt_education_037_0058,education_037,Hợp li!,tích cực,False,,
cmt_education_037_0032,education_037,"Nên cho thị đại học, cao đẳng.",tích cực,False,,
cmt_education018_0006_r20,education_018,Ngan Nguyen e dân tpho lên đây chả khác gì quê e chỉ cái là ở trên đây đông ng và nhiều việc nhiều cơ hội học tập pt thôi chứ nghịch thì e ở quê thừa sức quậy nhé nghĩ đến bố mẹ thôi c ạ,trung lập,False,,
cmt_education_017_0177,education_017,"E đi thi tin học, có mấy phòng thi thôi, 1 phòng có 30 thí sinh mà lúc vào thi mạng chập chờn người vào được người không, lúc mới thi gv nói thoải mái nhưng sau vẫn nói hết giờ làm bài. Cứ gọi là Ú với Ớ thôi 😁😁😁",tiêu cực,False,,
cmt_education018_0003_r21,education_018,Nguyễn Khánh Hồng bnh khu ngoại ô chứ có dồn vào 1 chỗ đâu mà nói vậy? Cho thím lên làm quản lý chắc tụt :))))),trung lập,False,,
cmt_education018_0017_r19,education_018,"Su mà ở quê các chỗ học thêm cũng ít cơ. Nơi đấy nó rẻ hơn 1,2 củ nó k đáng đánh đổi bằng trên đây. Đây làm luoeng cao gấp2,3 trên đó đối với nh cv sv hay làm thêm. Dưới này ăn 1 bữa 30k cơm vp trên kia 20k, nhưng dưới này bọn e làm thêm đc gấp2,3 lần mà còn ít thgian hơn thì k sướng hơn à a",trung lập,False,,
cmt_education018_0016_r01,education_018,Người tham gia ẩn danh 276  Thu Hương,trung lập,False,,
cmt_education015_0014_r01,education_015,Tônn Quyền đang mong mỏi đến lượt fun bờ rái đây bạn,tiêu cực,False,,
cmt_education_037_0313,education_037,Ủng hộ 1000%,tích cực,False,,
cmt_education_037_0276_r01,education_037,Linh Nguyen sao lại 5 với 10 như nhau được bạn??,ý kiến riêng,False,,
cmt_education_017_0568,education_017,Chưa kịp hoàn hồn đã chết luôn,rác,True,,
cmt_education_037_0039,education_037,Học bạ  đẹp nhưng  đất nước  cần phong độ  thời điểm chớ không phải  là  quá   khứ thì cử là công bằng,ý kiến riêng,False,,
cmt_education_016_0066,education_016,"Chỉ nên có 1 kì thi duy nhất là thi ĐH mà Bộ tổ chức & kiểm sót chặt chẽ (giống thi T Nghiệp) và bỏ thi Tốt nghiệp.
Chỉ nên có 1 Phương thức duy nhất đó - vì mọi so sánh đều khập khiễng nên nhiều Phương thức tưởng đa dạng thành tạo mất công bằng.

Chỉ lên thẳng giải Quốc tế xịn & Nhất Nhì Quốc gia môn khó - ko cho lên thẳng tùy tiện các Giải QG môn dễ hoặc Giải thấp

Chỉ cộng điểm giải 3&KK quốc gia 
Ko cộng giải Tỉnh Thành vì khập khiễng khó dễ & khó kiểm soát chất lượng + nghiêm minh, Giải Tỉnh Thành đang rất lạm phát số lượng giải. Nên Chuyên Toán A0,… xưa nay là Chuyên KHTN của ĐH QG HN bỏ lên thẳng giải Nhất & ko cộng điểm giải Tỉnh Thành nữa vì các thầy cầm trịch của nhà trường thấy rõ về độ tin cậy. 
   Giỏi thật thì hiển nhiên phải đỗ, cần gì trông ngóng điểm cộng hay lên thẳng,…?!

   Ko dùng chứng chỉ SAT, ACT,… IELTS vì ko phù hợp với VN & vô khối hệ lụy; ko HSA, TSA,… vì ko phù hợp cách dạy & học của VN, công bằng, kiểm soát?!",ý kiến riêng,False,,
cmt_education_017_0445,education_017,Mỗi học sinh là 1 con Chuột bạch của bộ GDĐT,tiêu cực,False,,
cmt_education011_0005_r05,education_011,Nhật Thành thằng này khoẻ thật đấy bạn,rác,True,,
cmt_education018_0002_r02,education_018,Nguyễn Minh TTTM kết hợp nhà ở chứ,trung lập,False,,
cmt_education020_0002_r10,education_020,"Trần Đông Anh có trường hợp là trường bắc đại với trường thanh hoa bên trung quốc đó , họ cũng cạnh tranh nhau , khốc liệt là đằng khác , nhưng họ vẫn phải có 1 kỳ thi chung của tất cả các thí sinh , sau kỳ thi đó mới phân loại đc , và họ đến từng nhà của các thí sinh thủ khoa để tuyển người , dĩ nhiên họ vẫn đề ra tiêu chí riêng cho thí sinh đủ điểm sẽ đậu nhưng điểm cũng rất cao , nếu việt nam cũng có 2 trường top hoạt động theo hình thức đó thì sẽ hút đc rất nhiều nhân tài để phát triển nhưng cần rất nhiều tài nguyên , còn về cơ bản thì với mình kỳ thi vừa rồi dù đề có khó thì cũng chẳng đến mức phải thay đổi , đề khó thì điểm thấp đi , trường họ cũng tự hạ điểm chuẩn thôi , nhưng đề khó sẽ phân loại được thí sinh , giúp các trường họ đánh giá chuẩn hơn , như mọi năm cả chục ngàn điểm 10 thì không phân loại đc những người đó vì đề dễ quá , cái nào cũng có vấn đề phát sinh cả thôi , chủ yếu là liên tục cải tiến để mọi thứ phát triển dần , mới hình thành 1 mô hình hoàn hảo đc , Việt nam mình cũng chỉ là 1 nước đang phát triển thôi , việc gì cũng cần thời gian , đi đúng hướng mới là thứ quan trọng nhất",ý kiến riêng,False,,
cmt_education011_0001_r05,education_011,chục cô cơ mà hơn 16 cái lip vừa xem  bên Mây Lang Thang ,rác,True,,
cmt_education_017_0396,education_017,chơi kiểu này thì ai lại nx 2k9 đã ms r h đến 2k9 ngoắc  sớm r,rác,True,,
cmt_education_005_0169,education_005,"có nhiều cái bất công trong xã hội, cái độc ác 1 cách tinh vi khó bị phát hiện",tiêu cực,False,,
cmt_education_007_0178,education_007,Ko thể gọt chân cho vừa giày..,trung lập,False,,
cmt_education020_0006_r15,education_020,Đồ Gỗ Tràng An Nhưng vùng nông thôn mìền núi ưu tiên đc + 1 số điểm khá lớn còn thành phố mất công sức + tiền bạc mới có chứng chỉ IELTS.Giờ học online đầy ra đấy có tiền để học ko thôi .,ý kiến riêng,False,,
cmt_education_018_0193,education_018,D xanh chula có rời k mn,trung lập,False,,
cmt_education_017_0381,education_017,Môn đầu liệt thì khỏi phải thi mấy môn sau,tiêu cực,False,,
cmt_education_018_0079,education_018,"Nên dời cái này là đúng , giảm tải cho nội thành, chia ra các ngoại thành hay các tỉnh vừa gi áp lực Hn vừa nâng đc kinh tế cho các vùng khác",trung lập,False,,
cmt_education_037_0157,education_037,"Bỏ - gộp - bỏ - gộp cứ 1 năm này năm kia đi Bộ, rảnh mà cũng vui😂😂😂",tiêu cực,False,,
cmt_education017_0003_r05,education_017,Thi kiểu này phải đặt trong tình trạng báo động đỏ . Bác sĩ trực 24/24,tiêu cực,False,,
cmt_education_037_0220,education_037,Bỏ từ lâu rồi mới đúng,tích cực,False,,
cmt_education_007_0110,education_007,"Các quốc gia tiên tiến trên thế giới có xếp BS CK1 là Ths, Ck2 là Ts không, nếu có thì ta nghiên cứu công nhận cho phù hợp với hệ thống giáo dục quốc tế, còn không thì xếp thế nào được, thằng nào cũng cứ đòi đặc thù cho mình mà chả có cơ sở khoa học và cơ sở thực tiễn trên thế giới thì đất nước này, nền giáo dục này nó sẽ lộn tùng phèo bát nháo hết, thế giới họ biết họ chê cười cho. ưu đãi chế độ thì có thể cho hưởng tương đương nhưng học thuật ra học thuật, không lộn túng lộn phèo với nhau",ý kiến riêng,False,,
cmt_education_037_0111,education_037,"Bỏ hết mấy cái điểm trên trường được thì tốt, bỏ hết cac bài thi và kỳ thi cuối cấp, chỉ giữ lại kỳ thi đại học là công bằng và tiết kiệm nhất",ý kiến riêng,False,,
cmt_education007_0046_r03,education_007,"Ngoan Nguyen nghe chữ học thuật nó hay thế. :))) có biết lí thuyết ck1,ts,nt học chung 1 lớp 1 thầy cô ko",tiêu cực,False,,
cmt_education009_0047_r01,education_009,Thọ Đức Trần 26 bạn là đứa bị tát nói. Tức là trừ nó đi rồi.,trung lập,False,,
cmt_education_009_0036,education_009,Đéo thể hiểu đk nỮa,rác,True,,
cmt_education020_0002_r02,education_020,Ruby Bảo Ngọc chính xác bạn vậy mới biết cảm xúc của các con 2k7,ý kiến riêng,False,,
cmt_education007_0006_r05,education_007,Hoàng Dũng đấy là nhà giáo. Chứ y tế đã thấy j đâu b. Bạn trên kia đang nói đến y tế mà,trung lập,False,,
cmt_education_020_0004,education_020,"Báo cáo QH là đề dễ, có tính phân hóa nhưng phụ huynh bị ảo tưởng sức mạnh của con em mình nên hơi bị sock thôi.",trung lập,False,,
cmt_education_011_0157,education_011,Cấm nói xấu cán bộ,tiêu cực,False,,
cmt_education_009_0280,education_009,Bắt nó đi tù đi chứ kiểm điểm cc gì...,tiêu cực,False,,
cmt_education018_0017_r02,education_018,"Kiều Oanh ko ai muốn đi làm thêm cả,vì không có ăn có ở mà phải đi,các trường chỉ cần miễn tiền ở hoặc ở kí túc thì không cháu nào cần phải bưng bê chạy xe ôm làm gì,nó không tích lũy được chút kinh nghiệm sống nào đáng kể",trung lập,False,,
cmt_education_011_0539,education_011,"NỬA CHỮ cũng nhờ thầy, mà …NỮ CHỬA cũng nhờ thầy.",tiêu cực,False,,
cmt_education_014_0011,education_014,"Kỉ luật mức cảnh cáo là quá nhẹ ,đuổi ra khỏi ngành mới  xứng đáng",tiêu cực,False,,
cmt_education_017_0300_r01,education_017,Lương Mỹ Hạnh hơn 10 năm trước đã được làm quen rồi :))),trung lập,False,,
cmt_education018_0018_r03,education_018,Linh Vũ lẹ tay thế,trung lập,False,,
cmt_education_005_0170,education_005,Cho cô về vườn nuôi gà dùm cái,tiêu cực,False,,
cmt_education011_0065_r03,education_011,"Đoàn Đắc Học nhìn tướng em thì ko có chuyện làm phó đâu, phải là trưởng. Nếu có 1 ngày thì hãy giữ mình em nhé.",ý kiến riêng,False,,
cmt_education007_0004_r01,education_007,Phan Văn đúng. Đi chữa bệnh nên gặp bs thực chiến mới yên tâm. Chứ ts việt không tin được,tích cực,False,,
cmt_education_037_0046,education_037,hợp lý .Cứ thi như ngày xưa cho công bằng,tích cực,False,,
cmt_education_004_0103,education_004,Đã hiểu từ trước tới giờ nhà nước Liêm 🌝 tiền về trường đi đâu biết goy đó,tiêu cực,False,,
cmt_education_007_0085,education_007,"Thế y khoa học 6 năng cũng là phá bỡ hệ thống giáo dục rồi, đưa về 4 năm như tất cả các ngành để ko bị phá vỡ hệ thống giáo dục",trung lập,False,,
cmt_education_018_0112,education_018,"OMG, hi vọng Ngoại Giao với Ngoại Thương không bị bế đi Ngọc Mai 🥹",trung lập,False,,
cmt_education_011_0531,education_011,Đam mê.của phụ huynh.vs giao viên,ý kiến riêng,False,,
cmt_education002_0001_r02,education_002,"Thứ năm, đối với tổ hợp xét tuyển sử dụng kết quả các môn thi tốt nghiệp trung học phổ thông có sử dụng chứng chỉ ngoại ngữ (áp dụng cho các trường hợp được miễn thi tốt nghiệp trung học phổ thông theo Quy chế thi tốt nghiệp trung học phổ thông hiện hành), cơ sở đào tạo được quy đổi kết quả chứng chỉ ngoại ngữ thành điểm môn ngoại ngữ theo các khoảng điểm, thực hiện theo hướng dẫn của Bộ Giáo dục và Đào tạo.

Thứ sáu, thí sinh được đăng kí tối đa 10 nguyện vọng vào các chương trình đào tạo của các cơ sở đào tạo khác nhau, nhưng phải sắp xếp các nguyện vọng theo thứ tự ưu tiên từ cao xuống thấp. Đối với các chương trình đào tạo giáo viên, chỉ xét tuyển thí sinh đăng kí ở các nguyện vọng có thứ tự từ 01 đến 03.

Thứ bảy, bổ sung đối tượng xét tuyển đại học bao gồm học sinh đang theo học bậc trung học nghề theo quy định của Luật Giáo dục nghề nghiệp (sửa đổi).

Thứ tám, bổ sung điều kiện tổng điểm 03 môn thi tốt nghiệp trung học phổ thông theo tổ hợp xét tuyển (hoặc sử dụng điểm thi của môn Toán, Ngữ văn và một môn thi khác) phải đạt từ 20 điểm trở lên đối với thí sinh sử dụng kết quả học tập để xét tuyển vào các ngành do các Bộ phối hợp quy định ngưỡng đầu vào.",trung lập,False,,
cmt_education009_0008_r01,education_009,"Nga Nguyen okie, Bạn sai thì bạn sẽ chịu kỷ luật của nhà trường, con vẫn ko được đánh bạn!",tích cực,False,,
cmt_education005_0019_r02,education_005,"Huong Hong  cấm triệt để t nghi ko có đâu, nhưng đừng quá giới hạn sức luc tụi nhỏ thì được,đằng nay t thay quá đáng quá",trung lập,False,,
cmt_education017_0007_r09,education_017,"Minh Chi Hack mạng nội bộ gần như là không thể. Nó cần 1 cuộc xâm nhập vật lý vào điểm thi chứ không thể qua không gian mạng.
Việc mang máy tính vào phòng server của điểm thi để tấn công mạng như thế ngang với việc mang bom vào điểm thi kích nổ rồi.
Nếu mà như thế thật thì thi giấy thì thí sinh cũng chết hết rồi.",trung lập,False,,
cmt_education_011_0209,education_011,Chuẩn thầy ông nội,tiêu cực,False,,
cmt_education017_0003_r05,education_017,"Phú Phan tôi đang học đh confirm là thi xong có điểm ngay luôn nhé, nhưng mà đại học lâu nay nó đều như vậy rồi, kì thi tốt nghiệp mà có điểm luôn như này thì cũng hơi áp lực",tiêu cực,False,,
cmt_education_011_0116,education_011,Các thể loại này thì đăng xuất ra khỏi ngành và khai trừ khỏi Đảng luôn,tiêu cực,False,,
cmt_education_037_0184_r04,education_037,"Lý Quán Du ừ tùy b, công bằng với bạn chứ ko công bằng vs t",tiêu cực,False,,
cmt_education_037_0331_r01,education_037,Tran Huyen dạ đề khó hơn hẳn ạ,rác,True,,
cmt_education_017_0285,education_017,tỉ lệ thí sinh thi xong đột quỵ qua đời luôn rất cao,tiêu cực,False,,
cmt_education009_0047_r02,education_009,tu tat them 10 cai :)),rác,True,,
cmt_education015_0001_r07,education_015,Trần Xuân 👍,rác,True,,
cmt_education_010_0017,education_010,Thông tin: https://dantri.com.vn/giao-duc/nghi-van-2-can-bo-dai-hoc-vinh-bi-to-ga-gam-nu-sinh-nha-truong-len-tieng-20250602212003258.htm,rác,True,,
cmt_education_011_0327,education_011,Sao phòng hiệu trưởng lại lắp camera nhỉ,trung lập,False,,
cmt_education017_0002_r75,education_017,"Thùy Vân vậy cho khỏi hồi hộp chờ đợi là mh có làm dc bài hay ko,đậu hay rớt kkk",tích cực,False,,
cmt_education005_0004_r02,education_005,"Đr b. Ko học cô nên điểm kém, kiểu vậy. Nhiều gv oái ăm lắm, ko học thêm là đì con ngta ah. Gv vậy đuổi khỏi ngành ko oan",tiêu cực,False,,
cmt_education_020_0218,education_020,"Ra đề này ko phải là để thử nghiệm mà là giết chết ước mơ và tâm huyết học tập của 2k7.  Ra đề phải dựa vào chương trình học đảm bảo trong chương trình 70% . BGD báo cáo gì cũng là bao biện cho việc lựa chọn khi ra đề, có phải tiếng mẹ đẻ đâu mà có 50 phút đề kín 4 trang giấy, ko biết chữ gì thì làm sao làm được",tiêu cực,False,,
cmt_education_018_0118,education_018,"học lý thuyết vừa thôi, học đi đôi với hành ý.",trung lập,False,,
cmt_education020_0004_r02,education_020,"Người tham gia ẩn danh 134 thế nó có khó tới mức giáo viên,chuyên gia đều bó tay vì nó phức tạp ko? Có dài tới mức 12 trang ko? vs lại mình chưa nhắc môn nào bạn lôi khối A vào chi v ,và khó thì ngta than khó có thế mà cũng thắc mắc :)))",tiêu cực,False,,
cmt_education_007_0160,education_007,"TS là chuyên nghiên cứu học thuật chứ Ko cần kỹ năng, còn BsCK là kỹ năng nghề, đánh giá BsCK tương đương thợ bậc 7/7 mới hợp lý",tiêu cực,False,,
cmt_education011_0014_r09,education_011,Hân Hân tiktok,rác,True,,
cmt_education_020_0144,education_020,tui 703đgnl mà check sơ a01 được 27đ =)))))),trung lập,False,,
cmt_education011_0001_r07,education_011,"Theanh28 Entertainment 🫢🫢🫢 li*m láp đồ, cô nào cũng ngon, có cả HS nữa mà, xem bên Tin nóng 24/7",tiêu cực,False,,
cmt_education_020_0317,education_020,"thực ra t thấy việc giáo viên không giải nổi trong thời gian làm bài cho phép là cũng đúng
thực tế cho thấy giáo viên ôn tuyển thi olympic cũng chả giải nhanh được bằng học sinh
trò phải giỏi hơn thấy thì mới đúng chứ =))",ý kiến riêng,False,,
cmt_education_018_0039,education_018,Ủng hộ,trung lập,False,,
cmt_education_017_0261,education_017,Tú Tú bao nhiêu địa phương k lẽ trúng chỗ mình😏,trung lập,False,,
cmt_education_037_0002_r50,education_037,"Lê Phương Thảo lop con minh 38hoc sinh thi dc 4hoc sinh giỏi .  Ko phải hoc them cua thay cô bộ mon mới dc điểm tốt.  Con minh ko hoc them cua thầy cô bộ mon , lam bai thi toàn của chấm chéo, làm ko dc thi sao co điểm tốt",tiêu cực,False,,
cmt_education005_0018_r02,education_005,Khoan Dinh tự làm thì tự chịu thôi.,rác,True,,
cmt_education_009_0235,education_009,Giáo viên này ngu vãi. Con trẻ. Người lớn ai trả có lỗi. Tát từng đấy cái là giết người chứ phạt gì.,tiêu cực,False,,
cmt_education007_0053_r06,education_007,Nguyen HLy thế thì bộ giáo dục cũng k nên dựa vào là có từ giáo dục mà ký nhận các trường không thuần về ngành y đào tạo về y tế,trung lập,False,,
cmt_education_037_0002_r51,education_037,"Nhung Nguyên con chị học bằng thực lực thì ko trượt đc đâu, nên có thi bao nhiêu lần vẫn qua. Bỏ xét học bạ cũng mang lại giá trị cao khi con chị thi đậu mà. Chứ xét ai cũg đậu hết thì ai cũg như ai nó rất bth luôn.",tích cực,False,,
cmt_education017_0001_r02,education_017,Nguyễn Lê Quỳnh Như 2 năm hơn 700 ngày,rác,True,,
cmt_education005_0001_r01,education_005,Nguyễn Lâm Nhi chắc làm vậy để các em phải học thêm mình đó mà.,tiêu cực,False,,
cmt_education_005_0035,education_005,"Tình hình hiện nay có rất nhiều GV gây khó khăn cho HS vì lí do không học thêm, mong sự việc này để cảnh tỉnh cho những người khác nữa",tiêu cực,False,,
cmt_education_001_0043,education_001,"Thưa anh/chị, sáng nay tôi vừa đọc một tin về hai bạn mới 13 tuổi vừa giành được giải thưởng mấy chục ngàn USD do sáng chế về thiết bị loại vi nhựa trong nước sinh hoạt ( nôm na thế, vì tôi hiện không xem bản chính danh nên không có thông tin chính xác). Các em đó đã thực hiện nghiên cứu khi ở tuổi thiếu niên và có sự hướng dẫn của giáo viên. Vì vậy, đánh giá của anh/chị, theo tôi là phiến diện. Tôi đã gặp không ít các cháu tuổi teen nhưng khả năng tư duy logic cực kỳ tốt. Điển hình là hiện nay các cháu đã tốt nghiệp tiến sỹ và đang làm sau tiến sỹ, một cháu tại Mỹ và một cháu tại Nhật, ttrường hợp tôi được chứng kiến vì khi các cháu học lớp 10, cháu đã xin sử dụng thiết bị của bộ môn tôi để thực hiện một thí nghiệm của cháu về hóa lý. Dĩ nhiên là các cháu có rất nhiều lợi thế về hướng dẫn: bố/mẹ của các cháu là các PGS/ TS dù lĩnh vực có hơi khác so với lĩnh vực các cháu đam mê và theo đuổi.  Các cháu dưới 10 tuổi thể hiện năng lực nôi trội vể hội họa, kiến trúc....tôi đã gặp không ít và ít nhất một cháu, năm ngoái đã đỗ top của Đại học mỹ thuật Hà Nội và cả ĐH mỹ thuật công nghiệp ( mẹ cháu vô cùng tự hào, dù mẹ cháu hoàn toàn là dân kỹ thuật, cùng ngành với tôi). Chính sách của Bộ GD-ĐT, theo tôi, không sai, và nó cũng là một cách để khuyến khích các cháu có năng khiếu được phát huy ý tưởng/đam mê của các cháu. Cái đang thiếu là sự điều hướng của các thầy cô, mà hiện nay, với sự phát triển của AI cung như sự quan tâm của xã hội, tôi tin rằng nó sẽ thực hiện tốt hơn trong thời gian tới. Tôi nghĩ rằng, cần một nghiên cứu nghiêm túc về hỗ trợ, hướng nghiệp với học sinh cấp 2, 3, khi các cháu bắt đầu có đủ lượng kiến thức để học hỏi, sáng tạo khi tiếp xúc với khoa học, công nghệ cũng như cần có cách đánh giá hiệu quả hơn về các sản phẩm của các cháu",ý kiến riêng,False,,
cmt_education_009_0189,education_009,"Còn có kiểu cô giáo cho 1 bạn cầm thước đi đánh các bạn khác nếu bị lỗi, giáo dục kiểu bạo lực",tiêu cực,False,,
cmt_education004_0001_r31,education_004,Nhung Giang chuẩn,rác,True,,
cmt_education_015_0078,education_015,xem tay nào rước bọn chúng vào,tiêu cực,False,,
cmt_education011_0009_r01,education_011,Nguyễn Sinh bị hack cam chứ ko biết gì . Og còn lấy khăn che cam lại kìa,trung lập,False,,
cmt_education_018_0205,education_018,Về hoà lạc hết đi để t đi học cho dễ :)),trung lập,False,,
cmt_education_017_0595,education_017,nên bố trí sẵn mỗi phòng thi vài chiếc xe cấp cứu:)),tiêu cực,False,,
cmt_education_037_0118,education_037,Mấy ng con học kém trong lớp khoái bỏ học bạ lắm,tiêu cực,False,,
cmt_education013_0017_r09,education_013,"Nguyễn Ngọc Phát để giới trẻ ảo tưởng và giống ""SÁC""🤣🤣🤣",tiêu cực,False,,
cmt_education_037_0023_r01,education_037,"Tuấn Thịnh Nguyễn nhìn chung phương thức nào cũng có cái lý của nó bạn ạ , nếu trường nào tự tổ chức thi của trường đó thì mỗi thí sinh phải thi 3 -4 trường như mình ngày xưa thì lại tốn kém cho phụ huynh và các trường tốp sau lại không có sinh viên để dạy , theo tôi thì cứ xét học bạ khoảng 30% để cho các cháu học trung bình khá có cơ hội , còn các trường tốp đầu thì xét theo phương thức kết hợp ( Điểm thi + ĐGNL + Học bạ + Ưu tiên ) thì phù hợp hơn !",ý kiến riêng,False,,
cmt_education017_0042_r05,education_017,"Lynx Đặng do bạn không biết thôi chứ tôi thi ĐHQG từ 2015 đã có thi hoàn toàn trên máy tính, thi xong biết luôn điểm, xét tuyển trên điểm đó luôn, đến giờ là 10 năm rồi mới thí điểm mở rộng tiến tới phổ cập",tích cực,False,,
cmt_education020_0003_r06,education_020,Phạm Thanh Sơn chuẩn đây! Mây hôm nữa điểm toàn 2.3 thì các bố vê vườn,trung lập,False,,
cmt_education_011_0500,education_011,Mất nết làm ô uế nghề giáo. Nếu thật thì phải đuổi khỏi ngành,tiêu cực,False,,
cmt_education_011_0070,education_011,:))) thấy nhiều bà lắm,rác,True,,
cmt_education017_0096_r01,education_017,Viet Hoang may mà thi r k lại bị mang ra làm chuột bạch =)))),tiêu cực,False,,
cmt_education_016_0051,education_016,Vân LThi nè em,rác,True,,
cmt_education_037_0001_r09,education_037,Nguyễn Tấn Vân Xuân,rác,True,,
cmt_education_015_0026,education_015,Nói thật sao trong bình luận nhiều người không chịu tìm hiểu sự việc thế??? Cái vụ này còn chả liên quan gì đến chính trị giữa Việt Nam và Mỹ.,trung lập,False,,
cmt_education_037_0009_r17,education_037,"Liên Phạm  nhưng bạn có năng lực thực sự, có trường trường tốp 1 thì bạn vẫn sẽ vào một trường khác, vẫn sẽ tỏa sáng và chắc chắn tìm được 1 công việc xứng với năng lực của bạn, vì với nhà tuyển dụng họ cần năng lực làm việc thực sự, không phải bằng cấp",tích cực,False,,
cmt_education_007_0022,education_007,"Vậy thì giáo viên mà học lên thạc sĩ hay tiến sĩ chỉ là học để có học vị chứ không được đào tạo kỹ năng, năng lực đặc thù nghề nghiệp. Và học xong tiến sĩ thì kỹ năng giảng dạy cũng như giáo viên mới ra trường. 😅😅😅",trung lập,False,,
cmt_education_037_0033,education_037,Bỏ liền dùm,tích cực,False,,
cmt_education007_0001_r12,education_007,"Nhật Ký Sinh Viên Y Phât biểu lẫn lộn vớ vẩn. Không bao giờ và không ai coi BS ck1 là Ths y khoa, và BsCK2 là tiến sĩ cả. Đó là 2 nhánh khác nhau của ngàh y .Phải coi ngành y có 2 hệ thống văn bằng song hành được công nhận: Hệ Hàn lâm là Ths, Ts và để thành PGS,GS y học, tập trung vào NCKH.  Hệ thực hành là BSNT, BS Ck1 và CK2 tập trung cho thực hành KCB, không thể là PGS, GS nếu không bổ sung học chuyển đổi thêm đề có thêm.văn bằng TS. Các nước Mỹ Pháp ...đều vậy.",tiêu cực,False,,
cmt_education_016_0037,education_016,Điều thứ tư nghĩa là sao e ko hiểu,trung lập,False,,
cmt_education_011_0190,education_011,Thầy cho quả tomahow vào mõm luôn,tiêu cực,False,,
cmt_education015_0014_r06,education_015,Tônn Quyền tôi nghĩ là khai (nghĩa đen của Việt Nam) phóng( trong từ phóng uế)🤣,trung lập,False,,
cmt_education_007_0170,education_007,"Vẫn là câu chuyện này ! Đã nói là lỳ lắm mà , có bộ sgk còn chưa thống nhất đc thì đừng ý kiến , để ngành y yên !!! Xin cám ơn",tiêu cực,False,,
cmt_education_017_0304,education_017,Huongg Tra Phương Linh chuẩn bị xe cấp cứu ik là vừa,rác,True,,
cmt_education_017_0380,education_017,K biết rồi sẽ xoay vần khi nào mới hết ngộp 🫣,tiêu cực,False,,
cmt_education_037_0002_r20,education_037,"Nguyễn Zen đúng á , lỡ thi mấy đứa học dở vô gặp gthi coi dễ copy rồi công bằng ở đâu",tiêu cực,False,,
cmt_education_009_0001,education_009,"Mấy bác cứ gặp t là thế này thế kia, đậu n ms lớp 6, trong đầu có nghĩ cũng k dám làm, vẫn là đứa trẻ con thôi",trung lập,False,,
cmt_education_011_0076,education_011,Ngày ngày cắp c.. đi làm =)),rác,True,,
cmt_education_007_0009,education_007,"Sắp tới sẽ ra đời loạt thạc sĩ - tiến sĩ cho đúng tiến trình vì trong ngành ai cũng hiểu cốt lõi, chỉ là đúng quy trình cho đỡ nhức đầu . Và nhiều thạc sĩ - tiến sĩ ra đời thì nước ta sẽ có công trình nghiên cứu vĩ đại tầm cỡ thế giới vì đông thạc sĩ - tiến sĩ thì mình lấy só lượng bù chất lượng cũng được. Việt Nam thì vẫn Việt Nam đầy tự hào . Công trình khoa học đầy thư viện rồi đem cân ký để cần thì đem khoe cho thế giới biết.",trung lập,False,,
cmt_education017_0004_r09,education_017,Tạ Tuan Anh trực sẵn xe cứu thương cổng trường,rác,True,,
cmt_education_005_0318,education_005,Con nyc đúng k,rác,True,,
cmt_education018_0002_r01,education_018,Hy vọng 14 năm sau ko còn nói nữa.,trung lập,False,,
cmt_education009_0046_r04,education_009,Dũng Ngô mà nay ông cũng lang thang internet quá đấy.,ý kiến riêng,False,,
cmt_education_037_0057,education_037,Bỏ học bạ các trường tư thục có cơ hội tuyển sinh đại học nhiều,tích cực,False,,
cmt_education_009_0218,education_009,Em xin phép share chị nhé,rác,True,,
cmt_education_018_0123,education_018,Lộ trình 2050 😆😆😆,trung lập,False,,
cmt_education_009_0299,education_009,can phải si ly co giao nay thật thoa dang vi ko co luong tâm,tiêu cực,False,,
cmt_education011_0010_r01,education_011,"Tạp Hoá Chị Mén Tùy người bạn ơi muốn thăng chức, công việc xuôn sẻ, tăng lương trước thời hạn, xét chế độ thì nhảy còn ko thì cứ tằng tằng đến hạn là nên ko cần ngành nghề nào chẳng có cứ đâu phải gv.",tiêu cực,False,,
cmt_education004_0001_r50,education_004,Nhung Giang liên quan A80 thì không bao giờ thoát đâu.,tiêu cực,False,,
cmt_education_007_0189,education_007,"Chưa bao h nghĩ Tiến sỹ cờ vua hay Tiến sĩ Cầu lông lại cao cấp vậy. Yeah, các bạn sau vào bệnh viện nhớ chỉ yêu cầu Bs thường khám thôi nhé, đừng yêu cầu PGS TS bằng mọi giá nhé, mình mà là GĐ mình chỉ dành PGS TS cho ngành y thụ hưởng thôi",tiêu cực,False,,
cmt_education_037_0002_r05,education_037,Nguyễn Zen 1 số trường DL  học ko biết  gì vẫn điểm cao chót vót…. Hs giỏi ầm ầm…,tiêu cực,False,,
cmt_education_007_0329,education_007,Cám ơn tác giả bài viết,tích cực,False,,
cmt_education_020_0233,education_020,"Mik thì ko quan tâm đến vc đề khó, mà cái mik quan tâm là sự khác biệt về độ khó của các môn tự chọn, khó thì khó tất cả chứ ko phải môn khó môn dễ r dẫn đền bất lợi cho rất nhiều bạn trong việc cạnh tranh

Mà nói thế chứ đề năm sau càng khó càng tốt☺️",trung lập,False,,
cmt_education_011_0329,education_011,Văn phòng nhìn xa hoa nhỉ. Còn phòng ngủ phía sau nữa thì chịu hẳn kkk,tiêu cực,False,,
cmt_education011_0006_r11,education_011,Phong Lâm tức là chủ của cái trường đó... trường tư mà,trung lập,False,,
cmt_education017_0002_r73,education_017,"Thùy Vân kiểu thôi thì trc sau cũng xanh cỏ, đỏ mặt kkkk",tích cực,False,,
cmt_education020_0007_r08,education_020,"Hoa Hoang tôi là phụ huynh mà thấy bức xúc ,thương các con ,thấy các con thất vọng",tiêu cực,False,,
cmt_education020_0011_r02,education_020,Hà Thắm giống y con mình giờ này thì kệ đi,trung lập,False,,
cmt_education020_0005_r02,education_020,Suong Nguyen đúng vậy,ý kiến riêng,False,,
cmt_education009_0046_r08,education_009,"2001 - 2004 là 3 năm học cấp 3 của mình, thầy chủ nhiệm còn tát học sinh bùm bụp. Con gái thì ko bị chứ con trai trong lớp ít ai ko bị thầy tát. Nhiều bạn bây giờ vẫn ghét thầy. Bản thân mình cũng thấy thầy rất quá đáng.",tiêu cực,False,,
cmt_education009_0035_r10,education_009,Nguyễn Công Giáo viên  thì tán 1 cái cũng là sai rồi. huống chi cỡ này,tiêu cực,False,,
cmt_education018_0004_r07,education_018,EmpatheticBeet7563 đừng mà 😀,trung lập,False,,
cmt_education_018_0044,education_018,Tầm nhìn 100 Năm,trung lập,False,,
cmt_education018_0014_r01,education_018,Le Minh Duc b nói chuẩn di dời ra chỗ như hòa lạc vắng tanh thì nhiều b có hoàn cảnh khó khăn đi làm xin cũng khó,trung lập,False,,
cmt_education007_0048_r01,education_007,À. Ngày xưa bên đào tạo đại học ngành khác còn có vụ cử nhân với kỹ sư dù cùng ngành luôn. Thấy kỹ sư oách hơn và học lâu hơn. Nhưng sau này các trường bỏ bớt kg đào tạo kỹ sư vì tốn thời gian. Mà chung quy là kỹ sư hay cử nhân thì ra trường thất nghiệp y nhau :),trung lập,False,,
cmt_education020_0008_r04,education_020,Võ Nguyễn Thành,tiêu cực,False,,
cmt_education_009_0090,education_009,Đề nghị giáo viên đứng im cho cả lớp tát lại mỗi người 10 cái,trung lập,False,,
cmt_education_011_0487,education_011,Có luôn hả,rác,True,,
cmt_education_017_0111,education_017,Thi 45’ Tin học đã hoa mắt r chứ mà 120’:)),tiêu cực,False,,
cmt_education013_0014_r02,education_013,Gia Nhiên Phạm  liêm 2 hài dón. đào lửa chứ liêm gì,tiêu cực,False,,
cmt_education017_0003_r02,education_017,Ngọc Huyềnn Thi bằng điện thoại,tích cực,False,,
cmt_education018_0008_r01,education_018,Ha Bui ngta cố tình vậy. Để dân lập kinh doanh nộp thuế. Chứ xây thì mấy hồi. Đầy đất,trung lập,False,,
cmt_education_009_0141,education_009,"Ôi, con em học mẫu giáo thôi mà cô giáo kêu bạn nào hư thì bạn khác trong lớp sẽ tát bạn, còn khuyến khích tát thật mạnh nữa. Cả lớp có duy nhất con em về méc với em. Em đi điều tra ra, quả đúng như vậy. Mà lớp học còn không có camera nữa chớ. Thế là em chuyển trường cho con ngay và luôn. Sợ quá sợ 1 phương pháp phản giáo dục được thực hiện bởi những “thiên thần mầm non”. Ma trường con em là trường tư đấy nhé.",tiêu cực,False,,
cmt_education_011_0117,education_011,Quan trọng là máy con cái kia nữa,trung lập,False,,
cmt_education_011_0220,education_011,Thầy ông nội,tiêu cực,False,,
cmt_education_011_0188,education_011,Thầy với cô chỉ là khiêu vũ thôi mà,trung lập,False,,
cmt_education_020_0165,education_020,Nhìn đề toán dài thiệt chứ,tiêu cực,False,,
cmt_education_007_0039,education_007,"Đề nghị ngành y tế xây dựng ngạch lương mới như công an , quân đội",ý kiến riêng,False,,
cmt_education_040_0183,education_040,"Nên thế.
T ngán mấy đứa xin xỏ cách tải game A, game B vl.
Google thẳng tiến, chứ khó gì đâu.",tích cực,False,,
cmt_education_002_0005,education_002,"Một số nội dung điều chỉnh trong Thông tư sau khi tiếp thu ý kiến và đánh giá tác động chính sách như sau:

✅ Thứ nhất, nguồn tuyển là thí sinh có tổng điểm ba môn thi tốt nghiệp THPT tương ứng tổ hợp xét tuyển (hoặc điểm thi của môn Toán và Ngữ văn và một môn khác) đạt tối thiểu 15 theo thang điểm 30 (không áp dụng với thí sinh đặc cách hoặc được miễn thi tốt nghiệp).

✅ Thứ hai, thí sinh đăng ký tối đa 15 nguyện vọng vào các chương trình đào tạo, các trường khác nhau và sắp xếp các nguyện vọng theo thứ tự ưu tiên từ cao xuống thấp (nguyện vọng 01 là thứ tự ưu tiên cao nhất). Các chương trình đào tạo giáo viên chỉ xét tuyển các nguyện vọng có thứ tự từ 01 đến 05.

✅ Thứ ba, phương thức xét tuyển dựa trên kết quả học tập cấp THPT (học bạ), tổ hợp xét tuyển sử dụng điểm trung bình chung kết quả học tập 06 học kỳ (lớp 10, 11, 12) cấp THPT của tối thiểu 03 môn học trong đó bắt buộc phải có môn Toán hoặc Ngữ văn đóng góp tối thiểu 1/3 trọng số tính điểm xét trong tổ hợp xét tuyển.

✅ Thứ tư, điểm cộng (bao gồm điểm thưởng, điểm xét thưởng, điểm khuyến khích) tối đa là 3 điểm theo thang điểm 30 (tương ứng 10% của thang điểm xét tuyển), trong đó:

👉 Điểm thưởng đối với thí sinh được tuyển thẳng nhưng không dùng để xét tuyển thẳng từ 0-3;

👉 Điểm xét thưởng đối với thí sinh có thành tích hoặc có năng khiếu đặc biệt từ 0 - 1,5;

👉 Điểm khuyến khích đối với thí sinh có chứng chỉ ngoại ngữ hoặc có chứng chỉ quốc tế (nếu có) từ 0 - 1,5. Chứng chỉ ngoại ngữ chỉ được dùng cho quy đổi điểm môn ngoại ngữ trong tổ hợp xét tuyển hoặc sử dụng cho điểm khuyến khích.

✅ Thứ năm, bổ sung đối tượng xét tuyển trung học nghề, người nước ngoài đăng ký xét tuyển vào các chương trình đào tạo trình độ đại học.",rác,True,,
cmt_education007_0001_r02,education_007,"Tu Nguyen , chính xác là như vậy !. Muốn là bác sĩ khám chữa bệnh cho bệnh nhân thì phải qua chương trình đào tạo nội trú , để trở thành physician ( bác sĩ điều trị bệnh nhân ). Ở Viêt nam và các nước Châu Âu không có kiểu đào tạo như Mỹ . Vì học nghề Y liền , học 6 năm thành bác sĩ tổng quát . Bác sĩ nội trú sẽ được thi từ năm thứ năm để chọn chuyên khoa mình muốn theo . Học y khoa bây giờ không khó vì tài liệu vì bao nhiêu phương tiện kỹ thuật giúp mình có đầy đủ tài liệu . Điều quan trọng là thực hành ra sao để có nơi làm việc , nâng cao tay nghề !.",tích cực,False,,
cmt_education_013_0029,education_013,Trời ơi xài hết 7.600 tỷ,tiêu cực,False,,
cmt_education017_0001_r22,education_017,Bao Ngoc Từ h đến lúc đấy vẫn mỗi người 1 đề mà,trung lập,False,,
cmt_education020_0008_r08,education_020,"Một nhân cách khác đề Anh văn dễ hơn Việt Nam,toàn bộ đề khác khó hơn Việt Nam.",tiêu cực,False,,
cmt_education_007_0154,education_007,"Về chuyên môn học  thuật trình độ CK 1 tương đương với thạc sĩ và CK2 tương đương với Tiến sĩ . Nhưng để làm bảo vệ luận án tiến sĩ theo quy định thì vẫn phải học chuyển đổi sang thạc sĩ có thời gian . Nhưng bây giờ có đủ điều kiện cần thì bảo vệ từ chuyên khoa 2 lên thắng tiến sĩ . Còn hệ thống thang bác trình độ theo cung bậc từ trước đến nay giống với đa số trên thế giới . Sơ cấp , trung cấp , cao đẳng , đại học , sau đại học hay thạc sĩ , tiến sĩ , và tiến sĩ khoa học lại là đỉnh cao của đỉnh rồi . Mỗi một ngành nghề có đặc thù riêng nên không tranh luận nhiều tất cả theo Quy chuẩn đã được thống nhất đất từ trước rồi . Còn bảo bộ giáo dục không công nhận tương đương là theo quy định của quản lý nhà nước . Cần thiệt phải có luật giáo dục đại học sửa đổi và công nhận theo tính pháp lý của Việt Nam .",ý kiến riêng,False,,
cmt_education011_0001_r22,education_011,Lượng Gia Cát thiếu đoạn sau nhé bro,rác,True,,
cmt_education_007_0134,education_007,"🔥 Đăng ký ngay – Nhận thưởng +66K!
🎁 Ưu đãi siêu khủng cho thành viên mới!
💰 Cơ hội nhận đến 8TR888K! mb6688.store",rác,True,,
cmt_education_020_0054,education_020,"Bây giờ còn báo cáo cái gì, giải quyết được đâu chỉ khổ các con, ăn rau muống nhg lại đòi sx ra tiền sĩ, đại biểu quốc hội đọc số còn sai bét nhè ra kia kìa",tiêu cực,False,,
cmt_education_040_0072,education_040,Môn học nào cũng quan trọng hết!,tích cực,False,,
cmt_education007_0001_r03,education_007,Chuyện Nghề Y Ko thể xếp tương đương đc. Mà phải xếp hơn hẳn mới đúng. Vì ngành Y cần thực tế lâm sàng nhiều hơn. 😊,tích cực,False,,
cmt_education_038_0027,education_038,Tuyệt vời ạ,tích cực,False,,
cmt_education020_0006_r06,education_020,Nhi Nhi khó chung chỗ nào v,tiêu cực,False,,
cmt_education007_0026_r12,education_007,Lâm Lệ Quyên thì ai nói gì bạn đâu 😂 nhưng nói chưa thấy ai thi ck1 trượt thì không đúng vì có những người thi ck1 3 năm vẫn trượt bình thường :))) còn ai làm trong ngành đều hiểu ck1 hay ths đào tạo gần như tương tự nhau so sánh ai hơn ai kém nó buồn cười ra 😩,trung lập,False,,
cmt_education015_0003_r13,education_015,Quỳnh Phan dám đụng mới sợ,rác,True,,
cmt_education_037_0104,education_037,Lắm thầy nhiều thợ nên bỏ học bạ,tích cực,False,,
cmt_education011_0016_r01,education_011,Vũ Nam Thụy khầy này ăn tạp quá,rác,True,,
cmt_education_016_0031,education_016,"Kình đề nghị bộ bỏ điều thứ tư : bắt buộc môn toán hoạc văn có điểm bằng hoặc lớn hơn 1/3 tổng điểm thang 30. Vô lý quá. Nếu như vậy ko ai được xét nữa, hay là cố tình thi cho hai môn phụ kia thấp hơn toán hoạc văn hay sao ạ. Trân trọng",tiêu cực,False,,
cmt_education_017_0018,education_017,"Mạng thì ọp ẹp,csvc thì thiếu thốn, trong khi đó tất cả cùng làm và nộp bài 😔😔😔",tiêu cực,False,,
cmt_education_017_0264,education_017,Trần Hà  ồ hô khoá mình :)),rác,True,,
cmt_education007_0004_r22,education_007,"Lê Đức Khiêm thấy ô nói đúng thì cười hưởng ứng, đồng tình với ô thôi !! Đánh nhau thì chắc ô chưa đủ tuổi với tôi đâu !",tích cực,False,,
cmt_education_040_0073,education_040,Đúng rồi đó còn gì khó hơn nữa đi,tiêu cực,False,,
cmt_education018_0004_r03,education_018,ArtisticBlueberry2097 98 dương quảng hàm,trung lập,False,,
cmt_education017_0042_r07,education_017,Helloeve kiểu như hsa ý vẫn có tự luận nhưng kiểu viết kết quả ra thôi,ý kiến riêng,False,,
cmt_education_009_0013,education_009,"Sd hình thức này để trả cho cô, như vậy mới côg bằng.",tiêu cực,False,,
cmt_education020_0006_r04,education_020,Đồ Gỗ Tràng An bất công với các khối khác nữa ấy bạn.,tiêu cực,False,,
cmt_education017_0018_r03,education_017,Minh Phan Hoang thi là sử dụng mạng nội bộ chứ có dùng chung mạng online đâu mà treo ông cố ơi ông cố 🤣🤣,tích cực,False,,
cmt_education_007_0355,education_007,Giúp tôi huêur hơn về y tế,rác,True,,
cmt_education015_0007_r05,education_015,Điện Lạnh Hoàng Việt bị gì mà đu cang vậy,rác,True,,
cmt_education007_0006_r03,education_007,"Hoàng Dũng lương đầu bảng chỗ nào đó bác? Vs nâng ở mục nào đó ạ cho em xin em còn đi đồn, mới thấy giáo viên chứ chưa thấy y tế",trung lập,False,,
cmt_education017_0002_r44,education_017,Thùy Vân nếu bị sốc là sốc toàn tập luôn như thi bằng lái xe,trung lập,False,,
cmt_education_009_0003,education_009,"Phai cho ba này đi tù chứ, co giáo gi ma bệnh hoạn va khốn nạn",tiêu cực,False,,
cmt_education_037_0219,education_037,Vậy là đúng,tích cực,False,,
cmt_education020_0065_r01,education_020,"Nguyễn Thị Dương Liễu đúng vậy e thấy các lò dạy thêm đã cho củi vào đốt luôn ngay sau khi các cháu đc nghỉ hè. Ph thấy 2k8, 2k9... lo sốt vó cũng tống con vào lò luôn. Rõ khổ 😩😩😩",tiêu cực,False,,
cmt_education017_0009_r03,education_017,"Boon Heo con t h chưa vào lớp 1 đã bắt đầu chuỗi học, làm bài online rồi mà. Thấy cũng bình thường",trung lập,False,,
cmt_education_005_0233,education_005,Bình thường học không giỏi đến lúc thi trúng tủ hoặc quay cáp điểm cao nên các cô hạ điểm cho đúng khả năng học của HS. Cái đó bình thường trong trường học. Để có sự công bằng,trung lập,False,,
cmt_education007_0018_r02,education_007,Nguyễn Sinh Huy Yds với HMU cấm vụ này r á a😶‍🌫️ lên ra trg chỉ có bằng ck1+bsnt thui a,tiêu cực,False,,
cmt_education017_0003_r03,education_017,Luu Phu Hieu tiện phết tạch còn biết đường chuẩn bị tài chính học lại ☺️,trung lập,False,,
cmt_education_037_0110,education_037,Hoan hô bỏ xét hoc bạ công bằng cho con nhà nghèo,tích cực,False,,
cmt_education_018_0235,education_018,"Làm đi cho Nội đô HN đỡ tắc, Kinh tế vùng ven Phát triển... (Bao giờ làm thì không biết)",trung lập,False,,
cmt_education_004_0052,education_004,Còn trường nữa,trung lập,False,,
cmt_education_002_0034,education_002,Quan tâm,trung lập,False,,
cmt_education013_0006_r19,education_013,Nguyễn Trung Hiếu mở tận 130 cái trường lớp thổ tả gì gì đó ở khắp các tỉnh thành. Éo phải tiền của mình mồ hôi nước mắt của mình nên nó vung tay quá trán đó bạn.,tiêu cực,False,,
cmt_education_009_0320,education_009,Giáo Dục Thời Thổ Tả,rác,True,,
cmt_education_039_0066,education_039,Viet Anh Nguyễn Trung Trực mang tiếng roi😭,rác,True,,
cmt_education017_0006_r12,education_017,"Bùi Thắng Trung Quốc họ thi Cao khảo trên giấy viết, đề của họ hay. Đề thi của ta mấy năm nay trắc nghiệm chán lắm từ sử địa đến lý hoá toán. Còn bày vẽ thi máy tính.",tiêu cực,False,,
cmt_education_020_0062,education_020,Báo cáo thì cũng thi rồi! Khổ 2K7,trung lập,False,,
cmt_education_007_0098,education_007,Rồi tóm lại có đào tạo nội trú và chuyên khoa nữa không. Hay bỏ hết để gộp vào chương trình đào tạo của ôg Dục,ý kiến riêng,False,,
cmt_education015_0001_r18,education_015,Ngô Khánh yêu cầu trưng dụng cái trường này để đào tạo danecer nhảy nhót cho đẹp a nhỉ,rác,True,,
cmt_education015_0002_r19,education_015,Phạm Thị Huế đó là điều kiện cần. Còn điều kiện đủ là khác ạ,trung lập,False,,
cmt_education_037_0050,education_037,"Bỏ quách cho rồi, chẳg thực chất gì cả, gây mất công bằng, nhụt ý chí học tập của cậu ấm con chiêu",tích cực,False,,
cmt_education_020_0274,education_020,""" Đề thi năm nay vừa sức với giáo viên,em nắm chắc 9đ trong tay , 1đ trên bài thi """,tích cực,False,,
cmt_education_009_0150,education_009,"Em cũng nói với con là nếu bạn nào trong lớp vi phạm cô yêu cầu con tát bạn thì con không được tát, bởi con không có quyền tát bạn. Nếu cô phạt con thì con cũng không được tát. Mẹ sẽ nói chuyện với cô. Nếu con vi phạm mà cô yêu cầu bạn tát con, con hãy nói với bạn là bạn không có quyền tát mình. Nếu bạn vẫn làm, con có quyền chống cự. Em biết cách của em có nhiều tiêu cực song trong bối cảnh nhà trường chỉ biết có thành tích thì đành làm thế.",trung lập,False,,
cmt_education_017_0660,education_017,Mỗi năm một ý tưởng mới. Kiểu này thế hệ sau chắc ko biết cầm bút mất.,tiêu cực,False,,
cmt_education_009_0248,education_009,Khốn nạn va thoii nát quá. Cha mẹ cung kg dám tát con mình mà cô giáo lại dám cho các bạn no sỉ nhục nó... co có bao gio cho người khác tát vào mặt con mình kg? Bày dạy bạo lực chỉ co thất bại thoii.,tiêu cực,False,,
cmt_education017_0003_r18,education_017,"Họ Nhà Cua chấm ra điểm luôn với những bài thuộc dạng trắc nghiệm, có đáp án hết rồi chứ khó gì mà không mang ý nghĩa quyết định??",trung lập,False,,
cmt_education020_0005_r07,education_020,Suong Nguyen  em nói chuẩn quá,rác,True,,
cmt_education_005_0085,education_005,Khổ tất cả đều do cái nghèo mà ra,trung lập,False,,
cmt_education_007_0294,education_007,"Em là bsck1 xin có ý kiến:  Ko thể so sánh ths, tiến sỹ với bsck1 và bsck2 ai giỏi khám bệnh hơn ai ở Việt Nam, điều đó là vô nghĩa với thực trạng hiện nay. Vì hiện tại nước ta vẫn lẫn lộn, chưa tách bạch 2 cái này. Học y 6 năm có bằng bs rồi đi làm bệnh viện. Sau đó ai thích học cái j thì học ( có yêu cầu đầu vào theo quy định của bộ ). Còn khám chữa bệnh thì đều có ng giỏi, ng dở. Kể cả chuyên khoa1,2 hay ths, ts.",trung lập,False,,
cmt_education_037_0316,education_037,"Hiện nay trường top và tốt thì cũng đã không xét học bạ, còn trường đã dùng tới xét học bạ thì không top hay tốt bằng rồi",ý kiến riêng,False,,
cmt_education_011_0047,education_011,Biết dị hồi đó ba mẹ kêu gắng học,trung lập,False,,
cmt_education011_0065_r01,education_011,Đoàn Đắc Học  ngày xưa em mà thi sư phạm có khi giờ lên hiệu trưởng rồi đấy nhỉ,ý kiến riêng,False,,
cmt_education_017_0698,education_017,Không những học sinh hoảng mà giám thị chắc cũng ngất lịm😀😀😀. Hạ tầng cơ sở mạng ngay cả đơn vị hàng đầu còn đầu hàng😀,tiêu cực,False,,
cmt_education_013_0027,education_013,Tử cmn hình cho rồi,tiêu cực,False,,
cmt_education_009_0215,education_009,❤️❤️❤️ chị cho e share ạ! Cảm ơn chị,rác,True,,
cmt_education_017_0696,education_017,Lại tốn khá nhiều tiền đây,tiêu cực,False,,
cmt_education_038_0088,education_038,Nguyễn Minh  xem này con,rác,True,,
cmt_education_017_0501,education_017,Ha Quyen=))))) chúc mừng,rác,True,,
cmt_education018_0006_r19,education_018,Ngan Nguyen e lên đây kiếm từ năm 1 đến h là năm 2 e kiếm đc 100 tr rồi đấy ạ c sống cuộc sống với ng ăn chơi c nghĩ ai cũng thế,trung lập,False,,
cmt_education_038_0009,education_038,Ủng hộ dạy tiếng Anh từ cấp mầm non. Và áp dụng dạy bằng tiếng Anh thí điểm dần ở các cơ sở công lập đủ đk,tích cực,False,,
cmt_education007_0003_r06,education_007,"Lương Tiểu Mai có học Y ko đó! Giờ cháu Âu Nhật Huy gì đó sau khi tốt nghiệp Tân Tạo. Học luôn tiến sĩ Phạm Ngọc Thạch rồi ra làm Tiến Sĩ vậy kinh nghiệm và thâm niên Lâm Sàng ở đâu.! Ý bộ Y tế đang muốn tính cho những người học Nội Trú, CK1,CK2 dạy thực hành lâm sàng thì như thế nào.! Tính hệ số ra sao.! Chứ còn để TS như dạng TS học 1 lèo thế kia dạy lâm sàng nghe chừng cơm chấm cơm..!",tiêu cực,False,,
cmt_education_018_0102,education_018,Hus về đông anh là ngon luôn Hà Vy,trung lập,False,,
cmt_education_017_0128,education_017,là vừa thi xong đi luôn khỏi chờ ạ☺️,tích cực,False,,
cmt_education018_0010_r09,education_018,"Thang Viet điện đường trường trạm ở ngoài đảo còn có huống gì các tỉnh. Thiếu cái gì thì xây cái có, bao nhiêu sân gôn tượng đài nghìn tỷ, cổng chào trăm tỷ còn xây bỏ không được. Toàn lo bò trắng răng, văn của mấy thằng lợi ích",trung lập,False,,
cmt_education_040_0032,education_040,chuẩn đấy giờ làm gì cũng cần máy tính mà,tích cực,False,,
cmt_education_005_0041,education_005,K hỉu tại sao và vì sao ??,trung lập,False,,
cmt_education_007_0040,education_007,Bộ gd không được thu phí. Hỏi lắm thế,tiêu cực,False,,
cmt_education_011_0082,education_011,Đặng Thị May ế ề ê 🥴,rác,True,,
cmt_education007_0003_r19,education_007,"Phạm Tấn hỏi thật, có phải trong ngành không mà phát biểu. Ăn nói tào lao",tiêu cực,False,,
cmt_education_017_0656,education_017,Học sinh khổ nhất tgioi=)))),tiêu cực,False,,
cmt_education_018_0068,education_018,Về hết Qoai thoi,trung lập,False,,
cmt_education_037_0092_r01,education_037,"Helen Võ Chính xác bạn ơi, nhiều vấn đề lắm",rác,True,,
cmt_education_007_0074,education_007,Bác sĩ giỏi được bệnh nhân tìm đến thôi !,tích cực,False,,
cmt_education017_0007_r04,education_017,Đặng Nam Khánh chưa biết được nha . K có điều j là chắc chắn .,trung lập,False,,
cmt_education009_0001_r01,education_009,Trẻ mầm non ở Đức đã được dạy! Không để ai nhìn và chạm vào chỗ kín trừ bác sĩ khi có bệnh! Không ai được tự ý chạm vào thân thể được véo được đánh được xô đẩy con không ai được chế nhạo con là béo hay gầy hay vì bất cứ đặc điểm nào trên cơ thể con! Giá các bé nhà mình dc dạy thế từ nhỏ,ý kiến riêng,False,,
cmt_education_004_0158,education_004,Hiệu trưởng liều.,tiêu cực,False,,
cmt_education020_0002_r12,education_020,Ruby Bảo Ngọc cho các ông ngồi giải và có cả giám thị coi nhé,ý kiến riêng,False,,
cmt_education017_0002_r52,education_017,Thùy Vân Nếu đc thi như thế này thì Hay biết mấy chỉ những người không học sợ thôi,tích cực,False,,
cmt_education013_0006_r22,education_013,Làm ăn bị vỡ đúng mùa covid,trung lập,False,,
cmt_education011_0006_r02,education_011,"Nguyễn Dung tại mấy cô kia báo thầy đó chứ?Thầy có trói,có bỏ thuốc gì đâu?",trung lập,False,,
cmt_education_037_0013_r01,education_037,Bỏ là hợp lý xin ủng hộ.,tích cực,False,,
cmt_education_005_0033,education_005,"Gv mà làm gì vậy với các cháu ?đủ thiếu gì ,giàu có gì .xấu ác làm gì ,với các cháu .Đời còn dài lắm .còn nhiều gian truân lắm ,gv nên sống thật chân thật ,với tình thường đàn em nhỏ ,vui vẻ hòa ái ,đời sẽ nhẹ nhàng hơn .",tiêu cực,False,,
cmt_education_009_0307,education_009,Lại là danh hiệu,tiêu cực,False,,
cmt_education_020_0203,education_020,"Uh đúng rồi?HỌC THẬT ,THI THẬT , RỚT THẬT ,RỚT SẠCH SẼ MỚI GỌI LÀ MA TRẬN TÁI LẬP LẠI MA TRẬN MỚI ĐÚNG KO MẤY CHA ???🤣🤣🤣",tiêu cực,False,,
cmt_education_017_0480,education_017,ôi trời ơi,rác,True,,
cmt_education_009_0196,education_009,Hẵy tưởng tượng mười năm sau số h.s này trở thành cong dân họ sẽ là những người ngoan ngoãn vâng lời. Những con robot không ho 🤖🤖hơn không kém. X.h trông chờ được gì ở họ. Biết suy nghĩ độc lập mới là cái cần thiết cho con người,tiêu cực,False,,
cmt_education_020_0214,education_020,Cho bọn nó nghỉ hết ko phải lấy HS ra mà thứ nghiệm đây là giết chết một thế hệ mới.,tiêu cực,False,,
cmt_education_037_0015_r03,education_037,Vũ Thị Yến không chịu học mà con người ta thi Đại học được ah?,tiêu cực,False,,
cmt_education_011_0411,education_011,sếp em có làm gì đâu :))) em làm chứng :)),tiêu cực,False,,
cmt_education_007_0186,education_007,Đồng ý,tích cực,False,,
cmt_education_013_0001,education_013,Bài viết thông tin đầy đủ: https://znews.vn/shark-thuy-chiem-doat-hon-7600-ty-va-dua-hoi-lo-hang-chuc-ty-dong-post1602823.html,rác,True,,
cmt_education_015_0008,education_015,Chuẩn rồi,tích cực,False,,
cmt_education_020_0305,education_020,"Mấy bạn cứ bảo học sin cos tan ra đời có dùng đến đâu. Đây, đề ứng dụng thực tế đây, sao lại kêu.",tích cực,False,,
cmt_education_037_0019,education_037,Có xét tuyển bằng học bạ thì áp dụng cho trường công lập...,ý kiến riêng,False,,
cmt_education_037_0015_r01,education_037,Vũ Thị Yến không chịu học thì khó có đủ năng lực để vào đại học như mong muốn. Nên bạn không cần phải lo cho điều này.,tích cực,False,,
cmt_education_039_0002_r01,education_039,Cao Minh Huyền cu tí sao rồi e,rác,True,,
cmt_education017_0073_r01,education_017,Ha My 3 là giấy kết hôn 😞,rác,True,,
cmt_education_011_0162,education_011,Đúng thầy ông nội đây rôi,tiêu cực,False,,
cmt_education_011_0522,education_011,cán bộ tha hoá biến chất thối tha,tiêu cực,False,,
cmt_education_037_0323,education_037,Cuối cùng thì quay về 20 năm về trước lại là ok nhất nhỉ?,trung lập,False,,
cmt_education_018_0219,education_018,rồi lại về Hoà Lạc hết cho mà xem =)),trung lập,False,,
cmt_education_017_0515,education_017,"lạy nữa,phòng thi gần bv cái",rác,True,,
cmt_education007_0004_r05,education_007,"Van An Le Bạn nghĩ Chuyên khoa và Nội trú mà ko Nghiên cứu à?
   Ko nghiên cứu mà đỗ được & học được Nội trú & Chuyên khoa?!
   TS cầu lông với giao tiếp của chủ tịch xã &… từ những lò ấp + TS Chuyên ngành dễ ko khó bằng ĐH, Cử nhân ngành KH tự nhiên chứ đừng nói so được với Cử nhân Toán hay Bác sỹ ĐH trường Top 1 & càng ko so được với Nội trú nhé!

   Bảo các TS ấy thi thử vào Bách khoa, Y Dược xịn hoặc khoa Toán Lý Hoá … xem có đỗ vào ĐH ko ạ?!
   Lí là do minh nghĩ ra và xây dựng nên thôi nhé!",tiêu cực,False,,
cmt_education_015_0005,education_015,Còn trường Phân bãi nữa,tiêu cực,False,,
cmt_education020_0003_r12,education_020,Nhân Si ghét nhưng người giỏi phát ngôn vì ko thể cãi nổi,tiêu cực,False,,
cmt_education018_0004_r01,education_018,Tuan Nguyen các trường về dần hết rồi còn gì bạn.,trung lập,False,,
cmt_education009_0035_r01,education_009,"hào kiệt thời nào cũng có, chỉ khác là thời nay chúng nó ngày càng ""thông minh"" hơn thôi:)))",trung lập,False,,
cmt_education018_0010_r08,education_018,"Mưa Chiều Thu ko có hạ tầng giao thông, điện đường trường trạm lấy cái chóa j mọc lên vậy. Mấy cái quán xá dựng tạm vách tôn, mái tôn thì nói làm j. Làm j cũng phải có giải pháp tổng thể chứ. Xây xong cái trường mà xung quanh toàn đồng không, sinh viên, giáo viên chiều về lại bắt xe vào nội thành ở tiếp à. Nông cạn vi ci eo",trung lập,False,,
cmt_education_020_0209,education_020,Chọn đúng thời điểm là chọn được cơ hội tốt https://123qq88.me/linkctv2,rác,True,,
cmt_education_009_0131,education_009,Ác thực sự,tiêu cực,False,,
cmt_education_018_0140,education_018,tạm biệt hus🥰,trung lập,False,,
cmt_education_038_0058,education_038,"Ủng hộ ,tuyệt vời",tích cực,False,,
cmt_education015_0002_r12,education_015,Mình chỉ nói đến quan điểm của bạn kia nói là không cần giỏi tiếng anh thôi. Chứ không bàn đến các vấn đề khác .,trung lập,False,,
cmt_education009_0002_r04,education_009,"Hoàng Vân 🤣🤣 nhưng mà nó chửi thật, chửi mất dậy luôn",tiêu cực,False,,
cmt_education009_0002_r01,education_009,"Thu Ha đúng là phải truy tố chị ạ. Quá bức xúc. Đẻ được 1 đứa con, nuôi nó lớn bằng đó không hề đơn giản, nói tục đâu phải lỗi gì không thể đào tạo mà giáo viên lại hành xử như côn đồ, ""tổ chức"" đánh người như thế. Quá đốn mạt, phải khởi tố!",tiêu cực,False,,
cmt_education_017_0441,education_017,mấy bro kh hay dùng máy tính chắc mò chữ bằng 2 ngón :)),trung lập,False,,
cmt_education011_0001_r11,education_011,Chiếc này mà vừa ý thì người đẹp ghé bài T3 bên em nghen!,trung lập,False,,
cmt_education_017_0373,education_017,"Ủng hộ thi trên máy để trống gian lận, tiết kiệm chi phí chấm thi, tiết kiệm in đề thi giấy thi, đảm bảo công bằng xứng tầm với sự phát triển của công nghệ số",tích cực,False,,
cmt_education_040_0186_r01,education_040,Tin Học Cô Hiền - Chị chúc mừng em nhá!,rác,True,,
cmt_education_038_0001,education_038,"👩‍🏫🙆‍♂️🌏 TRIỂN KHAI PHÙ HỢP THEO VÙNG MIỀN, BẮT ĐẦU TỪ LÀM QUEN Ở BẬC MẦM NON, TIẾN TỚI PHỔ CẬP RỘNG HƠN Ở TIỂU HỌC VÀ CÁC CẤP HỌC TIẾP THEO
___
🇻🇳 Ngày 22/9, tại Hà Nội, Hội đồng Quốc gia Giáo dục và Phát triển nhân lực tổ chức phiên họp xin ý kiến góp ý dự thảo Đề án “Đưa tiếng Anh thành ngôn ngữ thứ hai trong trường học giai đoạn 2025-2035, tầm nhìn đến năm 2045” (sau đây gọi là Đề án). Thứ trưởng Thường trực Bộ Giáo dục và Đào tạo (GDĐT) Phạm Ngọc Thưởng, Trưởng Tiểu ban Giáo dục phổ thông chủ trì phiên họp.

🇻🇳🎙 Phát biểu tại phiên họp, Thứ trưởng Thường trực Bộ GDĐT Phạm Ngọc Thưởng ghi nhận 15 ý kiến đóng góp tâm huyết, sâu sắc của các đại biểu và khẳng định Bộ sẽ tiếp thu tối đa để hoàn thiện Đề án.

Thứ trưởng nhấn mạnh, lộ trình triển khai đến năm 2045 cần được thực hiện linh hoạt: những địa phương có điều kiện thuận lợi có thể đi trước, tạo vai trò dẫn dắt; trong khi đó, các vùng khó khăn sẽ thực hiện theo tiến độ phù hợp. Việc đưa tiếng Anh thành ngôn ngữ thứ hai phải gắn với quan điểm đột phá theo tinh thần Nghị quyết 71-NQ/TW của Bộ Chính trị, đó là đột phá trong tư duy, nhận thức, thể chế và nguồn lực.

👨‍💼 Về nguồn lực, Nhà nước giữ vai trò chủ đạo, lấy đầu tư công làm động lực, đồng thời khuyến khích huy động xã hội hóa nhưng không thể chỉ trông chờ vào xã hội hóa. Thứ trưởng cũng lưu ý việc phân chia cấp độ phổ cập phù hợp với từng vùng miền, bắt đầu từ làm quen ở bậc mầm non, tiến tới phổ cập rộng hơn ở tiểu học và các cấp học tiếp theo.

Trong tám giải pháp lớn của Đề án, Thứ trưởng đặc biệt nhấn mạnh hai yếu tố then chốt: thể chế và đào tạo đội ngũ giáo viên. Việc đổi mới chương trình đào tạo giáo viên, chính sách đãi ngộ thỏa đáng, nhất là với những thầy cô vừa giảng dạy tiếng Anh, vừa sử dụng tiếng Anh để dạy các môn khoa học, là yêu cầu cấp thiết.

✍️ Thứ trưởng cũng đề cao vai trò của ứng dụng công nghệ, trí tuệ nhân tạo trong dạy – học ngoại ngữ; phát động phong trào thi đua học tập tiếng Anh; học hỏi, nhân rộng các mô hình thành công ở địa phương và cơ sở giáo dục.

“Chúng ta mong muốn Đề án sớm được phê duyệt với tính khả thi cao và cách tổ chức quản lí hiệu quả, đặc biệt ở cấp địa phương, để từng cơ sở giáo dục đạt kết quả như mục tiêu đề ra”, Thứ trưởng Thường trực bày tỏ.

👉 Xem chi tiết: https://moet.gov.vn/tintuc/Pages/tin-tong-hop.aspx?ItemID=11132",rác,True,,
cmt_education018_0060_r24,education_018,ê ê,rác,True,,
cmt_education020_0001_r19,education_020,"Người tham gia ẩn danh 679 mỗi người có một quan điểm khác nhau, một góc nhìn khác nhau, bạn chỉ được phép chia sẻ quan điểm hoặc đưa ra dẫn chứng để xem các quan điểm ưu nhược thế nào, mức độ phù hợp từng hoàn cảnh ra sao. Chứ bạn là ai mà có quyền đánh giá quan điểm mình là mục nát hay ưu việt? Chuyên gia chia sẻ quan điểm à? 🙄thiếu khả năng đa chiều, thiếu khả năng tò mò học hỏi thế thì chịu rồi :(( bạn còn chưa biết quan điểm của mình thế nào đã vội kết luận thế thì… chỉ biết chúc bạn tiền đồ xán lạn thôi.",trung lập,False,,
cmt_education005_0011_r05,education_005,"Vũ Hà Lam cả lớp từng ấy đứa ko giỏi hả. Cmt thì cũng có não tý chứ chú ơi, cô giáo bình thường sợ hs làm bài ko đc ko đủ tổng kết chứ ai lại kéo xuống như vậy? Cho dù có trừ điểm thì cũng có cả tỷ lỗi lại nhảy vào cái lỗi đụng chạm này? Cho nó biết nó đc bao nhiêu điểm còn học chứ kéo xuống thì đc cái j?",tiêu cực,False,,
cmt_education_037_0020,education_037,"Thôi dùm em được không, thi đi cho công bằng",tích cực,False,,
cmt_education_020_0053,education_020,Chuẩn quá,rác,True,,
cmt_education007_0013_r01,education_007,OBGYN thì hiện tại BYT có công nhận hành nghề cho thạc sỹ đâu bạn,tiêu cực,False,,
cmt_education_011_0559,education_011,Chỗ nào cũng vậy hết ngay cả cơ quan NN,trung lập,False,,
cmt_education_040_0022,education_040,Tuyệt vời luôn,tích cực,False,,
cmt_education_007_0248,education_007,Bằng gì thì bằng miễn là trong ngành y nhìn nhận !,trung lập,False,,
cmt_education_009_0154,education_009,"chửi cô giáo thì cũng nhiều người chửi rồi 
Kế đến là vấn đề  nếu cho chọn táy hay k tát bạn.con sẽ làm gì 
Nhưng cái em thắc mắc trước tiên và suy nghĩ nhiều nhất khi xảy  ra chuyện này... Là nạn nhân... Bản thân em.sao lại có thể im lặng hứng chịu 1 sự tra tấn vô lý và nặng nề đến thế. Bản năng phản kháng tự vệ của em đâu. 
Cho dù e biết e sai...nhưng e có hiểu được  mức độ sai của mình đến thế nào ...mà phải gánh hậu quả như thế ???
Em k phân biệt được giữa sự trả giá cho hành động sai và sự áp bức vô lý hay quá đáng... Vì sao????
Có thể em sợ.. Vì những lời hù dọa...sợ đến tai cha mẹ. Cha mẹ buồn lòng. Hay sợ bị đuổi học... V...v..nhiều lý do lắm. 
Nhưng chốt lại.... Sau chuyện này. Thiết nghĩ nhiều bậc cha mẹ sẽ phải bỏ cái tư tưởng con cái  phải luôn răm rắp nghe lời,vâng lệnh 1 cách vô điều kiện và phản biện lại là hỗn hào.
Em vẫn thường trao đổi với xấp nhỏ. Vẫn chấp nhận sự phản biện trong sự tôn trọng quan điểm của nhau.và cũng nhấn mạnh về sự bảo vệ bản thân hợp lý. K quá yếu đuối nhu nhược để vừa lòng người khác.. Và vẫn cho con 1 điều an tâm... Nếu con làm đúng mà thầy cô k hợp lý hay trách oan..con cứ về nói Mẹ để có hướng giải quyết.. K chắc sẽ bênh vực con.vì có thể con đã sai...nhưng con sẽ bị phạt đúng tội. Chứ k ai có quyền làm con tổn thương",trung lập,False,,
cmt_education017_0002_r20,education_017,Lê Hoàng Thiện uống thuốc trợ tim cả PH lẫn thí sinh,rác,True,,
cmt_education_020_0320,education_020,Hóa ra là blind box,trung lập,False,,
cmt_education_007_0041,education_007,Xem nước ngoài họ làm thế nào? Cái nào hay thì áp dụng vào thôi. Bày ra chi cho lắm.,ý kiến riêng,False,,
cmt_education_007_0109,education_007,"ĐỒNG PHỤC Y TẾ MEDSTYLE -CHẤT VẢI MÁT, THOẢI MÁI, CO GIÃN, ÍT NHĂN

❤️Tại MedStyle, chúng mình bán tất cả mẫu đồng phục y tế: Blouse bác sĩ, điều dưỡng, kỹ thuật viên, Blouse vest, Scrubs

Mỗi sản phẩm đều sở hữu những tính năng vượt trội đáp ứng quy định của ngành:

✅ Mẫu Blouse/ Scrubs được thiết kế bằng chất vải cotton mát mịn, mặc lên vô cùng thoải mái, tránh tình trạng bí bách
✅ Chất vải co giãn 4 chiều, mặc không gò bó
✅ Form dáng đẹp, mặc lên tạo cảm giác chỉn chu, chuyên nghiệp
✅ Chất vải hạn chế nhăn nhàu cực tốt

Đặc biệt tại MedStyle còn những dịch vụ giúp bạn trải nghiệm mẫu đồng phục của riêng mình:

✅ In/thêu logo trường, logo viện, logo phòng khám
✅ Hỗ trợ xuất VAT + chiết khấu đơn số lượng lớn.
✅ Custom số đo áo (độ dài, độ rộng, viền cổ, đai lưng,...)
✅ Cầu vai custom màu theo trường (có tới 3 màu)

📌 Đặc biệt, MedStyle có ưu đãi lớn cho những đơn từ 10 bộ trở lên - nhanh tay đặt ngay hôm nay",rác,True,,
cmt_education007_0007_r02,education_007,"VietHai Nguyen mình chỉ nói “ hình như” thôi, bạn biết nước nào có đào tạo chuyên khoa 1, chuyên khoa 2  cho mình biết với nhé, cảm ơn bạn rất nhiều",trung lập,False,,
cmt_education_011_0119,education_011,Xấu hổ cho ngành giáo dục,tiêu cực,False,,
cmt_education_020_0219,education_020,"Báo cáo các bác QH, đề thi vừa sức trình độ tiến sỹ. Báo cáo hết.",tiêu cực,False,,
cmt_education_011_0527,education_011,Con cứ đi học thành tích để mẹ lo,trung lập,False,,
cmt_education007_0013_r06,education_007,OBGYN còn sau 2027 thì ko biết ntn?,trung lập,False,,
cmt_education017_0006_r15,education_017,Nói Gì Đi Bạn thi văn ngồi kế mấy đứa gõ đùng đùng là xĩu ngang. Thi ielts thôi đã mệt r. Giờ k biết làm vẫn cứ gõ ồn thiệt ồn cho khỏi đứa nào làm được,tiêu cực,False,,
cmt_education016_0004_r07,education_016,Mục tiêu lấy Toán hoặc Văn là môn chủ đạo đầu vào khối ngành Kỹ thuật hoặc Xã hội.,trung lập,False,,
cmt_education_020_0162,education_020,Mong mọi người ủng hộ em ạ,rác,True,,
cmt_education011_0014_r01,education_011,Minh Anh Đúng :)),rác,True,,
cmt_education_018_0240,education_018,Dự mãi. Quyết luôn đi.,trung lập,False,,
cmt_education_005_0004,education_005,Ở đâu bây giờ cũng vậy hết cả thôi tiền hết,tiêu cực,False,,
cmt_education002_0001_r02,education_002,"Thứ năm, đối với tổ hợp xét tuyển sử dụng kết quả các môn thi tốt nghiệp trung học phổ thông có sử dụng chứng chỉ ngoại ngữ (áp dụng cho các trường hợp được miễn thi tốt nghiệp trung học phổ thông theo Quy chế thi tốt nghiệp trung học phổ thông hiện hành), cơ sở đào tạo được quy đổi kết quả chứng chỉ ngoại ngữ thành điểm môn ngoại ngữ theo các khoảng điểm, thực hiện theo hướng dẫn của Bộ Giáo dục và Đào tạo.

Thứ sáu, thí sinh được đăng kí tối đa 10 nguyện vọng vào các chương trình đào tạo của các cơ sở đào tạo khác nhau, nhưng phải sắp xếp các nguyện vọng theo thứ tự ưu tiên từ cao xuống thấp. Đối với các chương trình đào tạo giáo viên, chỉ xét tuyển thí sinh đăng kí ở các nguyện vọng có thứ tự từ 01 đến 03.

Thứ bảy, bổ sung đối tượng xét tuyển đại học bao gồm học sinh đang theo học bậc trung học nghề theo quy định của Luật Giáo dục nghề nghiệp (sửa đổi).

Thứ tám, bổ sung điều kiện tổng điểm 03 môn thi tốt nghiệp trung học phổ thông theo tổ hợp xét tuyển (hoặc sử dụng điểm thi của môn Toán, Ngữ văn và một môn thi khác) phải đạt từ 20 điểm trở lên đối với thí sinh sử dụng kết quả học tập để xét tuyển vào các ngành do các Bộ phối hợp quy định ngưỡng đầu vào.",trung lập,False,,
cmt_education_001_0031,education_001,"Nguyên nhân ai cũng biết, muốn xử lý thì xử chính là vấn đề quản lý",ý kiến riêng,False,,
cmt_education_018_0090,education_018,Kế hoạch này từ ngày t học đh năm 2004 đến giờ 2026 rồi vẫn kế hoạch😂😂😂😂😂,trung lập,False,,
cmt_education001_0008_r01,education_001,Thùy Dương ui thpt mà cỡ z là dữ,rác,True,,
cmt_education017_0005_r01,education_017,Đặng Tiến Mạnh dong y con ai hoc tot hoc gioi thi hoc tip,tích cực,False,,
cmt_education_009_0059,education_009,Kiểu mượn tay tát để k mag tiếg mà. Đề nghị bme mỗi hs đến tát lại con mụ này mỗi ng 5lan + làm đơn kỉ luật đi. Hs bh nh lúc cũg fai biết bve mìh.,tiêu cực,False,,
cmt_education_010_0009,education_010,Lê Lịch omg,rác,True,,
cmt_education_018_0116,education_018,Như thế nào là nhỏ,trung lập,False,,
cmt_education_039_0002_r02,education_039,Cao Minh Huyền 2k7 thót tim,rác,True,,
cmt_education_009_0120,education_009,Mình không ngờ chuyện tát học sinh là có thật. Đầu óc bệnh hoạn đến thế là cùng. Cám ơn Thuha chia sẽ.,tiêu cực,False,,
cmt_education_004_0012,education_004,CATP đã vào cuộc rất nhanh,tích cực,False,,
cmt_education_039_0002_r06,education_039,"Cao Minh Huyền không hi, nay làm thủ tục nhập học xong rùi",tích cực,False,,
cmt_education018_0011_r07,education_018,Trong Chinh Mai,trung lập,False,,
cmt_education_007_0304,education_007,Cám ơn các AC trong ngành y đã có ý kiến để mọi người có thêm được nhiều thông tin! Tôi là dân BKHCM cũng mạo muội bổ sung ý kiến. Theo tôi ThS hay TS không phải là họ chỉ nghiên cứu lý thuyết! Vấn đề nằm ở chỗ họ chọn đề tài gì để bảo vệ tốt nghiệp.,trung lập,False,,
cmt_education005_0038_r01,education_005,"Nguyen Minh Khue trường con tui là đc coi bài rồi trả lại liền á, t chụp lại bài thi để về chỉ con chỗ sai nè",trung lập,False,,
cmt_education007_0005_r02,education_007,Minh An . Hoàn toàn chính xác. Khi học chỉ là 1 phần. Đi làm kinh nghiệm mỗi người tiếp thu khác nhau. Ai nắm bắt tốt hơn sẽ giỏi hơn.,trung lập,False,,
cmt_education016_0001_r02,education_016,Bộ Giáo dục và Đào tạo mong bộ điều chỉnh lại dự thảo số 4 ạ!,tiêu cực,False,,
cmt_education018_0005_r05,education_018,"Nên di chuyển, mình nghĩ vậy. Phát triển thêm các vùng lân cận đồng đều.",trung lập,False,,
cmt_education_011_0309,education_011,"Ngành giáo dục xuống cấp đạo đức, suy đồi trầm trọng.",tiêu cực,False,,
cmt_education_005_0080,education_005,Mất đạo đức hết rồi.Bì T hết rồi....huhu...vấn nạn hiện tại bây giờ đó.....,tiêu cực,False,,
cmt_education_017_0307,education_017,Phạm An An đã z^^,rác,True,,
cmt_education009_0001_r04,education_009,Cũng vì những lý do như vậy nên tôi đã chuyển con ra học trường tư mặc dù cháu đang học trường trong top của tỉnh . Và đến thời điểm này tôi nghĩ quyết định của tôi là không sai các bạn ạ!!!!,tiêu cực,False,,
cmt_education_017_0482,education_017,Gọi sẵn cấp cứu luôn,trung lập,False,,
cmt_education020_0001_r05,education_020,Người tham gia ẩn danh 158 m giỏi quá r,trung lập,False,,
cmt_education_009_0050,education_009,"Nếu  là  con  tao  thì  tao  cho  con  này  ngồi  bốc  cứt  ăn vã  trong  quãng đời còn lại, con  ko  học  cô  Thầy trường này  thì  cô thầy  trường khác",tiêu cực,False,,
cmt_education011_0005_r02,education_011,Nguyễn Minh Huy xuất luôn ah,tiêu cực,False,,
cmt_education_011_0406,education_011,nó là cthdqt trường mà có phải thầy giáo đâu,trung lập,False,,
cmt_education_017_0080,education_017,chưa thi đã suy sụp..,tiêu cực,False,,
cmt_education020_0002_r08,education_020,Trần Đông Anh ok,tích cực,False,,
cmt_education_018_0138,education_018,Nghe cái dự kiến này phải từ mấy năm trc r 🗿,trung lập,False,,
cmt_education_007_0012,education_007,Cùng tốt nghiệp bác sĩ. Bạn có thể học thạc sĩ ngay nhưng ck1 thì bạn phải đi làm vài năm lấy kinh nghiệm và được cấp chứng chỉ hành nghề sau đó mới được đi học ck1 sâu hơn cái bạn đang làm. Hai cái khác nhau một chút,trung lập,False,,
cmt_education_011_0589,education_011,"Thấy này OK, nên người đời nói đúng, muốn giỏi phải yêu thầy,",tích cực,False,,
cmt_education011_0006_r12,education_011,Chủ tịch hội đồng trường. 😁,trung lập,False,,
cmt_education017_0006_r26,education_017,"Duc Binh nhưng thi ĐGNL thì còn có cơ hội thi lại 1 năm tổ chức mấy đợt, còn thi tốt nghiệp thì thi chỉ được 1 lần trong năm",trung lập,False,,
cmt_education020_0004_r19,education_020,Minh Nhân nhưng chương trình 2018 sgk chỉ được tính là tài liệu tham khảo thôi,rác,True,,
cmt_education_018_0126,education_018,"+) Giá trị của HN là có “Sinh viên”, Gtrị của SV là “MÔI TRƯỜNG” HN (để cộng hưởng chất lượng: tương sinh, tương tác) - Giá trị ở đây ko phải chỉ là “OAI”!
+) CƠ HỌC hay BẢN CHẤT & HỆ LUỴ là gì? Đã tính đủ yếu tố “ưu + nhược = DƯƠNG hay ÂM”?!
   => Thay vì Di dời thì sắp xếp cho Gọn ghẽ & Khoa học hơn, chọn những ngành nghề dễ hoặc ko đặc thù để di dời, ko đào tạo tràn lan thừa thầy thiếu thợ & làm rẻ mạt bằng Cử nhân, ThS, TS. 
   Rồi tiếp nữa Tàu điện NGẦM,… & … đào hầm có khi ko tốn chi phí bằng đền bù GP mặt bằng,… &…
   … nữa.",trung lập,False,,
cmt_education_040_0017,education_040,đi học 12 năm chưa học môn này dù chỉ là 1 tiết 🥹,tiêu cực,False,,
cmt_education_037_0184_r09,education_037,"Phạm Tạ Quốc Huy chắc b k biết chuyện có những học sinh tham gia đội tuyển chỉ để húp học bạ 3.9-4. chứ đi thi chả được giải gì, thế rõ ràng nếu cứ xét học bạ thì sẽ tạo ra nền tảng cho việc tham gia các đội tuyển (trường chuyên chắc chắn có rất nhiều) để bú gpa cao thế lúc đó phải hỏi ngược lại có công bằng cho người khác không? Nếu đã học chuyên r thì nền tảng, khả năng tiếp thu đã hơn các bạn học trường thường thì chả có gì phải sợ thi tuyển cả",tiêu cực,False,,
cmt_education007_0002_r03,education_007,Minh An hợp lý.,tiêu cực,False,,
cmt_education_001_0003,education_001,Đoàn Đức Thành,rác,True,,
cmt_education020_0001_r38,education_020,"ElegantLion660 chúc mừng b nha, còn lụi giỏi thì k đâu, so sánh thì cũng khập khiễng nhma 1080 thì lụi bằng mắt ạ. Nói để thể hiện học lực tương đối th, tự hiểu nhá",trung lập,False,,
cmt_education015_0032_r01,education_015,Vi Minh Nguyệt cái này mình củng thắc mắc  chắc liên quan chính trị không tác dụng nên mới giải thể thôi,ý kiến riêng,False,,
cmt_education_011_0351,education_011,Kiểu này là các con này tự nguyện thì đúng hơn.chắc lại trao đổi để đạt mục đích,ý kiến riêng,False,,
cmt_education_007_0244,education_007,Thiết nghĩ vấn đề chính là xếp lương cho tương xứng với công sức của họ để họ yên tâm.,trung lập,False,,
cmt_education020_0003_r09,education_020,"Dương Mạnh Long rồi toàn từ vựng chuyên môn, nâng cao à",trung lập,False,,
cmt_education011_0050_r01,education_011,"hơn chục cô giáo và cả HS mặc đồng phục mà ,cứ cãi, sợ thật, vừa xem bên Tin nóng 24/7",tiêu cực,False,,
cmt_education_007_0333,education_007,Hay quá ạ,tích cực,False,,
cmt_education_007_0303,education_007,Nói ngắn gọn thì thạc sĩ tiến sĩ giáo sư là học vị và họ chuyên về nghiên cứu cũng như có những kỹ năng chuyên sâu về vấn đề họ nghiên cứu và bảo vệ. Còn ck1-2 là thợ lành nghề lâu năm. Bsnt là học sinh giỏi 😂,trung lập,False,,
cmt_education_011_0298,education_011,Lại vì cái Lờ,tiêu cực,False,,
cmt_education015_0009_r07,education_015,Hồng Thắm search gg xem có con cá nào tên là cá coi không 🙂,rác,True,,
cmt_education_016_0072,education_016,"Với các bạn học tốt thì 10nv là đủ. Nhưng với các bạn học trung bình, thậm trí là khá thì 10nv là ít. Nếu ko biết cách cân đối đặt nv, e là tỉ lệ trượt đại học tăng lên. Rất mong BGD tăng số lượng nv để các con có nhiều cơ hội hơn",tiêu cực,False,,
cmt_education011_0014_r03,education_011,Qua đây xem nè,rác,True,,
cmt_education_007_0298,education_007,"Dự thảo đang tính bỏ đào tạo CK1 và CK2 rồi. Thay vào đó bs sẽ học 8 chứng chỉ chuyên khoa sâu khi hành nghề. Ai muốn giảng dạy thì học lấy Thạc sĩ và Tiến sĩ.
  Riêng bản thân mình chỉ khâm phục bs nội trú",trung lập,False,,
cmt_education007_0003_r13,education_007,Phạm Tấn tào lao,rác,True,,
cmt_education015_0012_r03,education_015,Thìn Nguyễn tới cái mặt còn ko dám ló ra thì nói gì ku .,rác,True,,
cmt_education_018_0071,education_018,"Nhà nước làm đc điều đó quá tuyệt cho đất nước, tiết kiệm được bao nhiêu tiền của cho nhân dân. Chính quyền ơi hay vào cuộc làm luôn cho con cháu có đc môi trường hoc thông thoáng , pt đc  thể chất và tinh thần",trung lập,False,,
cmt_education_040_0004,education_040,Kinh tế & pháp luật tại sao lại không phải là môn học bắt buộc  ạ,ý kiến riêng,False,,
cmt_education017_0004_r02,education_017,To Dinh Duc Anh đảm bảo công bằng luôn đề thì nó ngẫu nhiên náy đúng thi bằng thực lực,tích cực,False,,
cmt_education020_0010_r09,education_020,Bộ gd họ ko bao biện cho là mình đúng mới là chuyện lạ.,tiêu cực,False,,
cmt_education_040_0008_r03,education_040,Huyen Anh thì có chứng chỉ MOS rồi mà,rác,True,,
cmt_education007_0005_r11,education_007,Nguyễn Quang Tráng  tôi đố mấy ông thạc sỹ dám đi thi BSnt đâý . ông không hiểu vì sao giám đốc bệnh viện chợ rẫy gọi BSnt là tinh hoa của ngành y,tích cực,False,,
cmt_education_038_0127,education_038,Thế mà lại cấm dạy thêm thì ai dạy cho hàng trăm GV kia có khả năng đứng lớp? Cho đi du học hết à ?,ý kiến riêng,False,,
cmt_education_039_0033,education_039,"Bộ kham không nổi nhỉ?trường tuyển có phải yên lành  ,giờ tự nhiên người mắc kẹt lại là các em .chán nản nghê ngớm",tiêu cực,False,,
cmt_education_005_0140,education_005,mấy ngài ni cho nghỉ về vườn hết đi,tiêu cực,False,,
cmt_education018_0007_r07,education_018,"Mai Chi lượng người đi khám và chữa bệnh rất đông nếu cho được ra ngoài sẽ giảm tắc đường,",trung lập,False,,
cmt_education_017_0348,education_017,Chết sảng luôn thi thố gì nữa,tiêu cực,False,,
cmt_education011_0008_r01,education_011,"Gia Khánh Bùi phát ngôn nguu dốt, ko lẽ vợ ông ngoại tình với giám đốc thì là nỗi nhục của bộ VHTT&DL à.",ý kiến riêng,False,,
cmt_education_020_0129,education_020,Các ông cứ ngồi nghĩ ra nhiều trò kỳ thi 2 trong 1 thì ra đề cho các cháu đậu đc tốt nghiệp chứ,ý kiến riêng,False,,
cmt_education_013_0013,education_013,K có khả năng chi trả thì khỏi chờ ngày ra😂,tiêu cực,False,,
cmt_education_017_0063,education_017,"Có thí điểm có cải cách 100năm nữa thì nền giáo dục Vnam cũng kg bằng ai do quen cái nếp thích là làm, hậu quả ra sao thì mặc kệ, chỉ tội đàn chuột bạch phải chịu nhận hậu quả của những ông tiến sĩ BGD hứng là làm, đơn cử là đổi sách gkhoa, là giảm tải nhưng thực sự là đang hành hạ tụi hóc trò",tiêu cực,False,,
cmt_education_037_0002_r46,education_037,Tiêu cực thì kq thi càng dể tiêu cực hơn nhiều. Điển hình phanh phui nhiều vụ thi đại học 1-2₫ kq cũng 28-29₫ đó mà. Biết hsg dể vậy sao ko để con cháu mình học giỏi để học bạ đẹp nhỉ?,ý kiến riêng,False,,
cmt_education_005_0110,education_005,Cho nên luật cấm day thêm học sinh mình đang dạy tại trương cũng đúng thôi,tích cực,False,,
cmt_education007_0001_r05,education_007,"Bạn đọc kỹ vào là hiểu mà. ck1 ck2 giỏi mấy thì cũng là giỏi về mảng đặc thù, tức là anh chỉ là thợ giỏi, thợ siêu giỏi. Anh chỉ chứng minh được tài năng của anh ở mảng thực hành. 
Còn bên ths ts nhiệm vụ người ta là ở nghiên cứu , quản lý. cái nào ra cái đó, ko cái nào là giỏi hơn cái nào.",tích cực,False,,
cmt_education_039_0061,education_039,Thúy Vy bà,rác,True,,
cmt_education_017_0527,education_017,Máy chấm là công bằng chứ ghép phách nhiều khi lại ko công bằng,tích cực,False,,
cmt_education_011_0513,education_011,"I  ninh bình chỉ khác chữ quảng với chữa bình , ninh bình là thầy còn khu Ba Lan giếng dáy quảng ninh là cô   Họ đồng  còn vú vê lõa lồ   Với nhiều người  dạo sức suy dồi còn hờn thế mà vẫn dể làm giáo viên vẫn dang viên ko biết cán bộ còn giữ vì lý do gì",tiêu cực,False,,
cmt_education013_0006_r28,education_013,Chắc future cháy hết,trung lập,False,,
cmt_education_037_0014,education_037,"Bộ nên xem xét việc bỏ học bạ có công bằng cho các e học sinh không ?, và thi cử chắc đã đánh giá đúng năng lực của các em ? Học tài thi phận luôn đúng, một hs thành tích học tập luôn giỏi, xuất sắc nhưng lúc đi thi nếu e bị đau đầu, cảm bệnh ảnh hưởng rất lớn cho kết quả thi của e ,hoặc gặp phải một lý do ngoài ý muốn mà kết quả thi không tốt. Vậy công sức và năng lực và sự nổ lực thật sự bao nhiêu năm của hs vậy có “ công bằng và đúng năng lực không “ Sao nói bỏ là bỏ được",tiêu cực,False,,
cmt_education_017_0386,education_017,Gặp máy tính hư coi như xong.,tiêu cực,False,,
cmt_education011_0017_r01,education_011,Hoàng Tuấn ăn quen nhịn ko quen,tiêu cực,False,,
cmt_education017_0020_r02,education_017,"Lương Phong Thư mình cũng nghĩ như bạn, chắc thi kéo dài ngày chắckkk",trung lập,False,,
cmt_education_020_0273,education_020,"Đề ko phân loại học sinh, đề phân hủy học sinh💀",tiêu cực,False,,
cmt_education011_0009_r06,education_011,Hân Hân trường tư tháng mỗi học sinh 5 10tr thì chả sang,trung lập,False,,
cmt_education017_0002_r18,education_017,"VTV7 yên tâm cái gì nhỉ. Ko có con rơi vào kì thí điểm thì thấy bình thường. Có con rồi mới thấy áp lực. Thi Toán thì còn đỡ, thi Văn mà thi trên máy tính là các con lại phải gồng mình tập gõ phím thêm nữa. Chưa kể, hàng triệu người thi cùng 1 lúc, mạng lag, sever quá tải. Đứa vào đc sớm đứa loading cả chục phút chưa vào đc thì xót ruột. Chưa kể, nhà trường lại phải đầu tư cơ sở vật chất trang thiết bị. Cuối cùng là chỗ nào cơ sở vật chất tốt hơn thì lợi thế, chỗ cơ sở vật chất yếu kém thì lại khổ các con. Chỉ nhìn thấy cái thí điểm cho hs học các loại sách giáo khoa khác nhau đã thấy mệt lắm rồi. Càng thí điểm thấy càng nát.",tiêu cực,False,,
cmt_education_007_0325,education_007,"Xin cảm ơn anh, đã phân tích cho mọi người hiểu hơn.",tích cực,False,,
cmt_education009_0046_r05,education_009,Viet Anh like rồi thì bớt mắng con gái là chỉ giỏi cãi đi nhé. Đời mình không được cãi rồi thì phải để cho đời con nó được cãi nhé.,ý kiến riêng,False,,
cmt_education020_0006_r07,education_020,Hồng Giang mình cũng vậy,tiêu cực,False,,
cmt_education_017_0547,education_017,"Khỏi chạy điểm, tiết kiệm kinh phí, thời gian, thi xong có bằng xin việc ngay",tích cực,False,,
cmt_education_020_0256,education_020,Đề minh họa h cũng chỉ mang tính chất minh họa 💀,trung lập,False,,
cmt_education018_0004_r09,education_018,Người tham gia ẩn danh 433 câm mõm lại,trung lập,False,,
cmt_education_011_0051,education_011,Xấu hổ cả nghành giáo dục,tiêu cực,False,,
cmt_education_011_0281,education_011,Câu chuyện chưa rõ thực hư mọi người lưu ý cẩn thận với các thông tin không chính thức nhé,trung lập,False,,
cmt_education020_0004_r09,education_020,TienTuyen Cao mình cũng thích con mình thi đh như xưa,trung lập,False,,
cmt_education017_0002_r26,education_017,Hương Phan kinh doanh dần đi là vừaa :))(,rác,True,,
cmt_education007_0014_r01,education_007,"Thái Bình Th.s hay TS hay CK1, CK2 hay GS gì cũng CHIẾU DƯỚI của bọn tập đoàn dược hahaha. Chúng cho uống gì thì kê toa theo phác đồ bọn Hội này hội kia bên Mẽo, chứ dám cãi đâu",tiêu cực,False,,
cmt_education_005_0295,education_005,Hạ đẳng thật,tiêu cực,False,,
cmt_education_018_0137,education_018,tạm biệt đại học dược hà nội,trung lập,False,,
cmt_education017_0004_r19,education_017,Trần Cường đau bụng quá ní ơi 😂😂😂 cười có thể là đứt chỉ lun,rác,True,,
cmt_education_017_0003,education_017,Lên đại học toàn thi máy :),trung lập,False,,
cmt_education_011_0603,education_011,Xấu mặt với xã hội và tội cả cho vk và con,tiêu cực,False,,
cmt_education_015_0031,education_015,Quốc với chả tế 😁😁😁,rác,True,,
cmt_education_037_0296,education_037,th khỏi đừng tin,trung lập,False,,
cmt_education016_0067_r01,education_016,Đoàn Văn Dương là sao ???,rác,True,,
cmt_education011_0001_r01,education_011,"❌   lên đồn rồi nhé, lúc công an tra khảo run như cầy sấy kk vừa xem ở Phố Hóng Hớt",tiêu cực,False,,
cmt_education018_0001_r03,education_018,Whatthefucispalestine cấp 3 rồi,trung lập,False,,
cmt_education011_0001_r23,education_011,Bùi Văn Đông trên tóp tóp nhiều lắm,rác,True,,
cmt_education018_0002_r05,education_018,Thìn Aptm hòa lạc hiện đang có 3 trường đh và 1 trường cao đẳng ở bình phú nữa. Chuyển nhưng ko thể hết đc vì học sinh quá đông.,trung lập,False,,
cmt_education_039_0070,education_039,Thah Thah đã nge bà,rác,True,,
cmt_education017_0002_r09,education_017,Uyen Nhi mệt nha,tích cực,False,,
cmt_education_037_0305,education_037,Mình vẫn thích con thi! Thực lực thế nào ở điểm thi các phụ huynh đều chấp nhận! Chứ xét học bạ không công bằng cho lắm,ý kiến riêng,False,,
cmt_education_037_0115,education_037,"Chỉ dùng xét TN thôi, thi ĐH, ban nào thi môn đó",ý kiến riêng,False,,
cmt_education018_0060_r06,education_018,Trương Nam Me2 k68 Anh Ngoc chồn oii,rác,True,,
cmt_education_017_0184,education_017,Quan trọng phải đảm bảo hệ thống máy móc và mạng để ko hs nào phải trượt oan vì lỗi mạng và máy tính,tiêu cực,False,,
cmt_education_011_0400,education_011,"Nè nha nếu t là hiệu trưởng t cho tháo ngay cái 🍊 ra chứ ở đó mà che, phòng t làm gì t làm. Hỉu hok ☺️",tiêu cực,False,,
cmt_education_016_0060,education_016,"Mong bộ bỏ dự thảo thứ tư . Ví dụ thi khối d14 mà sử 10 , tiếng anh 10 , văn 8 thì vẫn rớt đh sao ???",tiêu cực,False,,
cmt_education_037_0319,education_037,Phuong Jenny Bảo Trân chưa đủ khổ hả,rác,True,,
cmt_education020_0040_r02,education_020,Tho Le Toán dễ Tiếng Anh k khó vậy bác kêu cái gì,trung lập,False,,
cmt_education011_0002_r30,education_011,Sợ thật sự. Đúng là mấy thằng dê xồm,tiêu cực,False,,
cmt_education020_0004_r01,education_020,"Dang Trung đừng coi thường 2k7 nha, khó thì có khó (đánh giá chung của giáo viên & chuyên gia) nhưng chưa chắc đã làm khó được heo vàng",trung lập,False,,
cmt_education017_0003_r02,education_017,"Phú Phan co mà ,trường tôi thi trên máy xong là có điểm luôn .",tích cực,False,,
cmt_education017_0002_r65,education_017,"Anh Tuấn Triệu chắc nhiều ng ko bình tĩnh kịp,,tâm lý ra di tai cho luon qa",trung lập,False,,
cmt_education020_0001_r02,education_020,Hocmai.vn THPT Giáo viên trường chuyên cũng gặp khó khặn khi giải đề mà BGD bắt thí sinh giải ... =]],tiêu cực,False,,
cmt_education_004_0153,education_004,"Ngày 15/12, Cơ quan An ninh điều tra (Công an TP. Hà Nội) đã ra quyết định khởi tố vụ án, khởi tố 3 bị can về hành vi “Lợi dụng chức vụ, quyền hạn trong khi thi hành công vụ” xảy ra tại Trường Cao đẳng Du lịch Hà Nội liên quan đến sai phạm trong việc chi trả tiền cho sinh viên. Trước đó, qua công tác nắm tình hình, cơ quan công an phát hiện thông tin đăng tải trên mạng xã hội liên quan đến việc chi trả tiền cho sinh viên tham gia phục vụ Lễ kỷ niệm, Diễu binh, Diễu hành 80 năm Cách mạng tháng Tám thành công và Quốc khánh 2/9 (gọi tắt là A80) có dấu hiệu vi phạm, thiếu minh bạch.

Theo đó, vào tháng 11/2025, Bộ Văn hóa - Thể thao và Du lịch duyệt chi tiền cho 984 sinh viên Trường Cao đẳng Du lịch Hà Nội tham gia A80 với tổng số tiền là 1.928.640.000 đồng/người. Sau khi nhà trường nhận được quyết định, Nguyễn Tuấn Ngọc, Trưởng phòng Công tác học sinh sinh viên và đảm bảo chất lượng giáo dục đã chỉ đạo Nguyễn Văn Sáng, chuyên viên Phòng Công tác học sinh sinh viên và đảm bảo chất lượng giáo dục thực hiện hoàn thiện chứng từ để quyết toán.
Tại chứng từ, Sáng đã để trống mục số tiền được nhận. Sau khi sinh viên đã ký nhận, Sáng tự hoàn thiện ghi thêm số tiền theo mức chi cho các buổi tập. Bảng kê này Sáng nộp cho bộ phận kế toán tài chính của trường để quyết toán tổng số tiền 1.928.640.000 đồng (tương ứng mỗi sinh viên được nhận số tiền 1.960.000 đồng).

Trước khi chi trả tiền bồi dưỡng cho sinh viên, Sáng báo cáo Ngọc dự kiến chi 924.960.000 đồng cho 984 sinh viên (tương ứng 940.000 đồng/người), 801.089.800 đồng là tiền mua đồ ăn cho sinh viên trong các ngày tập luyện (tương ứng 440.000 đồng/ người) và còn dư lại 202.590.200 đồng (tương ứng 580.000 đồng/người). Ngọc báo cáo với Phạm Văn Long, Hiệu trưởng trường Cao đẳng Du lịch Hà Nội về phương án chi tiền trên và được Long đồng ý. Long chỉ đạo giữ lại 202.590.200 đồng để chi cho cán bộ nhà trường sau.

Căn cứ kết quả điều tra và tài liệu, chứng cứ thu thập, cơ quan công an xác định Phạm Văn Long, Nguyễn Tuấn Ngọc và Nguyễn Văn Sáng đã bàn bạc, thống nhất về việc lợi dụng chức vụ, quyền hạn của bản thân trong quá trình được giao thực hiện việc chi trả tiền bồi dưỡng cho sinh viên tham gia sự kiện A80 tại Trường Cao đẳng Du lịch Hà Nội. Việc làm này gây thiệt hại cho nhiều sinh viên, gây bức xúc trong dư luận xã hội, ảnh hưởng xấu đến hình ảnh, uy tín của cơ sở giáo dục, làm sai lệch chủ trương đúng đắn của Đảng, Nhà nước trong chi trả kinh phí bồi dưỡng cho các cá nhân tham gia sự kiện A80.",trung lập,False,,
cmt_education007_0003_r02,education_007,"Nguyễn Đình Huynh còn thở là còn học. Học hoài, học mãi, học tập theo gương bác Hồ vĩ đại nhé! Kkk…",tiêu cực,False,,
cmt_education_005_0220,education_005,Ko học thêm nên bị dìm.giống con e,tiêu cực,False,,
cmt_education007_0001_r06,education_007,TS. BS. Đặng Quốc ViệtỞ Mỹ thì học BS gia đình vẫn học Noioj trú 3 năm. Bs Nội trú có lương nhưng thấp.,trung lập,False,,
cmt_education_017_0353,education_017,Lại lứa chuột bạch nữa chuẩn bj đc đưa vào phòng thí nghiệm,tiêu cực,False,,
cmt_education_017_0350,education_017,tốn học sinh quá bgd ơi 🥰,tiêu cực,False,,
cmt_education011_0009_r02,education_011,Nguyễn Sinh đung rồi đó theo mình. Chỉ có người lắp đặt camera và thây giáo trong nhà trường mới biết đc mở đc và xem đc vậy lôi tại ai và ai là người trong cuộc,trung lập,False,,
cmt_education_011_0295,education_011,Chắc giáo viên trong trường ô nếm hết rồi...,tiêu cực,False,,
cmt_education017_0016_r02,education_017,Huy Dao cũng có thể chia ca chia ngày thi đó bác,trung lập,False,,
cmt_education_011_0587,education_011,Thầy dạy thêm môn mò cua và hái bưởi nữa ạ .. chắc thầy bú chem chép dử lắm nên mới mê thầy như vậy 😄,tiêu cực,False,,
cmt_education_040_0062,education_040,Phạm Gia Nguyên ngon,rác,True,,
cmt_education018_0017_r20,education_018,Su mà e hỏi a câu đơn giản ntn sao a học thuỷ lợi làm gì mà k lên thái nguyên học hay là ở tỉnh ấy cho rẻ tiền?,trung lập,False,,
cmt_education007_0021_r03,education_007,"(9+3) và (12+1) cũng là giáo viên, có sao đâu, vẫn dạy phơi phới cần gì CKI, CKII",trung lập,False,,
cmt_education013_0019_r04,education_013,"Tung Pham tuồn tiền đi rồi, sau này để con cháu tiêu xài. Ổng chịu đi tù để giữ tiền, hy sinh đời bố củng cố đời con mà",tiêu cực,False,,
cmt_education_020_0015,education_020,"Làm gì khó đâu, GS, TS nói rứa mà 😂",tích cực,False,,
cmt_education_011_0470,education_011,Môi trường giáo dục mà như vậy thì dạy các cháu như thế nào.?,tiêu cực,False,,
cmt_education_037_0002_r33,education_037,"Bé Thái Võ chuyên cũng tiêu cực,chỉ có thi mới công bằng",tiêu cực,False,,
cmt_education_037_0116,education_037,bỏ đi,tiêu cực,False,,
cmt_education011_0016_r05,education_011,"Đây Có Tui  hog phải giáo viên chứ ai vào đấy, chả nhẻ phụ huynh còn kinh hơn : ))",trung lập,False,,
cmt_education_002_0030,education_002,Quan tâm,trung lập,False,,
cmt_education_037_0109,education_037,Mong sớm bỏ ạ.,tích cực,False,,
cmt_education020_0005_r01,education_020,Người tham gia ẩn danh 777 bạn ghê vậy,trung lập,False,,
cmt_education020_0001_r34,education_020,"Người tham gia ẩn danh 282 tôi thí sinh tự do học lại chương trình mới đánh giá đề thi dễ hơn chương trình cũ nhé bạn, tôi cũng tầm 9 sai 1 ý đúng sai với câu xác xuất xếp sách",trung lập,False,,
cmt_education017_0002_r35,education_017,Dang Huong Vinh chưa hề nói đề 2k7 dễ cả,rác,True,,
cmt_education007_0002_r26,education_007,"Vũ Văn Hiến .....xin cảm ơn bạn đã quá lời khen ạ ! Chắc không phải như bạn nói đâu mà khi bệnh nhân thì thuộc mọi tầng lớp khác nhau , họ phải làm mọi công việc khác nhau để kiếm sống đến khi đau yếu vì bệnh tật hay tuổi già phải vào bệnh viện để nhờ sự can thiệp y khoa của các thầy thuốc , bác sĩ thì gặp muôn vàn chắc trở , ngoài việc bệnh nhân phải tuân theo quy định của bệnh viện có khi còn bị thầy thuốc , bác sĩ đáng tuổi con cháu  quát nạt trong khi cơ sở bệnh viện , dụng cụ máy móc đầu tư lấy từ ngân sách là tiền thuế của mọi công dân đóng góp xây dựng cơ sở việc các thầy thuốc , bác sĩ học hành vất vả thì người dân cũng hiểu và cũng dành phần cảm thông với bác sĩ thầy thuốc  , dành sự tôn trọng tối đa cho hoạt động của các bác sĩ , thầy thuốc những càng tôn trọng bao nhiêu thì càng bị làm phiền bấy nhiêu ! Bệnh nhân vào bệnh viện bị quấy rối từ đội nghũ tư vấn bệnh viện trong nhiều gia cảnh khó khăn hoặc người yếu thế cứ bị xoay hết vấn đề này đến chuyện khác hàng loạt các mục xét  nghiệm , đo chỉ số  huyết áp , đo đường huyết , đo điện tim , điện tâm đồ , điện não đồ , chụp , chiếu ....hàng dài kết quả để bác sĩ kết luận bệnh và đưa ra hướng điều trị ! Nếu đã khám kỹ càng , chính xác , chi tiết như vậy thì  khi bệnh nhân phải được chữa khỏi bệnh nhanh và chất lượng cao chứ sao lại có chuyện bệnh nhân xuất viện rồi lại nhập viện đến khi bệnh nhân cảm thấy chán nản thì đi bv khác khám chữa lại lặp lại quy trình khám của bệnh viện nơi họ đến rồi mọi sự cũng như rứa cả  ! ....tình trạng bệnh viện quá tải là do chính cách tổ chức hoạt động  làm việc cuẩ các bệnh viện tạo ra bệnh nhân nhiều vô kể vì một bệnh nhân phải tái khám nhiều lần , số lần họ đến bệnh viện tăng lên và nhiều bn đều phải tái khám , tái nhập , tái xuất như vậy hỏi sao không quá tải bệnh viện ???? Thời gian và số lần xuất nhập bệnh viện thì còn đâu thời gian lao động mà tinh thần bn cũng luôn bị khủng hoảng không biết bao giờ được chữa khỏi bênhn mà lo cho bản thân và gia đình họ ! Dùng tỏi chữa bệnh mà tôi viết ra là cách mà tôi dùng chính cơ thể mình làm phòng thí nghiệm để đọc các thông số y học , y khoa cho các hiện tượng biểu hiện sức khỏe  không tốt theo cách đơn giản nhất của người xưa để làm đối chứng với tiến bộ khoa học tiến bộ tiên tiến ngày nay các bác sĩ đang hoạt hoạt động hay nói khác là tạo một phông nền để cho các bác sũ thầy thuốc trình diễn cả lý thuyết lẫn thực hành như vậy là công khai , công minh , trước công luận không úp mở  chi nữa ! Việc tôi làm mọi người làm được còn việc các bác sĩ làm thì dân ngoài ngành không thể làm được còn theo cách nào là quyền quyết định của mỗi người !",tích cực,False,,
cmt_education018_0025_r01,education_018,Phạm Quang Minh cổ đông ko đồng ý,rác,True,,
cmt_education_009_0020,education_009,"Trách cô thì ít mà trách nền GD thì nhiều. Tại sao đào tạo ra cả 1 lớp toàn học sinh nhu nhược, bị động, thấy cô như cái L mà vẫn câm nín giơ tay tát bạn mình đến ngất xỉu.",ý kiến riêng,False,,
cmt_education001_0005_r01,education_001,Santoso Niran đã quáaaa yomost ơi,rác,True,,
cmt_education007_0003_r05,education_007,"Lương Tiểu Mai bác sĩ chuyên khoa 2 giỏi hơn tiến sĩ về thực hành và kinh nghiệm, tiến sĩ chỉ là học thuật...",trung lập,False,,
cmt_education_018_0253,education_018,14 năm trước cũng nói thế,trung lập,False,,
cmt_education_011_0577,education_011,THA HÓA CỦA NGHÀNH GIÁO DỤC,tiêu cực,False,,
cmt_education009_0054_r03,education_009,Vũ Hoàng trả lại thì phải có lãi chứ ạ,rác,True,,
cmt_education_017_0648,education_017,đột quỵ tại chỗ,rác,True,,
cmt_education017_0028_r02,education_017,Dao Phan Anh Nhường,rác,True,,
cmt_education_011_0492,education_011,này ck các cô giáo trẻ dạy ở đấy lại lo lắng 😁,rác,True,,
cmt_education_004_0069,education_004,Ơ thế là đớp mất 200 củ của sinh viên à cắn hơi sâu đấy,tiêu cực,False,,
cmt_education_020_0167,education_020,"Lý giải có giải quyết điều gì , các cháu thi xong khóc nhiều",tiêu cực,False,,
cmt_education007_0007_r02,education_007,Pham Nguyen Hakhông biết gì chỉ giỏi xạo lồn,trung lập,False,,
cmt_education_017_0228,education_017,có thể là chet ngay tại phòng thi🥰,tiêu cực,False,,
cmt_education011_0006_r20,education_011,"Anh hiểu cái mô hình trường tư nó giống cty vậy á , bỏ tiền đầu tư , trong trường sẽ có nhân viên ( ngoài thầy , cô giáo ) họ sẽ làm canteen ne , lao công ne , kế toán … nên ko hẳn những ng phụ nữ kia là cô giao hết đâu",trung lập,False,,
cmt_education020_0005_r09,education_020,Suong Nguyen chuẩn,rác,True,,
cmt_education_009_0024,education_009,"Bọn trẻ bây giờ yếu đuối vl 
Mình ngày xưa bật cmn luôn cả thầy cô",trung lập,False,,
cmt_education020_0005_r11,education_020,"Suong Nguyen học sinh thi 50p, cho thầy cô giáo thi giáo viên giỏi làm trong 25p thôi",ý kiến riêng,False,,
cmt_education_017_0399,education_017,Thật may vì thi sớm,tích cực,False,,
cmt_education_018_0284,education_018,Huy Vu lúc đầu nghe Vũ Gia Huy tưởng Huy :)),trung lập,False,,
cmt_education007_0004_r02,education_007,"Hoàng Phạm Đắc quê tôi Thach sĩ đầy đường mà ko có được Công trình khoa học thực sự ứng dụng vào phát triển KTXH của xã, tỉnh….ê chề Thạc sĩ giấy.",tích cực,False,,
cmt_education007_0016_r01,education_007,"Bs bằng cấp gì không biết nhưng cứ bs nào trực tiếp khám và điều trị bệnh nhân nhiều nhất ,tận tâm với nghề thì đấy chính là bs giỏi vì cách học tốt nhất chính là người bệnh ..bằng cấp là điều kiện cần và đủ ..có người làm chuyên môn giỏi thi lại trượt ,có người thi điểm cao nhưng lâm sàng lại kém ,có người vừa giỏi lâm sàng và vừa giỏi thi cử thì đấy chính là tinh hoa của ngành y ..",trung lập,False,,
cmt_education_017_0684,education_017,"Thi thi bằng lái, khõe",ý kiến riêng,False,,
cmt_education005_0003_r03,education_005,Chung Trịnh Thế nên xét học bạ nhiều hs sẽ bị thiệt.,tiêu cực,False,,
cmt_education_011_0034,education_011,Thầy còn che cả camera sợ thật 🤣🤣🤣🤣🤣,tiêu cực,False,,
cmt_education018_0061_r06,education_018,Thu Hien k thấy vui lắm😀,rác,True,,
cmt_education020_0007_r07,education_020,Hoa Cau ôn thi bài quá trời .ra đề khó quá học tới 1 giờ sáng học khờ nguời luôn,trung lập,False,,
cmt_education_017_0560,education_017,đem sẵn vài xe cứu thương bé nào thấy điểm xong xỉu hốt lên xe lun,tiêu cực,False,,
cmt_education_009_0091,education_009,Đất nước phát triển cc gì khi từ nhỏ đã bị nhồi là ko đc cải lại người có quyền hơn mình.,tiêu cực,False,,
cmt_education_017_0071,education_017,Nhìn máy tính mỏi mắt luôn á Nguyễn Phương,trung lập,False,,
cmt_education015_0001_r21,education_015,Duy Sport rất đúng phí tiền giống như theo phong trào,tiêu cực,False,,
cmt_education017_0012_r02,education_017,Huy Dao thi cả nước lượng thí sinh nhiều lắm.,trung lập,False,,
cmt_education_017_0084,education_017,Thử nghiệm đúng năm con mình thi hả trời,tiêu cực,False,,
cmt_education007_0025_r01,education_007,Thanh Minh bên quân y thì sao bạn? Chắc vùng cấm…,tiêu cực,False,,
cmt_education_015_0089,education_015,....Cách mạng màu.... Rất đúng ....,trung lập,False,,
cmt_education011_0005_r01,education_011,Cả đất nước Việt Nam bây giờ đều de xồm từ trên xuống dưới luôn,tiêu cực,False,,
cmt_education020_0013_r04,education_020,"Nguyễn Tiến Thắng Là bởi vì em thi khối nào nên em ko quan tâm khối khác chứ nhiều năm đề Vật Lí, Hoá vs Toán nó khó ỉa xong TA thì tàng tàng cũng có ng vào than thôi, chả năm nào đều nhau, chỉ là càng ngày mạng XH càng nổi thì việc mng để ý bàn luận nhiều hội nhóm diễn ra sôi nổi hơn thôi",trung lập,False,,
cmt_education_020_0199,education_020,"Theo tôi nên ra đề thi khó nhiều hơn nữa, để loại bỏ lũ ngu dốt sáng xách cặp đi chiều xách cặp về rồi hết tháng nhận lương. ❤❤❤❤❤",tích cực,False,,
cmt_education_009_0116,education_009,"Mình dạy con từ nhỏ : k sợ gì hết .. cô mà đánh mách mẹ .. bạn đánh mách cô .. k đánh bạn trước nhưng cũng k cho phép ai đánh mình .. nghĩa là phải biết chạy , né .. hoặc đập lại",trung lập,False,,
cmt_education_011_0325,education_011,Chán thật che mà vẫn cả nứoc biết,tiêu cực,False,,
cmt_education_002_0002,education_002,Gv không đạt trình độ chuẩn thì ko cho nghỉ thì khi nào sv ra trg mới có công ăn việc làm.,tiêu cực,False,,
cmt_education018_0005_r02,education_018,Mỹ Duyên tạm biệt hup luôn,trung lập,False,,
cmt_education_017_0036,education_017,Ta nói…..máy trục trặc đứng phát là khóc tiếng Thái lun nà😭,tiêu cực,False,,
cmt_education_020_0174,education_020,"Quá bức xúc , thiệt thòi cho 2k7",tiêu cực,False,,
cmt_education_011_0579,education_011,Có video t mới tin,trung lập,False,,
cmt_education_037_0089,education_037,"Nên BỎ XÉT HỌC BẠ để HS tự phấn đấu TƯ DUY TÍCH CỰC, CHỦ ĐỘNG KIẾN THỨC ĐỂ THI VÀO ĐH.",tích cực,False,,
cmt_education_037_0223_r05,education_037,Huỳnh Thu Hà lớp con nhà mình vừa thi xong gần 40 cháu có học bạ đẹp học sinh giỏi có giấy khen vậy mà thi thpt điểm dưới 20 thủ hỏi đậu vào những trường nào nếu ko xét học bạ,rác,True,,
cmt_education_020_0100,education_020,Thi xong mẹ r báo cáo làm j nữa.2k7 năm nay nhìu e k đậu tn có cho thi lại k mà báo cáo,rác,True,,
cmt_education_040_0027,education_040,"Khiếp, các thánh ko đọc mà kêu như gì. Chương trình dự bị ĐH mà?",tiêu cực,False,,
cmt_education_040_0071,education_040,"Việc đưa Tin học vào giảng dạy sẽ góp phần thu hẹp khoảng cách số, giảm thiểu bất bình đẳng trong cơ hội học tập.

Giúp học sinh vùng sâu, vùng xa có nền tảng vững chắc hơn khi bước vào đại học và đời sống hiện đại.",tích cực,False,,
cmt_education_009_0130,education_009,"Câu chuyện hình phạt học sinh  bằng  những cái tát của học sinh còn lại trong lớp đã diễn ra, diễn ra cũng khá lâu rồi, nay được nhắc lại tôi vẫn thấy bàng hoàng, đau lòng, xót xa xen lẫn chút giật mình. Thật sự, giáo dục ở trong gia đình, nhà trường và ngoài xã hội đang vô vàn vấn đề chúng ta cần xem lại, chấn chỉnh, xử lý nghiêm minh khi triển khai thục hiện Nghị quyết 29 - NQTW ngày 04/11/2013 của Bạn chấp hành Trung ương khoá XI về đổi mới căn bản,  toàn diện giáo dục và đào tạo, đáp ứng yêu cầu công nghiệp hoá, hiện đại hoá đất nước trong điều kiện kinh tế thị trường định hướng XHCN và hội nhập quốc tế.",tiêu cực,False,,
cmt_education_037_0204,education_037,Nguyen M Khue Kim Dunq t chuẩn bi để dành tiền mua học bạ,rác,True,,
cmt_education017_0011_r03,education_017,"Nguyễn Phương có khi nộp bài 
Mạng lag không nộp được, con tôi đi thi tin học trẻ, khi nộp bài còn khoản 4p hết giờ nhưng báo lỗi không nộp được.",trung lập,False,,
cmt_education_007_0086,education_007,"Bsnt thì vẫn là ok nhất rồi, vừa danh dự và vẫn có bằng ths 
Quan điểm TS, ths chỉ có giảng dạy là không đúng, bởi mình đi học thì các thầy vẫn đi giảng lý thuyết, lâm sàng, vẫn là PTV giỏi, Không giỏi tay nghề thì trò nào trọng.
Còn CK1 học tại trường tạp trung rất ok, nhưng tổ chức tại các địa phương thì chất lượng phải xem lại
Vấn đề là cứ phải có tý CK số mới bổ nhiệm lãnh đạo nên vì gì đấy ai cũng cố gọi là có tý CK để còn được làm lđ mà không chú trọng học CK để làm gì, 
Mà cứ chương trình 
Ck 1 đi, bổ xung thêm tiêu chí bảo vệ 1 luận văn nữa là Ok, là Ths rồi . Một hệ thôi thế là ok hết. Đã là CK1 rồi làm thêm cái đề tài thì các bs ok hết mà",trung lập,False,,
cmt_education_020_0045,education_020,"Các ông ra đề thi mà học thêm ngoài, học chứng chỉ, thầy cô, chuyên gia, người nước anh -mỹ phải vật lộn lắc đầu thì các cháu ở  huyện làm sao được. Một loạt HS  sẽ trầm cảm, mất niềm tin vào học tập toán, tiếng anh.",tiêu cực,False,,
cmt_education_039_0097_r07,education_039,"Tieu Phuong dạ e cảm ơn cô. E đã liên hệ và đc hỗ trợ rồi ah.
Trường giải quyết nhanh gọn lẹ ah",tích cực,False,,
cmt_education_020_0052,education_020,Cho các con 2k7  1 đòn chí mạng đứa nào cũng ngấp ngoải .Giờ báo với chả cáo  chỉ là mớ giấy lộn .,tiêu cực,False,,
cmt_education_020_0153,education_020,Năm nay bộ giáo dục Đánh đố thầy trò học sinh .,tiêu cực,False,,
cmt_education015_0003_r05,education_015,dễ gì khi mà có những cựu nguyên thủ từng học ở fulbright,trung lập,False,,
cmt_education017_0015_r01,education_017,Lieu Vu nó dùng mạng nội bộ :v thi tsa hay hsa cũng thi trên mt thôi,tiêu cực,False,,
cmt_education020_0003_r05,education_020,Nguyễn Ngọc Nam mình 9 bạn ạ😂,tích cực,False,,
cmt_education011_0003_r06,education_011,Ông này có làm hiệu trưởng đâu mà thầy...Tiêu đề đã nói rõ là Chủ tịch HĐQT rồi,tiêu cực,False,,
cmt_education_037_0123,education_037,,rác,True,,
cmt_education_037_0002_r22,education_037,"Nguyễn Zen học bạ chỉ là hình thức, tốt nhất nên cho thi đại học hình thức tự luận như thời xưa thì may đâu mới biết ai giỏi, ai dỡ. Hồi xưa thi đại học mỗi môn mà được 7 điểm là cũng là khá quá rồi.",trung lập,False,,
cmt_education009_0011_r05,education_009,"Cái quan trọng là học sinh bây giờ sống ích kỷ và ko ảnh hưởng đến mình thì ko liên quan. Và vì các em mất niềm tin vào người lớn. Nhiều em còn được dạy là cô giáo luôn đúng, và ko được cãi lời cô.",rác,True,,
cmt_education_040_0179_r02,education_040,Hoàng Trần là sao,rác,True,,
cmt_education_005_0145,education_005,Tiểu học thôi mà làm vậy chi vậy ta,tiêu cực,False,,
cmt_education018_0011_r10,education_018,"Hairr David Ng so sánh HL với vị trí đánh dấu đỏ ở Hưng Yên xem ở đâu tiện hơn? Điểm đánh dấu ở Hưng Yên cạnh vành đai 4 đi vào nội thành HN cũng tiện mà các tỉnh miền trung, các tỉnh phía bắc, phía đông đến cũng tiện.",trung lập,False,,
cmt_education_019_0001,education_019,"Mời quý vị xem thêm nội dung đáng chú ý khác:
https://youtu.be/lIigBr02Hsg?si=xVjjKwBGaT5-zff6",rác,True,,
cmt_education_037_0246,education_037,Đồng ý bỏ để có sự công bằng cả trong giáo dục và thi cử,tích cực,False,,
cmt_education011_0002_r02,education_011,Người tham gia ẩn danh 503 😂😂😂 tưởng nhiều chị e tranh nhau cây cà lem chứ,rác,True,,
cmt_education007_0014_r01,education_007,Vô Thường,tiêu cực,False,,
cmt_education007_0043_r02,education_007,"Binh Minhh thôi đi má. Ths, Ts họ vẫn đi thực hành lâm sàng bth chứ có phải học chay không đâu. Chỉ có điều đi lâm sàng ít hơn ck1 ck2 thôi.",trung lập,False,,
cmt_education_004_0016,education_004,"Khổ bác , chỉ có 200 triệu mà mất hết .",trung lập,False,,
cmt_education_010_0014,education_010,Linh Chi ê nha,rác,True,,
cmt_education_007_0051,education_007,Tốt nhất bộ của ai người đấy lo . Tay các ông dài quá rồi đấy,tiêu cực,False,,
cmt_education009_0001_r10,education_009,"Trung Dâu  vậy Đừng ở chung ông bà nữa bạn à, nên chọn phương án đánh đổi 🙂",trung lập,False,,
cmt_education011_0003_r08,education_011,Phong Lưu DanceSport mấy cô mà chị ơi 😅,rác,True,,
cmt_education_040_0082,education_040,"Ủng hộ, các cháu vùng biên khó khăn ko dc tiếp cận với công nghệ nhiều vì ko phải môn bắt buộc",tích cực,False,,
cmt_education011_0014_r08,education_011,Huyền Lê có cho a xin video voi ạ,rác,True,,
cmt_education_011_0038,education_011,Bây giờ thành nỗi nhục của bộ giáo dục chưa :)),tiêu cực,False,,
cmt_education_037_0011,education_037,"Theo mình, xét tuyển theo học bạ rất công bằng hơn xét tuyển thi đại học. Chúng ta nhìn vào một quá trình học để đánh giá năng lực chứ không chỉ dùng một con số của một bài thi. 

Chúng ta nên lấy 50% điểm học bạ cộng với 50% điểm thi đại học để có kết quả xứng đáng nhất.",tích cực,False,,
cmt_education_017_0327,education_017,Quang Vinh hay r,rác,True,,
cmt_education_004_0152,education_004,Tiền này mà các thầy cũng hốc được,tiêu cực,False,,
cmt_education_017_0316,education_017,Ha Phuong e ổn không🥰,rác,True,,
cmt_education018_0019_r01,education_018,Phan Dương Anh Tú tui thấy thầy bảo là trường mình vốn là ở ngoại thành r nên khả năng k bị dính =))))),trung lập,False,,
cmt_education009_0001_r05,education_009,"Em cũng muốn áp dụng điều đó cho con mình khi lớn hơn 1 chút, nhưng khó ở chỗ ở chung với ông bà nội lúc nào cũng có tư tưởng con cái phải ngoan, phải nghe lời, không được làm j mà ông bà cho là hư thì có giải pháp nào hiệu quả không chị?",trung lập,False,,
cmt_education_005_0294,education_005,Cô ni lại mất dạy,tiêu cực,False,,
cmt_education_011_0072,education_011,T cần video,rác,True,,
cmt_education018_0003_r08,education_018,Đoàn Ngọc Ánh lúc đấy ngoại ô họ lại tăg giá nhà lên. khác nhau về ùn tắc thôi chứ mọi thứ sẽ dần đâu vào đấy cả.,trung lập,False,,
cmt_education004_0018_r01,education_004,Viet Chung nhà gần sông Tô đấy anh🤣,tiêu cực,False,,
cmt_education011_0001_r03,education_011,"li*m láp đồ, cô nào cũng ngon, có cả HS nữa mà, xem bên Tin nóng 24/7",trung lập,False,,
cmt_education_007_0037,education_007,Sau dại học nen đẻ Bộ nào liên quan chủ trì,ý kiến riêng,False,,
cmt_education_017_0257,education_017,Thi trên máy tính mỏi mắt lắm bộ ơi bộ thương hsinh chúng em với,tiêu cực,False,,
cmt_education_007_0073,education_007,"Mệt quá, rảnh quá à",rác,True,,
cmt_education_007_0055,education_007,"Thôi, lo đi sửa sách dùng 1 lần đi, 1 mẫu sách thôi. Tràn lan ra mà bao năm phí phạm của dân ko sửa đc. Ngập mồm..",tiêu cực,False,,
cmt_education_018_0083,education_018,Hơn chục năm r có di được trường nào hẳn hoi đâu,trung lập,False,,
cmt_education_017_0230,education_017,Tạch là biết luôn đỡ hồi hộp nhỉ,trung lập,False,,
cmt_education007_0002_r11,education_007,Nguyễn Văn Quyết ....xin cản ơn bs đã phản hồi bình luận của tôi ạ ! Ngành y đang nói ở đây là của người không phải ngành thú y nếu bác sĩ có lệch lạc đến mức như vậy thì bệnh nhân của bác sĩ cũng cần phải liệu chừng kẻo tiện tay bs xin luôn 2 quả thận của bn ????,tích cực,False,,
cmt_education009_0010_r01,education_009,Đúng rồi. trước đó khoảng chục hs đã bị cô này phạt ăn tát. Do lần này tát mạnh tay quá nên mới bị lộ,tiêu cực,False,,
cmt_education_020_0029,education_020,"Vẫn có điểm 10 bình thường, nhất địa phương Nam Định nhé!",tích cực,False,,
cmt_education_007_0130,education_007,"Bảo sao dạo này mấy ông xung quanh tui điên cuồng thi CK1, CK2 =))))",trung lập,False,,
cmt_education004_0016_r01,education_004,Hoàng Nguyên Nhung chị có họ hay gì với ông đó? 200 triệu nhỏ ghê nhỉ?,trung lập,False,,
cmt_education011_0001_r17,education_011,Bình Dương 24H Fb ông này đây mn.vẫn còn già mồm mà @ 😡😡Nguyễn Tuấn,rác,True,,
cmt_education_007_0203,education_007,"Tiến sĩ là bậc sau đại học bậc 2 cùng với chuyên khoa 2. Sau đại học là chuyên khoa 1, nội trú, thạc sĩ. Bậc 3 sẽ là giáo sư( trước đây còn tồn tại phó giáo sư)",trung lập,False,,
cmt_education018_0017_r18,education_018,Lê Trần Bách Đang khuyên là đi học thì lo tập trung mà học. Lo kiếm tiền làm gì? Ra trường thì cầm cái bằng xuất sắc nó khác bằng trung bình lắm,trung lập,False,,
cmt_education011_0002_r15,education_011,Hoàng Mỹ Thuận cây kim trong bọc có ngày cũng lòi ra. cái gì cũng có sơ hở hết bạn nghe,ý kiến riêng,False,,
cmt_education009_0001_r22,education_009,"Khó lắm c ơi, con chỉ cần phản biện là bị quy ngay vào tội hỗn .Vơi phương châm “người lớn nói là phải nghe” ko dc cãi😭 đã ăn sâu vào máu thịt của các bậc tiền bối rồi. Bố mẹ ông bà nói mà con phản biện là kiểu j cũng long trời lỡ đất hư, hỗn, đánh cho bây giờ, còn cãi nữa, nói thì nghe đi...bla..bla😭",tiêu cực,False,,
cmt_education_007_0286,education_007,Bộ giáo dục k xứng để phán.,tiêu cực,False,,
cmt_education_040_0200,education_040,Võ Ng Tram :)))))))),rác,True,,
cmt_education_017_0414,education_017,Chết ngay lập tức ko có nỗi đau kéo dài,tiêu cực,False,,
cmt_education_020_0168,education_020,Thi là để kiểm tra kiến thức đã học chứ ko phải đánh đố .,tiêu cực,False,,
cmt_education_020_0133,education_020,Đã thế phải nâng điểm cho các con,ý kiến riêng,False,,
cmt_education009_0054_r07,education_009,Nguyễn Hoàng Quốc Vinh tuổi thơ của chú mày chắc cũng dữ dội lắm nhở :)),trung lập,False,,
cmt_education_017_0385,education_017,Chắc lại bắt phụ huynh và học sinh đống tiền để mua trang thiết bị,tiêu cực,False,,
cmt_education_037_0011_r01,education_037,Doan Thai Preston  đi làm ngta ta quan tâm ôg có giỏi hay ko chứ có ai quan tâm quá trình của ông đâu 😂,tiêu cực,False,,
cmt_education_038_0072,education_038,Tuyệt vời,tích cực,False,,
cmt_education_011_0262,education_011,Chủ tịch hội đồng quản trị Trường tư thục.,rác,True,,
cmt_education009_0081_r18,education_009,ngồi sau xe m đúng ko khác j :v,rác,True,,
cmt_education_009_0168,education_009,Cô giáo này có bị ngồi tù vì tội xúi giục hành hung trẻ em ko chị?,tiêu cực,False,,
cmt_education018_0053_r01,education_018,"Thực ra hubt về béc nin cũng đc vì cs béc nin để phí 
Tóm lại di đâu cũng đc tôi k27 cbi ra trường rồi 🌝",trung lập,False,,
cmt_education_020_0314,education_020,"""Nếu nhiều thí sinh đạt điểm 9-10 nhưng không phải năng lực thật mà đề dễ thì có vui không?..."" có vui màaa 🤗",tích cực,False,,
cmt_education_017_0101,education_017,Thi xong chết ngay tại chỗ luôn,tiêu cực,False,,
cmt_education_018_0172,education_018,epu à,trung lập,False,,
cmt_education_020_0196,education_020,"Có giáo viên nào dạy giả hay học sinh nào thì hỏa đâu … mà nói là học  thật , thì thật… tụi bây có chơi đá Ko vậy… mà nói toàn chuyện tưởng tượng Ko vậy????",tiêu cực,False,,
cmt_education_017_0407,education_017,Sao năm nào cũng thí điểm vậy 🙈,tiêu cực,False,,
cmt_education009_0038_r02,education_009,Ngọc Khoa dm kiếm được cái clip đi spam hoài luôn,rác,True,,
cmt_education_009_0323,education_009,Xem lại trường này có vấn đề,tiêu cực,False,,
cmt_education_011_0498,education_011,Không biết có cô nào tên Thảo ko,rác,True,,
cmt_education018_0003_r02,education_018,Liem Le độc cái to. Chắc ko thuộc diện chuyển rồi,trung lập,False,,
cmt_education_017_0211,education_017,Khoi hoc khoi thi luon kho bon nho qua,ý kiến riêng,False,,
cmt_education020_0002_r07,education_020,"Trần Đông Anh ko biết bạn sn bn, chứ tôi thi ĐH năm 97, học LƯơng Thế Vinh tại HN  từ lớp 11 xong chương trình cấp 3, suốt ngày ôn bộ đề. Các tỉnh ko có ĐK lại lên HN học thêm, luyện bộ đề. BGD đã cải cách như này quá ok rồi. Ko phân biệt thành thị và nông thôn. Do năm nay thi tốt nghiệp khó, quốc hội mới bắt giải trình nhé",tiêu cực,False,,
cmt_education005_0033_r01,education_005,Trân Hoa hiệu trưởng ăn tiền phụ huynh đầu năm dư thứ tiền quỹ đớp của dân.còn giáo viên ăn tiền dạy kèm.không học kèm nó dìm chết luôn.mất đạo Đức ghề nghiệp.ngày xưa học xong còn lưu luyến thầy cô ngày nay lạy hồn cho học xong lớp này,tiêu cực,False,,
cmt_education_040_0132_r01,education_040,Linh Vũ có hay k tao mà có chứng chỉ mos là đc miễn mà,trung lập,False,,
cmt_education_018_0077,education_018,"Học đại học thì cần gì ở nội đô , phân bổ ra vùng ven là chuẩn",trung lập,False,,
cmt_education_005_0311,education_005,Cô bị tâm thần phân liệt hay đa nhân cách vậy?!chứ ng bt k ai làm vậy đâu,tiêu cực,False,,
cmt_education_015_0096,education_015,Có cho thuê lại trường để mình làm dự án nuôi gà k nhỉ ),trung lập,False,,
cmt_education_018_0209,education_018,dời hanu về gia lâm,trung lập,False,,
cmt_education_037_0276_r03,education_037,"Linh Nguyen thời 8x cũng có xét học bạ đâu mà hs nỗ lực đạt loại giỏi khá? Lý do k thuyết phục bạn nhé. Đứa chịu học thì trọng danh dự,bk học thì thi ĐH đỗ bằng mắt.",ý kiến riêng,False,,
cmt_education007_0001_r03,education_007,"Nói về chuyện đào tạo ở Mỹ:
Hết lớp 12 là phải thì một Tj kỳ thi quan trọng để đạt điểm cao sẽ vào trường đại học . Vào đại học  Học 4 năm thì phải thì một kỳ thi rất cạnh tranh để đạt điểm cao để nộp và được nhận vào trường Y. Học bất cứ trường y nào, khi tốt nghiệp cũng phải trải qua hai kỳ thi, một là khoa học cơ bản, một là lâm sàng. Đậu hai kỳ thì mới ra trường là MD. Nhưng để được cấp bằng giấy phép thì phải tiếp tục học Noi trú từ 3-6 năm tùy ngành. Và tiếp tục thì thì. Như vậy thì bằng cấp mới tương đồng. Nhưng ai muốn được khả năng nhận vào trường y cao thì phải có thêm bằng cấp khác như cao hoc hoặc tiến sĩ về nghiên liên quan đến y khoa. Nên bs bên này khi tốt nghiệp nội trú thì không cần hoc lên tiến sĩ như Việt Nam. Họ luôn phải tham gia những chương trình đào tạo kế hoạch để giữ bằng cấp. Hoj luc nào cũng muốn học thêm lên để làm nghiên cứu và có người tốt nghiệp với hai bằng cấp. PhD thì không phải là bs, không có giấy chứng nhận hành nghề y. Bs là một bàng cấp gọi là professional degree. PhD là Doctor of Philosophy",tích cực,False,,
cmt_education_011_0428,education_011,"Trường tư thực, có chủ tịch hội đồng quản trị và cũng có hiệu trưởng. Vị này là chủ tịch, không phải là hiệu trưởng nên cũng chẳng phải giáo viên. Vì thế lên án cá nhân, đừng lôi thày cô ngành giáo dục vào làm gì. Ai làm sai thì lên án người đó chứ không thể cá mè một lứa được.",trung lập,False,,
cmt_education018_0011_r09,education_018,Viet Ha Nguyen Đúng nhỉ,trung lập,False,,
cmt_education017_0005_r03,education_017,"Hương Tran không thi thì lấy cái gì xác định được đứa nào học tốt, đứa nào học giỏi =))) kì thì tốt nghiệp xem như là cửa ải đầu tiên bước ra đời của tụi nhỏ, k chịu đc chút áp lực thì sau này sống kiểu gì :)) cha mẹ có sống đời để che chở mãi đâu",tích cực,False,,
cmt_education018_0006_r18,education_018,"Dương Dũng tôi lại thấy 50/00 các em không có cơ hội học tập và phát triển , chưa kể các khó khăn của giảng viên ,khi họ phải di chuyển tới trường .",trung lập,False,,
cmt_education017_0002_r17,education_017,Vương Hùng ác nhắm=))))),tiêu cực,False,,
cmt_education018_0006_r30,education_018,Dương Dũng nhu cầu mà cao thì lấy đâu ra chuyện rẻ,trung lập,False,,
cmt_education020_0001_r30,education_020,"Người tham gia ẩn danh 158 chắc mẹ bạn đẻ đau l mới sinh ra đứa tiểu nhân như bạn hẹ hẹ, ngoan nào không ai đái vào bát cơm của bạn đâu nè❤️",rác,True,,
cmt_education_018_0244,education_018,"Kế hoạch ngu dốt , lấy đất xây cc ,lại quá tải gấp bội",trung lập,False,,
cmt_education_007_0330,education_007,"Ở Mỹ chỉ những người rất thích nghiên cứu và giảng dạy ở các đại học (Y Khoa) thì mới theo học MD-PhD 7 năm ra trường có bằng MD-PhD nhưng vì chưa xong nội trú (nội khoa, gia đình,…) nên không mở phòng mạch được trừ phi nội trú 3 năm nữa.
Sinh viên tốt nghiệp Y khoa(4 năm) nội trú family medicine 3 năm thì mở phòng mạch bác sĩ gia đình. Nếu nội trú nội khoa 3 năm sau đó mở phòng mạch bác sĩ nội khoa hay học fellowship 2-4 năm nữa để thành bác sĩ chuyên khoa. Nếu muốn làm bác sĩ giải phẩu thì sau 4 năm y khoa xin vào general surgery(giải phẩu tổng quát 5 năm), neurosurgery (giải phẩu thần kinh 7 năm)….
Các bác sĩ MD thường hay MD specialists có lợi tức gấp 2-5 lần hay hơn lương của MD-PhD dạy ở các đại học.",trung lập,False,,
cmt_education_007_0356,education_007,"Bác sĩ (doctor) là cái nghề, còn M.D. (medical doctor) tiến sĩ y khoa là học vị",trung lập,False,,
cmt_education_005_0284,education_005,Ôh. Thầy cô toàn nâng điểm cho học sinh mà. Sao giờ lại hạ điểm. Hay sợ lớp mik nhiều học sinh giỏi quá. Mà có khi các em không học thêm nhà cô rồi.,trung lập,False,,
cmt_education017_0069_r02,education_017,Dụng Việt Dạ khổ thiệt cô ơi😔,rác,True,,
cmt_education_040_0172,education_040,Tin học về văn phòng là cái rất quan trọng cho học sinh và sinh viên,tích cực,False,,
cmt_education007_0011_r01,education_007,"Huy Bui đúng rồi. Mà rõ ràng phần đa số là làm việc tại bv, ck1 vẫn là thành phần kinh nghiệm và thực hành lâm sàng tốt hơn",trung lập,False,,
cmt_education_040_0056,education_040,"Quyết định này sẽ giúp học sinh dân tộc thiểu số tiếp tục được phát triển năng lực tin học một trong những năng lực cần thiết để các em có đủ các điều kiện học tập ở CĐ, ĐH.",tích cực,False,,
cmt_education_037_0002_r02,education_037,"Nguyễn Zen vậy xét học bạ dành cho mấy trường tư hoặc công lập ở mức bình thường thôi, nói thật trường top nên bỏ xét học bạ, thử nghĩ ngành Y xét học bạ thì chỉ biết cười, đã vậy học bạ đẹp thì trường nào cũng “du di” cho điểm cao vào lớp 11,12, ko phản ánh đúng năng lực thi cử, học bạ thì 29,30 mà thi 20,21 thì lạ lắm à nhen",trung lập,False,,
cmt_education007_0004_r03,education_007,"Binh Nguyen chính xác, bệnh nhân méo quan tâm bằng cấp học vị, cần hiệu quả. Như tôi dân cntt, nhưng vì hận bs ra dẽ nhưng trị cho mẹ già tôi gây nhồi máu cơ tim. Tôi quyết TỰ HỌC từ con số 0, ko thầy, ko ai chỉ đường. GIỜ TÔI TỰ TIN Ở VN CHƯA CÓ GSTS NÀO QUA ĐƯỢC TÔI VỀ BỆNH TIỂU ĐƯỜNG MỌI CASE (kết hợp 1 lúc nhiều bệnh: suy tim, thận, khớp). Mẹ tôi 85t, nhồi hơn 6 năm",tiêu cực,False,,
cmt_education_005_0066,education_005,Vẫn là giáo viên dạy tiếng anh,trung lập,False,,
cmt_education_018_0202,education_018,Adu 55 Giải Phóng đi luôn không,trung lập,False,,
cmt_education_020_0108,education_020,Chưa năm nào phải để bàn tán đề thi như năm nay,tiêu cực,False,,
cmt_education018_0003_r09,education_018,Nguyễn Khánh Hồng nhưng nhiều lựa chọn hơn cũng dễ thở hơn rồi b. Với chị phí sinh hoạt cũng k quá cao như nội thành,trung lập,False,,
cmt_education_020_0310,education_020,"Thôi coi như là sau này ra đời thì mình khoe à t từng thi đề khó nhất lịch sử bgd đó nha, tr ơi nó sĩ nó hào hùng 🥳🥳",tích cực,False,,
cmt_education_038_0021,education_038,"Tiếng Anh nn2 okay 
Tiếng Nhật nn3 okay luôn bạn ạ!",trung lập,False,,
cmt_education020_0004_r25,education_020,Đức Trí Trần :))) cái năm tui thì tiếng anh lại là môn điểm dễ 10 hơn mấy môn còn lại đó nên ko nói v dc,trung lập,False,,
cmt_education_038_0036,education_038,Tuyệt vời quá !,tích cực,False,,
cmt_education018_0007_r04,education_018,Bệnh viện e nghĩ để đó,trung lập,False,,
cmt_education018_0005_r03,education_018,Thanh Sắt từ thời mình học lớp 12 giờ đã gần 20 năm rồi cũng vẫn có thấy gì đâu,trung lập,False,,
cmt_education_037_0002_r49,education_037,"Nguyễn Diễm ủa bộ học dốt mà đỗ chuyên Á em , em nói vậy chỉ đúng 1 phần nhỏ xíu thôi em !",tiêu cực,False,,
cmt_education020_0030_r03,education_020,"Hạnh Nguyễn t 7,0 reading ielts nè thì cái đề này đối với t thì cũng cũng thôi. Dùng để chọn lọc học sinh thiệt nhưng nó ko phải siêu siêu khó đối với ai học thi ielts rồi đâu. 
Việc dùng ielts để cộng điểm t nhớ lâu rồi mà nên giờ đưa ra 1 cái đề kiểu quy chuẩn ngang ielts vầy t cũng ko quá ngạc nhiên. Chỉ có mấy em ở quê thì thiệt thòi thiệt vì mấy đề như vầy ko áp dụng giải theo giáo trình sgk được.",trung lập,False,,
cmt_education007_0026_r09,education_007,"Diễm Lương nói cơ sở hay nói gì đi chăng nữa thì cụ thể để người ta biết, chị phán chung chung như vậy, thành ra phán sai đó bà chị, rồi chị nói người ta cào phím như chị hả, ôi thôi chết :)))",tiêu cực,False,,
cmt_education_037_0214,education_037,"Phải tổ chức thi kèm theo có điểm chuẩn đầu vào đại học, để cho các em nào không đủ điểm học đại học thì học cao đẳng, trung cấp. Như vậy mới có tính phân luồng, chứ dùng học bạ xét đại học thì rõ ràng không hợp lý, sao mà phân luồng được.",ý kiến riêng,False,,
cmt_education_005_0214,education_005,Quá xấu hổ.,rác,True,,
cmt_education_009_0082,education_009,Huynh Trinh này k phải con tao chứ con tao là tao kéo cả hội phụ huynh tới tát lại,tiêu cực,False,,
cmt_education_009_0149,education_009,"Xúc phạm thân thể hs bằng bất cứ hình thức nào cũng đều phạm luật giáo dục, mà phạm luật thì phải bị trừng phạt, loại gv mà đánh phạt hs là loại gv bất lực, ko có khả năng sư phạm, ko có đạo đức nghề nghiệp, ko thể được bênh vực bao che bằng bất kì lí lẽ nào ! Bản thân tôi đi dạy hơn 33 năm, chưa 1 lần mắng hs 2 chữ "" đồ ngu"" chứ nói chi đến việc đánh mắng, nhưng tôi vẫn giáo dục đc nhiều hs cá biệt, giúp các em hoàn thành năm học, hiện nay 1 số em ấy (40 ->50 tuổi) vẫn thường về thăm tôi, biểu con mình gọi tôi là Bà Nội ;)",tiêu cực,False,,
cmt_education_011_0177,education_011,"Giờ chả kể chi thầy với cô láo nháo cả 
Mời vô nhà nữa đàng khác 😂",tiêu cực,False,,
cmt_education018_0041_r02,education_018,Vũ Thị Ngọc Ánh m nhớ nhà à,rác,True,,
cmt_education011_0097_r03,education_011,Thế có bào không mọi người,trung lập,False,,
cmt_education_015_0043,education_015,"Sau hơn nửa năm bà Nguyễn Thị Út Em bị bắt và những lùm xùm liên quan đến khoản huy động vốn hàng nghìn tỷ đồng từ phụ huynh, UBND TP.HCM đã chính thức công bố quyết định giải thể Trường Quốc tế Mỹ (AISVN) vào ngày 12/1: https://s.biz.vn/UmIvGZd",rác,True,,
cmt_education004_0001_r48,education_004,Quang Hoang Speaker kí rồi nhưng chưa thấy ting ting,rác,True,,
cmt_education020_0010_r16,education_020,"Vũ Mạnh Thắng Bộ nói đúng đó, chỉ có điều tính kết nối cao và nhiều, học kg kịp thôi, chờ các cháu lớn thêm ít năm sẽ làm được. Đúng là nói kiểu ""kg bao giờ nói sai"" vậy!",trung lập,False,,
cmt_education007_0002_r30,education_007,".....khi cơ thể mỗi con người là một thể thống nhất thì đồng nghĩa với việc không thể phân chia ra từng bộ phận độc lập tách riêng biệt như các bộ phận máy móc tháo ra lắp vào được ....quả này mới làm cho các nhà nghiên cứu khoa học hàng trăm năm nay ngụy tạo kiến thức để xây dựng hệ thống y tế WHO hoành tráng ! Đã ngụy tạo kết quả nghiên cứu thì đồng nghĩa với giả dối mặc dù các bác sĩ học hành vất vả , học thật   , làm thật nhưng thành công ảo đây là nguyên nhân của mọi nguyên nhân dẫn đến bệnh tật ngày càng nhiều , bệnh viện ngày càng quá tải và bệnh nhân lãnh đủ ! .....
Nếu dược liệu nào chữa khỏi được bệnh đau dạ dầy thì nó chữa khỏi được bệnh tim gan thận phổi và ngược lại nếu chữa khỏi bệnh tim thì chữa khỏi bệnh dạ dầy , gan thận phổi ! Ngược xuôi , xuoi ngược thì nó vẫn là một hệ cân bằng động của mỗi cơ thể nhiu đó thôi các gs tim mạch ....nhột ...nhột ...với hàm ....vị đang có .....hayđơiđây .....! ....
Trên thì phong ba bão táp , dưới thì lũ lụt dâng cao .....chạy trốn lối nào cho thoát tội ....????",trung lập,False,,
cmt_education_009_0019,education_009,"Cô giáo có ăn học, làm nghề dạy người, mà như thế này à, đuổi khỏi nghành vĩnh viễn đi làm bẩn nghành giáo dục của Việt Nam. Đúng là nỗi nhục của nghành",tiêu cực,False,,
cmt_education007_0043_r05,education_007,"Mấy bạn Ths ý kiến quá thì bảo Bộ GD xem xét đi :)) chứ hồi xưa Ths cũng có đc bộ y tế cấp CCHN chuyên khoa đâu, vài năm nay mới được do đang giai đoạn chuyển đổi thôi mà. Còn chèn ép Bộ Y Tế quá thì quay lại như cũ ko cấp CCHN chuyên khoa cho Ths thôi",ý kiến riêng,False,,
cmt_education_005_0100,education_005,Cho nghỉ luôn  chớ tạm gì nữa,tiêu cực,False,,
cmt_education004_0001_r11,education_004,Nhung Giang trường đấy cũng thấy có mấy phốt,trung lập,False,,
cmt_education019_0008_r03,education_019,Rain Massage Music còn có vụ này nữa ak. Trong mình k thấy. Mà thấy cũng đâu ai dám sửa,trung lập,False,,
cmt_education018_0039_r02,education_018,Khánh Linh về thanh trì 🙆‍♀️,rác,True,,
cmt_education018_0003_r04,education_018,Vũ Hoài sinh viên ở đâu thì hàng quán mọc lên ở đấy mà b,trung lập,False,,
cmt_education020_0004_r22,education_020,Trọng Lập đọc đề TA chưa mà kêu phân loại cả đề? Chửi hùa theo đám đông à???,tiêu cực,False,,
cmt_education020_0007_r04,education_020,"Hoa Hoang để 16/7 sẽ ro. Nếu anh van có hs làm dc 9,2. 9,4.  9,6 thì đê có sự phân hoá.",trung lập,False,,
cmt_education_015_0012,education_015,Còn để làm gì cái ổ trở chứng này.,tiêu cực,False,,
cmt_education_005_0249,education_005,"Đạo đức nghề của  gv  này ko thể chấp nhận được , may mà có phụ huynh dám đứng lên tố cao nếu ko thì ko biết cô bao la đến khi nào nữa .",tiêu cực,False,,
cmt_education_038_0056,education_038,Thảo Nguyễn cơ hội cho con iu của chúng ta,tích cực,False,,
cmt_education005_0001_r04,education_005,Nguyễn Lâm Nhi mình thấy rồi bạn ơi. Con trai mình là minh chứng luôn .,tiêu cực,False,,
cmt_education_009_0203,education_009,"E cũng hỏi con em trong trường hợp    nếu thầy cô phạt bị các bạn tát hay buộc phải tát bạn khác,  bé đều trả lời sẽ bỏ chạy tìm thầy hiệu trưởng, e cũng k biết có cách nào hay hơn,  với lớp 6 chắc các bé không dám phản ứng mạnh ngay tại lớp đâu ah.",trung lập,False,,
cmt_education_037_0310,education_037,Nguyễn Thành là t với m rớt đh đó :))),rác,True,,
cmt_education_037_0013_r04,education_037,Hien Pham đúng vì có những trường điểm số rất công minh và phải thật sự cố mới có điểm số tốt .nhưng bên cạnh những trường điểm số đánh giá đúng thực lực của học sinh thì không ít những tc hoặc trường cho điểm có dễ hơn cho học sinh. Nên cứ để các con tự thi thì kết quả sẽ công bằng hơn,ý kiến riêng,False,,
cmt_education020_0004_r01,education_020,Tran Tuan 👍,trung lập,False,,
cmt_education_007_0251,education_007,"Mình ủng hộ, học xong nội trú cấp bằng CK1",tích cực,False,,
cmt_education013_0010_r05,education_013,"James Daniel à từ bán khống ở đây nghĩa hán việt là giả, hơi khác bán khống trong chứng khoán, nhiều bạn sẽ hiểu lầm",trung lập,False,,
cmt_education011_0030_r01,education_011,"Người tham gia ẩn danh 485 b nên gọi hotline để hỏi xem có khóa đào tạo nào trong ngày tháng đó, địa chỉ đó k nha, vô đó lỡ nó lùa 1 cái là xuân này con k về luôn",ý kiến riêng,False,,
cmt_education017_0012_r03,education_017,"To Dinh Duc Anh thì mình nói khó lắm,máy bn 1 máy, giấy bn 1 tờ.máy chủ....",tiêu cực,False,,
cmt_education_011_0319,education_011,Thầy này chắc dạy môn đạo đức rỏi lắm,tiêu cực,False,,
cmt_education_037_0184_r07,education_037,"Phạm Tạ Quốc Huy b t vừa rồi đạt giải quốc gia này, và nó vẫn thi được 27 điểm chưa cộng điểm cộng của giải rồi của ai eo nữa? m không cố gắng thì đòi công bằng quái gì??",tiêu cực,False,,
cmt_education_005_0134,education_005,"Chị mà ghê vậy ,cô có biết bọn trẻ nó học ngày học đêm ko ,nó học nhiều khi mệt ko ăn nổi vì nó sợ bị dìm đó ,mà cô nỡ lòng nào á cô",tiêu cực,False,,
cmt_education_037_0003_r10,education_037,"Van Nguyen Đấy không gọi là giỏi, đấy là chưa đặt đúng vị trí đừng thần thánh Thăng Long hay Việt Mỹ quá.",tiêu cực,False,,
cmt_education_004_0113,education_004,sắp tới trường kia =)))),rác,True,,
cmt_education_018_0047,education_018,Chuẩn quá,trung lập,False,,
cmt_education_040_0232_r03,education_040,ZThỵ Thủy cố lên eiu🤣,tích cực,False,,
cmt_education_017_0004,education_017,Bấm nút nộp bài cái ngất tại phòng thi luôn,tiêu cực,False,,
cmt_education007_0005_r19,education_007,"Nguyễn Quang Tráng Đào tạo bác sĩ ở Mỹ như thế nào: 
+ Bước 1: Cần 4 năm học ĐH cơ bản tiền y học ( Tốt nghiệp có Văn bằng Pre - Medicine).  
+ Bước 2: Cần 4 năm tiếp theo nếu thi đỗ vô ĐH Y khoa. Học các môn học y khoa, học dược, học trên mô hình, trên bệnh nhân về triệu chứng, về bệnh lý . Tốt nghiệp được cấp bằng Pre  Clical... Cần phải tiếp tục đi thi học Nội trú y khoa. 
+ Bước 3: Cần 3 năm học Nội trú y khoa ( Residency). Tốt nghiệp được cấp bằng ""Bác sĩ Đa khoa"". Vẫn chưa được độc lập hành nghề bác sĩ để phẫu thuật, kê đơn các chuyên khoa mà không có bảo lãnh của badc sĩ có trình độ cao hơn ... Chỉ làm 1 số công việc của bác sĩ đa khoa, các vấn đề  liên quan đến ngành y , đến cấp cứu sau khi đã có thêm các chứng chỉ bổ sung như : cấp cứu công đồng, cấp cứu hàng không,  phòng chống dịch, y tế công cộng...
+ Bước 4: Đi học chuyên khoa, chuyên sâu ( Felllowship) từ 2-4 năm tùy từng chuyên khoa y học. Tốt nghiệp được gọi là các bác sĩ chuyên khoa ( các chuyên gia chuyên ngành - Level 1 or 2  medical Specianlist, VN gọi là Ck1, Ck2). Từ đó được độc lập thực hành KCB (mổ, kê đơn, làm kỹ thuật) theo chuyên ngành chuyên sâu của minh, không cần ai  giám sát và bảo lãnh). 
    Sau 4 năm học  ĐHYK, nếu không đỗ học Kỳ nội trú thì đi làm Ths, TS y khoa để có bằng Ths, TS y khoa nhằm tham gia NCKH, giảng dạy, không trực tiếp KCB.:",trung lập,False,,
cmt_education017_0005_r04,education_017,Nguyễn Phúc Hưởng  Phần Lan nó có vất vả đâu. Suy nghĩ cực đoan quá. Thi thố như khoa bảng xưa không còn hiệu quả thì nên bỏ họăc hạn chế,trung lập,False,,
cmt_education_018_0216,education_018,Dương Nguyệt mtcn sắp cút,rác,True,,
cmt_education_020_0279,education_020,"Xàm l quá, đề quá dễ hay đề quá khó thì đều thất bại trong việc phân hóa HS. Một câu hỏi khó đến mức HS dốt hay giỏi đều bình đẳng bó tay chịu trói thì phân hóa dốt giỏi kiểu đ gì?",trung lập,False,,
cmt_education011_0023_r01,education_011,Ka Ngocquang xem  qua thì thấy toàn cô tóc ngắn. Chắc mỗi một cô ấy chứ,tiêu cực,False,,
cmt_education_016_0059,education_016,Nguyễn Thị Ngọc Trâm khóoo rồi,rác,True,,
cmt_education_018_0251,education_018,Làm giàu cho thằng v,trung lập,False,,
cmt_education_004_0040,education_004,"Lâu nay đớp sướng quen mồm rồi, phát này đớp tiếp mất mồm luôn",tiêu cực,False,,
cmt_education007_0015_r05,education_007,"Không thể nói một GS ngoại khoa lên bục giảng nói thao thao bất tuyệt như một con vẹt mà lại không biết mổ xẻ trên cơ thể người bệnh được. Vậy anh căn cứ vào đâu để giảng dạy sinh viên y khoa? Học và hành nó phải khớp với nhau. Không có chuyện học lý thuyết một đường, ra thực hành lại làm một nẻo. Ông thạc sỹ ngoại khoa, đồng thời cũng là một bác sỹ chuyên khoa I ngoại khoa mổ xẻ trên cơ thể người bệnh. Ông giảng dạy về ngoại khoa cho sinh viên y khoa như thế nào thì khi vào phòng mổ ông cũng phải hướng dẫn cho sinh viên biết mổ xẻ luôn.",tiêu cực,False,,
cmt_education_007_0019,education_007,"Ngành y học gần mười năm , giáo dục chỉ đại học ra trường học thăng hạng vào ngày nghr  thăng hạng từ 2.34  đã lên 4,0 , ngành y 6 năm đại học lại thi học 3 năm chuyên khoa 1 , chưa tính 2 năm chuyên khoa 2  luận án mới được ra trường còn phải thi chuyển hạng thay bây giờ mới đươcj xét quá vất vả cho cán bộ ngành y tế",tiêu cực,False,,
cmt_education011_0004_r46,education_011,Nguyễn Hòa mình chỉ nói 1 câu là cũng tùy thôi b ơi. Hiện giờ cv của mình là đi gặp gỡ các thầy cô HT nên đâu mình cũng đi r. Có nh trường MN công lập ở HN chỉ bằng 1 góc trường MN ở tỉnh thôi b à.,trung lập,False,,
cmt_education015_0012_r06,education_015,Khánh Phạm tiếng Trung nha bạn chứ Nga giờ yếu rùi,trung lập,False,,
cmt_education011_0095_r02,education_011,Hương Fishing mày không biết chữ à mà đọc bài viết của tao như nào à,tiêu cực,False,,
cmt_education_007_0257,education_007,"Mình học bs nội trú ĐHY Hà nội 1999-2002, trong quá trình học nội trú thì học đầy đủ cả các chứng chỉ của thạc sỹ+ bảo vệ luận văn,
khi ra trường mình nhận cả 3 bằng BS Nội trú- CK1 - Thạc sỹ luôn.  Nhưng có 1 giai đoạn thì các bs học nội trú xong k dc  cấp bằng thạc sỹ mà fai học sau đó.  Hiện giờ thì các bạn học nội trú ra vẫn dc cấp cả bằng Thạc sỹ.",tích cực,False,,
cmt_education_004_0099,education_004,Đang làm hiệu trưởng ko thích lại thích đi tò,trung lập,False,,
cmt_education_018_0260,education_018,"Cái gì cũng đổ dồn hết về hà nội, nên mới quá tải. Trường học, bệnh viện mọi thứ. Khám siêu âm  đi mấy trăm cây số từ tờ mờ sáng chờ 2 ngày mới được khám. Thế khám xong hẹo là vừa. Chuyển về các tỉnh khác đi cho giãn bớt ra, cho các tỉnh họ còn kiếm ăn nữa. Cái gì cũng đổ hết về hà nội. Tham thì thâm, công chức ăn ngập mồm . Thế mới khói bụi, ô nhiễm, lụt lội vì quá tải. Đáng lẽ ra phải chuyển ra các tỉnh khác, đưa cán bộ công chức về các tỉnh đó, sinh sống định cư ở đó, để cho nó phát triển đều mới không bị quá tải. Cứ thích tập trung vào một chỗ, chỗ giàu chỗ nghèo. Học theo mô hình phát triển của châu âu đấy. Ví dụ như ở đức phát triển rất đồng đều. Các thành phố phát triển đều nhau, không bị chênh lệch như berlin, frankfurt, munich, hamburg, stuggatt, cologne, dusseldorf, dortmund, bremen, hannover, nurnberg,leipzig, dresden, vv đều sàn sàn nhau. Hay như ở mỹ ngay cả vùng nông thông thị trấn nhỏ người ta vẫn có trường đại học, bệnh viện mổ xẻ rất tốt. Chả phải đi đâu, thậm chí dân tập trung đông ở california người ta còn tăng giá nhà để giãn dân ra. Trong khi ở vn như hà nội hay sài gòn mấy trăm cái trường đại học trong khi tp lớn thứ 3 như hải phòng chỉ có vài cái trường, thế thì làm sao phát triển đều được.",rác,True,,
cmt_education011_0002_r04,education_011,The Next Face Vietnam . Cứ coi như mình đang xem phim chứ có gì đâu . Có ai nói tên tuổi gì đâu . 😂😂😂😂😂😂😂😂 .,tiêu cực,False,,
cmt_education_037_0141,education_037,Lây hoc ba lam tiêu chi xet tuyên thôi,ý kiến riêng,False,,
cmt_education_009_0177,education_009,Giáo dục con em chúng ta quá bạo lực. Yêu cầu ngành nhà giáo hãy tiêu diệt và loại bỏ con người ác nhân ấy.,tiêu cực,False,,
cmt_education_011_0353,education_011,chắc đang họp kín thôi,trung lập,False,,
cmt_education_040_0010_r01,education_040,Vô Vị c3 t còn k đc đụng vô máy tính giờ gõ phím như cò mổ thiệt 🥲,tiêu cực,False,,
cmt_education_019_0007,education_019,Ko còn gì để tả,rác,True,,
cmt_education007_0018_r01,education_007,"Nguyễn Minh Thắng ko xét về bằng cấp và so sánh tương đương thì hoàn toàn có thể nhé bác. Thậm chí ko bằng 1 bạn học định hướng ck nếu mà ngưởi học ko tập trung học, chỉ đi học đê chuẩn hóa bằng cấp.",trung lập,False,,
cmt_education_039_0027,education_039,sao 2k7 trắc trở mọi thứ vậy ta 🥲,rác,True,,
cmt_education_007_0273,education_007,"Mỗi nghề đều có chứng chỉ nghề riêng,  nghề kế toana có acca, cfa, nghề hàng hải có hoa tiêu có thuyền trường... vậy việc xếp quy đổi ngang qua học vị để thể hiện trình độ người đó thôi",trung lập,False,,
cmt_education011_0090_r01,education_011,"Thuan Vu Dinh là người những mà vô đạo đức, người khác con vật ở cái đầu",tiêu cực,False,,
cmt_education_037_0323_r02,education_037,Nguyễn Thành mấy môn phụ coi như bỏ đói luôn =)),trung lập,False,,
cmt_education018_0007_r02,education_018,Hai Nguyen quá chuẩn.,trung lập,False,,
cmt_education_037_0073,education_037,Nên bỏ xét học bạ,tích cực,False,,
cmt_education_011_0569,education_011,nện luôn trong phòng.chứ quá trớn gì😂,tiêu cực,False,,
cmt_education018_0003_r24,education_018,"Nguyễn Khánh Hồng ùn ở hn là quá nhiều xe ô tô cá nhân vào h cao điểm, sv nó đi học sớm lắm,",trung lập,False,,
cmt_education_011_0280,education_011,"Trao đổi với Tri Thức - Znews sáng 10/11, đại diện Sở GD&ĐT Ninh Bình xác nhận sự việc xảy ra tại một trường THPT trên địa bàn xã Hải Hậu. Hiện tại, đơn vị tiếp nhận thông tin và đang tiến hành kiểm tra, xác minh nói trên.

Trước đó, ngày 9/11, mạng xã hội xôn xao trước hàng loạt clip, hình ảnh về hành vi thiếu chuẩn mực được cho là của một vị lãnh đạo trường THPT ở Ninh Bình.

Theo hình ảnh ghi lại được, vị này thể hiện sự thân mật quá mức với nhiều phụ nữ khác nhau. Thời gian hiển thị trên camera cho thấy các vụ việc xảy ra vào cuối năm 2024, đầu năm 2025.

Sự việc này lập tức gây phẫn nộ bởi tính chất nhạy cảm của hành vi. Ngoài ra, địa điểm diễn ra sự việc là một cơ sở giáo dục, nơi cần đề cao sự nghiêm túc và đạo đức.

Theo ZNews",rác,True,,
cmt_education_005_0136,education_005,Cho ra khỏi nghành để có bài học cho những ai có ý sấu đó,tiêu cực,False,,
cmt_education_018_0144,education_018,Quỳnh TrangNgocanh Nguyen có khi nào trường mình cx phải bái bai nội đô k :)),trung lập,False,,
cmt_education_037_0342_r04,education_037,Trung Tran nói t nghe =))),rác,True,,
cmt_education020_0003_r11,education_020,Nhân Si  nói thế ngành giáo dục dạy không có chất lượng nên mới ra đề như thế để thách đố nhau,tiêu cực,False,,
cmt_education007_0043_r02,education_007,An Nhiên ý là nó sẽ còn có thể hơn nữa ý,trung lập,False,,
cmt_education018_0002_r10,education_018,"Nguyễn Cương các thầy cô di dời còn kèm theo công việc của vợ chồng cũng phải thay đổi, trường học cho con, bố mẹ già, nhà cửa v.v..",trung lập,False,,
cmt_education_015_0016,education_015,Nên loại bỏ hết mấy cái trường quốc tế,tiêu cực,False,,
cmt_education_018_0199,education_018,Nga Thúy :))) Hou còn k có diện tích,rác,True,,
cmt_education_005_0182,education_005,Không phải duy nhất đâu ạ 🤣 cứ đi sâu vào mà kt thì lại ối dồi ôi luôn.,tiêu cực,False,,
cmt_education_004_0021,education_004,Sức mạnh của mạng xã hội,tích cực,False,,
cmt_education_037_0002_r27,education_037,Nguyễn Diệu Linh vậy cứ quản không được thì mình cứ cấm cho an tâm :)))),trung lập,False,,
cmt_education017_0015_r02,education_017,Lieu Vu mạng cục bộ căm dây trừ khi thằng nào nhe răng ra cắn k thì k cần lo,trung lập,False,,
cmt_education_011_0274,education_011,"nói chung cái này là vi phạm đạo đức ngay trong khuôn viên nhà trường ! ô uế nói chung cho ngành GD , nên cần làm rõ hành vi",tiêu cực,False,,
cmt_education_007_0158,education_007,"Ở Mỹ chương trình học 
4+ 4+ residency (3-7) 

Nên khi tốt nghiệp nội trú là tương đương hậu tiến sĩ , tốt nghiệp MD tương đương tiến sĩ . Chỉ tương đương thôi nhưng mỗi bằng mỗi khác.

Mỹ không có tiến sĩ lâm sàng như Việt Nam như tiến sĩ nội thương, tiến sĩ sản, nhi , chỉ có tiến sĩ Y sinh và chỉ dạy khoa học cơ bản cho trường Y

Tốt nghiệp MD xong đi nội trú 4 năm thành bác sĩ sản , 3 năm bác sĩ nhi , 7 năm thành bác sĩ Tim, 6 năm thành bác sĩ tiêu hóa .
Tốt nghiệp nội trú bác sĩ có thể khám chữa bệnh, làm nghiên cứu, dạy đại học .
Bác sĩ học lâu hơn từ 11-16 năm
Tiến sĩ y sinh chỉ học 8 năm.

Tương đương là 2 bên đều có thể dạy đái học, nghiên cứu 
Khác là bác sĩ có thể khám chữa bệnh 
Lương thì bác sĩ cao hơn tiến sĩ từ 2-6 lần 

Việt Nam cũng nên cho bác sĩ nội trú tương đương với tiến sĩ về ngạch trật thôi, còn mỗi bằng mỗi khác.",ý kiến riêng,False,,
cmt_education_017_0554,education_017,có thể là sẽ có thí sinh ngất luôn tại chỗ sau khi biết điểm:),tiêu cực,False,,
cmt_education013_0009_r02,education_013,lừa đảo chung thân là nặng nhất thôi bạn,trung lập,False,,
cmt_education011_0002_r07,education_011,Hoàng Mỹ Thuận Fb ông này đây mn.vẫn còn già mồm mà @ 😡😡Nguyễn Tuấn,tiêu cực,False,,
cmt_education018_0009_r01,education_018,Vũ Phương Huệ ôi ngõ chùa hưng kí thân yêu =))),trung lập,False,,
cmt_education_040_0100,education_040,Thúy Nga may mắn vì học dự bị sớm hơn à Nga 😂,rác,True,,
cmt_education_007_0351,education_007,"về mặt học thuật thì khi đưa ý lên mặt “báo” nên chuẩn từ ngữ để người đọc dễ hiểu, bài viết của PhD mà sai chính tả thì ….",tiêu cực,False,,
cmt_education009_0027_r04,education_009,Chữ 2 bọn t đều xấu,rác,True,,
cmt_education018_0017_r11,education_018,"Hoàng Hoàng Bùi đâu cũng có cháy nổ thôi chú ạ , ch kể dưới kia chắc gì an ninh đã đảm bảo bằng , thanh niên lên phố để học hỏi chứ ai lại về quê đâu chú , các chú xưa cũng thế mà nhiều ng lên đây thành công. Trên này là thủ đô mọi thứ phục vụ cho cuộc sống nó tốt, ngoài học ra bọn c đi làm thêm( có những ng đi làm đúng ngành khi còn đg đi học), va vấp xhoi, tiếp cận những thứ tốt nhất như y tế giáo dục( bv tw, các chỗ dạy thêm ngôn ngữ) như chú thấy dưới hoà lạc khác gì nông thôn gì cũng bất tiện mà chắc gì đã an toàn",trung lập,False,,
cmt_education_017_0115,education_017,209 là chuột bạch của bộ ròi😌,tiêu cực,False,,
cmt_education015_0007_r17,education_015,Hồng Giang gọi là thực dân kiểu mới,rác,True,,
cmt_education_001_0024,education_001,Rất tốt.,tích cực,False,,
cmt_education_007_0237,education_007,"Học Nội trú là được trường tạo điều kiện cho học thạc sĩ cùng lúc luôn mà. Khi đỗ nội trú, nếu ngành đó có thạc sĩ, trường sẽ tạo điều kiện cho nội trú đi thi thạc sĩ vào năm sau. Nếu đỗ thì toàn bộ tín chỉ của Nội trú được tính cho Thạc sĩ luôn và Luận Văn Nội trú là Luận văn Thạc sĩ luôn. Thậm chí, có vài sư huynh không tốt nghiệp được Nội trú nhưng vẫn được bằng ThS và CCHN an ủi.",trung lập,False,,
cmt_education018_0010_r14,education_018,Trọng Minh mình nghĩ Bác Tô Lâm lần này sẽ làm dc bạn ak,trung lập,False,,
cmt_education011_0004_r01,education_011,Vuong Lv xem 5 vd k che bên Hóng Biến Dạo,tiêu cực,False,,
cmt_education_040_0120,education_040,Đúng môn này hay nên cho vào,tích cực,False,,
cmt_education011_0017_r03,education_011,Nguyễn Văn Cáp 🤣🤣🤣,rác,True,,
cmt_education015_0001_r19,education_015,"Duy Sport khó hiểu, giải thích cho dễ hiểu cái !? Ý bạn là trình độ cấp 2--3 chỉ như tiểu học trường láng công lập thôi à !?",ý kiến riêng,False,,
cmt_education_017_0433,education_017,Này có mà sốc ngất mẹ trong phòng thi luôn,tiêu cực,False,,
cmt_education_017_0625,education_017,Thi xong biết điểm là đi bụi luôn 😂,tích cực,False,,
cmt_education_009_0041,education_009,"Khoa, Thọ, hên hổng phải con em, chứ mà là con em thì con đ* này chết mẹ với em rồi, đm đọc mà cay dùm th nhỏ",tiêu cực,False,,
cmt_education007_0010_r09,education_007,"Hoàng Duy ckII 2 năm thôi bạn, Ts theo quy định tối thiểu 3 năm ( nhưng hiếm ai 3 năm), đa số 4-6 năm (mà 6 năm là nhiều, có trường hợp gia hạn 7 năm), trước đó phải tốt nghiệp ths, còn nếu từ đại học thì phải tốt nghiệp loại giỏi và học bổ sung các môn còn thiếu. Nên về thời gian thì CKII chỉ bằng 1/2 - 1/3 Ts thôi ạ.",trung lập,False,,
cmt_education_004_0148,education_004,"Xấu măt, nhục nhã lắm ....",tiêu cực,False,,
cmt_education_020_0128,education_020,Đề khó cũng kêu mà đề dễ cũng kêu. Năm nào cũng thấy kêu :D,trung lập,False,,
cmt_education_017_0413,education_017,Lại sắp có một lứa chuột bạch nữa rồi,tiêu cực,False,,
cmt_education015_0003_r08,education_015,Thanh Nguyễn Quốc cuự nguyên thủ nào từng học ở fulbright?? Cái trường mới tinh do obama khát máu thành lập đã có mấy móng trẻ ranh đòi làm nguyên thủ?? Vào đấy học auto cả họ nhà đứa đấy bị công an cho vào danh sách theo dõi đối tượng đặc biệt và chống phá nhà nước nhé,tiêu cực,False,,
cmt_education_007_0049,education_007,Tốt nhất là đủ 6 năm ra làm bs luôn khỏi ck này nọ 😂😂😂,tiêu cực,False,,
cmt_education013_0006_r25,education_013,Bùi Tuấn Lực nhưng ít nhất bán rẻ vẫn còn tiền chứ nhỉ. Lại kêu ko còn khá năng thanh toán nghe sai sai bạn ah,ý kiến riêng,False,,
cmt_education_037_0080,education_037,"Bỏ xét học bạ, đồng nghĩa với giảm tiêu cực ( không còn cớ ép hs của chính GV phải đi học thêm), BĐ diện trường, lớp, Hội phụ huynh… cũng tự khai tử.",tích cực,False,,
cmt_education_017_0358,education_017,nói thế thì chịu r =)))))))))),rác,True,,
cmt_education_011_0611,education_011,Mấy con mẹ cũng thuộc loại nl,tiêu cực,False,,
cmt_education017_0005_r18,education_017,"Ngoc Cao số trẻ ở VN tự giác, đam mê học quá ít.",tiêu cực,False,,
cmt_education011_0085_r02,education_011,"thảo nào ngoài miền bắc hay xảy ra tình trạng các học sinh bạo lực học đường, do đạo đức con người cả thôi",tiêu cực,False,,
cmt_education020_0004_r16,education_020,"Chung Vũ có mấy ai mà k đủ điểm mà phải chạy, thi đại học mới phải làm cho khó tề",trung lập,False,,
cmt_education_037_0151,education_037,Bỏ luôn ĐGNL+ HB là công bằng nhất,tích cực,False,,
cmt_education011_0004_r51,education_011,"Hà Nguyễn chồng mình người Hải Hậu, nói vậy oan cho Hải Hậu quá ạ. Huhu",trung lập,False,,
cmt_education_040_0122_r01,education_040,Trần Yến hêhhehehe,rác,True,,
cmt_education_001_0035,education_001,"Cuộc thi này lùm xùm kiện cáo, tai tiếng nhiều năm rồi nhưng nơi đứng ra tổ chức là Bộ GDĐT không chịu trách nhiệm gì.",tiêu cực,False,,
cmt_education_011_0338,education_011,Thầy đéo gì mà ai thầy cũng húp thế kia dâm vãi,tiêu cực,False,,
cmt_education_018_0221,education_018,Trường K ăn chắc mặc bền có bn đất xây hết,trung lập,False,,
cmt_education_017_0022,education_017,"Các con giờ muốn giỏi phải học trên máy tính, giờ muốn cấm cản cũng ko dc, mắt đứa nào giờ cũng mang kính> rầu hết sức đi 😪",tiêu cực,False,,
cmt_education_007_0027,education_007,Không tương đương vì ck1 cao hơn thạc sỹ và ck2 cao hơn tiến sỹ vậy thui ko nói nhiều,tiêu cực,False,,
cmt_education020_0058_r01,education_020,Trần Đại Quang học thật thi thật nhưng nói dóc làm giả là thật nhé bạn,ý kiến riêng,False,,
cmt_education_018_0115,education_018,"Quá đúng, phải làm triệt để không như những lần trước",trung lập,False,,
cmt_education020_0006_r25,education_020,Nga Phuong kiểu như là dạy bơi nhưng khi thi sát hạch thì lại ra đề leo núi mà họ vẫn ở đó nói hay được thật là không hiểu họ đánh lạc hướng dư luận hay họ không có năng lực hiểu biết ấy bạn nhỉ.,tiêu cực,False,,
cmt_education005_0002_r02,education_005,"Hoa Bằng Lăng cái kiểu không đi học thêm thì không cho con người ta được giỏi hay sao á trời. Ở cấp 1, Cái đứa nó chăm ngoan học hành, kèm theo sự kèm cặp của bố mẹ nữa thì  đâu nhất thiết phải cần cho con đi học thêm, trong khi PH không có đk lấy j cho đi🤣🤣🤣",trung lập,False,,
cmt_education_040_0116,education_040,Thời đại công nghệ mới,trung lập,False,,
cmt_education015_0014_r01,education_015,Nguyễn Quảng Nam đúng,tiêu cực,False,,
cmt_education_037_0080_r01,education_037,"Cụ thể: Thanh hoá lòi ra nhiều tiêu cực, gian dối,… chính trong môi trường giáo dục thì tìm đâu ra được NHÂN TÀI giỏi thực thụ cho đất nước vn",tiêu cực,False,,
cmt_education017_0010_r04,education_017,"Lpczo OnlyFlans +1 mắt kính 
- 1 triệu và 5 triệu đồng",rác,True,,
cmt_education011_0001_r16,education_011,"Theanh28 Entertainment 🔥cănq nha.... mớii xemm fuII vj₫eo bên ➡️ Hóng Tin Đường Phố 

😡",rác,True,,
cmt_education020_0014_r07,education_020,Đỗ Thùy Dương Đúng rồi bạn. Giờ mọi tội lỗi đều đổ lên đầu GV cả.,tiêu cực,False,,
cmt_education_016_0014,education_016,Mong bộ tăng thêm số nguyện vọng cho thí sinh và không hạn chế nguyện vọng sư phạm,ý kiến riêng,False,,
cmt_education_009_0089,education_009,"Phụ huynh tát lại cô giáo đi, mình đứng ngoài giám sát 👍",tiêu cực,False,,
cmt_education_038_0002,education_038,"Thầy khoa học tự nhiên của em hè năm ngoái đi học thêm tiếng anh hay sao á, vô lớp thầy vừa giản vừa phổ cập tiếng anh cho lớp về mấy phản ứng 😃😃😃",trung lập,False,,
cmt_education011_0003_r03,education_011,Trần Nam Dũng bạn cho mình xem mấy hình ảnh CON CHÓ phí dưới của bộ sưu tập nhé chứ clip mình có rồi ah!,rác,True,,
cmt_education_038_0070,education_038,Nhất trí toàn diện.,tích cực,False,,
cmt_education017_0129_r02,education_017,Lê Thị Hương Trang 🤣🤣,rác,True,,
cmt_education_037_0002_r47,education_037,"Thế mình công khai xếp hạng trường trong địa bàn dựa theo nhiều tiêu chí như kiểm tra tập trung, thi học kì, số lượng hsg các cấp, tỉ lệ tốt nghiệp + đậu đại học luôn nhưng k bỏ cái xếp học bạ. Xét mấy cái đó thì chạy lên quận :))) mà quận còn đâu mà chạy :))) Còn sợ ktr tập trung vs thi hk thầy cô thông đồng vs nhau thì sở cho đề luôn đi, ngồi phòng máy lạnh ở k chắc cũng chán lắm, thống kê số liệu có ban thống kê lo rồi, tổ chuyên môn cũng nên động não nhiều hơn :)))",ý kiến riêng,False,,
cmt_education_002_0040,education_002,bài viết hay,tích cực,False,,
cmt_education_017_0155,education_017,Ng Nhu Thao thiệt hả trời 😞,rác,True,,
cmt_education_009_0166,education_009,"Cô giáo đã áp dụng hình phạt man rợ này 9 lần trót lọt trước đó và ở trường cũ cô cũng có lý lịch mạnh tay với học trò.
Vậy còn chờ gì nữa mà không cho cô chuyển ngành",tiêu cực,False,,
cmt_education_009_0006,education_009,"Dễ tính thôi mỗi gia đình hs tát lại cô 100 cái 1 mẹ 100 ,1 ba 100 , em anh cô gì chú bác mỗi người 100 coi cô chịu nổi ko 😂 người gì ác ôn",tiêu cực,False,,
cmt_education017_0004_r02,education_017,Trần Cường tưởng ấn nhầm tắt máy chưa lưu =))),tích cực,False,,
cmt_education013_0010_r01,education_013,"Ún k cần hiểu, nó bán khống, tức là giả vờ có từng đó cổ phần bán cho từng đó nhà đầu tư( họ tin cổ phần thật) chiếm đoạt 7.6 mghìn tỉ",tiêu cực,False,,
cmt_education_004_0054,education_004,"Hoan hô chiến sĩ công an
Đem ra ánh sáng ""tham quan thời bình""
Đồng tiền che mắt chúng sinh
Giàu nghèo không giữ nổi mình là đây 😌",tích cực,False,,
cmt_education007_0001_r06,education_007,Chuyện Nghề Y thực ra về chế độ tiền lương CK1;2 cũng có thêm được đồng nào đâu mà để có CK1;2; nội trú tốn quá nhiều công sức và tiền bạc của gia đình.,trung lập,False,,
cmt_education_005_0154,education_005,Cấm dạy thêm là hết hiện tường này,ý kiến riêng,False,,
cmt_education_005_0231,education_005,Nghề giáo và nghề y là nghề gieo duyên..học sinh như tờ giấy trắng..cô sao nỡ ác vậy trời..,tiêu cực,False,,
cmt_education007_0004_r07,education_007,Hoàng Phạm Đắc nhưng chính sách lương thưởng đãi ngộ thì thì bsnt chẳng bằng đc,trung lập,False,,
cmt_education017_0042_r09,education_017,"Hoang Truc Nguyen người ta sử dụng mạng nội bộ chứ có phải mạng online đâu mà sập trời, tìm hiểu thêm đi hé",tích cực,False,,
cmt_education_020_0044,education_020,mang đề ra QH cho các bác giải thử,ý kiến riêng,False,,
cmt_education020_0034_r01,education_020,Mít Hướng Nội ❤️❤️,tiêu cực,False,,
cmt_education_007_0327,education_007,Cos các trường.. đào tạo .. chú sỹ…,trung lập,False,,
cmt_education_007_0103,education_007,Bsnt giờ nhiều trường học xong cx chỉ có bsnt chứ ko có ths. Buồn,tiêu cực,False,,
cmt_education007_0011_r01,education_007,Nguyễn Quang Anh ko học SĐH thì không đủ kiến thức để làm việc,trung lập,False,,
cmt_education011_0003_r12,education_011,"Phuong Pham 4,5 cô gì đấy. Sáng coi clip mỗi clip là 1 cô",trung lập,False,,
cmt_education_037_0005_r02,education_037,Còn mình vừa rồi quá khổ cho 2k7,tiêu cực,False,,
cmt_education004_0004_r03,education_004,Nguyễn Châu định đớp nhưng không trôi đc,rác,True,,
cmt_education_038_0128,education_038,Học ngoài 100k/60p.khủng khiếp.,tiêu cực,False,,
cmt_education018_0061_r04,education_018,no money no ve que ms đc rót gần 2k tỏi xong xây tòa 11 tầng sắp tới là ktx thì 99% là k bị chuyển đi rồi chả ai vung tiền khi chưa chắc chắn,trung lập,False,,
cmt_education007_0004_r16,education_007,"Lê Đức Khiêm thì có sao nói vậy, ko đc ah? Vô Group tiểu đường hỏi bn đi . Họ khóc đầy ra kìa. Khám TS cũng vậy",tiêu cực,False,,
cmt_education_037_0300,education_037,"Tha thiết mong Bộ Giáo Dục bỏ xét học bạ đi ạ, hb giờ có tiền là mua đc, đừng để giao dục xuống cấp nữa",tích cực,False,,
cmt_education005_0002_r01,education_005,Bích Thủy trường nào cũng có hết đó bạn .nếu cô dạy giỏi thì cô k cần giở trò vậy đâu.,trung lập,False,,
cmt_education011_0020_r07,education_011,Hồng Diệu nếu là trường tư có chủ tịch  HĐQT,trung lập,False,,
cmt_education007_0003_r20,education_007,Le Thu Thuy chắc học Cao đẳng về hình ảnh ở mấy trường vô danh như kiểu Quân đội hay đại học có khoa Y địa phương… nguồn lực phục vụ địa phương. Có khi là Kỹ thuật viên hình ảnh thôi…,tiêu cực,False,,
cmt_education_017_0116,education_017,Văn gõ 2 ngón chắc hết h mới viết xong phần đọc hiểu,tiêu cực,False,,
cmt_education015_0011_r02,education_015,Bên đó thiên về chính trị r,trung lập,False,,
cmt_education020_0008_r06,education_020,"Võ Nguyễn Thành Tiền sỹ giấy chưa chắc đã làm được đau ,?",trung lập,False,,
cmt_education013_0005_r01,education_013,Hoàng Mỹ Hươngg giống tôi. Pải đọc đi lại 3 lần. Hóa ra là hơn 7 nghìn tỏi,trung lập,False,,
cmt_education007_0055_r01,education_007,Pham Mai Phuong bạn nói chuẩn lắm,tích cực,False,,
cmt_education_020_0321,education_020,"Nghe cháu nó bảo môn Toán có 2 câu khó,môn Anh  thì khó thật,học thật, thi thật, 2018= 2025",trung lập,False,,
cmt_education_007_0151,education_007,"Ngoài ra, về điều kiện công nhận đại học, Bộ Y Tế cho rằng các tiêu chí quy định về quy mô đào tạo, số lượng trường trực thuộc, số lượng ngành đào tạo tiến sĩ là chưa phù hợp và khó khả thi đối với các cơ sở giáo dục đại học trong lĩnh vực sức khỏe.

Cụ thể, theo Bộ Y tế, các chỉ tiêu như quy mô đào tạo chính quy từ 25.000 người trở lên, có ít nhất 5 trường thuộc và 25 ngành đào tạo tiến sĩ không phù hợp với mô hình đào tạo y khoa vốn đòi hỏi chất lượng chuyên sâu, quy mô nhỏ và thực hành bệnh viện khắt khe.

Bên cạnh đó, quy định hiện tại không phù hợp với chủ trương của Đảng và Chính phủ (Nghị quyết 72) về việc xây dựng các cơ sở giáo dục đại học trọng điểm trong lĩnh vực sức khỏe.

Do đó, Bộ Y tế đề nghị xem xét, bổ sung quy định tiêu chí đặc thù cho các cơ sở giáo dục đại học trong lĩnh vực sức khỏe.",trung lập,False,,
cmt_education_009_0212,education_009,Lớp cũ của mình thì chắc cả đám kéo nhau xuống hiệu trưởng ấy chứ,trung lập,False,,
cmt_education015_0002_r02,education_015,"Viet Christina 200 quốc gia vùng lãnh thổ, bao nhiêu nước miễn học phí tới hết đại học vậy?",tích cực,False,,
cmt_education_009_0296,education_009,Phai trung phat co giao vo luong tam nay .,tiêu cực,False,,
cmt_education011_0006_r03,education_011,"Hoàng Văn Thành nói chung trường học, bệnh viện, công ty có mà nhan nhản",rác,True,,
cmt_education_017_0484,education_017,Trời ơi con tui cả 2 đứa đều làm chuột bạch cho chương trình mới của BGD. Đứa năm nay thi THPTQ đã lên bờ xuống ruộng rồi. Thêm đứa em thì 2027 nữa 😭,tiêu cực,False,,
cmt_education_018_0277,education_018,Nghe 20 năm nay rồi :)),trung lập,False,,
cmt_education002_0001_r01,education_002,"Thứ nhất, đối với phương thức xét tuyển bằng kết quả học tập cấp trung học phổ thông (học bạ): tổ hợp xét tuyển sử dụng điểm trung bình chung kết quả học tập của 06 học kì (lớp 10, lớp 11 và lớp 12) của tối thiểu 03 môn học, trong đó bắt buộc phải có môn Toán hoặc Ngữ văn, với trọng số tính điểm xét không thấp hơn 1/3 tổng điểm theo thang điểm 30. Nguồn tuyển của phương thức này là các thí sinh có tổng điểm 03 môn thi tốt nghiệp trung học phổ thông tương ứng với tổ hợp xét tuyển (hoặc điểm thi của môn Toán, Ngữ văn và một môn khác) đạt tối thiểu 16 điểm theo thang điểm 30. Quy định này không áp dụng đối với thí sinh được đặc cách hoặc được miễn thi tốt nghiệp trung học phổ thông.

Thứ hai, mỗi cơ sở đào tạo được sử dụng tối đa 05 phương thức tuyển sinh (bao gồm thi tuyển, xét tuyển hoặc kết hợp giữa thi tuyển với xét tuyển), không bao gồm phương thức xét tuyển thẳng.

Thứ ba, điểm cộng trong xét tuyển bao gồm: điểm thưởng đối với thí sinh đạt giải học sinh giỏi quốc gia, olympic quốc tế (nhưng không dùng để xét tuyển thẳng); điểm xét thưởng đối với thí sinh có thành tích hoặc có năng khiếu đặc biệt; điểm khuyến khích đối với thí sinh có chứng chỉ ngoại ngữ hoặc có chứng chỉ quốc tế (nếu có), tối đa là 3 điểm theo thang điểm 30. Điểm thành phần của từng loại điểm cộng (điểm xét thưởng, điểm khuyến khích) tối đa là 1,5 điểm theo thang điểm 30.

Thứ tư, tổ hợp xét tuyển sử dụng kết quả các môn thi tốt nghiệp trung học phổ thông để xét tuyển phải có ít nhất 03 môn phù hợp với đặc điểm và yêu cầu đầu vào của chương trình đào tạo, trong đó bắt buộc phải có môn Toán hoặc Ngữ văn, với trọng số tính điểm xét không thấp hơn 1/3 tổng điểm theo thang điểm 30.",trung lập,False,,
cmt_education_017_0398,education_017,Thế này bệnh viện quá tải học Sinh ngất xủi 😆,tiêu cực,False,,
cmt_education_017_0081,education_017,Điên hả,rác,True,,
cmt_education015_0009_r05,education_015,Phạm Quang Huy cá cảnh ạ bạn,rác,True,,
cmt_education_004_0140,education_004,Quen thói đời rồi,trung lập,False,,
cmt_education_019_0010,education_019,Trò hề giáo dục,tiêu cực,False,,
cmt_education020_0057_r01,education_020,Nguyễn Đoàn vì vậy mấy mươi năm có Phát triển bằng với nước người ta được đâu kkk.,tiêu cực,False,,
cmt_education_017_0265,education_017,lắm trò v=))🥀,rác,True,,
cmt_education020_0007_r06,education_020,"Hoa Hoang ôi điểm thi cũng cao mà, phân hoá tốt, sao mọi người kêu đề nhiều nhỉ",tích cực,False,,
cmt_education017_0048_r02,education_017,Tú Tú ngoại thành lmj đến lượt,tiêu cực,False,,
cmt_education015_0001_r13,education_015,"Mất nước từ những cơ sở như này 
Nếu ko tỉnh táo",tiêu cực,False,,
cmt_education020_0010_r11,education_020,Vũ Mạnh Thắng Chọn ngẫu nhiên các thầy cô ở bộ ngồi làm bài trong thời gian như đi thi để cùng cảm nhận với học sinh,trung lập,False,,
cmt_education007_0003_r08,education_007,Lương Tiểu Mai cái gì mà tiến sỹ lại có thâm niên lâm sàng?,tiêu cực,False,,
cmt_education_038_0015_r01,education_038,Hoàng Ngân ở đâu vậy b,rác,True,,
cmt_education_037_0184_r03,education_037,"Phạm Tạ Quốc Huy đi thi là đam mê, sở thích của m cũng chả có ai ép, all in vào nó rồi có thành tích tốt thì tự được tuyển thẳng có cần thi nữa đâu? Hay là chỉ học được 1 môn còn lại phế hết à🤡",tích cực,False,,
cmt_education_011_0447,education_011,"Tha hoá quá, chịu thầy 1 chịu mấy cô giáo 100",tiêu cực,False,,
cmt_education_017_0223,education_017,"Chào các bạn 2k8, 2k9 nha🍀, chúng ta thấy rằng với sự thay đổi rất nhiều từ Bộ Giáo Dục từ các kỳ thi tuyển sinh đầu cấp và cuối cấp ; đặc biệt là kì thi THPTQG 2026 - đó là sự thí điểm bằng hình thức thi trên máy tính, thi xong các em sẽ biết được kết quả của mình luôn , không phải đợi chờ như các kì thi trước đó ! Vậy nên để trang bị kiến thức sớm cho các em và hành trang kỹ năng về các phương pháp làm bài trong môn Ngữ Văn và một số môn trong tổ hợp xã hội xét tuyển Đại học , các em hãy nhanh chóng theo dõi Page để cập nhật các thông tin bổ ích nhé 🍀",trung lập,False,,
cmt_education_005_0194,education_005,Nên kỉ luật,tiêu cực,False,,
cmt_education_020_0205,education_020,"Anh em muốn có máy pocket hay đồ xịn để quay chụp ảnh trong kỳ hè này thì tham gia sự kiện của Gunny Origin nha các ông, quà có cả Pocket 3 thỏa sức đam mê quay chụp luôn nè kkkk. Tham khảo ở đây nha:
👉 https://gunny.zing.vn/he-funny-vui-het-y-2025",rác,True,,
cmt_education007_0023_r01,education_007,Việt Lê Kim Bây giờ là thế đấy E,tiêu cực,False,,
cmt_education011_0012_r01,education_011,Lương Thị Duyên uh,rác,True,,
cmt_education_037_0054,education_037,"Nguyễn Zen đến trường học . Rồi về nhà học , học đêm học ngày , mới có điểm học bạ như vậy , sao nói bỏ xét tuyển học bạ , nghe mà buồn cho các con vậy 😢",tiêu cực,False,,
cmt_education007_0012_r02,education_007,"Anh Nguyen 1 bên chuyên sâu hơn về học thuật, 1 bên thì thực chiến nhiều hơn",trung lập,False,,
cmt_education020_0006_r06,education_020,"Kiều Linh thời gian 50phut cho môn tiếng anh dài 4mặt giấy,chữ thì như con kiến,chỉ đọc xong đề đã hết thời gian còn đâu mà làm bài chưa kể đề thi ko có câu nào nằm trong kiến thức mà các con đc học và đc ôn.Ai có con thi khối D (toán,văn,anh) mới hiểu và thương các con như nào.",tiêu cực,False,,
cmt_education007_0001_r08,education_007,Trần Thanh chuẩn luôn.,trung lập,False,,
cmt_education017_0004_r18,education_017,Đặng Văn Việt nhưng mà chắc là sẽ bấm máy thay vì viết tay,trung lập,False,,
cmt_education_017_0174,education_017,Dm xin người =(((( bgd tính cho khoa cấp cứu quá tải à,rác,True,,
cmt_education_011_0176,education_011,Giáo Dục mà Giáo chưa thấy chứ Dục thấy rõ luôn rồi đó thầy.. nói đi cũng phải nói lại chứ..  mấy Nữ kia có vẻ cũng tự nguyện nì.. k thì thầy có thèm cũng chỉ giám ngong hé thôi..🤭🤭🤭,tiêu cực,False,,
cmt_education020_0007_r02,education_020,"Hoa Hoang bao nhiêu người có chuyên môn họ đã đánh giá là đề quá xa vời với chương trình học phổ thông thế mà các bố báo cáo cứ phớt lờ dư luận nói hay được, đúng là cũng chịu thật!",tiêu cực,False,,
cmt_education017_0017_r04,education_017,Gấu Bông học dốt hay lo xa,rác,True,,
cmt_education017_0002_r79,education_017,Thùy Vân phì cười ko sai tý nào Thuỳ Vân,tích cực,False,,
cmt_education007_0003_r11,education_007,"Lương Tiểu Mai nội trú người ta chọn lọc từ lúc bắt đầu đi học, rồi ăn ngủ sinh hoạt nhắm mắt mở mắt gần như trong viện mấy năm trời liên tục làm đầu sai đấy mợ ạ 😆 ở đấy mà chưa có kinh nghiệm...",tích cực,False,,
cmt_education018_0003_r12,education_018,Đỗ Dung tất nhiên là sẽ tốt hơn r b. giảm dân số dồn về nội thàh. còn chi phí lúc đầu thì giảm sau thì lại đâu vào đấy. bâyh tin tức côg khai rõ ràg vậy thì giá đất các vùg sẽ đẩy cao lên 1 lúc 1 cao,trung lập,False,,
cmt_education020_0014_r13,education_020,Nguyễn Huy Dũng chuẩn,rác,True,,
cmt_education011_0006_r03,education_011,Phong Lâm chục cô cơ mà hơn 16 cái lip vừa xem  bên Mây Lang Thang ,rác,True,,
cmt_education005_0006_r02,education_005,Yến Lâm HS có quyền chọn gv để học thêm mà. Hèn hạ quá!,tiêu cực,False,,
cmt_education_037_0308,education_037,"tức, quá thiệt thòi cho những ng đã thi",tiêu cực,False,,
cmt_education_005_0045,education_005,Mong cơ quan làm rõ động cơ. Tìm hiểu luôn gv này có dạy thêm không.,trung lập,False,,
cmt_education_004_0178,education_004,Đớp của học sinh tập duyệt vất vả thế là đớp quá bẩn.,tiêu cực,False,,
cmt_education_011_0174,education_011,"Một chữ cũng là thầy
Có chửa cũng là thầy",trung lập,False,,
cmt_education_018_0111,education_018,Nói chung di dời hết dh. Di đại học cùng chuyên ngành và các công ty cùng chuyên ngành về 1 khu ra trường làm luôn ở đấy là nội thành giảm tải ngay,trung lập,False,,
cmt_education_011_0506,education_011,Thật quá bố láo!!!!,tiêu cực,False,,
cmt_education_007_0265,education_007,"Đúng thế, TS về mặt học thuật hơn hẳn CKII!
Ths hơn CKI! 
Riêng BSNT thì hơn Ths và CKI!",tích cực,False,,
cmt_education_017_0315,education_017,Thi xong nhập quan tại chỗ ☺️,tiêu cực,False,,
cmt_education017_0008_r02,education_017,Sùng A Dg lên chưa,tiêu cực,False,,
cmt_education_007_0028,education_007,2 bộ mà không thống nhất được thì theo tôi nhập lại thành 1 bộ,ý kiến riêng,False,,
cmt_education_011_0565,education_011,"Thầy nước mặn còn gọi là thầy của bậc thầy ông cố nội,hơn thầy ông nội 🙃🙃",tiêu cực,False,,
cmt_education_040_0086,education_040,"sinh viên học 4 năm ra trường mà khoa kt chứ, mà sửa vb và excel còn k biết các tác vụ tab cơ bản kia, mặc dù học sinh đc kêu gọi đóng tiền thuê thầy cô giáo mua máy tính về cho phổ cập học từ c2 hâha",tiêu cực,False,,
cmt_education007_0004_r08,education_007,"Tien Huynh sao bạn ngu thế nhỉ? 1 ông thợ thầu chuyên nghiệp còn xây, tô giỏi hơn 1 ông chuyên giảng dạy về xây dựng.",tiêu cực,False,,
cmt_education_018_0279,education_018,Chuyển lên Hòa Bình phú thọ luôn,trung lập,False,,
cmt_education_037_0022,education_037,Chuẩn ạ vì học bạ dễ được làm đẹp nên bỏ ạ cứ thi tuyển đúng với khả năng của mỗi người học thật thi thật để chọn nhân tài ạ,tích cực,False,,
cmt_education007_0003_r04,education_007,"Nhật Tiến mà công nhận trong ngành họ cũng coi tiến sĩ hơn chuyên khoa 2 , bây giờ các phòng khám tư thuê nhân lực , một tiến sĩ trẻ vẫn nhận lương cao hơn bs ck2 cơ mà với lại khi quảng cáo họ vãn giơ ts ra để thu hút bn cơ với mình ck 2 mà giỏi tay nghề thì vẫn ok thế thôi",rác,True,,
cmt_education_040_0114_r02,education_040,Triet Athena đây là dự bị đh thui mà ông😅,rác,True,,
cmt_education_007_0152,education_007,"Tương đương sao được Ts người ta có thâm niên lâm sàng , với ngành y nội trú thì giỏi nhưng lâm sàng chưa có bao nhiêu nên nội trú là bệ phóng vững chắc cho các cháu đi tiếp có thể là con đường sẽ ngắn hơn thôi , mình nghĩ vậy",tiêu cực,False,,
cmt_education_007_0065,education_007,"BGD vs BYT ngang nhau, ko ai có quyền công nhận hay k ở đây cả, tất cả 2 bộ đều phải thực hiện theo Chính Phủ",trung lập,False,,
cmt_education005_0003_r02,education_005,Nguyễn Vĩnh phải tôi là tôi lên tận trường nói chuyện với cô.,tiêu cực,False,,
cmt_education_037_0002_r03,education_037,"Nguyễn Zen học giỏi đi thi gặp sự cố có nhưng rất ít. Còn tiêu cực học bạ đẹp rất rất rất nhiều. Hơn nữa yêu cầu cần đạt giữa các trường THPT khác nhau nên mức độ đề đánh giá rất khác nhau.
Còn bạn kêu không cần nổ lực học giỏi? Không học giỏi sao thi tốt? Học giỏi là phục vụ cho nhu cầu học tập của bản thân và cả đời sống sau này nên cháu nào chưa thấy được tầm quan trọng của việc học thì bậc làm cha làm mẹ làm phụ huynh phải giúp con hiểu rõ và cố gắng chứ không phải không xét học bạ khuyên con không cần học giỏi.
Nói năng như người thiểu năng trí tuệ vậy!",rác,True,,
cmt_education_039_0040,education_039,"Giờ trường nhận sv rồi up dữ liệu báo cáo lại lên BGD đi, tội các con quá,nhập học đến nơi rồi",ý kiến riêng,False,,
cmt_education018_0051_r01,education_018,Minh Nguyệt dẹp luôn trường đi cho khỏe cung  đượccc🤦‍♀️,trung lập,False,,
cmt_education_040_0029,education_040,"Rất cần thiết, điều đó giúp ích cho học sinh rất nhiều trước khi bước vào giảng đường đại học.",tích cực,False,,
cmt_education_017_0440,education_017,Thi xong môn đầu điểm liệt bỏ luôn môn sau .,tiêu cực,False,,
cmt_education_007_0149,education_007,"Nếu không công nhận 6 năm của bác sĩ là thạc sĩ thì tức là 4 năm sư phạm ko phải đại học mà chỉ tương đương cao đẳng, nghiệp báo muôn đời muôn kiếp bọn giáo viên",tiêu cực,False,,
cmt_education_039_0041,education_039,Thằng này content bẩn mn né nhé,rác,True,,
cmt_education_018_0088,education_018,Chắc k hay lại để đó rồi chuyển thành cc,trung lập,False,,
cmt_education009_0035_r13,education_009,Vote mạnh,rác,True,,
cmt_education007_0001_r05,education_007,"Nguyễn Nam bác dám học tiến sĩ mà chưa từng làm bs không. 
chưa từng làm bs liệu có dám dạy y khoa không.",tích cực,False,,
cmt_education007_0050_r01,education_007,"Thuy Anh mai mốt cầm bằng ra nước ngoài thì không biết giải thích sao? Chắc bs nước ngoài cười đểu 😏 quá! 
Rồi sinh viên hỏi tiếng Anh giải thích sao về level ? :(",tiêu cực,False,,
cmt_education_010_0010,education_010,"Tất cả rồi sẽ đc bao che hết.
Nổi rồi sẽ trìm thầy rồi vẫn sẽ làm thầy mà quan rồi sẽ làm quan thôi",tiêu cực,False,,
cmt_education015_0014_r03,education_015,Tônn Quyền ý bro là ở đây chỉ cách phóng uế nên khai ấy hả 🤔🤔 🐧🐧🐧🤭🤭🤭,trung lập,False,,
cmt_education007_0003_r30,education_007,"Lương Tiểu Mai Chịu cái suy nghĩ của bác, bác mà làm Lãnh đạo chắc ae bên dưới vất vả. Về cơ bản tôi đánh giá bác kém về nhận thức !!",tiêu cực,False,,
cmt_education_018_0057,education_018,20 năm nữa tính tiếp,trung lập,False,,
cmt_education_018_0002,education_018,Xây trung tâm thương mại cũng là mục đích công cộng =))),tiêu cực,False,,
cmt_education007_0031_r02,education_007,Nguyễn Trí Thức ck2 ở miền nam tôi ko rõ chứ miền bắc ck2 khác gì ck1 có làm đề tài đâu,tiêu cực,False,,
cmt_education018_0014_r03,education_018,"Ý mình là thành phố nên quy hoạch phát triển đồng đều, hạ tầng có trước rồi mới lôi người đến ở được.",trung lập,False,,
cmt_education011_0008_r05,education_011,Hà Đào thì đem nó ra t.rảm,rác,True,,
cmt_education011_0001_r03,education_011,Triệu Nghĩa có thấy gì đâu😂,trung lập,False,,
cmt_education_011_0538,education_011,Bẩn thỉu quá,tiêu cực,False,,
cmt_education018_0007_r05,education_018,"Hai Nguyen Phát biểu này chắc chưa vào bệnh viện bao giờ nhỉ? Bệnh viện ở HN bây giờ vẫn quá tải, già hóa dân số, vào bệnh viện khám toàn các cụ xếp hàng chờ và ưu tiên, có cụ đến sáng đông quá chưa tới lượt đã bị kêu chiều quay lại, tốn kém thời gian tiền bạc. Nên di dời trường học để xây thêm bệnh viện hoặc mở rộng bệnh viện thêm nhiều khu cho bệnh nhân và người nhà bệnh nhân tạm trú thì hợp lí hơn đấy.",trung lập,False,,
cmt_education020_0004_r07,education_020,"TienTuyen Cao ph và HS áp lực hơn cả vào đh đấy  nhé ,TT mọc như nấm để  luyện thi cấp 3 ,tiền thu cao ngất ngưởng luôn ,lò luyện thi ĐH giờ không ăn thua lò luyện thi vào cấp 3 đâu ,nhìn HS đi luyện thi mà thâý mệt mỏi cho các cháu",trung lập,False,,
cmt_education_005_0158,education_005,Loại này cho về sớm nhé,tiêu cực,False,,
cmt_education020_0004_r16,education_020,Có gì nói đó thì mấy năm liền đề anh văn dễ hơn lý hoá A00 chết ngắc với D01 thì năm nay đổi ngược lại thôi chứ sao.,trung lập,False,,
cmt_education017_0001_r25,education_017,VTV7 Bảo Thy 😰,rác,True,,
cmt_education_005_0055,education_005,đây học kèm với ko học kèm chứ dì giáo chức,trung lập,False,,
cmt_education_040_0217_r01,education_040,Hườngg Hoàngg h muốn học mà k đc học bùn quá,tiêu cực,False,,
cmt_education_017_0366,education_017,Như này lại quay về trắc nghiệm có phải không ?,ý kiến riêng,False,,
cmt_education_018_0109,education_018,Hà Lê Nguyễn Thị Ngoc Anh Nguyễn Phương Changg Anhh trường U nguy cơ 🤡,trung lập,False,,
cmt_education017_0039_r01,education_017,"Châu Giang ko đâu, ra khỏi phòng thi, trên đường về trời nóng nhảy sông tắm mát...",rác,True,,
cmt_education007_0008_r03,education_007,Huy Phamngoc quá thông minh,rác,True,,
cmt_education007_0026_r04,education_007,"Diễm Lương sao c ko tìm hiểu nhỉ, cứ cmt lung tung vậy bà chị, muốn coi tỉ lệ chọi như thế nào thì kiếm danh sách thi danh sách đậu ngta mà coi dùm đi, phán lung ta lung tung, ng trong ngành đây hả?????",tiêu cực,False,,
cmt_education_017_0147,education_017,Shiro Cat tr mẹ tưởng dỡn,rác,True,,
cmt_education_017_0191,education_017,trước bkhn tổ chức thi tsa mà còn lỗi hệ thống thì ko biết gần triệu thí sinh hệ thống có chịu nổi ko,tiêu cực,False,,
cmt_education_011_0256,education_011,Cu Thảo máy cô ì ngồi ri thầy k đâm mì lạ ngao ngán,tiêu cực,False,,
cmt_education018_0060_r22,education_018,Người tham gia ẩn danh 935 chứ có lớn đâu :)))),trung lập,False,,
cmt_education_009_0126,education_009,"Cái tư duy ""cãi là k nên"" ăn sâu vào người Việt, giải thích phản biện lại ý kiến thì cũng bị chụp mũ là cãi giả chị ạ 😒",trung lập,False,,
cmt_education004_0001_r12,education_004,Giàng A Say to bằng chủ tịch nước với chủ tịch quốc hội vừa rồi ko,ý kiến riêng,False,,
cmt_education015_0006_r07,education_015,Minh Bình phải cho cái đứa ở trên nói ko cần môn lịch sử xem để nó sáng mắt ra!,tiêu cực,False,,
cmt_education_015_0067,education_015,Đang đợi ngày fulbright giải thể đây.,tiêu cực,False,,
cmt_education_005_0058,education_005,Khu hội an củ vẫn còn tình trạng này. Néo ht ko quan tâm,tiêu cực,False,,
cmt_education_039_0001_r07,education_039,Ngoc Thyy hỏi r thì họ có nói giống v k bà ơi,trung lập,False,,
cmt_education_009_0122,education_009,"Hôm qua em cũng nghĩ vậy chị ạ. Dạy con làm sao để sau này khi cô bắt con tát, con sẽ không tát. Và có chính kiến riêng của mình. Là điều em mong nhất",tích cực,False,,
cmt_education_007_0043,education_007,"Ví dụ : một người giỏi về phần mềm tin học , một người giỏi về cơ khí lắp ráp trong cùng làm việc  là chế tạo ra một chiếc ô tô .",trung lập,False,,
cmt_education020_0002_r03,education_020,Ruby Bảo Ngọc vậy ngoài đề toán anh khó ra thì các đề còn lại dễ hay khó. Phải nói quá dễ dễ quá mức so với lại kỳ thi xét tuyển đại học. Không lẽ môn nào cũng đòi 89 rồi ai làm cũng được 7 8 9,tiêu cực,False,,
cmt_education004_0001_r01,education_004,VTV Index. Hiệu trưởng long chỉ đạo giữ lại hơn hai trăm triệu đồng...,tích cực,False,,
cmt_education_007_0264,education_007,"Tiến sĩ giấy nhiều vô kể. Còn bác sĩ nội trú là tinh hoa của những tinh hoa, họ học , thực hành và làm việc bằng tất cả tâm sức , nhiệt huyết và trí tuệ . Nên không thể đánh đồng thạc sĩ , tiến sĩ với bác sĩ nội trú được!",tích cực,False,,
cmt_education020_0001_r03,education_020,Hocmai.vn THPT diem 8-9-10 rat nhieu,tiêu cực,False,,
cmt_education_017_0149,education_017,"Rồi các em nghèo ko có tiền mua máy tính sao luyện tập làm bài nhanh được, rồi 1 trường phải cb bao nhiêu máy tính, kinh tế thì đang bị trùng không tăng lương các ph cũng không tăng các hộ nghèo còn nhiều thì chi phí đâu mà bỏ ra đầu tư máy, chưa kể thi trên máy các em đọc đề sẽ chậm hơn là trên giấy dễ bị bỏ sót các ý quan trọng.",tiêu cực,False,,
cmt_education_011_0397,education_011,Cái này chắc mua bán thỏa thuận gì ko chứ? Sao một con cu già mà đá nhiều con mái thê? Đợt này một con cu toang và kèm theo nhiều gd nát,tiêu cực,False,,
cmt_education_015_0038,education_015,Không nên để nội dung Mỹ giáo dục Việt Nam!,tiêu cực,False,,
cmt_education011_0005_r06,education_011,Nhật Thành mấy cô quyến rủ thầy đó chứ thầy có biết gì đâu kkkkk,trung lập,False,,
cmt_education_016_0042,education_016,Yêu cầu tăng lên thên nguyên vọng cho các em 2k8 có thêm cơ hội ạ.,ý kiến riêng,False,,
cmt_education020_0001_r04,education_020,"Người tham gia ẩn danh 158 giỏi quó, ngưỡng mộ quó, tỏ ra mình hơn ai thế, bữa sau hãy cứ nói mình bị ngu để ng khác ko toxic nhoá",tiêu cực,False,,
cmt_education020_0001_r21,education_020,Người tham gia ẩn danh 158 không phải là thiếu tư duy mà là trình của cậu chưa đủ để hiểu ngôn ngữ loài ng thoi Xêêêê,tiêu cực,False,,
cmt_education007_0003_r03,education_007,Tốt nhất y tế để bộ y tế quản lý.Họ sẽ có ý kiến phù hợp đánh giá đúng...khỏi lãng phí nhân tài,trung lập,False,,
cmt_education_018_0276,education_018,"Hi vọng là đg sắt hay xe bus kết nội kịp hoàn thành/triển khai để các cháu sv còn đi làm thêm ở hn đc. Chứ ko hn lại thiếu nhân lực làm parttime theo giờ, thiếu ng chạy grab",trung lập,False,,
cmt_education_018_0247,education_018,Dự kiến gì nữa đề nghị làm luôn,trung lập,False,,
cmt_education007_0006_r04,education_007,Tuyền Hoàng có luật rồi đây thần đằng,trung lập,False,,
cmt_education_005_0048,education_005,Kết thúc 1 sự nghiệp,tiêu cực,False,,
cmt_education017_0010_r01,education_017,"Tâm Nhi giống như thi ielts trên máy tính th á bà, máy nó nhảy mỗi ng 1 mã k ai trùng ai, mô hình thi tốt nghiệp này y v",tích cực,False,,
cmt_education020_0002_r09,education_020,Trần Đông Anh  Đúng vậy,trung lập,False,,
cmt_education_037_0317,education_037,Ngon Hà My:)),rác,True,,
cmt_education_015_0034,education_015,Định đào tạo ra bọn phản động nhưng ko làm được việc bị cắt sữa nên giải tán,tiêu cực,False,,
cmt_education_017_0423,education_017,Mạng đơ máy  trục trặc  thì chắc tụi nhỏ chết trên ghế lun á trời,tiêu cực,False,,
cmt_education017_0002_r01,education_017,VTV7 shop ơi e 2k9,trung lập,False,,
cmt_education011_0002_r08,education_011,"Đỗ Ngọc Huyền ngang ngửa đoàn di băng:)) tiền ba mẹ k thiếu,,đi để trải nghiệm,,,văn này quen thuộc lắm",trung lập,False,,
cmt_education009_0048_r01,education_009,Phan Đăng Lưu  nói tục = tát. Thì t đáng bị băm ra trăm mảnh,tiêu cực,False,,
cmt_education_037_0165_r02,education_037,Khang Hân vì trường nằm trong hệ thống đh quốc gia mà kì thi lại do đh quốc gia tổ chức nên 70% cũng dễ hiểu.,tích cực,False,,
cmt_education_007_0204,education_007,":D bên dạy học và nghiên cứu , 1 bên thì thực hành và kinh nghiệm thấy khập khiễn vậy ?",ý kiến riêng,False,,
cmt_education_005_0202,education_005,Ko phải vấn đề của một cá nhân một truong mà của rất rất  nhiều 😴,trung lập,False,,
cmt_education_009_0204,education_009,Bài viết của bạn hay quá.mình cũng có con học tiểu học nhiều khi rất bức xúc về cách hành xử của cô giáo.,tích cực,False,,
cmt_education011_0006_r02,education_011,"Hoa Nguyen Thi 
1 số GV muốn được công việc nhẹ nhàng thì chạng háng cho Hiệu trưởng thôi ( đàn ông thì tiền,đàn bà thì vốn tự có ) KKK",trung lập,False,,
cmt_education020_0017_r01,education_020,Trần Nam -Dáo giục - Đục dân !!!@.,rác,True,,
cmt_education_040_0006,education_040,Thích thì bổ sung luôn chứ dự kiến làm chi,tích cực,False,,
cmt_education_037_0023,education_037,Thi tốt nghiệp 50% cộng học bạ 50% làm cơ sở đánh giá tốt nghiệp. Tuyển sinh đại học tổ chức kỳ thi riêng là công bằng nhất.,ý kiến riêng,False,,
cmt_education020_0011_r01,education_020,"Hà Thắm các truong có phuong thức xét học bạ, khu vuc, điem cộng . Chị vô nghành và truong đó coi sao",trung lập,False,,
cmt_education007_0002_r05,education_007,Trần Thắng công nhận qte xong xuất khẩu hết chứ ai thèm ở lại :v,tiêu cực,False,,
cmt_education_020_0189,education_020,"Bộ ngáo rục thiệt, đeo tới hàm GS, PGS, TS mà không biết đọc cái đề thi làm khốn khổ thế hệ 2k7.",tiêu cực,False,,
cmt_education020_0034_r02,education_020,"Quách Thanh Tùng t nói cả 50 câu đều khó hả? Có những câu HS nào cũng làm được để cho tốt nghiệp, có những câu phân hoá HS dốt với khá giỏi, có những câu phân hoá HS khá với giỏi, nhưng vấn đề là chúng phải phân hoá được. Chứ nếu nhiều câu mà cả HS dốt lẫn khá giỏi đều chịu chết phải lụi random thì đề thất bại trong mục đích phân hoá là đúng rồi còn gì?",trung lập,False,,
cmt_education017_0003_r13,education_017,Phú Phan k :)) ở Neu là có án tử luôn 🤡,rác,True,,
cmt_education_018_0188,education_018,HUBT về Bắc bling là ngon luôn=)),trung lập,False,,
cmt_education013_0009_r08,education_013,"Hồng Nhung từ từ shark khắc phục nha, có bài vở hêt rồi 🤣🤣",tiêu cực,False,,
cmt_education_017_0552,education_017,"vậy tốt, như thi tiếng Nhật chờ gần 2 tháng mới biết có đk thi lại không, nhanh chóng khẩn trương tiết kiệm thời gian, còn đầu óc thì tập trung cái nào ra cái đó không bị phân vân chờ đợi.",tích cực,False,,
cmt_education013_0006_r26,education_013,"Bích Ngọc Phạm tại lúc đấy thị trường bđs đi xuống r, bán rẻ thì chết luôn, chỉ có cố ôm rồi đáo nợ tiếp mới có cơ hội sống, giống như nhà nc mik đang cố cho vin bh vay ấy",trung lập,False,,
cmt_education_011_0542,education_011,Thế này thì day HS kiểu gì,tiêu cực,False,,
cmt_education_009_0124,education_009,Một nền giáo dục nhân bản phải bắt đầu từ giai đoạn phổ cập giáo dục. Thế nhưng ở Việt Nam giáo dục phổ cập hầu như chỉ có phảng phất đâu đó trong một số văn bản còn trong thực tế thì không còn có ý nghĩa đích thực của bậc học phổ cập này nữa.,tiêu cực,False,,
cmt_education_009_0252,education_009,"Dưới mái trường xhcn mà còn có loại gv như vậy thì xh ko thể chấp nhận được ,cần đuổi ra khỏi ngành gd ngay ,hiện nay GV ko có việc làm rât nhiều nhé",tiêu cực,False,,
cmt_education_037_0006_r03,education_037,Thanh Truc kiếm nãy giờ mới có người nói chính xác. Hồi còn chương trình cũ có chia ra sách nâng cao sách cơ bản nữa ai học sách nâng cao đề sẽ khó hơn cơ bản vậy thì điểm tổng kết môn của bạn học cơ bản cao hơn bạn học nâng cao vậy thì không đánh giá được năng lực. Còn giờ bạn nào học trường điểm thì đề thi kiểm tra khó hơn rõ rệt so với trường thường cũng sẽ dẫn tới điểm tổng kết không cao bằng nhưng chưa chắc đã dở hơn.,trung lập,False,,
cmt_education_011_0591,education_011,"Chú biết quá nhiều về vợ các ông chồng rồi, phải thủ tiêu",tiêu cực,False,,
cmt_education_017_0697,education_017,rồi lỗi mạng quá tải bị đẩy ra khi làm bài thế là trượt thôi,tiêu cực,False,,
cmt_education_037_0165_r03,education_037,"Trần Bảo điều đó ai cũng biết và hiểu , nhưng áp dụng cho tất cả các trường theo cách thang điểm đó thì vô lý quá !",tiêu cực,False,,
cmt_education_015_0058,education_015,Lua dao . Bat het.,tiêu cực,False,,
cmt_education_015_0101,education_015,Vừa lòng tao lắm 🤭🤭🤭,tích cực,False,,
cmt_education_017_0321,education_017,sướng nhất 2k9 r kk Thao Hienn,trung lập,False,,
cmt_education_017_0471,education_017,sốc chết kk,rác,True,,
cmt_education020_0007_r01,education_020,Hoa Hoang giá các con lười biếng đã đành. Đằng này thức khuya ôn luyện đến hốc hác mặt mày ròng rã hàng năm. Mà điểm vẫn thấp do đề khó quá,trung lập,False,,
cmt_education_038_0045,education_038,Học được tiếng anh phổ thông thì đỡ bị nhà trường gài ép các môn tiếng anh ở các trung tâm rồi thu tiền,tích cực,False,,
cmt_education018_0001_r01,education_018,"Tin giáo dục Hà Nội dạ!
   +) Giá trị của HN là có “Sinh viên”, Gtrị của SV là “MÔI TRƯỜNG” HN (để cộng hưởng chất lượng: tương sinh, tương tác) - Giá trị ở đây ko phải chỉ là “OAI”!
   +) CƠ HỌC hay BẢN CHẤT & HỆ LUỴ là gì? Đã tính đủ yếu tố “ưu + nhược = DƯƠNG hay ÂM”?!
   => Thay vì Di dời thì sắp xếp cho Gọn ghẽ & Khoa học hơn, chọn những ngành nghề dễ hoặc ko đặc thù để di dời, ko đào tạo tràn lan thừa thầy thiếu thợ & làm rẻ mạt bằng Cử nhân, ThS, TS. 
   Rồi tiếp nữa Tàu điện NGẦM,… & … đào hầm có khi ko tốn chi phí bằng đền bù GP mặt bằng,… &…
   … nữa.",tích cực,False,,
cmt_education_004_0010,education_004,Ơ kìa thầy còn chi trả đợt 2 mà 😄,trung lập,False,,
cmt_education005_0003_r05,education_005,Chung Trịnh thế nên hs trên giấy rất là nhiều.,trung lập,False,,
cmt_education007_0026_r02,education_007,"Hanh Phuc bạn nói chuẩn đấy,vì BSNT và Ths họ đều dự
thì đầu vào giống nhau,BSNT họ vừa NC vừa thực hành trong BV x 3năm,còn ThsBs thì sau khi tốt nghiệp BS họ phải làm thực hành trong BV ít nhất là 3-5năm mới được dự thi ThsBs...rồi họ phải làm NC trên thực tế lâm sãng 2-3 năm(thời gian tuỳ thuộc vào mục đích và để tài NC của họ),nên xét cho cùng hai đối tượng này tương đương nhau.",trung lập,False,,
cmt_education007_0001_r08,education_007,"Chuyện Nghề Y ngành nào cũng quan trọng nhưng có ngành rất quan trọng, đặc biệt quan trọng,  học 2 năm trình độ cao hơn....",trung lập,False,,
cmt_education015_0002_r01,education_015,Minh Do chứ còn j nữa. K giỏi tiếng chỉ làm công nhân thôi,tiêu cực,False,,
cmt_education_038_0005,education_038,Nghĩ thôi cũng thấy đẹp rồi! Tương lai con e chúng ta sẽ nói TA như tiếng Việt!,tích cực,False,,
cmt_education_040_0028,education_040,Ngộ ta. Thấy mọi người ko ai mong muốn phổ biến tin học vi tính hết nhỉ. Thôi thì thời đại 4.0 rồi. Ai muốn mù tin học thì cứ mù tin học tiếp đi. Còn ai muốn phát triển thì học thôi. Dân trí như thế bảo sao đất nước phát triển. 😆😆😆,ý kiến riêng,False,,
cmt_education_039_0096_r01,education_039,Ng My +1 ☺️,rác,True,,
cmt_education020_0012_r07,education_020,"Trần ThànhDanh đã thi HK2 rồi, thì lấy kết quả đó luôn. Tổ chức thi thêm chi cho tốn đủ thứ, còn gây áp lực cho bọn nhỏ....",tiêu cực,False,,
cmt_education_039_0001_r09,education_039,Sao vô đc web trường hả để tra cứu đỗ !,trung lập,False,,
cmt_education_004_0110,education_004,"💢 Cơ quan An ninh điều tra CATP Hà Nội đã ra quyết định khởi tố vụ án, khởi tố 03 bị can về hành vi Lợi dụng chức vụ, quyền hạn trong khi thi hành công vụ, xảy ra tại Trường Cao đẳng Du lịch Hà Nội liên quan đến sai phạm trong việc chi trả tiền cho sinh viên.

---
Qua công tác nắm tình hình, Phòng An ninh chính trị nội bộ CATP Hà Nội phát hiện thông tin đăng tải trên mạng xã hội liên quan đến Trường Cao đẳng Du lịch Hà Nội đã chi trả tiền cho sinh viên tham gia phục vụ Lễ kỷ niệm, Diễu binh, Diễu hành 80 năm Cách mạng tháng Tám thành công và Quốc khánh nước Cộng hòa xã hội chủ nghĩa Việt Nam (gọi tắt là A80) có dấu hiệu vi phạm, thiếu minh bạch. Phòng An ninh chính trị nội bộ đã phối hợp với Phòng An ninh điều tra CATP Hà Nội tiến hành xác minh, làm rõ vụ việc. 

Theo đó, vào tháng 11 năm 2025, Bộ Văn hóa - Thể thao và Du lịch duyệt chi tiền cho 984 sinh viên Trường Cao đẳng Du lịch Hà Nội tham gia A80 với tổng số tiền là 1.928.640.000 đồng. Sau khi Nhà trường nhận được Quyết định, Nguyễn Tuấn Ngọc, Trưởng phòng Công tác học sinh sinh viên và đảm bảo chất lượng giáo dục đã chỉ đạo Nguyễn Văn Sáng, chuyên viên Phòng Công tác học sinh sinh viên và đảm bảo chất lượng giáo dục thực hiện hoàn thiện chứng từ để quyết toán. Tại chứng từ, Sáng đã để trống mục số tiền được nhận (không thể hiện số tiền được nhận). Sau khi sinh viên đã ký nhận, Sáng tự hoàn thiện ghi thêm số tiền theo mức chi cho các buổi tập. Bảng kê này Sáng nộp cho bộ phận kế toán tài chính của Nhà trường để quyết toán tổng số tiền 1.928.640.000 đồng (tương ứng mỗi sinh viên được nhận số tiền 1.960.000 đồng). 

Trước khi chi trả tiền bồi dưỡng cho sinh viên, Sáng báo cáo Ngọc dự kiến chi 924.960.000 đồng cho 984 sinh viên (tương ứng 940.000 đồng/người), 801.089.800 đồng là tiền mua đồ ăn cho sinh viên trong các ngày tập luyện và còn dư lại 202.590.200 đồng. Ngọc báo cáo với Phạm Văn Long, Hiệu trưởng trường Cao đẳng Du lịch Hà Nội về phương án chi tiền trên và được Long đồng ý. Long chỉ đạo giữ lại 202.590.200 đồng để chi cho cán bộ nhà trường sau.

Căn cứ kết quả điều tra và tài liệu, chứng cứ thu thập, cơ quan Công an xác định Phạm Văn Long, Nguyễn Tuấn Ngọc và Nguyễn Văn Sáng đã bàn bạc, thống nhất về việc lợi dụng chức vụ, quyền hạn của bản thân trong quá trình được giao thực hiện việc chi trả tiền bồi dưỡng cho sinh viên tham gia sự kiện A80 tại Trường Cao đẳng Du lịch Hà Nội gây thiệt hại cho nhiều sinh viên, gây bức xúc trong dư luận xã hội, ảnh hưởng xấu đến hình ảnh, uy tín của cơ sở giáo dục, làm sai lệch chủ trương đúng đắn của Đảng, Nhà nước trong chi trả kinh phí bồi dưỡng cho các cá nhân tham gia sự kiện A80. Ngày 10/12/2025, Cơ quan An ninh điều tra CATP Hà Nội đã ra quyết định khởi tố vụ án, khởi tố bị can đối với 03 đối tượng trên về hành vi Lợi dụng chức vụ, quyền hạn trong khi thi hành công vụ.

Hiện Công an Thành phố đang củng cố hồ sơ, xử lý nghiêm các đối tượng theo quy định",tiêu cực,False,,
cmt_education_009_0160,education_009,Mẫn Mẫn m có nhớ hồi đó t bị tát mà cái nhẫn quất vô con mắt t trầy nguyên đường bên trong con ngươi ko,tiêu cực,False,,
cmt_education017_0002_r08,education_017,Anh Tuấn Triệu kiểu tiêm mũi 1 xong chích luôn mũi 2,trung lập,False,,
cmt_education018_0060_r21,education_018,em trai lại cay r,trung lập,False,,
cmt_education015_0012_r04,education_015,Thìn Nguyễn nga nó ko muốn dân bán nc như mỹ ok,tiêu cực,False,,
cmt_education007_0004_r03,education_007,"Vinh Nguyen ủa đâu thế bro, cho xin cái cv với ( hỏi thật)",tiêu cực,False,,
cmt_education_005_0079,education_005,Giáo viên ngày nay lưu manh hóa quá,tiêu cực,False,,
cmt_education017_0050_r01,education_017,Quynh Anh thi xong là đột tử tại chỗ,rác,True,,
cmt_education011_0006_r21,education_011,Phong Lâm trg ông làm ra thì là CT. Ông thuê ng về làm hiệu trưởng. Chưa gặp bao giờ à,trung lập,False,,
cmt_education_040_0003_r04,education_040,"Lorr Gary ối zồi ôi, cm này chuẩn, chả nhẽ cứ con học là mẹ ngồi cùng.",trung lập,False,,
cmt_education_009_0136,education_009,"Nếu chỉ biết vâng lời mà không biết phải trái thì chỉ là robot.
Tuần vừa rồi con mình bị cô phật 4 quyển vở vì ra khỏi chỗ vô tôi chức. Minh hỏi tại sao? Con nói con xin phép đi vs, cô không cho, nhưng con không thể không đi.
Ps. Sự dạy dỗ của bố có hiệu quả tốt, con không tè dầm vì ngoan 😁",trung lập,False,,
cmt_education009_0038_r06,education_009,Hải Đăng khá hay,rác,True,,
cmt_education_017_0505,education_017,Ủng hộ,tích cực,False,,
cmt_education_020_0158,education_020,"Tiếc rằng tôi không có đứa nào sang nâm thì nếu có tôi sẽ theo mấy ông đủ kiều kiện
Sẽ tìm nơi nào dạy toán nâng cao để đối chọi mấy ông ra đề thi 
Vì ở trường mấy ông cấm dạy thêm học thêm  nên chương trình mấy ông ra chủ yếu bên toán nâng cao
Ngoài luồng trường dạy",ý kiến riêng,False,,
cmt_education017_0006_r05,education_017,Lý Thảo không thí điểm trực tiếp như vậy làm sao kiểm chứng hiệu quả? Như thí nghiệm đó? Thí nghiệm trên động vật nhưng kết quả đó không phải là kết quả họ có thể lấy làm kết quả cuối chứng thực cho hiệu quả của thuốc mà phải thí nghiệm trên cả cơ thể con người và kết quả đó mới là kết quả có độ chứng thực cao hơn 😀,tích cực,False,,
cmt_education_020_0155,education_020,"năm nào cũng đổi mới với cải cách , ko chỉ hs mà cả giáo viên cũng chạy ko kịp",tiêu cực,False,,
cmt_education_018_0130,education_018,Ở chỉ chật chội tắc đường vật giá leo thang,trung lập,False,,
cmt_education016_0044_r01,education_016,"Mai Ngoan đúng rồi 15-20 là hợp lý, chứ 10 thì tội cho các hs quá.",ý kiến riêng,False,,
cmt_education005_0034_r01,education_005,"Mai Trần Việt Hiệu trưởng biết hết. 
Đố con ruồi bay qua nổi mắt Hiệu trưởng đấy!",tiêu cực,False,,
cmt_education_037_0144,education_037,năm sau đi bộ ơi 😭 năm nay e xét học bạ,tiêu cực,False,,
cmt_education_007_0239,education_007,"Thạc sỹ, tiến là nghiên cứu chuyên sâu khoa học. Được công nhận thông qua các công trình nghiên cứu khoa học cụ thể. Còn chuyên khoa I,II là chuyên sâu về thực hành kỹ năng, kỹ thuật... do đó, tôi đồng tình quan điểm 2 hệ này là 2 hệ khác nhau. Nhưng đều tạo ra những con người có giỏi cho xã hội và cần có chế độ đặc biệt cho họ là cần thiết.",trung lập,False,,
cmt_education017_0042_r11,education_017,Bùi Nguyễn Vĩnh Trinh thế nếu hệ thống thi sẽ như hsa thì sao bác🤣 toeic thấy người ta làm chỉnh chu với bài bản vl,tích cực,False,,
cmt_education_004_0048,education_004,Tan luôn cả sự nghiệp,tiêu cực,False,,
cmt_education_005_0197,education_005,"Ai có phong bì thì nó cho điểm cao ,gv tham lam",tiêu cực,False,,
cmt_education_007_0349,education_007,Cám ơn tác giả.,tích cực,False,,
cmt_education_017_0324,education_017,Sáng kiến hay tối kiến!,ý kiến riêng,False,,
cmt_education_040_0205,education_040,Đồng ys,tích cực,False,,
cmt_education_009_0113,education_009,"E nghĩ việc tập cho con đưa ra quyết định, có lập trường nên được giáo dục từ nhỏ xíu luôn.Trước hết người lớn mình nên quen với việc đơn giản như con k ăn thì là k ăn, nào thích , đói con sẽ ăn... đaij loại vậy.
Người lớn vẫn hay giữ cái quan điểm trẻ k làm theo ý mình thì mặc định là không ngoan.
Đi học cô giáo mà méc không ngoan vè về ba mẹ cũng ít nhiều k vui, cũng ít nhiều dạy dỗ.
kiểu như 1 chút le lói phản ứng lại là bị bóp từ trong trứng nước.",trung lập,False,,
cmt_education017_0010_r10,education_017,"Tâm Nhi thì thí điểm ở 1 số trưởng ở địa phương có csvc đáp ứng dc trước khi triển khai rộng rãi đó bạn, chỉ mới thử th, có lẽ sẽ còn điều chỉnh",trung lập,False,,
cmt_education017_0128_r01,education_017,Phuongg Anhh nộp 1 phát là biết sĩ hay tử liền,trung lập,False,,
cmt_education_004_0092,education_004,Chả đáng bao nhiêu mà cũng dớp,tiêu cực,False,,
cmt_education017_0042_r12,education_017,Triet Athena  Mấy cái phòng lab chuyên dùng để thi tiếng anh trắc nghiệm này có từ lâu rồi. Hâu như mấy trường đạt chuẩn trường nào cũng có,tích cực,False,,
cmt_education017_0002_r43,education_017,"Thùy Vân bạn nói chuẩn đó. Mới vừa sốc vì đề thi chưa kịp ra phòng lại chớt vì có kết quả ngay sao đó 🤣🤣
Ít áccc qué",trung lập,False,,
cmt_education_037_0247,education_037,Hợp lý,tích cực,False,,
cmt_education009_0047_r03,education_009,"Có 1 bạn cùng họ thấy thương bạn nên tát nhẹ, bị cô phạt tát thêm 10 cái nữa
Nguồn beat",tiêu cực,False,,
cmt_education_005_0159,education_005,"Đạo đức cô vậy thì dạy được ai, vì tiền mà cô hại hs vậy sao, trước giờ chắc nhiều lắm đây.",tiêu cực,False,,
cmt_education007_0005_r13,education_007,"Nguyễn Quang Tráng Giải thích sai. Xem lại đi. Pháp, Mỹ, Anh...gần giống nhau.",tiêu cực,False,,
cmt_education_011_0270,education_011,Chạy lên được đấy thì kiếm thêm chút thôi mà,tiêu cực,False,,
cmt_education007_0001_r11,education_007,"Vũ Thúy Nga đồng ý với bạn, không những xếp tương đương mà còn xếp cao hơn.Thôi ở đây chỉ cần xếp tương đương là cũng tạm được rồi.",tích cực,False,,
cmt_education_007_0124,education_007,Tại sao Bộ chị đẹp không lên tiếng,trung lập,False,,
cmt_education_039_0078,education_039,Trần Minh Phúc =)),rác,True,,
cmt_education004_0016_r06,education_004,Xuân Hiếu phát mỗi đứa 1 con tôm hùm bông nên tổng 800tr :)),tiêu cực,False,,
cmt_education_017_0154,education_017,BGD giỡn tới 2k9 luôn rồi,rác,True,,
cmt_education_040_0016_r01,education_040,"Lăng Minh Tá e cũng thấy cứ học như ch trình hồi xưa mình học , môn nào cũng biết anh ạ, cảm thấy kiến thức môn nào cũng hay",tích cực,False,,
cmt_education_007_0013,education_007,Nhiều bs chuyên khoa 1 mổ xẻ còn tốt hơn nhiều tiến sĩ,trung lập,False,,
cmt_education007_0046_r21,education_007,"Uyên Ngụy đi trãi nghiệm thử 1 bs nội trú 27 tuổi ra trường với bằng nội trú và 1 bs đi làm bv trực gác liên tục ba năm xem khác nhau như thế nào nhé! Y khoa đâu chỉ có chuyện học là được. 1 bs trẻ ra trường lăn lóc trên bệnh nhân, phải chịu trách nhiệm với những ca thập tử nhất sinh trong đêm, phải đắn đo lựa chọn quyết định trong đêm, trong những lúc phải tự mình ra quyết định sinh mạng người khác như thế thì cái sự học của họ còn nhiều gấp mấy lần 1 bs nội trú đi đâu làm gì cũng có người dẫn dắt và ko phải chịu bất cứ một trách nhiệm nào. Có thể kiến thức của 1 bs nội trú hơn bs đi làm 3 năm, nhưng về mảng phân tích lâm sàng, nhạy bén trên bệnh nhân, biện luận tích tắc trong đầu để ra chẩn đoán thì bs đi làm 3 năm hơn bs nội trú nhiều.",tích cực,False,,
cmt_education005_0014_r02,education_005,Oanh Nguyễn èo sợ luôn hok biết hồi xưa mình học có bị v ko nhỉ,tiêu cực,False,,
cmt_education013_0005_r03,education_013,"Hoàng Mỹ Hươngg thế ra là 7 nghìn, nãy giờ t tưởng shark mõm quá chứ sao nghèo v đc",trung lập,False,,
cmt_education_015_0042,education_015,"my nó méo rót cho mà làm cách mạng màu thì ngân sách mô ra🤣
cách mạng màu với dân việt là điều không thể",tiêu cực,False,,
cmt_education_016_0007,education_016,"Năm trước xét chung các phương thức và quy đổi điểm theo bách phân vị nhưng mà đấy là theo top % mà không xem số lượng thí sinh  có tương đương nhau không và năng lực của các top % có tương đương nhau không , giờ đăng kí độc 10nv thì sẽ gây ra tình trạng trùng nv thì sẽ có thí sinh và thí sinh trượt , còn về nv sư phạm thì biết bao nhiêu trường đào tạo ngành sư phạm mà để độc 3nv thì hơi bất cập mà trong khi đó đang thiếu rất nhiều gv , quy chế mới có cái nên thông qua và có cái phải xem xét lại",trung lập,False,,
cmt_education017_0010_r01,education_017,Hà Thu khoa tim mạch=)),tích cực,False,,
cmt_education_037_0009_r18,education_037,"Liên Phạm Vậy là điều đáng mừng, là có phước, nếu thật sự não được tốt ra và có sự chuyên cần cật lực.",tích cực,False,,
cmt_education_017_0039,education_017,"uày, tính ra e đang luyện đề thi tốt nghiệp trên web dol academy lun, tiện vc",tích cực,False,,
cmt_education_037_0253,education_037,Tán thành,tích cực,False,,
cmt_education011_0004_r48,education_011,"Tào lao, trường tôi HP phòng còn đẹp ngang ngửa. Mỗi HP 1 phòng, Phòng HT thì đẹp hơn luôn. Công nhá, mà còn ở quê ấy",trung lập,False,,
cmt_education011_0001_r08,education_011,"🫢🫢🫢 li*m láp đồ, cô nào cũng ngon, có cả HS nữa mà, xem bên Tin nóng 24/7",tiêu cực,False,,
cmt_education_038_0012,education_038,Giờ học sinh học 10 năm triếng anh nhưng hỏi học sinh 12 xem bao nhiêu em nói được tiếng anh,tiêu cực,False,,
cmt_education_037_0235,education_037,"Ê ý là có khó thì ít thôi, s cứ khiến ngta khổ hơn á. Dù có thể nó là điểm ảo đi chăng nữa thì quan trọng là sau này hs nó làm được gì, cống hiến gì cho xã hội th chứ. Đâu phải ai cũng đủ giỏi để vào đại học nó ước; chỉ 0.25 cũng đủ tước đi ước mơ ban đầu r. Còn xét tuyển học bạ cũng xem như là con đường để nó có thể tiếp tục và có thêm cơ hội để học tập. Nhiều đứa có thể cố thi lại lần nữa, có đứa là tuyệt vọng vì chẳng có đại học nào nhận thì còn đáng sợ hơn; nó có thể là kết thúc hành trình học tập luôn ấy. Đâu phải đứa nào cũng có tinh thần cao, ổn định. Tuyển sinh 10 đã khắc nghiệt rồi, ko phải vì đề khó mà vì áp lực phòng thi, áp lực cạnh tranh vào trường mình thích; lỡ may đủ chỉ tiêu thì sao.... Nhưng sau khi dư chỉ tiêu các bạn vẫn còn cơ hội chuyển trường. Còn đại học đã vào trang wed rồi, chỉ có làm lại chứ ko có chờ đợi trường cho đăng ký thêm. Xin đừng gây áp lực lên lứa tiếp theo, đứa giỏi thì vào công ngon lành, đứa ko giỏi hay thiếu may mắn thì còn con đường vào dân để học. Dù hơi so sánh nhưng đúng là thế rồi.",ý kiến riêng,False,,
cmt_education_040_0008_r02,education_040,Huyen Anh đi làm chứng chỉ tin học hơi bị ngon,tích cực,False,,
cmt_education_017_0499,education_017,Thật tuyệt,tích cực,False,,
cmt_education020_0005_r01,education_020,Toan Nguyễn Rất đồng quan điểm,trung lập,False,,
cmt_education_015_0069,education_015,"Đọc tin, sướng run cả người.
Thế là xóa được một tụ điểm ""màu da cam"".
Lại lo cái vụ chúng xây ĐSQ rõ to ở Hà Nội.
Mong các cụ tứ ngũ trụ tỉnh táo trong cái vụ đsq này.",tích cực,False,,
cmt_education018_0060_r02,education_018,Trương Nam Me2 k68 cậu chê trường mình nhỏ hả🥲,trung lập,False,,
cmt_education007_0003_r19,education_007,Lương Tiểu Mai sai. Ts k thể có lâm sàn bằng ck2,tiêu cực,False,,
cmt_education_005_0314,education_005,Sao lại có hành động ngu ngốc thế nhỉ. Đề nghị các trường sư phạm phải dạy kỹ về tư cách đạo đức của người giáo viên tương lai,ý kiến riêng,False,,
cmt_education_005_0250,education_005,Loại này phải khởi tố hình sự luôn chứ đuổi việc là còn quá nhẹ,tiêu cực,False,,
cmt_education017_0002_r16,education_017,VTV7 Phuongg Thaoo Croissant Của Nakamura KazuhaHoàng Trịnh Bảo Châu mở rộng toàn quốc đúng năm tụi mình luôn hay tht,trung lập,False,,
cmt_education020_0002_r16,education_020,"Hào Le Thực tế thì bọn học d.ốt vào trường bằng tiền của bố mẹ thì dù có thể thức thi tuyển như thế nào thì nó vẫn phải dùng tiền bố mẹ để vào thôi, vì có học ra gì đâu mà thi... nên việc thay đổi hay không thay đổi vẫn là cuộc chơi ko công bằng từ lâu rồi bạn ạ. Trường nào đã chấp nhận cho đi cửa sau thì đó là vấn đề của nhà trường.",tiêu cực,False,,
cmt_education_011_0158,education_011,"Vơ a nào vào nhận,chứ nhiều lắm",tiêu cực,False,,
cmt_education_011_0457,education_011,cam ghi lại là tg vào khoảng T9/2024 chắc ô lưu trong đt h bị tung lên mạng mà ai tung thì chưa biết nghe cũng miên man lắm,trung lập,False,,
cmt_education015_0011_r07,education_015,"Phan An chuẩn, trường này thua luôn",rác,True,,
cmt_education_018_0150,education_018,Chắc chừa trg mình ra:))),trung lập,False,,
cmt_education_009_0270,education_009,cô ơi cô phải đi tù nhé cô giáo man rợ của năm,tiêu cực,False,,
cmt_education_040_0105_r01,education_040,Liemm Thii Bann CX phải học mà 🙄,rác,True,,
cmt_education_002_0020,education_002,,rác,True,,
cmt_education_004_0068,education_004,Bởi vậy. Nhầm 1 lần đến ba chú lun. 🤩🤩🤩,tiêu cực,False,,
cmt_education_038_0087,education_038,Nhất trí quan điểm của BGD,tích cực,False,,
cmt_education_018_0265,education_018,"Cho hết về phía Nam, Thanh Trì, Thường Tín, Phú xuyên. Để SV đi gà Ngọc Hồi và bến xe Phía Nam Ngọc Hồi là hợp lý.",trung lập,False,,
cmt_education_037_0304,education_037,Nguyễn Trang Vy dô,rác,True,,
cmt_education_011_0048,education_011,Hải hậu A hay dân lập Lung,rác,True,,
cmt_education007_0002_r12,education_007,".....mất tư cách một con người , một nhân tài được đào tạo chuyên sâu , một bác sĩ chữa bệnh cứu người mà khẩu ngôn bẩn quá sao không cạo lưỡi nhỉ ????",tiêu cực,False,,
cmt_education_037_0268,education_037,"Nếu bỏ học bạ, học sinh sẽ Ko cố gắng nữa, chỉ cần lên lớp là được, 5 điểm hay 10 điểm như nhau. Các bạn học xuất sắc thành tích cao phải học đều các môn nổ lực rất nhiều.",ý kiến riêng,False,,
cmt_education018_0016_r02,education_018,Người tham gia ẩn danh 276 cần thành viên có trả công,trung lập,False,,
cmt_education020_0004_r09,education_020,"Có gì nói đó qua nay thấy nói đề Toán nhiều, hoá ra đề Tiếng Anh cũng khóc ah :))",trung lập,False,,
cmt_education_037_0009_r08,education_037,Liên Phạm Thi DGNL và IELTS là hai thứ khác nhau hoàn toàn với điểm học bạ.,tiêu cực,False,,
cmt_education_037_0016_r01,education_037,Bùi Hải Yến Đã giỏi đã nỗ lực thì sợ gì thi? Nói hơi mâu thuẫn.,tiêu cực,False,,
cmt_education017_0002_r60,education_017,Thùy Vân đau trc còn hơn đau sau :)))),rác,True,,
cmt_education017_0002_r37,education_017,Thùy Vân thi đh bây h cũng v mà,rác,True,,
cmt_education_011_0420,education_011,Đừng như nay thì học sinh học xong ra trường có 2bang tốt nghiệp,tiêu cực,False,,
cmt_education_010_0001,education_010,"Thêm một nữ sinh Đại học Vinh, Nghệ An đăng đàn tố cáo bị cán bộ quản lý sinh viên nhắn tin g.ạ gẫ.m, gửi video nhạ.y cả.m và đ.e dọ.a xử lý nếu không đáp ứng yêu cầu cá nhân.

https://dantri.com.vn/giao-duc/nghi-van-can-bo-dai-hoc-vinh-gui-anh-nhay-cam-de-doa-nu-sinh-20250529144005431.htm",rác,True,,
cmt_education007_0013_r02,education_007,Đoàn Văn Tám cập nhật lại đi bs 😂,trung lập,False,,
cmt_education011_0087_r03,education_011,Trang Nhím ông này ông nói camera đối với a là chi,trung lập,False,,
cmt_education_005_0236,education_005,Chắc lớp các con học giỏi quá nên cô làm vậy để còn có cái mà dạy haizz,tiêu cực,False,,
cmt_education011_0015_r03,education_011,"Ngọc Ánh cho dù xảy ra ở đâu cũng ko nên cả, vì đã là lảnh đạo của nhà giáo thì phải nghiêm túc có chừng mực với đạo đức, còn cho dù che dấu đến nơi khác thì nhân quả cũng bị phát hiện",tiêu cực,False,,
cmt_education020_0003_r09,education_020,BLV Anh Quân - News chính xác là giết chết niềm tin vào cuộc sống trong cú ngoặt đầu đời của các con add ạ,trung lập,False,,
cmt_education_017_0273,education_017,hay bộ đầu từ em “ít” tiền để em học lại mấy năm 12 chứ thi kiểu này em không tốt nghiệp được 😞,tiêu cực,False,,
cmt_education009_0035_r15,education_009,Vẫn bé. Mới lớp 6 thoii nà,trung lập,False,,
cmt_education009_0001_r16,education_009,Thu Ha Nguyen Duc Manh đọc nhé!,rác,True,,
cmt_education011_0016_r06,education_011,Phòng chủ tịch Hội đồng trường tức là chủ doanh nghiệp đó. Gái ở ngoài bao la. Kkkkkk,tiêu cực,False,,
cmt_education009_0001_r06,education_009,Em 30 tuổi rồi mà giờ vẫn không được cãi nè chị ơi. Dù rõ ràng mình không sai. Khổ sở,tiêu cực,False,,
cmt_education_038_0055,education_038,"Vậy  mà Bình Dương nhập vào TP HCM lớp 1, lớp 2 lại bỏ ko cho học môn anh văn nữa",tiêu cực,False,,
cmt_education_017_0345,education_017,Ch kịp xả stress thì tang ngay tại chỗ ;-;,tiêu cực,False,,
cmt_education007_0001_r11,education_007,Còn phát minh lại là nông dân ở đồng bằng sông cửu long,tích cực,False,,
cmt_education_001_0015,education_001,Tiến Dũng hay rồi 🐧,rác,True,,
cmt_education005_0008_r01,education_005,"Nguyễn Hiếu vì bạn có tâm,còn gv bây giơ có tiền",tiêu cực,False,,
cmt_education_016_0064,education_016,Bao giờ Bộ tổ chức 1 kỳ thi CAO KHẢO thay vì các trường tự tổ chức thi?,ý kiến riêng,False,,
cmt_education_017_0623,education_017,Đề nghị bộ giáo dục nên xem xét vấn đề này,ý kiến riêng,False,,
cmt_education_018_0190,education_018,Liệu 40tỷ tiền đầu tư tu sửa MTCN chưa tròn 1 năm đã thủng lỗ có tiến ra ngoại ô ko.,trung lập,False,,
cmt_education011_0010_r03,education_011,"Tạp Hoá Chị Mén 
hơn chục cô giáo và cả HS mặc đồng phục mà ,cứ cãi, sợ thật, vừa xem bên Tin nóng 24/7",tiêu cực,False,,
cmt_education005_0037_r01,education_005,Dương Nguyễn ở một trang khác nghe nói những học sinh này đều không đi học thêm ở nhà cô chưa được kiểm chứng không biết có đúng không,trung lập,False,,
cmt_education020_0004_r33,education_020,"Đỗ Đức Dũng không có ielts thì hơn nhau ở khoanh lụi, thậm chí một bạn có ielts 6.0 mà chỉ được 5.5 bằng với bạn học lực khá",tiêu cực,False,,
cmt_education_017_0250,education_017,đừng mà😭,rác,True,,
cmt_education_020_0143,education_020,ké với huhu,rác,True,,
cmt_education007_0004_r08,education_007,"Phan Văn bgd nóng mặt nên chối thôi, đè byt cho chết luôn, chứ muốn phát triển thì cái văn nói nơ khác rồi, kiểu như sẽ hợp tác cùng bộ y tế định nghĩa lại ck1-2, cho ngang bằng, người trong ngành thừa biết ck tương đương ths ts",tiêu cực,False,,
cmt_education018_0019_r02,education_018,Phan Dương Anh Tú https://s.shopee.vn/7poWiH85OC,trung lập,False,,
cmt_education_011_0226,education_011,ăn phụng mà ko biết chùi mép hẻ.thời giờ mà để lộ diện kiểu này ti ko phải là thầy rùi,tiêu cực,False,,
cmt_education_037_0202,education_037,Thi là kết quả khách quân nhất,tích cực,False,,
cmt_education_017_0530,education_017,Đáng nhẽ ra khỏi phòng thi còn kệ mẹ nó đời đi đánh chén đã.thì nay gọi cấp cứu luôn.,tiêu cực,False,,
cmt_education_017_0221,education_017,"RỒI XIN HỎI MÁY TÍNH NHÀ NƯỚC PHÁT À ???
HAY NHÀ TRƯỜNG CẤP ?",ý kiến riêng,False,,
cmt_education_040_0045,education_040,Chuẩn luôn,tích cực,False,,
cmt_education017_0069_r03,education_017,Giakiet La con gái cô cũng 2k9,rác,True,,
cmt_education_017_0681,education_017,"Làm xong bài , xem xong điểm chắc ngất tại chỗ",rác,True,,
cmt_education020_0006_r03,education_020,"Nhi Nhi nhưng thà cho thi riêng, chứ thi thế này sợ mấy em rớt tốt nghiệp cấp 3 í chứ. Cái dạng đề anh mấy năm dễ vậy mà vẫn có điểm liệt, năm nay chắc liệt nhiều 🥹🥹",ý kiến riêng,False,,
cmt_education018_0002_r02,education_018,"Hoàng Nam tôi nhập học ĐHQG HN năm 2005 là có thông tin sắp chuyển lên Láng Hoà Lạc, thế mà 2025 có khác là mấy",trung lập,False,,
cmt_education020_0001_r05,education_020,Hocmai.vn THPT mình cũng đang nôn các con 2k7 cũng có con mình tham gia thi mong bác tô lâm cho các con 2k7 đạt hết vào đại học thì OK tốt rồi mong các con 2k7 luôn gặp nhiều may mắn,trung lập,False,,
cmt_education_020_0087,education_020,Nghi là có ông làm ko được quá,tiêu cực,False,,
cmt_education_038_0038,education_038,Tuyệt vời Bộ giáo dục và đào tạo!,tích cực,False,,
cmt_education004_0001_r15,education_004,phải có đơn phản ánh thì cơ quan chức năng mới giải quyết theo đơn thư tố giác,trung lập,False,,
cmt_education_018_0278,education_018,"Hay quá , các nhà máy , bệnh viện nữa .",trung lập,False,,
cmt_education009_0001_r15,education_009,Trung Dâu mình phải tranh luận với ông bà thôi. Gương của con đấy chứ đâu. Mình toàn bị mẹ với chồng mắng là để con dân chủ quá trớn :),trung lập,False,,
cmt_education017_0001_r03,education_017,"Hà Nguyễn chuẩn, chưa kể lại còn rất tốn kém",tiêu cực,False,,
cmt_education_005_0180,education_005,Rồi tình trang các Cô sửa sai thành đúng chắc cấp 1 phạt có mà đầy . 4-5 sữa 9-10. Còn đứa nào bị đì mà học giỏi lỡ 1 môn 8đ thì cho 8đ luôn.,tiêu cực,False,,
cmt_education_017_0412,education_017,"Con người mà cứ như chuột bạch , cứ đem đi thử nghiệm",tiêu cực,False,,
cmt_education017_0006_r01,education_017,"Lý Thảo hsg có môn anh và toán,vyolympic từ chục năm trước rồi mà",tích cực,False,,
cmt_education018_0032_r02,education_018,Epu có cs4 ở đó r mà b . Trường làm quả 1 năm mở tận 2 cs thấy oách hẳn,trung lập,False,,
cmt_education_005_0116,education_005,Trường nào cũng có,trung lập,False,,
cmt_education_011_0555,education_011,Bó tay luôn thầy ơi 😡,tiêu cực,False,,
cmt_education018_0011_r02,education_018,Tuấn Văn Nguyễn tầm nhìn phát triển hết rồi mà b.,trung lập,False,,
cmt_education_009_0098,education_009,Cho học sinh tát lại cô giáo để hìa,tiêu cực,False,,
cmt_education020_0008_r05,education_020,"Võ Nguyễn Thành 
Nhưng liệu tiến sỹ có làm nổi ko 
Tiến sỹ như nghệ sỹ xuân hính bảo học ba năm hết lớp 15chắc bó tay",tích cực,False,,
cmt_education017_0021_r03,education_017,Mai Duc Thanh hay phết cho học sinh làm quen ôn kĩ bài để đỡ bỡ ngỡ👍👍👍👍👍👍,tích cực,False,,
cmt_education_011_0087,education_011,"Bữa t học cấp 3 cũng rứa, nhưng mà ông hiệu trưởng này 3d, toàn kêu mấy th bị phạt lên phòng sờ cu, sờ lung tung các kiểu, mà k đứa nào dám nói gì",tiêu cực,False,,
cmt_education015_0001_r02,education_015,Tô Thảo Nhiên  còn cái trường gì nữa ấy,tích cực,False,,
cmt_education_020_0003,education_020,Báo cáo với Quốc Hội.. lứa chuột bạch 2k7.Chúng e bên BGD nướng thí nghiệm cháy khét lét hết rồi ạ.!,tiêu cực,False,,
cmt_education_011_0260,education_011,Nữ chửa...à quên nữa chữ cũng là thầy kkkk...,trung lập,False,,
cmt_education_017_0500,education_017,Tuyệt vời đó đánh giad năng lực thực sự,tích cực,False,,
cmt_education_011_0609,education_011,Cứ bắt cho vào tù . Chứ cứ tình trạng này làm ô uế ngành giáo dục ảnh hưởng đến học sinh . Và làm tan nát bao gia đình khác,tiêu cực,False,,
cmt_education011_0009_r01,education_011,Người tham gia ẩn danh 940 https://www.threads.com/@langthangdee/post/DQ1yRfrEgXU?xmt=AQF0B85BDR0EEWHN-HJXw0u42zcRV0wCEhbfuUrmwVc2zwaf0pLQqRqLj7Da90usGrsOPO8&slof=1,trung lập,False,,
cmt_education_007_0268,education_007,"Mình thấy đã học sau đại học đều đc công nhận, cứ lâm sàng thì điều trị, codn nghiên cứu thì giảng dạy là ok, để nghành y tự sắp xếp ạ",trung lập,False,,
cmt_education_011_0612,education_011,Sướng nhất chú,trung lập,False,,
cmt_education007_0039_r01,education_007,Hoai Tran cũng không chuẩn lắm đâu; bác sĩ không có lỗi mà lỗi là 2 Bộ chưa đưa ra được điểm chung để tháo gỡ. B,trung lập,False,,
cmt_education_040_0119,education_040,Quá đinh🥰!,tích cực,False,,
cmt_education018_0003_r01,education_018,Tối lại bắt xe về nội đô chơi,trung lập,False,,
cmt_education_007_0053,education_007,Các bộ ngành thì ngang nhau. Bộ y tế đào tạo bác sĩ chuyên khoa I chuyên khoa II. Còn bộ giáo dục đào tạo thạc sĩ tiến sĩ thì không được khám chữa bênh và thực hành lâm sàng. Bộ y tế nói thì Bộ giáo dục có hiểu đâu.,ý kiến riêng,False,,
cmt_education_007_0335,education_007,"Đã có sự nhiễu loạn trong bằng cấp Y khoa tại Việt Nam! Rất nhiều ts không thuộc chuyên ngành Bs đang làm! Nhưng khi lấy được bằng Ts (ví dụ như chuyên ngành xn) thì xí ngầu là ts y khoa của chuyên ngành ngoại và được xem như là chuyên gia trong lĩnh vực này…!! Và có thể lên chức, lên..đủ thứ!!! Chỉ là k lên về chuyên môn thôi!!!",tiêu cực,False,,
cmt_education_011_0165,education_011,"Công nhận là Lazada 11.11 rẻ hơn Shopee thiệt luôn 😆 Cùng món mà giá lệch hẳn, còn có tem chính hãng nữa chứ 😆 Đỉnh thiệt sự.",rác,True,,
cmt_education017_0003_r11,education_017,Phú Phan có luôn e. Năm 2006 mới chập chữg vào trường đại học đã học trắc nghiệm và thi trên máy rùi. Thi xong ký vào bảng điểm luôn.,rác,True,,
cmt_education_004_0022,education_004,Công an hà nội quá nhanh!,tích cực,False,,
cmt_education015_0009_r19,education_015,"Phạm Duy Cpr bên Đức này cũng chẳng có hồ cá trong nhà trường, họ tạo ra cảnh, kiểng mà chất lượng giáo dục không ra gì thì giải thể sớm còn hơn.",tiêu cực,False,,
cmt_education007_0031_r12,education_007,Công Thành Nguyễn ths ts cũng ở nhà nhiều lắm mà :D,trung lập,False,,
cmt_education007_0018_r02,education_007,"Hoàng Văn Bình haha. Bạn là thạc sỹ thì hiểu về nghiên cứu rồi nhỉ. Cái n của bạn quá nhỏ. Và nguy hiểm hơn bạn đang dùng ngụy biện dựa trên trường hợp cá biệt để đánh tráo khái niệm. Việc một CKII lười biếng không làm thay đổi sự thật: CKII là bậc chuyên môn lâm sàng cao nhất, cao hơn Thạc sĩ theo tiêu chuẩn của ngành Y. Đừng so sánh chiếc Xe Tăng thủng lốp với chiếc Xe Đạp mới, hãy so sánh Xe Tăng Tốt với Xe Đạp Tốt.",tiêu cực,False,,
cmt_education_039_0097_r06,education_039,Thanh Thanh mọi thắc mắc liên hệ trường UTH để kiểm tra và hỗ trợ,trung lập,False,,
cmt_education_038_0011_r01,education_038,Bảo Phúc còn đau đầu nhiều nữa.,rác,True,,
cmt_education_007_0299,education_007,"Bác sĩ Chuyên Khoa Cấp 2 (BSCK2) nghe đâu cần học trong 3 năm ấy , chưa kể để được thi CK2 thì phải học CK1 2 năm ( tính ra lâu cũng ngang Tiến Sĩ, cũng chả khác gì Tiến Sĩ đâu :)) ) , Tiến Sĩ thường là nghiên cứu giảng dạy nhièu , chứ bảo về khám chữa bệnh thì BSCK2 được học sâu với kĩ lắm 🥰",trung lập,False,,
cmt_education_002_0051,education_002,Dự thảo Quy chế tuyển sinh đại học năm 2026 điều chỉnh 8 nội dung sau:,trung lập,False,,
cmt_education_007_0087,education_007,Bác sĩ thực chiến hay bác sĩ lý luận?,trung lập,False,,
cmt_education_007_0118,education_007,Tóm lại là nên tách hẳn đào đạo ngành y ra khỏi cái bộ GD ấy đi là tốt nhất,tiêu cực,False,,
cmt_education_009_0023,education_009,"Cu cậu cx lì vl :)) phải mình ăn 2,3 cái thôi chắc bỏ về cmnl",trung lập,False,,
cmt_education_038_0093,education_038,Ủng hộ phương án này,tích cực,False,,
cmt_education011_0001_r15,education_011,Bình Dương 24H Fb ông này đây mn.vẫn còn già mồm mà @ 😡😡Nguyễn Tuấn,rác,True,,
cmt_education018_0006_r09,education_018,"Nghi Nguyen đa số có ký túc xá và nội trú, đại học quốc gia Hà Nội và Hcm cũng thế. Trên thế giới đa số đại học ở ngoại thành",trung lập,False,,
cmt_education017_0010_r01,education_017,Thành Đạt NL môn đầu khó quá ngất luôn. Mấy môn sau không làm nữa,tích cực,False,,
cmt_education_037_0009_r05,education_037,"Liên Phạm ai cũng thi hết chứ k phải mỗi mình mà lấy lí do bn ạ,đi thi chịu k nổi thì sau này đi làm sao chịu dc stress",tiêu cực,False,,
cmt_education_037_0026,education_037,"Bỏ xét học bạ thì bọn nó sẽ lười năm lớp 10.11 và sẽ rất tập trung và chăm chỉ vào năm 12.
Cái số mà vì này kia kia nọ được thành tích tốt trong 3 năm học thật sự nó rất ít. Ai có con học cấp 3 sẽ hiểu, đạt được hsg đã là cả 1 sự chăm chỉ nỗ lực của bọn nhỏ rồi.",tiêu cực,False,,
cmt_education_009_0096,education_009,phóng hỏa đốt nhà cô giáo luôn đi,tiêu cực,False,,
cmt_education007_0002_r01,education_007,"Chiaseyhoc.vn Làm gì không quan trọng, quan trọng là nghề và chế độ ạ 😃😃",tiêu cực,False,,
cmt_education020_0004_r18,education_020,"Summer Nguyen thế nó mới có tính phân loại thí sinh chứ bạn, đề nào mà chả có vài câu phân loại. Khó người dễ ta thôi, tóm lại vẫn là xét điểm từ cao xuống thấp, ai giỏi hơn thì người đó thắng",trung lập,False,,
cmt_education_007_0150,education_007,"Góp ý về dự thảo Nghị định, Bộ Y tế đề nghị quy định rõ việc công nhận trình độ chuyên sâu sau đại học trong lĩnh vực sức khỏe (người có văn bằng bác sĩ nội trú, bác sĩ chuyên khoa, dược sĩ chuyên khoa và văn bằng chuyên khoa các chuyên ngành thuộc lĩnh vực sức khỏe) có giá trị tương đương tiến sĩ trong việc tính toán tỷ lệ giảng viên cơ hữu đối với các cơ sở giáo dục đại học trong lĩnh vực sức khỏe.

Trước ý kiến trên, Bộ GD&ĐT cho biết không tiếp thu đề xuất này. Bộ GD&ĐT ghi nhận giá trị và tính đặc thù của các văn bằng bác sĩ nội trú, bác sĩ chuyên khoa, dược sĩ chuyên khoa và các văn bằng chuyên khoa trong lĩnh vực sức khỏe.

Tuy nhiên, theo khung trình độ quốc gia và quy định hiện hành, các văn bằng này không được xác định là tương đương với trình độ tiến sĩ trong hệ thống giáo dục đại học.

""Việc quy định tương đương trình độ trong điều kiện công nhận đại học vượt quá phạm vi của nghị định và không bảo đảm tính thống nhất của hệ thống pháp luật"", Bộ GD&ĐT nêu rõ.",trung lập,False,,
cmt_education007_0031_r11,education_007,Lâm Lệ Quyên chắc ths Tây Nguyên 3))).,rác,True,,
cmt_education018_0010_r04,education_018,"Trọng Minh đúng rồi, chỉ thích tập trung ở hà nội còn kiếm chác, bảo di chuyển đi chỗ khác thì dãy đành đạch lên, sợ phải đi xa. Giờ mới quá tải sinh ra ô nhiễm lụt lội, hết xây rồi phá, tp như 1 tờ giấy nháp, cả tp chục triệu dân mà chen chúc trong khu vực có đường kính có mấy chục cây số. Giống như quả bóng bay cứ nhồi khí mãi thì nó chịu sao nổi, trong khi ở vùng quê đồng không mông quạnh để hàng bao nhiêu năm không sử dụng, cũng chả canh tác rất lãng phí đất.",trung lập,False,,
cmt_education015_0002_r15,education_015,"Phạm Thị Huế người ta nói chưa cần,chứ không nói là không cần. Ý là học cái cốt lõi trước rồi hãy học những cái khác.",ý kiến riêng,False,,
cmt_education_018_0156,education_018,chắc trường U cũng không phải ngoại lệ🥱,trung lập,False,,
cmt_education_037_0278,education_037,Ủng hộ nhé. Khi đi học đã thấy vụ “buff” học bạ quá nhiều 🙂,tích cực,False,,
cmt_education020_0008_r02,education_020,"Thoa Chu thì năm nay toán và tiếng anh đó bạn , học sinh đọc đề xong Run Bần Bật , học 1 đằng kiến thức thi 1 nẻo . Kiến  thức được học  là  của HS bình thường , nhưng kiến thức làm bài thi thì Phải của HS chuyên  . 
Vậy không là đánh Đố thì là gì bạn ?",trung lập,False,,
cmt_education007_0002_r08,education_007,Trương Đức quá hay,tiêu cực,False,,
cmt_education_005_0271,education_005,Chả bù cho mình chấm điểm ù taii lạy trời khấn phật cho nó qua môn =)),rác,True,,
cmt_education_017_0187,education_017,"Tương lai của cả hàng nghìn ng làm thí điểm hết. Năm nay thí điểm cái này, năm sau ta thí điểm cái khác, mỗi năm 1 ng nghĩ ra cái gì lại thí điểm tiếp",tiêu cực,False,,
cmt_education015_0003_r04,education_015,Huy Nguyên Hoàng có vi phạm luật pháp thì giải tán,tiêu cực,False,,
cmt_education_016_0032,education_016,"Cứ nhiều nguyện vọng thì nghĩa là cứ đến tuổi là đi thôi, đỗ đâu thì đều đi. Đi đầy các đường hướng, chọn 1 bên không được thì chọn bên khác. Đi thế thì có thể ảo, không biết đâu mới là con đường thật của mình, ước mơ nguyện vọng thật của mình. Học thì vừa đi đúng đường chọn đúng trường, vừa biết phân biệt bên mình ước mơ và bên mình thích nhưng không phải đường mơ ước. Quan trọng là đi đúng con đường mơ ước của mình",tiêu cực,False,,
cmt_education_011_0504,education_011,Còn phòng làm việc riêng của các sép thì còn. ??? Chỉ nên có phòng làm việc chung cho cả sếp và nhân viên  .,ý kiến riêng,False,,
cmt_education_005_0037,education_005,"Xui lắm mới bị lòi ra 1 trường hợp , chứ vẫn còn đầy. Lý do là k đi học thêm. Thế thôi",tiêu cực,False,,
cmt_education_011_0247,education_011,Thầy ni thầy đu đây chơ thầy đom chi ri,tiêu cực,False,,
cmt_education_010_0006,education_010,"Ngày 29/5, trên một diễn đàn sinh viên, tài khoản ẩn danh tự xưng là sinh viên khóa 64 Đại học Vinh (Nghệ An) đã đăng tải bài viết dài tố cáo một cán bộ nhà trường tên Đ. có hành vi quấy rối, nhắn tin có nội dung nhạy cảm và đe dọa mình.

Theo nữ sinh, sự việc bắt đầu khi cô bị vi phạm trong học tập, phải làm việc với cán bộ tên Đ. thuộc khoa Sư phạm. Kể từ đó, cô liên tục nhận được tin nhắn với nội dung rủ rê đi uống cà phê, đi dạo, hẹn ra ngoài và dò hỏi lịch sinh hoạt cá nhân.

Quá hoảng sợ, nữ sinh đã cầu cứu giảng viên khác trong khoa. Trong bài viết, cô chia sẻ: “Mình thực sự không thể tin nổi trong một môi trường sư phạm lại có người đáng sợ như vậy. Họ là cán bộ, là người trực tiếp làm việc với sinh viên…”.

Ngoài bài chia sẻ, người đăng tải còn đính kèm ảnh chụp màn hình đoạn tin nhắn được cho là giữa nữ sinh và cán bộ tên Đ., cho thấy nhiều nội dung phản cảm, có yếu tố đe dọa và gạ gẫm.
Thông tin trên đã thu hút sự chú ý từ cộng đồng sinh viên Đại học Vinh và mạng xã hội. Nhiều sinh viên để lại bình luận phẫn nộ, yêu cầu nhà trường nhanh chóng xác minh và xử lý nghiêm nếu đúng sự thật

Theo | Dân Trí",trung lập,False,,
cmt_education_037_0163,education_037,Rất hoan nghênh. Nhưng nên ghi là Bộ Giáo dục và Đào tạo,trung lập,False,,
cmt_education015_0001_r12,education_015,Tuyền Văn Hóa mà cái nguyên nhân ban đầu tạm đình chỉ là gì vậy,trung lập,False,,
cmt_education_037_0193,education_037,"Bỏ thì bỏ sớm ,quyết định gì thì cũng sớm sớm ạ chứ bộ đừng làm theo cảm tính như năm ngoái các con và gd soay ko đc đâu bộ ơi bộ à",ý kiến riêng,False,,
cmt_education_015_0077,education_015,Nhanh còn kịp không một thời gian nữa là lật sử lật chế độ,tiêu cực,False,,
cmt_education_037_0228_r02,education_037,"Gia Hânn uh, kể thì thiệt cho đứa học thật, nhưng nhiều đứa Bố, mẹ nó học hộ triền miên, nên bỏ thôi, chi bằng cái đó vào trường miễn học phí hoặc cấp học bổng.",ý kiến riêng,False,,
cmt_education013_0017_r05,education_013,"Nguyễn Ngọc Phát mời 4 ông thì hết mẹ 2 ông đi tù
Vãi cả Sát",tiêu cực,False,,
cmt_education_040_0003_r02,education_040,Lorr Gary chị ơi... Trường nào nó cũng liên kết pc của học sinh với máy chủ chính là pc của giáo viên rồi... Làm gì thì cũng bị theo dõi hết,trung lập,False,,
cmt_education_009_0071,education_009,"Mỗi học sinh tát lại 1 cái xem cô có bị viêm não ko nè. Giờ ít phạt chứ ngày xưa 10 cô thì có 6 cô như này rồi. Vì mấy cái vụ quên khăn , mũ rồi đi muộn, xếp xe ko ngay lòi ra cái là bị mấy đứa mắc dịch ghi lại cuối tuần quỳ trên đá dằm ấy.",tiêu cực,False,,
cmt_education_005_0188,education_005,Ko học thêm,rác,True,,
cmt_education020_0006_r12,education_020,Đồ Gỗ Tràng An thành phố cũng bó tay chứ đâu riêng nông thôn,trung lập,False,,
cmt_education_017_0284,education_017,thay vì đổi phương thức thi thì mình đổi luôn bdg đi ạ,tiêu cực,False,,
cmt_education_017_0198,education_017,"Mình học cao đẳng cách đây 12 năm ,thi hết học phần những môn trắc nghiệm đều vậy thi trên máy tính dc nhiêu điểm biết luôn",trung lập,False,,
cmt_education_015_0076,education_015,Tuyệt vời,tích cực,False,,
cmt_education020_0014_r12,education_020,Hương Bùi mình cảm thấy thật bất công cho con mình.  Tự thân vận động tự học cả quá trình 3 năm cấp ba nổ lực hết sức nhưng bộ ra một cái đề. Mà con đi thi về nghi ngờ năng lực của mình kiến thức thầy cô truyền đạt thì chỉ có vậy đề thì nâng cao quá mức thật ko hiểu những người đó nghĩ gì 😅😅,tiêu cực,False,,
cmt_education_018_0267,education_018,trước khi xây làng sinh viên láng hoà lạc cũng có chủ trương ấy 😅,trung lập,False,,
cmt_education017_0036_r01,education_017,Anh Quynh t đánh máy có 1 ngón à m =)),rác,True,,
cmt_education007_0003_r21,education_007,Lương Tiểu Mai nội trú không lâm sàng là gì?,trung lập,False,,
cmt_education_038_0043,education_038,"K phải thiếu GV tiếng anh, mà thiếu GV giảng dạy các bộ môn căn bản bằng tiếng Anh.
Ở level cao hơn giáo viên Tiếng Anh nữa.",ý kiến riêng,False,,
cmt_education020_0003_r03,education_020,"Nhân Si con cáo 40, 50 tuổi giăng lưới . Gấp 2,3 lần tuổi con thỏ 17/18 tuổi hỏi con nào thua hả ?!",tiêu cực,False,,
cmt_education_004_0160,education_004,Tham thì thâm thôi,tiêu cực,False,,
cmt_education020_0001_r46,education_020,"Người tham gia ẩn danh 760 em được 10đ thì nên tự hào vì mình cố gắng chứ đừng a dua theo bọn không học đổ lỗi đề khó, năm rồi anh học sinh khá thôi đương nhiên so với lứa học sinh giỏi 10đ thì kém hơn",tích cực,False,,
cmt_education_040_0112,education_040,"Học như thời xưa, môn nào cũng quan trọng mà.",trung lập,False,,
cmt_education_011_0436,education_011,Trả lời vòng vo,tiêu cực,False,,
cmt_education020_0001_r09,education_020,Người tham gia ẩn danh 158 =))))) bro sống ở năm nào nên chưa update được cách quy đổi năm nay à?,tiêu cực,False,,
cmt_education_011_0386,education_011,Mấy Bác trên Sở còn quá cha 🤣,rác,True,,
cmt_education_017_0239,education_017,Đến bọn e chắc thi bằng máy thở ☺️,trung lập,False,,
cmt_education_017_0163,education_017,Phan Ngọc Triết dỡn tới đó luôn rồi,rác,True,,
cmt_education_002_0003,education_002,Dự thảo Quy chế tuyển sinh đại học năm 2026 điều chỉnh 8 nội dung sau:,trung lập,False,,
cmt_education_017_0631,education_017,"Ôi, chong chóng...đúng là quay như chong chóng, bao giờ mới hết cải cách giáo dục đây, mình là năm đầu tiên của cải cách và đã ra trường được 17 năm, đến giờ vẫn tiếp tục cải cách, sợ ghê",tiêu cực,False,,
cmt_education020_0006_r04,education_020,Nhi Nhi,tiêu cực,False,,
cmt_education_017_0429,education_017,Đã trải nghiệm 5 năm học đại học dược đều thi máy .,trung lập,False,,
cmt_education004_0001_r39,education_004,Nhung Giang trả gấp 10 mới rút đơn,rác,True,,
cmt_education_020_0105,education_020,Cho các ông ra đề làm môn toán và anh văn xem thời gian hết bn,tiêu cực,False,,
cmt_education_017_0633,education_017,Chết lâm sàng luôn 😂😂😂,tiêu cực,False,,
cmt_education_011_0510,education_011,Khen ai đặt cam tài thật .đặt lâu ngày mà ko bị phát hiện .khi lấy cũng tài,tích cực,False,,
cmt_education011_0016_r02,education_011,Minh Quyền nhiều cô mà có phải 1 đâu 😂,rác,True,,
cmt_education018_0002_r06,education_018,Người tham gia ẩn danh 494 ngáo lìn vãi,trung lập,False,,
cmt_education_002_0023,education_002,Quan tâm,trung lập,False,,
cmt_education_018_0019,education_018,Lương Quỳnh trường H nào đó =))),rác,True,,
cmt_education020_0006_r01,education_020,Huyền Mai chỉ cần các bạn giỏi thì đề nào cũng làm được hết cô ạ,trung lập,False,,
cmt_education_005_0283,education_005,Chắc học sinh học thêm TA chổi khác nên nó tức,tiêu cực,False,,
cmt_education020_0001_r01,education_020,Weibo Việt Nam bộ nói mà bộ quên 😂,tiêu cực,False,,
cmt_education_038_0068,education_038,Tuyệt vời,tích cực,False,,
cmt_education017_0002_r03,education_017,VTV7 Lại các em Hà Nội làm trước🙏🙏🙏,trung lập,False,,
cmt_education_017_0430,education_017,Hội đồng thi tổ chức ở những chỗ ko có lầu nha,trung lập,False,,
cmt_education015_0009_r11,education_015,Phạm Quang Huy coi cá đó bạn 🤣,rác,True,,
cmt_education_005_0122,education_005,Phát sinh từ học thêm,ý kiến riêng,False,,
cmt_education_017_0587,education_017,"Công bằng, minh bạch. K còn là đút lót sửa kết quả. Giống thi sát hạch xe máy 🤩",tích cực,False,,
cmt_education_039_0068_r01,education_039,Vinh Loi đỉnh kh,rác,True,,
cmt_education_007_0352,education_007,Bằng cấp chỉ làm đẹp hồ sơ quan trong là mức lương tương xứng khi anh đạt dc bằng cấp đó và hiệu quả công việc mà anh mang lại cho người dân và cơ sở nơi anh làm việc.nhiều ng học họ cống hiến rất lâu nhưng lương ko nâng dẫn tới bát mãn.ông bà ta có câu có thực mới vực dc đạo. Lương ko đủ thực thì đừng đòi hỏi nhiều ở họ.,trung lập,False,,
cmt_education_039_0042,education_039,làm s làm nha bạn bè t còn tương lai,rác,True,,
cmt_education_015_0006,education_015,Tiền đâu nữa mà thanh toán???,tiêu cực,False,,
cmt_education_018_0103,education_018,Lân Nguyễn trg mình xây xog bay là đẹo,rác,True,,
cmt_education_005_0119,education_005,"Con gv nay cug rảnh lắm
Lam jay đê chi ta",tiêu cực,False,,
cmt_education007_0047_r01,education_007,"Tuân Vũ các ngành khác cũng có học chuyên ngành như ck 1, 2 :)))",trung lập,False,,
cmt_education017_0002_r61,education_017,"Thùy Vân lười học, ko chịu học khỏi cần thi sẽ ko sốc.",tích cực,False,,
cmt_education020_0012_r04,education_020,Trần ThànhDanh k có cạnh tranh hs giờ lười học,tiêu cực,False,,
cmt_education017_0002_r02,education_017,Hoang Phuong Linh như năm nay thi xong môn toán và mônTA thì bệnh viện quá tải mất,tiêu cực,False,,
cmt_education017_0007_r15,education_017,Minh Chi lớp 2 học tin rồi mà,rác,True,,
cmt_education_005_0261,education_005,Đạo Đức nhà giáo xuống cấp…xuống cấp tram trọng cảnh bảo cqcn làm việc gấp gấp,tiêu cực,False,,
cmt_education_009_0309,education_009,Chuẩn cái con mẹ mày!,tiêu cực,False,,
cmt_education007_0046_r20,education_007,Cam Tu Nguyen Thi Hãy xem thực tế họ học ntn nhé.,trung lập,False,,
cmt_education020_0008_r01,education_020,Võ Nguyễn Thành ts giải cũng ko đuoc,tiêu cực,False,,
cmt_education_020_0278,education_020,"Ủa thi để đánh giá kiến thức đã học trong 3 năm phổ thông chứ bộ thi đối kháng giữa học sinh và bộ ha gì mà ma trận? Cái đề anh văn toàn kiến thức ngoài đánh đố học sinh chứ có phải đề thi kiểm tra kiến thức đã học đ** đâu, biết làm giáo dục không vậy?",tiêu cực,False,,
cmt_education017_0002_r11,education_017,VTV7 Add ơi e k9,rác,True,,
cmt_education007_0046_r06,education_007,"Ngoan Nguyen TS hơn CKII thì em đồng ý, chứ Ths vì sao hơn CKI? Mấy đứa nhỏ Y6 mới ra trường, bệnh thì khám chưa sành, đơn thuốc còn chưa cho đc, cắm đầu ôn thi lên ths mà hơn mấy Bs đã ra trường công tác vài năm rồi thi CKI ạ, đọc sách trước rồi nghe thầy giảng luôn luôn tốt hơn là mù câm mù điếc đi lên nghe thầy giảng :v 
Ví dụ bây giờ mình rạch ròi rõ ràng 2 bên, 1 bên nghiên cứu 1 bên điều trị, không có nhảy qua nhảy lại, ông chỉ được điều trị bệnh, còn ông chỉ thuần nghiên cứu và giảng dạy thì em đồng ý Ths và CKI ngồi cùng mâm, và chỉ cùng mâm thôi. Còn nếu xét về cả kiến thức và tay nghề, Ths k đủ trình để vượt qua CKI ạ (trường hợp bằng là trường hợp bs đã đi làm rồi nhưng vẫn chọn thi Ths)",trung lập,False,,
cmt_education_017_0030,education_017,Ko biết trên TG có nước nào áp dụng các mô hình này chưa nhỉ,trung lập,False,,
cmt_education_037_0031,education_037,Bộ nên thực hiện 1 cuộc đánh giá/ so sánh giữa học lực của những sinh viên xét tuyển học bạ với những sinh viên đậu ĐH bằng các phương thức khác. Sau đó ra quyết định “bỏ” hay “không bỏ” dựa trên kết quả đánh giá,ý kiến riêng,False,,
cmt_education020_0001_r04,education_020,Weibo Việt Nam giáo dục cả một thế hệ con người mà làm như trò đùa thử nghiệm hết năm này qua năm nọ. Nghề nào cẩu thả cũng là quân bất lương,tiêu cực,False,,
cmt_education_039_0050_r07,education_039,Tôi Tên Quỳnh hom nay trường có trả lời gì chua ạ,rác,True,,
cmt_education_007_0024,education_007,Tốt nhất là học cả Tiến sĩ và CK2,tích cực,False,,
cmt_education_040_0053,education_040,Quá chuẩn luôn ạ. Em chờ ngày này lâu lắm rồi.  Xu thế giờ trí tuệ nhân tạo.... mà thấy  mọi người toàn đâm đầu đi học chứng chỉ ngoại ngữ  🥹🥹🥹🥹,tích cực,False,,
cmt_education017_0008_r02,education_017,Minh Trân 2k9 thi ts chưa đủ khổ hay gì á 🥰,tiêu cực,False,,
cmt_education018_0006_r23,education_018,"Ngan Nguyen còn c bảo là ách tắc do bọn e dân hn hơn 10tr mà bọn e mới có ch đến 1tr lấy đâu ra mà ảnh hưởng, hay là do bọn e ít có tiếng nói nên là đổ tại bọn e, cái chính là c nhìn cái hạ tầng ấy cứ đuổi bọn e đi xong xây chung cư thì còn lâu hết tắc nhé.còn trên cứ đổ tại này nọ mà k nhận hạ tầng yếu thì có chuyển bọn e đi vẫn tắc y thế, rõ hay k thì sau 10-20 năm c thấy cmt e đúng hay k",trung lập,False,,
cmt_education_007_0354,education_007,"Viết gọn , dễ hiểu",tích cực,False,,
cmt_education009_0002_r03,education_009,Cô giáo phạt tát thế là quá độc ác. Đặt địa vị cô mà bị tát như thế thì sao,tiêu cực,False,,
cmt_education018_0002_r05,education_018,Người tham gia ẩn danh 494 rảnh quá đi chùi toilet,trung lập,False,,
cmt_education005_0002_r03,education_005,Bích Thủy mấy cô nghỉ chắc chỉ có mấy cô k có đk còn ph ai cũng khá giả chắc .,trung lập,False,,
cmt_education_011_0429,education_011,"Một chữ là khầy
Nửa chữ cũng là khầy
MÀ, chửa nữa cũng là khầy",rác,True,,
cmt_education_011_0223,education_011,Chắc thầy cô đang tập duyệt văn nghệ để chuẩn bị ngày 20_11.,trung lập,False,,
cmt_education_007_0122,education_007,Rõ chán mình học  cái gi thì nhận cái đó. Cớ sao học một đằng lại đòi công nhận một nẻo vậy .bạn ko thấy vô lý à?.Có ai bắt bạn học Ck1. Ck2 đâu muốn ths thì thi ths muốn TS thì làm ncs bảo vệ luôn án tiến sỹ .Sẽ lập tức đc cấp bằng ths hay ts mà,tiêu cực,False,,
cmt_education_011_0581,education_011,Thầy hiệu trưởng và cô giáo viên may mắn.,tích cực,False,,
cmt_education_017_0215,education_017,"Thi bằng giấy tốt nhất, thi trên máy tính mỏi mắt lắm, để tập trung đọc 1 đề dài nhìn trên giấy dễ tập trung hơn máy tính",tiêu cực,False,,
cmt_education017_0006_r02,education_017,Lý Thảo năm 2013 cháu thi IOE trên máy tính đã biết điểm ngay khi nộp bài rồi ạ,tích cực,False,,
cmt_education018_0011_r02,education_018,Tiệm Tháng Năm dời hết về phía đấy thì đông anh mê linh đi là khóc thét rồi,trung lập,False,,
cmt_education_007_0169,education_007,Gọi chung là tiến sĩ cho gọn,tích cực,False,,
cmt_education011_0004_r19,education_011,Nguyễn Đăng Tiến 🔥 thầy lên tjê'nq kìa mn ơii.. qa ho'nq đi mn ➡️ Nguyễn Thuận,rác,True,,
cmt_education_040_0002_r04,education_040,"Quynh Trinh Thi được dạy , dẫn dắt vẫn học nhanh , hiệu quả hơn là tự mày mò mà",tích cực,False,,
cmt_education009_0011_r04,education_009,Lớp trưởng Van Anh Truc vô nhận ngàn like nhé. 😘😍,rác,True,,
cmt_education011_0024_r01,education_011,"Bùi Huệ sao lại là con sâu, mấy vụ kiểu này địa phương nào chả có. Chẳng qua là ko ai làm rùm beng lên thôi kk.",trung lập,False,,
cmt_education_011_0561,education_011,Ôi vậy lại nhanh về vườn rùi,tiêu cực,False,,
cmt_education_018_0226,education_018,"Những trường đại học có diện tích đất nhỏ, chưa đồng bộ về cơ sở vật chất sẽ phải di dời toàn bộ, nhường cơ sở cũ trong nội đô cho giáo dục phổ thông và mục đích công cộng.

Hà Nội công bố báo cáo quy hoạch tổng thể thủ đô Hà Nội tầm nhìn 100 năm để lấy ý kiến nhân dân.

Trong đó, thành phố đề ra ba giải pháp để giãn mức độ tập trung sinh viên ở khu vực trung tâm:

Đầu tiên là không xây mới các trường đại học công lập ở khu vực đô thị trung tâm.

Những trường đã được đầu tư đồng bộ cơ sở 1 sẽ được giữ lại, nhưng sử dụng cho mục tiêu nghiên cứu khoa học, chuyển giao công nghệ và đổi mới sáng tạo, đào tạo sau đại học, đào tạo nghề chất lượng cao, giáo dục phổ thông, không gian công cộng. Cùng đó, thành phố hỗ trợ xây dựng cơ sở 2 ở ngoài trung tâm để đào tạo bậc đại học, bố trí khu thực hành và lưu trú sinh viên.

Các cơ sở mới sẽ được xây dựng theo khu, cụm đại học, hạt nhân là khu vực Hòa Lạc. Hà Nội dự kiến bố trí thêm khoảng 1.500 ha, bên cạnh khoảng 1.000 ha khu Đại học Quốc gia Hà Nội hiện nay. Mục tiêu là phát triển khu này thành trung tâm đầu não về khoa học kỹ thuật công nghệ cao, trung tâm chuyển giao, phát triển thị trường khoa học công nghệ và khởi nghiệp.

Ngoài ra, thành phố đầu tư hình thành các quần thể trường có hệ thống hạ tầng và các không gian chung đồng bộ, hiện đại ở vùng Hòa Lạc - Xuân Mai (cũ), Thạch Thất (cũ), Sơn Tây (cũ) và Sóc Sơn (cũ).

Cuối cùng, thành phố sẽ di dời những trường đại học, cao đẳng có quy mô nhỏ, diện tích đất, cơ sở vật chất chưa đáp ứng yêu cầu ra ngoài khu vực trung tâm. Nhóm này sẽ phải di dời toàn bộ. Thành phố hỗ trợ xây dựng hạ tầng tại nơi mới, cơ sở cũ được dùng cho giáo dục phổ thông và mục đích công cộng.

Danh sách trường thuộc các nhóm trên không được công bố. Còn theo chuẩn cơ sở giáo dục đại học của Bộ Giáo dục và Đào tạo, đến năm 2030, trường đại học phải đảm bảo diện tích đất bình quân trên một người học chính quy tối thiểu là 25 m2. Diện tích sàn với một người học không nhỏ hơn 2,8 m2. Các trường cũng phải đảm bảo ít nhất 70% giảng viên được bố trí chỗ làm việc riêng biệt...

Hà Nội hiện tập trung hơn một phần ba số cơ sở đại học trong toàn quốc, gồm hơn 50 trường công lập. Dự kiến đến năm 2030, thủ đô có khoảng 650.000-700.000 sinh viên. So với một số quốc gia ở châu Á, số lượng này nhiều hơn hẳn. Ví dụ tại Hàn Quốc, chỉ một phần năm số trường ở thủ đô.

Việc di dời các trường đại học ra khu đô thị vệ tinh từng được nêu trong Điều chỉnh Quy hoạch chung thủ đô Hà Nội đến năm 2045, tầm nhìn 2065, cuối năm 2024.

Nhiều trường đã rục rịch mở rộng diện tích bằng cách xây phân hiệu ở các tỉnh lân cận. Như Đại học Y Hà Nội, Ngoại thương, Luật, Dược Hà Nội chọn về Bắc Ninh; Học viện Ngân hàng, Đại học Kinh tế Quốc dân, Xây dựng Hà Nội xây dựng cơ sở ở Ninh Bình (địa bàn Hà Nam cũ); Bách khoa Hà Nội xây khuôn viên ở Hưng Yên.

Ngoài chia rõ nhóm cần di dời và được giữ lại, Hà Nội có định hướng phát triển các đại học trọng điểm quốc gia; nâng cấp, xây dựng một số trường lớn trở thành trung tâm đào tạo chất lượng cao, có uy tín trong khu vực và thế giới.

Bảy trường được Hà Nội dự kiến tập trung đầu tư phát triển: Đại học Quốc gia Hà Nội, Bách khoa Hà Nội, Kinh tế Quốc dân, Y Hà Nội, Sư phạm Hà Nội, Học viện Nông nghiệp Việt Nam và Học viện Kỹ thuật Quân sự (Trường Đại học Lê Quý Đôn)

TẢI FILE QUY HOẠCH THỦ ĐÔ TẦM NHÌN 100 NĂM
https://drive.google.com/drive/folders/1wDMMMaIhFvc6x4HVLD1lnanRKZPxAmXK?usp=sharing",rác,True,,
cmt_education_037_0019_r01,education_037,"Huy Dương học bạ bây giờ trường tư mới xài th, còn trường công lập giờ ngta ít sử dụng r, hay có ngta cũng kết hợp kỳ thi riêng",trung lập,False,,
cmt_education011_0003_r05,education_011,Trần Thanh Lâm nửa chữ cũng là thầy. Nữ chửa cũng là thầy. Chửa nữa cũng là thầy.,rác,True,,
cmt_education007_0002_r09,education_007,"Dương Phạm nói nhiều với loại này làm gì hả bạn, kêu ngta lừa đảo, tự đưa ra lý thuyết không có acid dạ dày gì đó nhưng có bằng chứng cho biện luận của mình được đâu :)) bảo bs bị đào tạo sai nhưng chả biết bs được đào tạo kiểu gì, tự suy đâu ra là họ được dạy: do dạy dày tiết dư acid gây viêm loét :)) chắc bài giảng y khoa đầy trên Youtube còn đếch thèm ngó qua cơ :))",tiêu cực,False,,
cmt_education_040_0162,education_040,Ng Thanh Thien Truc Duongg TtRang tham gia ngay môn của cô giáo 😆😆,rác,True,,
cmt_education_011_0091,education_011,Ko phải trong BGH nhà trường mà cha này là Chủ tịch hội đồng của đơn vị trường trực thuộc thôi,trung lập,False,,
cmt_education010_0010_r01,education_010,Phạm Mai Uyên tam tai trường V🥴,rác,True,,
cmt_education_005_0138,education_005,Thu bằng+ khởi tố,tiêu cực,False,,
cmt_education_017_0678,education_017,Quá hay,tích cực,False,,
cmt_education_020_0171,education_020,Học thật thi trượt thì có. Tội 2k7,tiêu cực,False,,
cmt_education_007_0050,education_007,tốt nhất chuyển đào tạo sức khỏe về bộ y tế các bác nhỉ,ý kiến riêng,False,,
cmt_education_039_0015,education_039,Bộ giáo dục và trường có hương nhanh cho các ph đi gửi qua sdt xho các em,ý kiến riêng,False,,
cmt_education020_0011_r01,education_020,"Lê Thị Hải Yến ai bảo thi ko đỗ thì ở nhà lao động? Các trường dân lập, trung tâm GDTX đóng cửa hết rồi sao?",trung lập,False,,
cmt_education_010_0008,education_010,"Cần dom rõ bộ mặt người trong đoạn hội thoại này ,ko chỉ gửi đến trường đại học vinh mà cần lan rộng khắp tp vinh cho xã hội biết sự suy thoái đạo đức của người gọi là thầy. Đồng thời các sinh viên nên tố giác với các ban nghành chức năng công an và báo chí truyền hình cho những người này bài học nhớ mãi về phẩm chất nghề giáo",rác,True,,
cmt_education009_0046_r01,education_009,"Em cũng giống con gái chị đây ạ, em rất thẳng tính, có những vấn đề mẹ em nói em phản biện lại thì bị qui chụp là dại, trứng đòi khôn hơn vịt, con ko nghe lời cha mẹ như ""cá ko ăn muối cá ươn, con cưỡng cha mẹ trăm đường con hư"" chị ạ!",ý kiến riêng,False,,
cmt_education_002_0031,education_002,Quan tâm,trung lập,False,,
cmt_education009_0001_r20,education_009,"HQ VU đồng ý với bạn chúng ta cho phép con"" cãi ""  lại người lớn là sai hoàn toàn vì như vậy dễ dẫn đến tình trạng "" cá mè một lứa "". chúng ta cho phép con nói lên ý kiến của con trong tinh thần khiêm tốn,  lễ phép với người trên chứ không được cãi nhem nhẻm thì sẽ bị cho là hỗn.",tiêu cực,False,,
cmt_education004_0001_r20,education_004,Nguyễn Hữu Thiện Ca ma run,rác,True,,
cmt_education017_0008_r06,education_017,"Trần Vũ Tiến Việt nam đang làm thế hệ sau tụt hậu vl, người dân tộc thi đh đc cộng 2,75 đ trong khi những người giỏi thật lại k được",tiêu cực,False,,
cmt_education011_0004_r39,education_011,Nguyễn Hòa trường này trước mình theo học.hồi mới thành lập trường thì ô bố vợ làm hiệu trưởng.sau này ô con rể lên kế nghiệp sinh ra thêm cái chức chủ tịch (còn hiệu trưởng ng khác làm),tiêu cực,False,,
cmt_education015_0001_r09,education_015,Nguyễn Trọng HòaPhân bò rơi,rác,True,,
cmt_education_038_0109,education_038,Trong khi AI có thể giúp ta rồi,trung lập,False,,
cmt_education_017_0087,education_017,Nguyen Thuyy Khanh My Rubi Thư Thảo Tâm hahahahah đi lấy chồng,rác,True,,
cmt_education015_0004_r02,education_015,"Ri Ki phát mãi tài sản trả lại cho chủ nợ của trường, liên quan gì tới nhà nước, 😏",trung lập,False,,
cmt_education020_0002_r01,education_020,Vịnh Nghi cho đề thế mới mở lại dạy đc chứ. Nếu thi đúng như chương trình dạy thì lấy đâu ra h. Thêm nữa 😂,ý kiến riêng,False,,
cmt_education_007_0179,education_007,Trời ơi chắc các thầy cô cũng phải bất mãn với đề xuất này quá.,tiêu cực,False,,
cmt_education007_0047_r01,education_007,Bùi Lương Ngọc,trung lập,False,,
cmt_education_020_0060,education_020,Báo cáo rồi 2k7 được gì. Tụi nó khóc hết nước mắt rồi hihihi,trung lập,False,,
cmt_education007_0001_r07,education_007,"Nhân Cách Khác, vậy khối BV ưu tiên bổ nhiệm bsnt, ck1 và 2/ khối đào tạo ưu tiên bổ nhiệm mảng còn lại. Còn lại là tương đương.",trung lập,False,,
cmt_education_018_0018,education_018,"Nay mới đc cái tin mừng, các cháu nội đô đi học vất vả quá mong các bác thực hiện sớm",tích cực,False,,
cmt_education_017_0561,education_017,Chết lâm sàn chắc nhiều á đa.🤣,tiêu cực,False,,
cmt_education015_0006_r06,education_015,Tuan Trinh Dinh Đúng trường này rồi đó học sinh khóc thay cho các anh hùng dân tộc VN lại là khóc cho quân cướp nước( lính mẽo) thực sự là tui thấy buồn và buồn cho ông cha ta đổ xương máu cho chúng nó có ngày hôm nay!,tiêu cực,False,,
cmt_education_037_0264,education_037,"Rất nên bỏ, thi ra thi, cử ra cứ",tích cực,False,,
cmt_education_009_0094,education_009,Phải giáo dục lại thôi,trung lập,False,,
cmt_education011_0005_r03,education_011,Nhật Thành Choénn cả học sinh còn quayy lại luôn mà sợ thật vừa xem ở Báo Xã Hội 24h,tiêu cực,False,,
cmt_education017_0003_r08,education_017,Le Thanh Son áp lực cho quen đi vào đh đỡ bỡ ngỡ,tích cực,False,,
cmt_education_004_0045,education_004,Hoan hô,tích cực,False,,
cmt_education_037_0002_r10,education_037,"Nam Anh Đan các trường top như Y v BK có xét học bạ đâu, nếu có xét thì họ cũng phân loại trường nào được xét chứ có phải cào hết đâu",trung lập,False,,
cmt_education_007_0092,education_007,"Vậy học y khoa 4 năm là đc, rồi sao thêm 2 năm ths . Hợp lý ko mn?",ý kiến riêng,False,,
cmt_education_040_0077,education_040,Học những môn cần thiết,tích cực,False,,
cmt_education007_0015_r01,education_007,"Nguyễn Thành Nam quá chuẩn luôn,có ai tin rằng một Ths BSCK1-lại phải hướng dẫn một vị PGS TS nguyên Phó giám đốc moitj BV thuộc trung ương về cách viết một chủ đề chuyên lâm sàng...cách CĐ và ĐT ...để nộp lên HĐKH không? đây là một câu chuyện có thực đó,tôi là một đồng nghiệp ngạc nhiên và không bao giờ một PGSTS lại kién thức rỗng thế ư?mà sao họ cũng mang hàn PGS chắc giảng cho bao thế hệ SV sẽ thiệt thòi nhiều đó,nên xem lại cách đào đạo phong các chức danh PGS,GS...cách sd con người cho phù hợp với kiến thức của họ...BGD -BYT còn nhiều lỗ hổng...thương các thế hệ tt trẻ...mong cách nhìn  sáng suốt hợp lý của BGD-BYT...cho nvYT không bị nản,không bị lãng phí nhân tài và nguồn lực...",tiêu cực,False,,
cmt_education013_0019_r11,education_013,Nguyễn Lâm Khánh Duy sau này nhà nước có thể theo dõi con cháu ổng để truy ra nguồn tiền không nhỉ? Vì thế nào tụi nó cũng phải dùng tiền ổng để lại,ý kiến riêng,False,,
cmt_education_011_0267,education_011,ai cũng vậy nhưng phải kín đáo,trung lập,False,,
cmt_education007_0026_r01,education_007,Yen Nguyen Bác nói vậy cũng không đúng. Riêng chuyên khoa thì con không chắc. Nhưng Bs NT học phần nghiên cứu của họ đều có không khác thạc sĩ là mấy. Họ cũng phải làm luận văn nghiên cứu như ths. Và năng lực họ làm còn tốt hơn nữa.,trung lập,False,,
cmt_education_009_0227,education_009,"Từ hiệu trưởng đến giáo viên không xứng đáng làm công việc giáo dục ,vì bản thân họ chưa được giáo dục tử tế .",tiêu cực,False,,
cmt_education_018_0291,education_018,sướng như tiên,trung lập,False,,
cmt_education011_0097_r02,education_011,Lâm Văn Hòa đưa được các cô lên dường còn không giỏi. Cu thì to như phích,tiêu cực,False,,
cmt_education_037_0002_r41,education_037,Nguyễn Zen học bạ giỏi hay giỏi đi mua điểm,tiêu cực,False,,
cmt_education_020_0296,education_020,"học thật, thi thật mà vẫn tạch thì đặt câu hỏi ngược lại về phương pháp giảng dạy và chương trình giảng dạy",trung lập,False,,
cmt_education020_0003_r02,education_020,Nhân Si bạn đi thi đi để chứng minh cho lời nói của mình,tiêu cực,False,,
cmt_education015_0001_r30,education_015,Tuyền Văn Hóa một quyết định quá hay của BGD và ĐT hoan hô đảng nhà nước ta quá sáng suốt.,tích cực,False,,
cmt_education_017_0578,education_017,Hack một phát là coi như thằng dốt thành thằng giỏi,tiêu cực,False,,
cmt_education_011_0525,education_011,Ôi! Ngành giáo dục 😭,rác,True,,
cmt_education018_0010_r11,education_018,"Thang Viet quy trình hay lợi ích. Nhìn thực tế đi đừng nói mồm. Thực tế giờ đang quá tải và quá nhiều vấn đề. Suốt ngày văn vở quy trình. Dân các tỉnh thì đầy ra , nhu cầu thiếu thốn thì không giải quyết , toàn nói phét. Toàn kêu thiếu cái này cái kia có mà thiếu tiền cho các ông đớp và chia chác thì có",trung lập,False,,
cmt_education017_0006_r04,education_017,"Lý Thảo người ta phổ cập rồi mới bắt đầu, có dư thời gian mà làm nha. HSG thi tự luận thì thi máy kiểu gì. Mấy thi trắc nghiệm thì thi máy còn khỏe hơn, đỡ tốn thời gian khoanh, khoanh lỗi, khoanh sai. Mà còn có cờ đỏ đánh dấu khi cần quay lại nữa. T thi tốt nghiệp đại học năm nay còn thi máy tính phần trắc nghiệm đây.",tích cực,False,,
cmt_education020_0056_r01,education_020,Trường Mai chắc bảo vệ hoặc móc ngoặc cho mấy trung tâm dạy ielts!,tích cực,False,,
cmt_education_037_0211,education_037,Bỏ học bạ.Thêm môn thay vì 2môn Toán - Văn + 2 môn tự chọn thì thành 3 môn tự chọn để Học Sinh chọn thêm khối nếu muốn.Chứ gì đâu A00 mà muốn thi A01 không dc trong khi chỉ thêm 1 môn để tự chọn thì dễ dàng để lựa hơn cho những em học đều,ý kiến riêng,False,,
cmt_education_005_0090,education_005,Thấy tội cho tụi nhỏ😩,tiêu cực,False,,
cmt_education016_0062_r01,education_016,Âu Bảo Văn https:/\/www.facebook.com\/khanh.huyen.875594\/videos\/843589092000760\/ e đang hiểu chưa đúng đó . E nghe để tham khảo nhé ạ,trung lập,False,,
cmt_education_017_0657,education_017,Thế này đề nghị cho bác sĩ trông thi ms hợp lý chứ k là k kịp trở tay vs thí sinh đâu ah,ý kiến riêng,False,,
cmt_education007_0003_r07,education_007,Hoang Ho đúng rồi.,trung lập,False,,
cmt_education_016_0056,education_016,10 nguyện vọng là hợp lý r mà,tích cực,False,,
cmt_education_007_0029,education_007,Học gì thì cũng chỉ là Bs.,trung lập,False,,
cmt_education011_0003_r14,education_011,2/3 cô giáo trong trường chứ k phải. 1 😂😂,rác,True,,
cmt_education_037_0218,education_037,Quá chuẩn luôn,tích cực,False,,
cmt_education_007_0266,education_007,Ô GD ô cũng có cái lý của ô. Vì nhiều ngành khác họ cũng tinh hoa dạng chuyên ngành của họ nên chắc dùng song song,trung lập,False,,
cmt_education_037_0270,education_037,Minh Ánh giỡn hả trời,rác,True,,
cmt_education_040_0066,education_040,"Hs con em dân tộc thiểu số đến từ các vùng miền có đk kinh tế khó khăn cơ sở vật chất thiếu thốn nên sự tiếp cận với công nghệ còn hạn chế,  dẫn đến kỹ năng ứng dụng công nghệ thông tin chưa cao.  Hơn nữa hiện nay ở các trường đại học rất nhiều tổ hợp môn đưa môn Tin học vào để đáp ứng xu hướng pt của thời đại.Vì vậy trong ct dự bị đại học  nên đưa môn TIN HỌC vào chương trình dự bị để các em được tiếp cận và bắt kịp chương trình ở đại học, đáp ứng sự pt rất nhanh của công nghệ như hiện nay.",rác,True,,
cmt_education_009_0155,education_009,"Cách xử lý của con gái em cũng là ""cầm dép chạy lên phòng hiệu trưởng"" :)",tích cực,False,,
cmt_education007_0005_r01,education_007,"Tôi đã làm tiến sỹ cách đây 20 năm rồi. Tôi cũng chuyển đổi ck2 cách đây 14 năm rồi. Tôi đã chấm thi khoảng 50-70 hội đồng ck2 rồi. Tôi cũng hướng dẫn đề tài cho hàng chục bsck2, thạc sỹ rồi. Không để đánh đồng ck2 và ts được. Nếu mà đánh đồng, thì tội gì phải đi học tiến sỹ cho vất vả, tổn hại tinh thần, tốn kém tiền bạc. Chưa nói học ck2 chưa bao giờ không tốt nghiệp. Còn học ncs thì chưa chắc đã về đc đích.
Quan trọng là khi làm việc phải bố trí xắp xếp công việc phù hợp với khả năng, trình độ của mỗi thể loại văn bằng. Chúng ta đang lẫn lộn trong việc dùng văn bằng trong bố trí chức vụ công tác, dẫn đến ông nào muốn lên chức cao thì cố kiếm học vị ts bằng mọi cách. Và nhiều bs chưa biết việc, chưa đc thực hành lâm sàng rồi đc cử đi học tiến sỹ, sau khi về có làm đc gì đâu!",trung lập,False,,
cmt_education020_0005_r16,education_020,Bong Bi còn hơn cha là nhà có phúc,rác,True,,
cmt_education_037_0048,education_037,Nên bỏ,tích cực,False,,
cmt_education_017_0438,education_017,Tuyệt vời,tích cực,False,,
cmt_education_040_0048,education_040,Đóng có cái lệ phí nguyện vọng thôi còn làm cái hệ thống trả ra hồn. Toàn mấy cái vớ vẩn,tiêu cực,False,,
cmt_education018_0060_r05,education_018,Phí Đức,rác,True,,
cmt_education_017_0492,education_017,Huong Thao có thể là 1 dàn xe cứu thương đứng đợi cửa,tiêu cực,False,,
cmt_education_002_0032,education_002,Bài viết hay,tích cực,False,,
cmt_education018_0018_r05,education_018,"Linh Vũ o kma cook di dau the bac, em dang dat nv1",trung lập,False,,
cmt_education_011_0548,education_011,sao ko chuẩn ta🤔? méo xót em nào,trung lập,False,,
cmt_education_004_0037,education_004,Này thì hiểu nhầm. Này thì 2 đợt :)),trung lập,False,,
cmt_education_037_0009_r02,education_037,"Liên Phạm Nỗ lực cả ba năm mà sợ một kỳ thi, thế là thế nào?",tiêu cực,False,,
cmt_education020_0002_r10,education_020,Ruby Bảo Ngọc đố các ông ý làm đc,ý kiến riêng,False,,
cmt_education_011_0067,education_011,Giờ nười bị điều tra và xử lý nặng nhất là người tìm ra và phát tán clip :),tiêu cực,False,,
cmt_education_017_0584,education_017,Làm  bài  thi  xong  thì  bị  tiền đình . nộp  bài  thi  vào  luôn  xe cấp cứu  .,tiêu cực,False,,
cmt_education_005_0042,education_005,Cần thanh tra các trường khác,trung lập,False,,
cmt_education_039_0001_r06,education_039,Ngoc Thyy chuc em dc nhà trường giải quyết  tốt đẹp .,tích cực,False,,
cmt_education_009_0066,education_009,Các bạn đung manh động mang tiếng bất nghĩa với nhà jao.ieng coi ba chịu nổi không. Mà cũng vừa mấy em lắm o nhà cha mẹ nói không nghe cưng như ngọc như nga mà làm cha mẹ buồn để người ta hành hạ ruot cuộc cha mẹ ôm xo,trung lập,False,,
cmt_education_020_0026,education_020,Người ra đề không đánh giá được lực học của HS. Ra đề tiếng anh mà người thầy giáo tiếng anh bản địa đọc cả chục lần cũng chưa hiểu nói gì HS,tiêu cực,False,,
cmt_education_037_0323_r03,education_037,Diễm My nhớ khuyên mấy em đừng ráng lấy hsxs k đc cộng gì =))),ý kiến riêng,False,,
cmt_education_009_0119,education_009,"Mình đã không dám cho con mình trong trường công nữa , kệ xem như nhịn ăn mua sự tự tin thẳng lưng cho con vậy",tiêu cực,False,,
cmt_education_017_0241,education_017,Thi xong lên với các cụ là vừa❤,trung lập,False,,
cmt_education_009_0062,education_009,"Hồi lớp 12 học cùng lớp và chơi thân vs tg em ông thầy dạy toán. Mỗi lần kiểm tra 1 tiết là ông a nó mang bài về nhà chấm. là kêu tg bạn lấy bài của mình bỏ đi làm một bài mới chép y nguyên bài của con lớp phó học tập , câu nào sai còn xửa lại. Đm ấy thế mà vẫn 6.5 đ. Còn con lớp phó vẫn 10 điểm =))",trung lập,False,,
cmt_education_005_0221,education_005,"còn thể loại này nhiều lắm , cứ truy tố làm vụ án điểm cho bớt thể loại này lại",tiêu cực,False,,
cmt_education_040_0003,education_040,"Cải cách thì cải cách luôn từ cấp 1 các bác à, tuổi đó dễ tiếp thu nhất. Chứ giờ ba mẹ đóng tiền mà các con chỉ vào chơi game trong trường, thì vừa phí tiền vừa tạo cơ hội cho tụi trẻ cấm đầu vào game.",tích cực,False,,
cmt_education018_0004_r03,education_018,Tuan Nguyen sv về nhiều rồi b. :),trung lập,False,,
cmt_education_009_0148,education_009,"Hihi GD cha mẹ, thế hệ chịu đói ăn và mặc rách mới là đại, cực khó. Và đó mới là nguyên nhân + vấn nạn tạo ra nền giáo dục chạy theo kinh tế thị trường định hướng XHCN lúc này ở VN. Còn con trẻ mới đến trường thì cho học đâu con học đó thôi anh ạ.

Lúc cãi hôi cùng anh Gấu cho anh Giang Ivy đấu với cả Sở GDHN, Bộ GD & trường dân lập núp tây GWIS NEWTON là em thấy rõ hội CMHS nhóm 7X 8X và 9X có mà giời cứu vì bênh thày cô và lò giáo dục ma cô thành quỷ. Nào là tiền nào của nấy; nào là phụ huynh học sinh ko kêu lừa thì thôi người ngoài báo chí cứ kêu lừa. Trời ơi hàng trăm phụ huynh bị đe dọa bị bịt miệng bị công an hỏi thăm và người chính chủ hành động đc đến công an uống nước mấy bận mà vẫn còn cãi. Tóm lại bọn có tiền mà lại là tiền linh tinh phèng ở cái XH rừng luật rừng ntn thì chả thể nói là khôn được.

Phân loại giáo dục học sinh là phân loại từ phụ huynh trước. Chứ nước nhà chưa được 100 năm xóa mù chữ mà giờ mong giáo dục tiến lên CNXH có mà tiến vào mắt ạ😊.",trung lập,False,,
cmt_education013_0019_r16,education_013,Nguyễn Đạt vậy nên bắn bỏ thôi xem nó sợ k...kêu h k khắc phục thì chúng thân hoặc bắn... thử nó nhả k,rác,True,,
cmt_education_005_0132,education_005,"Tao là tao nhớ suốt đời bà cô dạy lớp 1 của tao y chang…làm ông già đánh tao thừa sống thiếu chết vì 1đ. Sau đó ổng kiểm tra lại bài mới thấy t làm đúng cô chấm sai, ổ chuyển trường cho tao luôn. Bà đó bả ác mà bả mà tao nhớ tên bả suốt cuộc đời luôn. Và cũng có lắm cô mất dạy như vậy lắm, khi phụ huynh phát hiện ra dìm con người ta, cô kêu sai sót trong chấm bài do chấm nhiều",tiêu cực,False,,
cmt_education_017_0566,education_017,Giống thi sát hạch lái xe,trung lập,False,,
cmt_education_018_0021,education_018,Rời những tr đại học lớn tùi HN sẽ k còn là HN,trung lập,False,,
cmt_education011_0017_r02,education_011,"Trần Hạo Thien 
hơn chục cô giáo và cả HS mặc đồng phục mà ,cứ cãi, sợ thật, vừa xem bên Tin nóng 24/7",tiêu cực,False,,
cmt_education_009_0209,education_009,"Yêu Xu Sim quá.  2 bé nhà mình cũng trả lời như thế, 1 bé lớp 6, 1 bé lớp 2.",rác,True,,
cmt_education015_0002_r01,education_015,Hà Nhân Hậu   đúng vậy,tiêu cực,False,,
cmt_education_011_0167,education_011,Lãnh đạo… đã quá,tiêu cực,False,,
cmt_education_037_0001_r07,education_037,Nguyễn Tấn Vân Xuân tôi đồng quan điểm với bạn rất đúng nhà nước mình muốn đào tạo nhân tài chỉ có lấy điểm thi là công bằng ( nhưng với đk thi phải thật công tâm và chuẩn mực mới ok...),tích cực,False,,
cmt_education_011_0452,education_011,"Chia sẻ đúng thời điểm. Các video được đưa ra rõ ràng từng tập từng người. Thời điểm 1 năm rồi chọn đúng lúc này đăng. Cơ quan còn điều tra nhưng chắc chắn ông này có tội. Mọi người chia sẻ nhiều, bàn tán mà không biết đôi khi vô tình chia sẻ văn hóa phẩm ""dotruy"" không nhỉ?",trung lập,False,,
cmt_education_018_0136,education_018,Ae bt đây là đh gì ko,trung lập,False,,
cmt_education_037_0002_r13,education_037,Thu La Thị bởi người ta thường nói học tài thi phận đó bạn. Học bạ điểm ko cao đi thì may mắn đc điểm cao,trung lập,False,,
cmt_education_037_0002_r28,education_037,"Lý Hoài Ân thà là như vậy, cho đến khi có phương án quản",trung lập,False,,
cmt_education_015_0007,education_015,Đây là giải pháp rất đúng cho tương lai,tích cực,False,,
cmt_education_017_0051,education_017,Thúy An bình phương xụi,rác,True,,
cmt_education_017_0493,education_017,Bộ gd giờ đỉnh vc. Sợ vch,tiêu cực,False,,
cmt_education_020_0031,education_020,"Không hài lòng với  BGD hiện nay,uoc trong sách mà  thi ko có trong sách vậy xuất bản sách làm gì",tiêu cực,False,,
cmt_education017_0005_r03,education_017,"Thai Dinh tạch luôn tại chỗ, đỡ hồi hộp",tích cực,False,,
cmt_education_011_0211,education_011,Giáo dục ko sướng bằng tình duc kkk,tiêu cực,False,,
cmt_education_011_0324,education_011,Nhiều lúc có dinh học sinh ko .......,trung lập,False,,
cmt_education_016_0046,education_016,"Phản đối cái thứ tư ạ. Quá bất công ạ. Như thế thì ngày đầu tiên thi toán được 8 điểm thì ngày thứ 2 nên nghỉ thi luôn, vì được 20 điểm nữa cũng chẳng đậu.",tiêu cực,False,,
cmt_education_007_0066,education_007,BS CK2 được trọng dụng hơn trong điều trị . TS thì trong Giảng dạy . Vậy đãi ngộ tương đương nhau là ok .,tích cực,False,,
cmt_education007_0046_r11,education_007,"Cam Tu Nguyen Thi con lạy hồn… y học nữa đời má tui mà phán bs nội trú chỉ là sv Y7,8 thì đúng là y học nữa vời. Tui nói bà ngu là còn nhẹ đó nha bà già xấu xí 🤭",tiêu cực,False,,
cmt_education_037_0002_r36,education_037,Nguyễn Zen nỗ lực nhưng dễ sửa điểm,rác,True,,
cmt_education_037_0315,education_037,"tốt nghiệp = điểm thi + điểm học bạ, rồi xét đh nhiều phương thức, nếu xét học bạ bỏ thì điểm sàn hạ xuống.",ý kiến riêng,False,,
cmt_education007_0002_r07,education_007,Trần Thắng Vậy số lượng BS đếm trên đầu ngon tay á 😂😂😂,rác,True,,
cmt_education017_0001_r08,education_017,Thị Lý chưa học đại học thì ko biết hình thức này đâu. Kết nối máy chủ chứ có kết nối internet đâu mà kêu mạng kém?,trung lập,False,,
cmt_education_009_0067,education_009,có thế cũng làm um lên. mời cô lên lớp triệu tập họ hàng hang hốc nhà học sinh mỗi người trả lại cô 1 cái là xong. đảm bảo cô nhai bằng lợi nguyên hàm 😂,tiêu cực,False,,
cmt_education007_0001_r09,education_007,"Nhân Cách Khác chắc bạn ko phải ngành y nhỉ, nên mới có cái kiểu nói như vậy",ý kiến riêng,False,,
cmt_education020_0004_r15,education_020,TienTuyen Cao chuẩn luôn,tiêu cực,False,,
cmt_education_011_0149,education_011,Thế mới nhanh ngoi lên dc,trung lập,False,,
cmt_education011_0002_r13,education_011,"Hoàng Mỹ Thuận  eeh nha, bạn có video cho xin link nha kkk",rác,True,,
cmt_education_017_0452,education_017,Thi xong bước ra ngoài ngất luôn💔,tiêu cực,False,,
cmt_education017_0007_r16,education_017,"Nhi Nguyễn b xem 1 trường có bn cái máy tính thế b và chất lượng máy đấy nó ntn, đáp ứng thi tuyển k",tiêu cực,False,,
cmt_education_009_0106,education_009,"Em cũng hỏi con em như chị đó. Bạn ý nói cũng sẽ không nghe lời cô trong trường hợp đó nhưng lại bảo nếu bạn bị tát làm sai, bạn nhà em sẽ nghe lời cô. Hu....",trung lập,False,,
cmt_education_038_0007,education_038,Điều quan trọng không phải thiếu giáo viên mà là chất lượng giảng dạy và phương pháp giảng dạy,ý kiến riêng,False,,
cmt_education013_0017_r08,education_013,Nguyễn Ngọc Phát lên mới bị bế nhưng ông nào tham gia chương trình ấy chắc dần dân đi hết lượt 🤣🤣,tiêu cực,False,,
cmt_education_040_0115,education_040,Chính xác ạ. Bộ thật sáng suốt.  Vì các cháu khối A khi đỗ vào Đh chưa biết gì về máy tính. Rất nhiều em phải ra trung tâm học thêm tin học để bổ trợ cho việc học. Ngoài ra bây giờ nghành gì cũng phải dùng công nghệ.,tích cực,False,,
cmt_education_038_0078,education_038,Thúy Nga Quỳnh Chi Đào.T Thảo Hoa cơ hội cho sp anh kìa,trung lập,False,,
cmt_education_009_0198,education_009,"Bên cạnh việc lên án,  mình phải làm gì để  chấm dứt hoặc ít nhất là giảm bớt những sự việc như thế này chị ơi. Em nghĩ đâu đó trên đất nước này vẫn còn những hành động vô nhân tính này 😒",trung lập,False,,
cmt_education_005_0157,education_005,Hòa Mỹ tưởng pleiku ko á,rác,True,,
cmt_education017_0017_r02,education_017,Thao Nguyen đang thi làm quả cúp điện. ối dồi,tích cực,False,,
cmt_education020_0003_r04,education_020,Nhân Si chắc hồi xưa bạn đỗ thủ khoa trường chuyên lớp chọn quá.,rác,True,,
cmt_education007_0005_r18,education_007,"Nguyễn Quang Tráng:  
1) Tiến sĩ y khoa ở Pháp không được khám chữa bệnh, vì học vị này tập trung vào nghiên cứu và chuyên môn sâu, chứ không phải là bằng cấp hành nghề y. 
    Để được hành nghề khám chữa bệnh, các tiến sĩ y khoa  phải hoàn thành chương trình đào tạo bác sĩ nội trú sau khi tốt nghiệp đại học y khoa và sau đó phải xin giấy phép hành nghề phù hợp. 
    ++ Tiến sĩ y khoa: là một học vị cao cấp, mang tính học thuật và nghiên cứu, thường được đạt được sau khi hoàn thành chương trình đào tạo và nghiên cứu chuyên sâu.
    ++ Quyền hành nghề y: Để được hành nghề khám chữa bệnh, một người cần có giấy phép hành nghề phù hợp, được cấp sau khi đã hoàn thành chương trình đào tạo bác sĩ nội trú tại Pháp.    

2) Thạc sĩ y khoa ở Pháp cũng không có quyền trực tiếp khám chữa bệnh như một bác sĩ độc lập, trừ khi họ đã là một bác sĩ nội trú (bác sĩ đang trong quá trình đào tạo chuyên sâu sau khi có bằng y khoa). Bằng thạc sĩ y khoa thường là bước đệm để theo đuổi các chương trình chuyên sâu hơn hoặc các công việc liên quan đến y tế, nghiên cứu.

3) Ở Pháp không có phân cấp bậc BS Chuyên khoa 1 và Chuyên khoa 2 như ở Việt Nam. Thay vào đó, hệ thống đào tạo y khoa ở Pháp bao gồm 3 bậc chính, và sau đó là các chương trình đào tạo chuyên sâu hơn để trở thành bác sĩ chuyên khoa. 
     + Bậc 1 (3 năm): Đào tạo cử nhân y khoa, gọi là DFGSM (Diplôme de Formation Générale en Sciences Médicales).
     + Bậc 2 (3 năm): Đào tạo chuyên sâu về y khoa, gọi là DFASM (Diplôme de Formation Approfondie en Sciences Médicales).
     + Bậc 3 (3-6 năm): Đào tạo nội trú, cho phép các bác sĩ thực hiện nghiên cứu chuyên sâu và đạt được bằng cấp chuyên ngành (DES - Diplôme d'Etudes Spécialisées). 
( Sau 9 năm, được gọi là Medicale Docteur). 
  *** Sau khi hoàn thành các bậc này ( 9 năm), một bác sĩ có thể tiếp tục theo học để trở thành bác sĩ chuyên khoa, với tổng thời gian đào tạo có thể lên tới 11 năm hoặc hơn tùy chuyên khoa. .",trung lập,False,,
cmt_education_009_0052,education_009,"Đi dạy chủ yêu làm các em tự mến yêu mình, bài dạy hấp dẫn thì các em sẽ tự giác nghe lời, k cần phải la hét, gào rú. Đôi lúc có trường hợp ngoại lệ, thay vì la mắng nguyên lớp, mình chọn gọi phụ huynh, họ đưa bé về tự dạy dỗ lại, hôm sau sẽ quay lại lớp :)",trung lập,False,,
cmt_education_009_0132,education_009,Thu Dung lớp trưởng lớp thèn Bull,rác,True,,
cmt_education_011_0136,education_011,Quá đã,rác,True,,
cmt_education_005_0051,education_005,"Học trung tâm  - sai
Học cô dạy thêm mới - đúng kk",tiêu cực,False,,
cmt_education_018_0225,education_018,HLU có bye bye k ạ,trung lập,False,,
cmt_education_005_0253,education_005,"Sao duoc nhin thay bai thi ha ,Như con minh thi chi biet diem thi thoi mon nao cung vay",trung lập,False,,
cmt_education_011_0468,education_011,"Sáng 10/11, Sở Giáo dục và Đào tạo tỉnh Ninh Bình xác nhận đã nắm được thông tin liên quan đến vụ việc đang gây xôn xao trên mạng xã hội. Vụ việc được cho là xảy ra tại một trường trung học phổ thông trên địa bàn, liên quan đến một người đàn ông xuất hiện trong các hình ảnh và video nhạy cảm với nhiều phụ nữ.

https://www.webtretho.vn/f/doc-bao-gium-ban/xac-minh-vu-viec-hinh-anh-nhay-cam-tai-truong-thpt-o-ninh-binh",rác,True,,
cmt_education_011_0354,education_011,"Ngày xưa t đi học thầy ht chén gần hết cô ở trường luôn ấy chứ. Bà nào muốn vào biên chế, rồi bà thì lên hiệu phó đều đưa thầy chén tất.",tiêu cực,False,,
cmt_education_011_0024,education_011,Nên xem lại cả hệ thống,ý kiến riêng,False,,
cmt_education_007_0153,education_007,Bs chuyên khoa chính quy ĐHYD còn giỏi hơn Tiến sĩ!!,tích cực,False,,
cmt_education005_0003_r04,education_005,Gas Khánh dìm để điểm yếu là phụ huynh sẽ cho con đi học thêm.giáo viên ko có tính trung thực cần phải cho đình chỉ.,trung lập,False,,
cmt_education007_0005_r05,education_007,"Già Mà Còn Ham nếu cũng có người nói BSNT giỏi hơn Tiến sĩ hay giỏi hơn PGS thì cũng đều phải xếp BSNT là TS hoặc xét học hàm PGS cho BSNT à, 2 hệ thống đào tạo khác nhau, chưa ai có cơ sở để đánh giá bên nào giỏi hơn bên nào , vậy nên anh BSNT hãy cứ là BSNT, anh Ths vẫn cứ là Ths, mắc cớ gì tôi phải là anh và anh phải là tôi.",trung lập,False,,
cmt_education018_0017_r06,education_018,"Lê Trần Bách như khu trường công nghiệp ở ngoại thành thôi trọ rẻ hơn 500 1tr đã cả 1 vấn đề đấy :)) giù có trường xây ở đâu thì chi phí tăng lên, nhưng tăng lên bao nhiêu % ?, rẻ hơn bao nhiêu so với HN ? đã trải nghiệm chưa mà bảo về quê ăn uống vẫn thế ? Còn ở quê giờ thiếu gì việc làm , học xong thích thì lên HN làm vẫn là chuyện bth",trung lập,False,,
cmt_education_017_0245,education_017,Thi xog nhảy cầu=]],tiêu cực,False,,
cmt_education_004_0157,education_004,Khởi tố là đúng rồi,tích cực,False,,
cmt_education_020_0056,education_020,"Ủa nó sẽ nói tại hs và gv chưa quen, trong khi thi ko bám sát ct học mà dành cho ielts. Thì ko phải đang tạo điều kiện cho tt dạy ielts , kiểu muốn có điểm bắt buộc tự học ielts. Rồi ai ko chuẩn bị hay nghèo chưa học ct ielts chấp nhận điểm thấp ( tại ct học đâu đủ). Trong khi năm nay chủ trương giảm buổi phụ đạo, có đoạn ko dạy thêm........ bất công. 
Kiểu tao ra đề vậy coi ai thắng...... Bgd toàn thắng",tiêu cực,False,,
cmt_education_018_0223,education_018,Đợi cháu học xong đã xin các bác đấy😭,trung lập,False,,
cmt_education009_0001_r17,education_009,"Trung Dâu ở riêng là giải pháp duy nhất, ông bà thì không thể thay đổi",trung lập,False,,
cmt_education017_0001_r05,education_017,Hà Nguyễn nhìn điện thoại thì tinh thế mà nhìn trên máy tinh kêu k tập trung trong khi đề nó chia từng câu 1 chỉ đọc dc 1 câu đó làm song mới qua câu khác thì còn cái gì khác trên màn hình mà k tập trung,tiêu cực,False,,
cmt_education_018_0271,education_018,chắc phải 10 đời thủ tướng nữa,trung lập,False,,
cmt_education_037_0191,education_037,mong lắm,tích cực,False,,
cmt_education007_0002_r06,education_007,Minh An bọn học nộ trú thì cả vè lâm sàng và nghiên cứu nó đều hơn đứt bọn học CK1 và bọn Ths bạn à.,trung lập,False,,
cmt_education_039_0114_r01,education_039,Trần Bảo Duy 1 hồi bộ kh chịu là ăn cám cả đám,tiêu cực,False,,
cmt_education_037_0003_r04,education_037,Hồng Mon. Bách khoa ĐGNL tính 70 % học bạ 10% và điểm thi chỉ có 20%  nên ai thi ĐGNL cao thì lợi thế,ý kiến riêng,False,,
cmt_education_007_0002,education_007,"""Tôi vẫn giữ quan điểm hai hệ thống đào tạo cần được rõ ràng. Nếu lấy yêu cầu đặc thù của một ngành để điều chỉnh cho khung chung, điều đó có thể làm phá vỡ hệ thống giáo dục.

Nghề nào cũng rất cao quý. Không bao giờ nói bác sĩ chuyên khoa II không giỏi bằng tiến sĩ. Nhưng về chính sách, hoàn toàn có quy định bác sĩ chuyên khoa II được hưởng chính sách như tiến sĩ"" - ông Vinh nói và nhấn mạnh quan điểm, không thể xếp bác sĩ chuyên khoa I, II là tiến sĩ.

https://laodong.vn/thoi-su/nganh-giao-duc-giu-quan-diem-khong-xep-bac-si-noi-tru-chuyen-khoa-tuong-duong-thac-si-1620068.ldo?fbclid=IwRlRTSAOeaaxleHRuA2FlbQIxMQBzcnRjBmFwcF9pZAo2NjI4NTY4Mzc5AAEeTZH1RDuyPw-IFlZnvJoklpX3eSEUJ9Egwpj5OE3wv_-fImvFY2_9mv0VlkE_aem_L5CXs27SQ51RB02HBDghIw",rác,True,,
cmt_education011_0020_r01,education_011,Nhung Lee về gặp đánh chết con vk song rồi bỏ,tiêu cực,False,,
cmt_education_007_0315,education_007,Bài viết quá hay mong các bậc lãnh đạo có phương pháp đào tạo đúng đắn.,tích cực,False,,
cmt_education_014_0001,education_014,"Trưa 21/8, Sở GD&ĐT TP. Hồ Chí Minh đã có thông tin liên quan đến vụ lùm xùm giải Genius Olympiad.

Theo đó, Hiệu trưởng Trường THPT Gia Định đã ban hành quyết định về kỷ luật viên chức, hình thức kỷ luật là cảnh cáo đối với thầy Nguyễn Minh Trung, giáo viên trường THPT Gia Định. Quyết định có hiệu lực 12 tháng.

Hiện nay, Sở GD-ĐT đang xem xét tổ chức kiểm điểm đối với Hiệu trưởng trường này.

Trước đó, vào giữa tháng 7, dư luận xôn xao trước thông tin  nữ sinh MC tố bài viết của mình tham gia cuộc thi Genius Olympiad 2023 được thầy Trung, giáo viên Trường THPT Gia Định, quận Bình Thạnh, là người đồng hành thông báo bị trượt vòng loại nhưng lại bị thí sinh NQU (học sinh trường THPT Gia Định) sao chép lại để tham gia vòng chung kết cuộc thi Genius Olympiad 2023 tại Mỹ và giành được huy chương.

Sau đó, ban tổ chức giải Genius Olympiad cũng đã quyết định thu hồi giải thưởng đồng thời giáo viên tham gia hướng dẫn sẽ không được tham dự giải trong năm 2024.",rác,True,,
cmt_education_037_0136,education_037,Quay về 24 năm trước à,tiêu cực,False,,
cmt_education_011_0544,education_011,Đổi mới giáo dục là đây .,tiêu cực,False,,
cmt_education_018_0046,education_018,Ra hết đi cho con cái đỡ khổ,trung lập,False,,
cmt_education_015_0021,education_015,Fundai với thằng này nguyên ổ virus codona,tiêu cực,False,,
cmt_education_017_0359,education_017,Bảo Yến Nguyễn Thu An Quynh Anh Le Thu Anh Pham cùng là người mà sao thích làm khó nhau dữ v🥲😭😭,rác,True,,
cmt_education007_0001_r05,education_007,"Chuyện Nghề Y Bộ giáo dục là ai , quyền lực mền hay cứng . HÃY ĐẶT SƯC KHỎE CỦA CON NGƯỜI LÀ TỐI THƯỢNG . Y KHOA VIỆT NAM SÁNH VAI VỚI CÁC NƯỚC TIÊN TIẾN THẾ GIỚI .NHIỀU NGƯỜI Y KHOA ĐƯỢC THẾ GIƠI CÔNG NHẬN GIỎI .HÍNH THỨC HÒA QUYỀN LỰC BỘ GIÁO DỤC .",tích cực,False,,
cmt_education_007_0129,education_007,"Đúng mà, k thể cảm tính được",tích cực,False,,
cmt_education_039_0084,education_039,Xuân Nhi +2 nạn nhân :))),rác,True,,
cmt_education_017_0338,education_017,Thi bấm ko nhanh mà mạng không ổn .Thiệt thòi lắm,tiêu cực,False,,
cmt_education020_0007_r05,education_020,Nguyễn Vân ý kiến hay,ý kiến riêng,False,,
cmt_education_037_0280,education_037,Bỏ đi mà.. áp lực chết,tích cực,False,,
cmt_education018_0019_r02,education_018,"Nguyễn Ích Tòng điều kiện chưa có bạn.. biết là như vậy nhưng những năm 2000 đất nước còn khó khăn lắm b.. tôi nhớ năm 2000 tôi học bên ktruc.. sau trường vẫn đầm nuôi cá , với bên văn quán toàn cánh đồng rộng bát ngát b à... cả hn đâu có cái siêu thị nào đâu",trung lập,False,,
cmt_education_011_0568,education_011,Nữa chử cũng là thầy nữ chữa cũng là thầy 🤣🤣,trung lập,False,,
cmt_education_007_0089,education_007,"Khung nào khi không phù hợp cũng nên thay đổi quy luật phát triển luôn phải thay đổi để phù hợp. Nội trú và chuyên khoa họ đều học sau đại học cả về kiến thức và thời gían chẳng nhẽ xếp họ theo bậc tay nghề kiểu công nhân kỹ thuật sao. Bộ GD có hiểu họ học và làm gì không, họ làm những kiến thức và kỹ năng như thạc sĩ và tiến sĩ y khoa. Tại sso vứ cố tình không hiểu những cái khung cứng nhắc và vô cảm ấy làm ảnh hưởng và tổn thương đến bao nhân lưc trong nghành y và cũng cứng nhắc cản trở bước tiến của y học VN.",trung lập,False,,
cmt_education_007_0088,education_007,Vì học phí SĐH béo quá nên ông nào cũng thích :))) 100% bác sỹ phải học SĐH còn các ngành khác thì không 😆,tiêu cực,False,,
cmt_education020_0008_r06,education_020,Một nhân cách khác một môn của tụi Trung cho thời gian 1 tiếng 30p thì đề lại chả dài hơn hả bn,trung lập,False,,
cmt_education017_0005_r08,education_017,Thai Dinh giống như thi bằng lái xe máy,trung lập,False,,
cmt_education011_0002_r29,education_011,"Dong Nguyen dạ đr, chiều hôm đó là xin nghỉ luôn. Sau khi e nghỉ ổng còn nt mời đi cà phê rồi rủ đi Hồ Tràm nữa cơ. Mà chưa hết ông đó còn có vợ rồi con chắc phải bằng tuổi em. Cách đây 1 năm chị hồi đó làm chung kêu là ổng bị cho thôi chức giám đốc rồi đó, e nghĩ đó là nghiệp haha",tiêu cực,False,,
cmt_education_040_0020,education_040,Quá tuyệt vời ạ.,tích cực,False,,
cmt_education_007_0307,education_007,Nói thì vậy chứ tôi thấy BSCK2 có khi còn không oách bằng thạc sỹ luôn mới lạ,tiêu cực,False,,
cmt_education_020_0266,education_020,Trời ơi cũng phải cho mấy đứa nhỏ đỗ lấy cái bằng tốt nghiệp cấp 3 chứ🙏,trung lập,False,,
cmt_education017_0002_r07,education_017,VTV7 Lệ Su,rác,True,,
cmt_education_040_0094,education_040,Phạm Thị Đào hiểu,rác,True,,
cmt_education_039_0006,education_039,"Bộ để yên như mọi năm đi, lôi hết lên web bộ chi rồi kham không nổi, lỗi tè le.",tiêu cực,False,,
cmt_education017_0018_r01,education_017,Minh Phan Hoang offline nạp đề vào còn lâu mới sập được,trung lập,False,,
cmt_education_011_0080,education_011,"Chắc lại thuyên chuyển trường khác, lạ gì.",trung lập,False,,
cmt_education011_0002_r27,education_011,Đỗ Ngọc Huyền coi 5 vd bên Hóng Biến Dạo mà khầy đỉnh vãi,rác,True,,
cmt_education_020_0240,education_020,Nguyễn Khánh LinhHuyền NhiThục Quyên xuất khẩu dần đi mệt vl,rác,True,,
cmt_education_005_0121,education_005,Con tui ko học thêm cũng bị đì..,tiêu cực,False,,
cmt_education_040_0003_r07,education_040,Phạm Đức Trung tui nghĩ là đang ns ở trường mà,trung lập,False,,
cmt_education_007_0004,education_007,"♻️Góc độ giá trị bằng cấp thì Nội trú=CK1+Thạc sĩ. Nên Bs nội trú có thể thi học CK2 hoặc Tiến sĩ. Bác sĩ CK1~Thạc sĩ; Bs CK2~Tiến Sĩ. 
♻️Góc độ công việc thì BSCK1 và BSCK2 sẽ dạy Ls và làm Ls. Còn Thạc sĩ Tiến sĩ sẽ giảng dạy lý thuyết, nghiên cứu đưa cơ sở dữ liệu N/c vào ứng dụng lâm sàng và dạy cho SV-HV. 
♻️Còn Bs Nội trú thì sẽ đa chức năng làm cả Ls và N/c giảng dạy",trung lập,False,,
cmt_education015_0007_r19,education_015,"Hồng Giang thì đó nó đánh vào tư tưởng bán nước cho nó ,nhưng người cầm quyền thì ng việt ham tiền trò này xảy ra ở vnch",tiêu cực,False,,
cmt_education_037_0279,education_037,Thu Huyen bỏ lẹ bỏ lẹ,rác,True,,
cmt_education011_0004_r25,education_011,Phan Thyd 🔥 thầy lên tjê'nq kìa mn ơii.. qa ho'nq đi mn ➡️ Nguyễn Thuận,rác,True,,
cmt_education_011_0328,education_011,Văn phòng hiệu trưởng xịn thế,trung lập,False,,
cmt_education_005_0149,education_005,"Bó tay, hết cứu.",tiêu cực,False,,
cmt_education015_0009_r01,education_015,"Thanh Sam ấn tượng vì đẹp vì hồ cá coi thì giải thể là hợp lý rồi, trường thì lẽ ra ấn tượng với giáo trình, phương pháp, dụng cụ học tập",tiêu cực,False,,
cmt_education_037_0085,education_037,Xét học bạ thì sẽ mua học bạ đẹp được,tiêu cực,False,,
cmt_education015_0001_r26,education_015,"Duy Sport Tụi nó nghĩ cha mẹ nó có tiền ăn cả đời không hết, học để cha mẹ nó nở mặt nở mày với hàng xóm vì "" con tui học trường Quốc té "" thực chất đâu cần học chi cho khổ thân.",tiêu cực,False,,
cmt_education_017_0295,education_017,Thi xong hồi hộp đc 1-2p chết lâm sàng luôn😇,tiêu cực,False,,
cmt_education011_0003_r13,education_011,Huyền Tùng 5 cô . Nhưng tổng hợp clip từ cuối năm 2024 tới nay .,trung lập,False,,
cmt_education_017_0243,education_017,Thi xong chưa hết RUN thì đã TẮT THỞ và XUỐNG MỒ luôn r bộ oiiii ☺️😞😭,tiêu cực,False,,
cmt_education013_0010_r03,education_013,"Hữu Minh nhưng bán khống là bán giá cao hay giá thấp a, hay là khống theo kiểu bán khống bán tháo anh nhỉ ? e cảm ơn",trung lập,False,,
cmt_education_005_0017,education_005,Thầy cô ích kỷ này nhiều như châu chấu,tiêu cực,False,,
cmt_education_011_0460,education_011,vụ này hốt đây kakakka . Giáo dục nữa chứ,tiêu cực,False,,
cmt_education_037_0210,education_037,Điều tất yếu nên làm!,tích cực,False,,
cmt_education007_0007_r05,education_007,Chiaseyhoc.vn cảm ơn bạn,rác,True,,
cmt_education011_0006_r23,education_011,…chị áo trắng trong vide0 đâyy mn Nguyễn Thị Hồng,rác,True,,
cmt_education017_0002_r84,education_017,Dang Huong Vinh đã thấy điểm sàn chưa bạn,rác,True,,
cmt_education_007_0305,education_007,Vậy Chuyên khoa II Quản lý bệnh viện thuộc hệ nào?,trung lập,False,,
cmt_education_015_0059,education_015,"Trường này là tài sản tư nhân thưa mấy anh chị, mấy anh chị nào đòi nhà nước trưng dụng thì động não dùm cái. 1 đống chủ nợ của trường này đang chờ để lấy lại tiền kìa",trung lập,False,,
cmt_education_018_0229,education_018,"Lại dự cái con kiến,thấy bảo di dời mấy￼ chục năm nay￼ rồi,chán chẳng buồn nghe",trung lập,False,,
cmt_education_005_0279,education_005,"Cũng vì 2 chữ học thêm, nên cấm tuyệt đối day thêm là đúng đắn nhất",tích cực,False,,
cmt_education_007_0038,education_007,"Cần gì bộ giáo dục phải xếp chuyên khoa I, chuyên khoa II cho bác sĩ. Chỉ cần Bộ y tế đồng ý cho lĩnh vực mình quản lý là đủ. Bác sĩ điều trị hành nghề thì bộ giáo dục biết gì mà quản lý.",ý kiến riêng,False,,
cmt_education020_0004_r04,education_020,"Minh Nhân haha làm gì có ai bám theo sgk mà thi đc, chỉ có thủ khoa lên TV nói thôi :)))",trung lập,False,,
cmt_education011_0014_r06,education_011,Huyền Lê xem ở đâu vậy b,rác,True,,
cmt_education_009_0076,education_009,Méo hiểu thằng nhóc k bít chạy ra khỏi phòng đó hay làm ji đó để tự bảo vệ mình chớ.,trung lập,False,,
cmt_education_038_0025,education_038,Học TA với giáo viên nước ngoài thì 40k/ tiết. Học với giáo viên Việt Nam thì 15K / 1 tiết.,trung lập,False,,
cmt_education009_0035_r08,education_009,Quốc Tú haha tại ngày nào mình cũng không học bài ý. Nên ngày nào cũng cũng bị đánh là chuyện bình thường,trung lập,False,,
cmt_education018_0060_r28,education_018,Trương Nam Me2 k68 giỏi,rác,True,,
cmt_education_004_0119,education_004,"Khởi tố là đúng. Công nhận liều lĩnh thật, ngay ở gần mặt trời và thời đại công nghệ số này mà vẫn còn như vậy lại là liên quan đến sự kiện trọng đại nữa cơ chứ.",tích cực,False,,
cmt_education007_0006_r08,education_007,Nguyễn ThanhLiêm cấp cchn đa khoa bạn nhé và giờ quy định ko có chuyên khoa ko đc ký và ra y lệnh bên chuyên khoa bạn nhé.cho nên cái j cũng cần rõ ràng  ko học chuyên khoa thì chỉ đc dừng ở mức bs đa khoa và đc ra y lệnh và thực hiện một số thủ thật đơn giản nào đấy thôi.,trung lập,False,,
cmt_education_037_0311,education_037,Nên bỏ xét hba nha vì e đậu hba 🥰,tích cực,False,,
cmt_education_018_0210,education_018,TLU sắp ra Hoà Lạc,trung lập,False,,
cmt_education_007_0046,education_007,"Có một giáo sư, mà ai ai cũng ngưỡng mộ, chuyên môn đỉnh chóp, lại chuyên mổ những ca liên quan đến bộ phận quan trọng nhất của cơ thể người!. Ơ nhưng Vị ấy không có học ck1 với ck2, mà học bsnt rồi ths ts và đc phong hàm pgs gs, vậy có tin tưởng được ko nhỉ??. 
Nếu hiểu kiểu này, có khi từ giờ đi khám, chỉ nên chọn bs chuyên khoa các cấp thôi vì họ thành thạo, còn mấy bác mà giáo sư thì chỉ chuyên nghiên cứu làm sao mà mổ xẻ đc và so sao đc với các bsi ck??. Nhỉ!!!!

Nói tóm lại, thứ nhất phải hiểu đúng, đừng giật tít câu view đánh lạc hướng dự luận, lại còn phần nhiều ko trong ngành nghề sức khoẻ; thứ hai, trước giờ chả có văn bản nào chính thống cho rằng ths ts hơn ck1 ck2, hay đại loại là xếp trên dưới. Vì mỗi chương trình một kiểu khác nhau. Ko thể đánh đồng, chuyên về nghiên cứu thực hành thì cũng để phục vụ người bệnh, người dân, thế sao ko đặt câu hỏi rằng muốn thực hành được, thì dựa vào cái gì để thực hành nếu ko có các nghiên cứu, nc chuyên sâu!. Và nếu nghiên cứu và nc chuyên sâu, không mang ra để thực hành thì để làm gì?. Cho nên đó là những phần bổ trợ cho nhau mà thôi, vậy nên cần cân nhắc để tính ngạch hạng lương và xét các vấn đề trong trường hợp ngành nghề. 
ĐỪNG LÀM DƯ LUẬN HIỂU SAI VẤN ĐỀ!",trung lập,False,,
cmt_education_018_0157,education_018,chừa apag tương lai của e đc k ạ,trung lập,False,,
cmt_education015_0001_r29,education_015,Tuyền Văn Hóa trường này toàn phản động,rác,True,,
cmt_education011_0087_r01,education_011,Hồng Hạnh phụ nữ ko cho thì thầy làm gì đc,trung lập,False,,
cmt_education_040_0161,education_040,Tuyệt vời 👏👏,tích cực,False,,
cmt_education_017_0702,education_017,"Sau đề thi biết KQ kiểu
- Điểm cao thì cười te tét thì môn kế
- Điểm thấp , tụt mút thi môn tiép theo 🤣
BGK chơi chuỗi domino tâm lý kiẻu này phải chúc mừng 2K9 trúng vào ô sổ xố tâm trạng 🤣",rác,True,,
cmt_education_017_0220,education_017,bgd làm cgi v?,rác,True,,
cmt_education_017_0344,education_017,thì tốt  nghiệp  trên máy  tính  là căng  rồi  .,tiêu cực,False,,
cmt_education_037_0288,education_037,Đồng ý,tích cực,False,,
cmt_education_011_0090,education_011,"Công bằng mà nói, ở Việt Nam ai củng giống như ông hiệu trưởng này, do ông này xui thôi, chứ còn nhiều tên tai to mặt lớn ở ngoài kia nữa, ông này chỉ như hạc cát trong sa mạc bao la mà thôi.",trung lập,False,,
cmt_education013_0015_r01,education_013,Nguyễn Xuân 😅😅,rác,True,,
cmt_education_018_0259,education_018,"Chuẩn rồi. Đưa ra các tỉnh lân cận HN là tốt nhất. Các tỉnh đó cơ sở vật chất OK, Giao thông thuận tiện, giả cả sinh hoạt phù hợp. Vấn đề là các thầy cô có chịu đi không đã 😂😂😂😂",trung lập,False,,
cmt_education_017_0058,education_017,Thi xong là xe cấp cứu trước cổng trường chở mình đi luôn hả bộ,rác,True,,
cmt_education018_0002_r16,education_018,"Hoàng Nam 11 năm là cả một thế hệ,tại sao vậy?",trung lập,False,,
cmt_education_011_0064,education_011,trường nào thế,trung lập,False,,
cmt_education_011_0317,education_011,Khầy này sướng nhất quả đất ...😂 khầy này giỏi về môn sinh lý,tiêu cực,False,,
cmt_education_018_0014,education_018,"Sinh viên không chỉ đi học mà còn đi làm, đi chơi. Di dời ra chỗ nào có đủ tiện nghi cho các hoạt động đó thì mới bền vững được. Không thì sinh viên vẫn sống ở nơi đông người.",trung lập,False,,
cmt_education_037_0297,education_037,xét học bạn không công bằng,tiêu cực,False,,
cmt_education_004_0181,education_004,Đớp A80 là hóc rồi,tiêu cực,False,,
cmt_education_005_0281,education_005,Chắc để điểm kém cho học sinh học thêm,tiêu cực,False,,
cmt_education_005_0077,education_005,"Nếu còn để gv dạy thêm hs của mình ngoài nhà trường là còn tình trạng sửa điểm thi của hs, chưa nói là vô lớp dạy k quan tâm đến những hs k học  thêm cô",ý kiến riêng,False,,
cmt_education_037_0013_r03,education_037,"Lê Liễu mình thì ngược lại,tổ chức thi và kiểm tra nghiêm như ngày xưa phản ánh thực tế hơn.",tiêu cực,False,,
cmt_education_037_0081,education_037,"Tuyệt vời, bỏ là điều rất nên 🥰🥰🥰",tích cực,False,,
cmt_education_039_0036,education_039,"Ủa lên trg trg giải quyết hết mà chứ có phủi bỏ trách nhiệm đâu nhỉ, thắc mắc gì lên hỏi ngta trả lời hết mà",tích cực,False,,
cmt_education_020_0275,education_020,"Ê câu chuyện muôn thuở á, chê đề khó,nhma điểm vẫn cứ cao, trường vẫn tuyển đủ chỉ tiêu, vậy mấy bạn chê chỉ là phần nhỏ than thở thôi, nên nhớ khó là khó chung, thi để đậu ĐH, kp để đua 9, 10",trung lập,False,,
cmt_education_018_0181,education_018,ôi trời,trung lập,False,,
cmt_education007_0053_r03,education_007,"Nguyen HLy đây ko hề muốn chuyển nhé bạn. Trước giờ sao vậy đi, BGD thì nên làm tốt việc mình, riêng ngành Y thì để BYT làm việc của họ.",trung lập,False,,
cmt_education_020_0050,education_020,Báo cáo để làm gì khi các cháu đã k còn  cơ hội,tiêu cực,False,,
cmt_education018_0006_r03,education_018,Dương Dũng bạn phân tích rất chính xác ! Yêu đương đêm hôm xe cộ đi lại ầm ĩ vô ý thức … càng thực hiện sớm càng tốt .,trung lập,False,,
cmt_education_020_0225,education_020,Khó thế mới bắt các cháu đi học thêm đc chứ,tiêu cực,False,,
cmt_education007_0014_r02,education_007,Hiếu Nguyễn Đức Cmt chẳng liên quan. Thế thì người công nhân lành nghề cỡ thợ bậc cao thì họ k nghiên cứu à???,tích cực,False,,
cmt_education_004_0090,education_004,"Mới chi nhìn thấy miếng băng nổi ,còn nhiều tảng băng chìm…",tiêu cực,False,,
cmt_education_037_0267,education_037,"Học bạ không công bằng, thân quen …. Là học bạ đẹp ngay mà!",tiêu cực,False,,
cmt_education018_0018_r04,education_018,Đúng rồi ạ,trung lập,False,,
cmt_education015_0011_r10,education_015,Yên tâm đi 😄,rác,True,,
cmt_education011_0006_r15,education_011,Phong Lâm trường tư ổng xây lên thì ổng là chủ tịch,trung lập,False,,
cmt_education_020_0303,education_020,"Học thì học theo sgk, thi thì thi ở đâu á hs biết chỗ nào mà mò",tiêu cực,False,,
cmt_education020_0029_r04,education_020,Thành Trung 🥰tại t ngo chứ ko phải đề khó đâu,tích cực,False,,
cmt_education_001_0033,education_001,"Ở ta muốn công an vào cuộc cũng khó, vì không có quy trình bắt buộc, nghĩa là khi có dấu hiệu vi phạm pháp luật thì công an phải bắt buộc điều tra và có kết luận, chưa tính đến việc các cá nhân và ban ngành tác động vào quá trình này. Ở ta phải có đ/c nào to to hoặc ban nào cao cao ráo riết chỉ đạo thì may ra mới được công an điều tra.",ý kiến riêng,False,,
cmt_education_037_0119,education_037,Nên cho thi Đại Học phân ban ngành như ngày xưa sẽ công bằng hơn. Xét học bạ đôi khi ko đúng với năng lực học sinh.,ý kiến riêng,False,,
cmt_education_037_0184_r05,education_037,"Lý Quán Du đi thi là đam mê, sở thích ??? Má nghe nực cười vc, nếu ko có lợi j thì mắc j t đi thi. Cái đáng nói ở đây là những b nếu ko có giải thì cũng nên có phg án cho những bạn đó, chứ bây h bắt ngta đánh đổi xong ko đc j à ? Cả mớ tgian lẫn tiền bạc chứ nghĩ lại gói gọn bằng câu ""đam mê, sở thích"" là xong à ? Nghĩ ai cũng có giải hay sao mà thở ra 1 câu "" all in""  nhẹ nhàng vậy ?",tiêu cực,False,,
cmt_education018_0042_r01,education_018,"Anonymous participant 109 Luật Thủ đô xong là nó đc áp dụng, nhưng chưa biết là trường nào sẽ phải đi thôi. Trước mắt sẽ kết hợp 2 chủ trương: 1 là gộp các trường nhỏ vào trường lớn (VD: SP 2 về SP 1), 2 là bê cả khối di dời đi chỗ khác.",trung lập,False,,
cmt_education_037_0192,education_037,"Tuyệt vời, bỏ cái này là rất nên",tích cực,False,,
cmt_education_015_0030,education_015,Cái này mà chuyển thành bệnh viện thì đẹp,ý kiến riêng,False,,
cmt_education_020_0249,education_020,"Khó thì khó chung mà, tính điểm thì tính từ trên xuống dưới :)) ai cao hơn thì thắng thôi",trung lập,False,,
cmt_education_040_0092,education_040,"thời đại 4.0 rồi, tin học cũng cần được trở thành môn bắt buộc",tích cực,False,,
cmt_education_017_0700,education_017,Thế thì p chuẩn bị thêm cáng vs xe cứu thương 🥲,tiêu cực,False,,
cmt_education_017_0514,education_017,"Nhà tôi đứa 2k7 thi tốt nghiệp đã ối dồi ôi rồi 
Gặp ngay đứa thứ 2 lại là 2k9 điệu này chắc tôi lại phải đút vào xong đợi thi dễ ruif mới đẻ tiếp 😂😂",trung lập,False,,
cmt_education_037_0009_r15,education_037,Đoàn Huấn chúc mừng bạn không sai còn tôi thì không chắc,trung lập,False,,
cmt_education007_0053_r05,education_007,"Duyen Tran luật gduc chỉ công nhận ths/ts là chương trình đào tạo sau đại học chính thống bác ạ, còn bsnt/ck1,2 của mình đang khập khiễng so với thế giới. Chương trình đào tạo sđh của byt vẫn luôn do bộ nhà quản lý, e nói ở đây là bộ mình nên chuẩn hoá lại chương trình đào tạo. E lấy ví dụ như ở mĩ họ chỉ có bắt buộc bsnt với tất cả bs sau tốt nghiệp-> tiếp đó học ck sâu, và đa số các nước em tìm hiểu sơ sơ đều theo hệ thống này, chỉ có ở ta có bsnt/ck1,2 thôi ạ. Nếu bác thấy bất cập quá thì có thể tìm hiểu thêm nhé ạ.",trung lập,False,,
cmt_education017_0002_r41,education_017,Ni Nguyen  năm nay Tiếng Anh dễ dữ chưa .?,trung lập,False,,
cmt_education018_0017_r05,education_018,"Hoàng Hoàng Bùi bác ơi như cháu sv lên hn c thấy hơn ở quê mỗi tiền trọ chứ h svien về quê ăn uống vẫn thế mà bọn cháu học ở quê ai muốn làm thêm vẫn làm bác ạ chỉ quá bất tiện trong cviec,rồi ít việc làm lương thấp hơn hn mà ngta bảo thanh niên sv lên hn học tập lập nghiệp chứ ai lại về quê đâu bác, tuổi thanh niên bọn cháu lên phố thị ptrien đc bản thân hơn cả trong học tập lẫn cuộc sống chứ ạ",trung lập,False,,
cmt_education_018_0032,education_018,Rất hợp với quy mô dân số hiện nay,trung lập,False,,
cmt_education017_0010_r02,education_017,gọi là đầu tư cho bvien,tích cực,False,,
cmt_education_037_0160,education_037,Công bằng nào cho 2k7,tiêu cực,False,,
cmt_education_037_0223_r03,education_037,"Phạm Dũng Còn là vì có quyền, có thế nữa. Học ngu, rớt công lập phải vào dân lập, vậy mà học bạ 3 năm 10, 11, 12 thì đẹp như mơ. Điều kỳ diệu như chuyện thần tiên vẫy.",tiêu cực,False,,
cmt_education011_0002_r14,education_011,"Chinh Loe bn đừng nghĩ ai cũng như bn lớn đầu rồi đi cmt phải mang não đi theo. Bộ bố mẹ ngta có tiền là ko đc nói à, cũng nhờ bố mẹ có tiền cưng chiều từ nhỏ dạy dỗ đàng hoàng chử ko cũng là món ăn của mấy loại như bn thôi.",tiêu cực,False,,
cmt_education_017_0032,education_017,Viết văn trên máy k có mood - t gõ máy bằng 2 ngón tay thì nào xong???,tiêu cực,False,,
cmt_education007_0026_r08,education_007,Lâm Lệ Quyên còn bạn cảm thấy ko hài lòng đối với bạn thì bỏ qua cmt của tôi chứ toxic làm chi,trung lập,False,,
cmt_education_007_0035,education_007,Thì đúng là như vậy mà.,tích cực,False,,
cmt_education_017_0314,education_017,Ông đùa tôi akkk bgd???????,tiêu cực,False,,
cmt_education_017_0647,education_017,"Như vậy ảnh hưởng tâm lý những môn thi sau, thật bất cập. 🤨",tiêu cực,False,,
cmt_education_020_0030,education_020,"Mời bgd vào làm bài thi đi ,rồi sẽ rõ cháy nhà ra mặt chuột",tiêu cực,False,,
cmt_education011_0032_r01,education_011,"Hang Nguyen 
hơn chục cô giáo và cả HS mặc đồng phục mà ,cứ cãi, sợ thật, vừa xem bên Tin nóng 24/7",tiêu cực,False,,
cmt_education018_0004_r06,education_018,EmpatheticBeet7563 đang thuộc bộ nội vụ thì khó đi lắm,trung lập,False,,
cmt_education017_0010_r02,education_017,Lpczo OnlyFlans IELTS thi máy tính khó vãi đái,tích cực,False,,
cmt_education013_0014_r01,education_013,Harry Trần tg cái cen group của ổng mà,rác,True,,
cmt_education_017_0213,education_017,Giống như thi bằng lái xe rồi,trung lập,False,,
cmt_education_017_0146,education_017,Cho em chạy đi thi đi,trung lập,False,,
cmt_education011_0002_r01,education_011,Hoàng Mỹ Thuận chắc thấy cam cười cười như ai đang nhìn,trung lập,False,,
cmt_education017_0012_r05,education_017,Ngoc Hann hết cứu..nhớ tới cô mình:(,rác,True,,
cmt_education009_0001_r01,education_009,Ly Crab chăn trâu chơ,ý kiến riêng,False,,
cmt_education_007_0180,education_007,Quá  chuẩn,tích cực,False,,
cmt_education011_0003_r01,education_011,Trần Nam Dũng mình xin video vs,rác,True,,
cmt_education_038_0122,education_038,Tiếng anh cũng không bằng tiếng mẹ đẻ,tiêu cực,False,,
cmt_education_037_0212,education_037,Kg lo học để có kết quả tốt xét học bạ học giỡ thi mai mắn hên xui có đậu đại học vô biết gì mà học lúc đó có bằng đi làm cũng kg có kiến thức mà làm,tiêu cực,False,,
cmt_education_007_0023,education_007,"K ấy chuyên khoa sâu 1, chuyên khoa sâu 2",trung lập,False,,
cmt_education_011_0244,education_011,Mấy cô nớ nên coi lại bản thân dâng hiến rứa thằng nào ko ăn,tiêu cực,False,,
cmt_education_007_0214,education_007,"Huhu em muốn quay xe, có thể nào cho thi nội trú k giới hạn năm tốt nghiệp k😭",trung lập,False,,
cmt_education_037_0042,education_037,Nên bỏ chỉ có vậy mới công bằng,tích cực,False,,
cmt_education020_0030_r02,education_020,"Hạnh Nguyễn tụi nó đề khó thì than, đề dễ thì chê, đề bình thường bảo rập khuôn, đề sáng tạo thì chửi =))))",trung lập,False,,
cmt_education_017_0211_r01,education_017,Nguyễn Trọng Đại gõ word thằng nào gõ chậm thì tèo :)),trung lập,False,,
cmt_education_017_0559,education_017,Thế thì tốn máy tính lắm,tiêu cực,False,,
cmt_education011_0002_r05,education_011,Nguyễn Ngọc Tiến mấy loại đấy dễ gặp nghiệp lắm nên là mắt có vấn đề cũng có ngày thôi😏,tiêu cực,False,,
cmt_education_009_0178,education_009,"Thu Ha từ hồi m còn đi học cho tới nay chưa bao giờ m ủng hộ đội cờ đỏ, sao đỏ và m cũng chưa bao giờ có tên trong đội đó. Cứ xem các bạn học sinh hoan hỉ vì hôm nay m đc đi trực sao đỏ, hôm nay đc có tí quyền, đc ghi sổ, đc bắt bẻ, đc các bạn ""xin xỏ"". Đến con của mình: 1 đứa lớp 11 và 1 đứa lớp 4, m ko cho chúng nó đi trực sao đỏ, cô giáo bảo thì viện cớ và xin phép cô ko đi.",trung lập,False,,
cmt_education_007_0100,education_007,Không nhầm bsnt có 2 bằng ths và ck1 thì phải,trung lập,False,,
cmt_education_011_0369,education_011,Nó có phải thần thánh đâu nó là người mà,tiêu cực,False,,
cmt_education_037_0002_r07,education_037,Nhung Nguyên là do con bạn học thật nên bạn thấy gian nan thôi. Nhiều trường hợp đâu học thật đc như con bạn nhưng điểm vẫn đẹp. Ko công bằng ở chỗ đó á,tiêu cực,False,,
cmt_education_007_0339,education_007,"Tôi không trong ngành y,nhưng khi đi khám chữa bệnh tôi rất tin tưởng bác sỹ nội trú ,bác sỹ chuyên khoa 1 ,bác sỹ chuyên khoa 2 !",tích cực,False,,
cmt_education_004_0084,education_004,Gương sáng ngành giáo dục,tích cực,False,,
cmt_education_002_0016,education_002,IELTS còn được quy đổi ra điểm được không ạ,trung lập,False,,
cmt_education007_0053_r08,education_007,"Việt Dũng không bác, ck2 k lên được gs/pgs đâu ạ, đa số các bác học xong ck2 mà muốn tiến nữa chỉ còn đường quay ra hc ts rồi sau lên gs/pgs. Các viện tuyến trung ương bổ nhiệm cũng ưu tiên hệ ths/ts, gs/pgs hơn ạ. Hơn nữa thực tế đi học cho thấy về thời gian thực hành thì ths/ts cũng không khác gì ck1,2 nhiều khi còn hơn ấy ạ, và họ còn phải làm thêm luận văn nữa nên đầu vào đầu ra hiện nay đang khó hơn ck1,2.",tiêu cực,False,,
cmt_education_038_0136,education_038,thanks,tích cực,False,,
cmt_education_011_0263,education_011,tại vì cái đó cả thôi kkkk,trung lập,False,,
cmt_education018_0018_r01,education_018,:),trung lập,False,,
cmt_education_014_0016,education_014,"Đơn vị tổ chức cuộc thi đã có văn bản phản hồi bạn M.C. Theo đó BTC đã hủy bài thi gian lận giống tới 86% xem chi tiết tại

https://m.facebook.com/story.php?story_fbid=591308269871715&id=100069776410903&sfnsn=mo&mibextid=RUbZ1f",rác,True,,
cmt_education020_0002_r01,education_020,Trần Đông Anh bỏ bộ cũng đc,ý kiến riêng,False,,
cmt_education_011_0269,education_011,Loạn luân à,tiêu cực,False,,
cmt_education_017_0642,education_017,"Đề thi,kết quả,điểm…chết 3 lần trong 1 buổi.thế hệ học trò chết đi sống lại",tiêu cực,False,,
cmt_education_005_0010,education_005,Cô ơi cô!,rác,True,,
cmt_education_018_0101,education_018,Ý tưởng này tuyệt vời ạ.,trung lập,False,,
cmt_education_018_0065,education_018,Đừng dự kiến nữa hãy làm luôn đi ạ. Chứ HN thiếu trường cấp 3 trầm trọng. Giờ  k hộ khẩu dc thi cấp 3 tại HN thì đã thiếu nay còn thiếu trường hơn nữa.,trung lập,False,,
cmt_education_009_0074,education_009,"Mình nghĩ thằng học sinh kia cũng rất có thể dạng mất dạy thật, ít ra vì 3 lý do:

1. Để khi một người nói xấu bạn, mà người còn lại lập tức tin không kiểm chứng, thì khả năng rất cao là trước đó người kia đã thật sự nhìn thấy cách bạn hành xử hệt vậy. Cho nên trong chuyện trên, hoặc là bà cô kia cá nhân ghét đứa học trò, hoặc là thật sự bà ta từng thấy đứa học trò này chửi rất bậy, hoặc từng chửi cha mẹ ai đó.

2. Một đứa trẻ 11 tuổi, tuy chưa đủ trưởng thành để biết lập luận, phân tích, nhưng đã đủ lớn để lên tiếng thanh minh nếu mình bị oan, nhất là khi thấy người khác đang nói dối. Nếu đứa học trò kia thật sự không chửi mẹ của bạn, thì chắc chắn sẽ không bao giờ chấp nhận hình phạt như vậy, dù có bị đe dọa đến mức mời phụ huynh, bởi với bọn trẻ phụ huynh là cứu cánh của chúng trong những tình huống này. Huống hồ gì trong lớp có rất nhiều nhân chứng. Nếu đứa học trò kia thật sự không làm, thì chắc chắn sẽ có nhiều học trò khác lên tiếng minh oan giúp.

3. Theo như bài báo đề cập, sau khi bị tát hơn 200 cái, thì đứa học trò kia đã lên tiếng ""chửi đổng"" trước khi ăn cái tát cuối cùng. Dù không biết chắc nhưng có lẽ ai cũng hiểu đó là một lời chửi thề. Dù sao đây cũng chỉ là một luận điểm không vững chắc, vì rất có thể đứa trẻ kia thật sự bị oan, và bị tát rất đau nên đã thốt lên những tiếng không hay kia. Nhưng cũng không thể loại trừ khả năng, đó là một đứa trẻ thật sự hỗn láo, ngỗ nghịch, sau khi chịu phạt để chứng tỏ sự ương bướng của mình nên tiếp tục làm lại hành động cậu ta đã làm trước đó.

Đó chỉ là một khả năng, dựa theo cảm nhận của mình. Nhưng mình thật sự nghĩ rằng, thời này, đã làm giáo viên thì không ai có một trái tim của loài cầm thú như các bạn vẫn nghĩ. Đúng là vẫn có một bộ phận thiểu số, khi dạy học lại để cảm xúc riêng tư ảnh hưởng đến cách đối xử, giáo dục học sinh, nhưng hầu hết thì chẳng ai lại muốn thù ghét, hành  hạ những đứa trẻ mình dạy. Hầu hết những trường hợp lên báo vẫn là vì những đứa trẻ kia có những lỗi sai, từ nhẹ đến cực kì nghiêm trọng. Chỉ là có một số giáo viên áp dụng những phương pháp giáo dục quá CỰC ĐOAN, nên có những hình phạt cực kỳ sai trái. Bà giáo viên trên này cũng không phải ngoại lệ, dù đứa trẻ có oan hay không, thì cách phạt của bà ta là hoàn toàn sai và không thể chấp nhận được. Nhưng nguyên nhân sâu xa, vì sao bà ta cho rằng đứa trẻ kia xứng đáng chịu hình phạt trên,  thì chúng ta vẫn nên suy nghĩ lại",trung lập,False,,
cmt_education_037_0217_r01,education_037,"Bộ GD đã tối ưu đề thi để vừa đảm bảo chất lượng, vừa phân hóa thí sinh một cách hợp lý, có tiêu chí rõ ràng cho việc đậu tốt nghiệp và đậu đại học. Tách ra chỉ làm thêm áp lực, tốn kém.",tích cực,False,,
cmt_education001_0003_r01,education_001,Phan Thế Hoài cũng như cách mạng thôi; chỉ có bạo lực mới giải quyết được.,rác,True,,
cmt_education_007_0258,education_007,Tốt nhất là đào tạo tín chỉ,tích cực,False,,
cmt_education011_0003_r02,education_011,Trần Thanh Lâm nữ chữa là Cô nha nha nha,rác,True,,
cmt_education_038_0138,education_038,Like,tích cực,False,,
cmt_education_017_0487,education_017,Nguyễn Thị Thanh Thảo tới công chuyện :)),rác,True,,
cmt_education_011_0251,education_011,Thầy ni có lối đi riêng,trung lập,False,,
cmt_education005_0003_r01,education_005,Nguyễn Vĩnh quậy banh nóc liền b,trung lập,False,,
cmt_education_005_0278,education_005,Hs làm đúng cô vui còn ko hết sao lại sửa thành sai nhỉ.,tiêu cực,False,,
cmt_education011_0046_r01,education_011,Hà Tịch kiểu muốn con học giỏi phải yêu thầy hiệu trưởng,tiêu cực,False,,
cmt_education_011_0387,education_011,Hình ảnh có đầy đủ sao phải che mặt,trung lập,False,,
cmt_education_011_0290,education_011,Thày Hiệu Trưởng truyền thụ tư tưởng đạo đức kách mạng cho các cô giáo đảng viên trường 😂,tiêu cực,False,,
cmt_education_017_0203,education_017,Thi 2 ngày chắc đột quỵ từ môn đầu tiên,tiêu cực,False,,
cmt_education_039_0028,education_039,Bảykabảyka Gặpbốnbachínchín vài thí sinh tưởng rớt mà lại được web báo đỗ 😎,tích cực,False,,
cmt_education009_0081_r20,education_009,Lê Nữ Lệ Quyên ngủ đi kể bạn Huy bạn ak múc chừ,rác,True,,
cmt_education007_0023_r02,education_007,"Trần Tú có nhà nước với bệnh nhân chịu, kaka
Mà giới BS cũng khổ nữa, học học mãi để có danh hiệu, xong hết mẹ nó thanh Xuân, kaka",trung lập,False,,
cmt_education_017_0605,education_017,Lại làm chuột bạch,tiêu cực,False,,
cmt_education_037_0009,education_037,Xét học bạ 3 năm là cả 1 quá trình nỗ lực từng ngày của các con. Tại sao phải bỏ???,tích cực,False,,
cmt_education_011_0015,education_011,Góp tiền học phí để lấy làm phòng dịt nhau à,tiêu cực,False,,
cmt_education_007_0148,education_007,Có cái bộ sgk còn chưa thống nhất còn bày vẻ thêm. Vãi cả bộ.,trung lập,False,,
cmt_education_009_0278,education_009,"Không cần nói nhiều, đem cái bản mặt con cô giáo này tát đủ 231 cái là xong.",tiêu cực,False,,
cmt_education_004_0097,education_004,không phải cái gì cũng đớp đc đâu nha mấy khầy👏👏👏,tiêu cực,False,,
cmt_education_019_0020,education_019,cháu t hoc cấp 2 để máy tính gần triệu bạc trong lớp.ra ngoài học lúc lên bị mất.nói giáo viên.giáo viên bảo của tự giữ mất ráng chịu.phát ngôn như l.,rác,True,,
cmt_education_037_0325,education_037,Trung Tran nên khog =)))),rác,True,,
cmt_education_007_0360,education_007,"BS, CKI ThS, CK2 TS…. đều hay cả, nhưng có khác biệt. Vấn đề luôn là chất lượng. Nói về chất lượng thì hệ nào cũng tùy thuộc vào các nhóm nghiên cứu có những báo cáo giá trị và thiết thực. Đó chính là vai trò của BS ThS và BS TS.",ý kiến riêng,False,,
cmt_education_004_0061,education_004,Chúc mừng thầy đã quay vào ô song sắt,tích cực,False,,
cmt_education_037_0034,education_037,Mong bỏ lâu rồi chứ ko phải giờ,tích cực,False,,
cmt_education_040_0024,education_040,Con mình học tin từ lớp hai và tin cũng là môn thi trong các hk .cho các bé tiếp cận và học sớm môn này rất tốt. Khi tham gia các kỳ thi trên máy con thao tác rất nhanh,tích cực,False,,
cmt_education020_0003_r01,education_020,Tiêu Lan nhìn để chưa? Nếu đêt thi tn thì 5 cầm chắc phần cơ bản. Còn lại để phân loại hs thi đh. Riêng phần này khó là khó chung. Điểm sàn lại giảm thôi chứ có gì mà kêu,trung lập,False,,
cmt_education_005_0296,education_005,Gì mà ớn vậy ko biết. Mất niềm tin vào những người mang danh nhà giáo quá. Cô giáo ấy thật đáng sợ.,tiêu cực,False,,
cmt_education_009_0105,education_009,"""Đọc tin 231 cái tát, tôi không quan tâm nhiều đến mụ giáo viên, mụ ấy cũng là một phế phẩm có độ tuổi gần với thế hệ của tôi, tôi chán không muốn nghĩ tới. Còn 23 đứa học sinh lớp 6 kia! Những đứa trẻ 12-13 tuổi. Cái tuổi mà người Do Thái làm lễ trưởng thành cho con trai họ, nhắc nhở nó về trách nhiệm của một người sắp trở thành người lớn, trách nhiệm phải nỗ lực trở thành một người tốt. Tuổi đó tôi đã sớm nổi loạn, đã biết tranh luận với thầy cô, với những người lớn khác để bảo vệ ý kiến của mình. Tại sao trong 23 đứa trẻ (có thể đa số đã bắt đầu dậy thì), không có đứa nào từ chối thực thi hình phạt 10 cái tát được giao? Nhất là những đứa có thứ tự thi hành về cuối, lúc đứa bạn chịu phạt đã đến mức khó thể chịu nổi. Nếu đứa phải đánh là con tôi, thứ tự từ 10 trở đi là tôi sẽ rất sợ nó, tôi sợ tôi đang nuôi con của Satan trong nhà ấy chứ!

Thành tích là cái cớ rất ít liên quan trong vụ này. Khoái cảm hành hạ người khác của mụ giáo viên là bệnh tâm thần của cá nhân mụ ấy. Và thái độ thực thi tội ác một cách ngoan ngoãn của 23 đứa trẻ kia không phải để lấy thành tích hay điểm số! Nó cũng là một kiểu đồng lõa, máu lạnh. Nó là trạng thái tâm lý gì? Tôi chưa xác định được.

Và những người lớn chúng ta, phải làm gì với 23 đứa trẻ sắp lớn đó đây?"" FB Han Phan",tiêu cực,False,,
cmt_education_037_0001_r03,education_037,"Nguyễn Tấn Vân Xuân thế công bằng ở đâu cho những bạn học trg chuyên, thi hsg, đi nckh,...",tiêu cực,False,,
cmt_education_037_0285,education_037,"tốt nghiệp 12 là xong. Mỗi trường sâu 12, trung cấp, đến ĐH, chủ động tô chức thi,....Y, kĩ thuật, xã hội...",ý kiến riêng,False,,
cmt_education_018_0214,education_018,Trường U triều khúc thế này đi rồi🗿,rác,True,,
cmt_education_037_0125,education_037,Rất hoan nghênh và hoàn toàn đồng ý.,tích cực,False,,
cmt_education007_0026_r14,education_007,Lâm Lệ Quyên mình đang trả lời cm của bác Nhất Đặng kia mà bạn 😂 còn ai đã đi học SĐH rồi thì thấy Ck1 và Ths chương trình đào tạo gần như tương tự nhau mà 😳,tích cực,False,,
cmt_education011_0002_r01,education_011,Người tham gia ẩn danh 798 Tran Gia Bao wow,trung lập,False,,
cmt_education_018_0282,education_018,"Chi phí sẽ rẻ hơn ở HN! Đỡ phải đi làm thêm nhiều hơn! Cái gì cũng có được và mất, vui vẻ đón nhận và tận hưởng nhé các cháu!",trung lập,False,,
cmt_education_011_0296,education_011,Việt nam gần loạn rồi,tiêu cực,False,,
cmt_education018_0029_r02,education_018,Người tham gia ẩn danh 501 thấy tiềm năng lắm :')))),trung lập,False,,
cmt_education_005_0113,education_005,"Cô giáo nà mayy  moi làm giáo viên thôi, chứ làm hiệu trưởng thì lạm quyền đến nhiều lĩnh vực khác nữa kkk",tiêu cực,False,,
cmt_education016_0006_r04,education_016,"Huyền Khánh Phạm  thật ý, t nghĩ đa số 2k8 sẽ rớt vì cái này nếu giữ nguyên. Văn thì có thể qua đc chứ toán là ối dồi ôi... Mấy môn kia 8 9 để gánh toán 7 điem nhưng h cx đi. Hôm nay thi toán 8 đ thì hôm sau thi 2 môn kia sao cho dưới 8 điểm để còn cơ hội, trên 8 là rớt à ?? :))",tiêu cực,False,,
cmt_education011_0001_r09,education_011,"Hoàng An thì ko phải giáo viên,ko phải hiệu phó,ko phải hiệu trưởng...thì chỉ có thể là chủ tịch🤣🤣",trung lập,False,,
cmt_education_018_0178,education_018,BA khóc được rồi,trung lập,False,,
cmt_education_018_0222,education_018,Cho ngôi trường T ở Nguyễn xiển đi luôn đi,trung lập,False,,
cmt_education020_0004_r08,education_020,Đỗ Đức Dũng 🙏🏻🙏🏻🙏🏻🙏🏻,tích cực,False,,
cmt_education011_0004_r09,education_011,"Trường THPT giàu lắm, Sĩ số hs nhiều. K giống THCS đâu. Đúng là làm vua k muốn, muốn nuốt...",rác,True,,
cmt_education_011_0261,education_011,Tại vì cô đẹp quá ì 🙃,trung lập,False,,
cmt_education_038_0065,education_038,Tán thành,tích cực,False,,
cmt_education020_0004_r08,education_020,TienTuyen Cao bạn nói rất chuẩn,tích cực,False,,
cmt_education011_0008_r01,education_011,Hà Đào ht đứng đầu c.c.c ấy. Thằng đứng đầu ngồi ngoài kia kìa,ý kiến riêng,False,,
cmt_education_005_0179,education_005,"Thường thì khi sửa họ sẽ nâng chứ ít ai thần kinh mà đi hạ. Cái "" thần kinh"" này có lẽ để mời học sinh đến để cô phụ đạo.",ý kiến riêng,False,,
cmt_education_017_0196,education_017,2009 lại là quân tốt thí nghiệm rồi 😂,tiêu cực,False,,
cmt_education_011_0617,education_011,"Mấy mẹ nghĩ cặp được hiệu trưởng đời sẽ sang trang mới,rồi sau chắc về đá thằng chồng quá.
Mọi người theo dõi để ý thì sẽ thấy một số phụ huynh rất tự nhiên, nhiw là đã qh nhiều lần rồi.",tiêu cực,False,,
cmt_education011_0006_r22,education_011,"Phong Lâm trường tư, chủ tịch là người bỏ tiền ra xây trường, hiệu trưởng chỉ làm thuê quản lý",trung lập,False,,
cmt_education_017_0157,education_017,Lại làm thí nghiệm 😌😌😌,rác,True,,
cmt_education_007_0222,education_007,"Tôi đồng ý, bác sĩ nội trú,CK1,CK2, thực chất thì chứng chỉ nghề nghiệp chuyên sâu thôi",trung lập,False,,
cmt_education_011_0124,education_011,Công nghệ 6.0 rùi chuyện thầy cô giao lưu là chuyện thể hiện quyền bình đẳng kg phân biệt giai cấp thầy cô,trung lập,False,,
cmt_education_037_0271,education_037,Nhân đây cho em hỏi khi nào Sở giáo dục và đào tạo TPHCM  chấn chỉnh việc dạy thêm và học thêm? Cấp 1 còn dạy thêm là bản thân cá nhân tôi nhận thấy quản lý chưa chặt chẽ.,ý kiến riêng,False,,
cmt_education015_0017_r02,education_015,"Năm Ct /  tk ảo , nói vs m cho phí lời",rác,True,,
cmt_education_020_0306,education_020,Học thật thi tạch 🤣🤣🤣 tưởng giảm áp lực,tiêu cực,False,,
cmt_education_017_0443,education_017,Nhà phân phối máy tính nào sẽ đc thầu đây ?,tiêu cực,False,,
cmt_education_005_0063,education_005,"Mời Hiệu trưởng giải trình. 
Hiệu trưởng không giải trình nổi thì nên đuổi Hiệu trưởng đi. 
Lãnh đạo kiểu gì như vậy???",tiêu cực,False,,
cmt_education017_0003_r07,education_017,Ngọc Huyềnn 😂,rác,True,,
cmt_education007_0015_r04,education_007,BS.Nguyễn Trung Kiên ý kiến hay bác ạ. Phổ cập thạc sĩ toàn ngành. Đỡ cãi nhau =)))),trung lập,False,,
cmt_education_017_0110,education_017,Bên địa điểm thi có hỗ trợ bình ô xi với giường k ạ? Em sợ thi xong em bất tỉnh,tiêu cực,False,,
cmt_education_037_0228,education_037,"Lê Quỳnh Hoa , khỏi cần học bạ thầy cày đc cho trò😁😁",rác,True,,
cmt_education013_0014_r11,education_013,"Tuan Anh Dang đã dị, làm đơn tố liền đi ông",rác,True,,
cmt_education_018_0074,education_018,"HN giờ thừa đầy các trụ sở sau sát nhập mà, không chuyển đổi mục đích sử dụng thì để làm gì chứ.",trung lập,False,,
cmt_education_037_0265,education_037,Vậy mới công bằng,tích cực,False,,
cmt_education_039_0035_r01,education_039,"Marjorie Lyra trường mới tu sửa lại mà, kiến trúc đậm chất châu âu :-)",tích cực,False,,
cmt_education018_0018_r02,education_018,Bùi Bẩy xây thêm ở các tỉnh khác hoặc ngoại thành để giảm tải chứ chuyển đi thì người dân thủ đô lại phải ra ngoại thành hay đi các tỉnh khác để khám chữa bệnh ạ,trung lập,False,,
cmt_education018_0004_r09,education_018,"Làm nhanh như tách tỉnh thì tốt, chuyển trường đại học dễ gấp 100 lần nhập tách tỉnh,sao nghe chuyên trường đh ra ngoài cả chục năm rồi",trung lập,False,,
cmt_education018_0060_r14,education_018,"tr má k biết dỡn thì ngậm mồm lại, nghe bn nói ngứa chim vcl",trung lập,False,,
cmt_education_037_0231,education_037,Cách xét tuyển tổng hợp của BK TPHCM là ok nhất. Không bỏ sót năng lực nào của hs hết,tích cực,False,,
cmt_education_011_0216,education_011,Họ đang luyện loại vo công ji thế,trung lập,False,,
cmt_education_040_0179,education_040,Nguyen Viet Ha mất gốc hờ tờ mờ lờ,rác,True,,
cmt_education_011_0371,education_011,Ổng lấy cái khăn  ông che cam mà sao nó trật qua 1 bên nó lòi te le hột me,tiêu cực,False,,
cmt_education017_0014_r02,education_017,"Băng Lưu văn mà cho thi máy thì được cái là đỡ bị trừ điểm sai chính tả hay mấy cái lặt vặt, chứ vừa nghĩ vừa gõ phím vừa canh tgian thì đúng là làm khó nhau quá í, chưa kể lỡ có nhiều bạn tốc độ gõ k oce lắm nữa thì khóc hết nước mắt luôn í",trung lập,False,,
cmt_education_018_0100,education_018,Đúng,trung lập,False,,
cmt_education007_0002_r02,education_007,"Dương Phạm Mục đích là chữa bệnh, để chữa được bệnh phải biết nguyên nhân gây bệnh, để biết nguyên nhân gây bệnh thì phải có tri thức y khoa. Ví dụ bệnh lao thì biết triệu chứng, nhưng để xác định chính xác thì phải làm các xét nghiệm phải có tri thức y khoa để biết làm đúng, hướng dẫn đúng, lập kế hoạch tổ chức và điều trị đúng. Như vậy điều cần thiết nhất là tri thức y khoa, là tích lũy tri thức từ những nghiên cứu được thế hệ các nhà khoa học chứng minh rõ ràng đúng đắn chứ không lừa đảo mập mờ như y học cổ truyền hay có tên gọi là y học phương Đông.",trung lập,False,,
cmt_education009_0035_r09,education_009,Bà này mà gặp tao tao chốt cho vào mồm thì đéo xịt phát nào,tiêu cực,False,,
cmt_education007_0015_r03,education_007,"Thạc sỹ nghiên cứu, giảng dạy nhưng anh cũng phải giỏi thực hành thì mới có cơ sở thực tiễn để giảng dạy được chứ. Vì vậy, thạc sỹ của ngành y khác với các ngành khác là còn phải đào tạo thêm chuyên khoa mà anh muốn chọn. Có như vậy thì mới không còn sự tréo ngoe là bs chuyên khoa I, bs chuyên khoa II khác với thạc sỹ, tiến sỹ.",ý kiến riêng,False,,
cmt_education020_0011_r04,education_020,Nếu các cháu học trường công mà thì điểm cao hết thì những trường tư có đất đâu mà sống những HS trường tư điểm thi không thấp nhiều khi còn cao hơn đến đây các bạn tự hiểu rồi nhé đa phần những trường tư ai đứng ra mở cái này tôi nghĩ ai cũng biết thôi thì chịu thôi chỉ vì tiền thôi,trung lập,False,,
cmt_education_005_0224,education_005,Phượng Huỳnh  cái quái chi cũng xảy ra được 🤣,rác,True,,
cmt_education018_0002_r17,education_018,Quyền Bính Putin cống rãnh mới chui lên làm người,trung lập,False,,
cmt_education_020_0072,education_020,"Báo cáo thì cũng muộn rồi, thương các con",tiêu cực,False,,
cmt_education020_0013_r02,education_020,"Người tham gia ẩn danh 548 cơ bản là có năm nào đều đâu b, năm nào chả có khối khó hơn khối dễ hơn",trung lập,False,,
cmt_education_007_0370,education_007,Tôi học vẫn được cấp Bằng Ck1 mà,rác,True,,
cmt_education_016_0019,education_016,10 nv là quá ít r đã thế ngành SP còn bị giới hạn chả hiểu bộ chèn ép HS kiểu v HS nào mà sống nổi chứ,tiêu cực,False,,
cmt_education018_0010_r03,education_018,Trọng Minh nhưng sinh viên sẽ khó kiếm công việc làm thêm. Cái gì cũng có 2 mặt của nó. Một số nghành nghề mất đi nguồn lao động thời vụ. Tôi nói vậy không phải là phản đối việc di dời này nhưng một số nghành sẽ phải chuẩn bị cho sự thiếu hụt này.,trung lập,False,,
cmt_education_011_0433,education_011,"Yêu cầu đưa clip xác minh chuẩn , không lại vu oan cho người ta",trung lập,False,,
cmt_education_040_0023,education_040,Tuyệt vời,tích cực,False,,
cmt_education_005_0187,education_005,Thanh lọc ngành giáo dục là vừa,tích cực,False,,
cmt_education_016_0045,education_016,Mong bộ lắng nghe và điều chỉnh tăng nguyện vọng cho các con,ý kiến riêng,False,,
cmt_education_037_0053,education_037,"Học bạ dùng xét tốt nghiệp c3, tổ chức thi đh là xong.",trung lập,False,,
cmt_education_005_0112,education_005,Ngày xưa  lớp tôi thày dạy toán còn đạp xe đạp  cả chục cây số về quê tôi dạy toán miễn phí cho cơ. Chứ như bây giờ chán thật sự.,tích cực,False,,
cmt_education007_0001_r02,education_007,Chiaseyhoc.vn khơng ăn được Bộ GD đạp đổ. 😂,tích cực,False,,
cmt_education_038_0033,education_038,Đi học tiếng a tiếp thôi,trung lập,False,,
cmt_education020_0009_r01,education_020,Trang Tabi công nhận khó c nhỉ,tiêu cực,False,,
cmt_education_011_0225,education_011,Thầy đi dạy toàn phải trèo cao vất vả’lên đỉnh suốt ngày ‘ thương thầy vô vạn kiếp 🤣🤣🤣,tiêu cực,False,,
cmt_education_017_0242,education_017,thi xog là về lấy chồng luôn ạ,trung lập,False,,
cmt_education017_0005_r15,education_017,Nguyễn Thùy Không chú trọng học thì làm sao lên đc lớp và hoàn thành chương trình học dc,tiêu cực,False,,
cmt_education_040_0192_r01,education_040,Hiếu Gia sao k cho môn âm nhạc nhỉ😁,rác,True,,
cmt_education_017_0672,education_017,Thai Vuu chuẩn bị đi là vừa,rác,True,,
cmt_education_007_0238,education_007,"Nông dân và viện nghiên cứu cây trồng… nông dân giỏi tạo ra sản lượng, ông nghiên cứu giỏi tạo đc hạt giống quy trình canh tác tốt… nói chung 2 bộ thống nhất vui vẻ vs nhau để ae y tế dễ sống dễ cống hiến…",trung lập,False,,
cmt_education_017_0371,education_017,Môn văn thi tự luận k lẽ thi trên máy tính cũng gõ văn bản luôn à,ý kiến riêng,False,,
cmt_education_018_0105,education_018,Hồng Hạnh sắp bị kick khỏi hà nội rồi,rác,True,,
cmt_education015_0012_r02,education_015,Khánh Phạm nói câu ngu biết mi là thành phần nào,rác,True,,
cmt_education_011_0448,education_011,"Cho mẹ đi tù đi, phá hoại hp người khác, lại còn là thầy giáo nữa",tiêu cực,False,,
cmt_education015_0002_r01,education_015,Nguyễn Sơn giáo dục hiện đại là ko phân biệt điểm hay ko điểm bác ơi. Tất cả được miễn giáo dục hết đại học - đi làm đóng thuế bắt buộc - lương ko chênh lệch - ko phân hóa giàu nghèo,tiêu cực,False,,
cmt_education_016_0024,education_016,"Mong Bộ giáo dục tăng thêm nv cho ngành sư phạm ạ. Vì giới hạn nv 1-3 như vậy sẽ gây nhiều khó khăn cho các em tâm huyết với nganh sp.
cac e yêu sp sẽ đặt nv từ trường top đến các trường ở các tỉnh nhỏ , nhưng lại giới hạn nv như vậy có thể sẽ làm cho ước mơ của các e bị khép lại khi đặt nv k đúng chỗ.vì khi đk nv thí sinh đâu biết đc số lượng thí sinh trường mà mình đk và điểm chuẩn bao nhiêu đâu",ý kiến riêng,False,,
cmt_education_016_0003,education_016,"Là phụ huynh có con 12, bản thân có một số ý kiến như sau, mong Bộ xem xét. Thứ nhất: Hiện tại đa số học sinh đang còn mơ hồ trong việc định hướng nghề, trong khi đó cùng trong 1 lĩnh vực còn có nhiều lựa chọn ( sư phạm có sư phạm Anh, sư phạm Tiểu học, mầm non…) hay kinh tế cũng vậy nên nhiều hs cũng chưa xác định dc nên chọn ngành nào
Thứ hai: Trong 1 ngành sư phạm chí ít hs cũng phải đặt 3 nguyện vọng cho 1 ngành sư phạm anh ở 3 trường chẳng hạn, thì cũng phải có thêm 3 nguyện vọng cho ngành sư phạm tiểu học nữa nên 1-3 nv cho sư phạm là quá ít. 
Thứ ba: việc chọn ngành giữa học sinh và phụ huynh vẫn còn nhiều sự chưa thống nhất, con thì thích cái này, bố mẹ thì thích cái khác nên cũng nên trừa chổ cho phụ huynh có lựa chọn trong các nv của con.Nếu con ko đỗ nv của con thì có thể đỗ nv của bố mẹ
Thứ tư: Mấy năm trở lại đây, ko hạn chế đặt nv mà Bộ vẫn làm rất tốt việc lọc ảo. Vậy thì cớ gì phải hạn chế quá mức ước mơ của các con với con số chỉ 10 (chỉ trừ năm ngoái có học sinh ko bình thường khi đặt 200nv và là số hiếm)
Tóm tại: Việc hạn chế nguyện vọng là đúng đắn nhưng mong Bộ xem xét nên nới rộng thành 15-20 nguyện vọng để hs và phụ huynh đỡ đau đầu trong việc lựa chọn nguyện vọng và tăng cơ hội đỗ nhiều hơn( Năm trước ko giới hạn nv mà khi đặt nv, phụ huynh cũng tóc bạc nhiều vì lựa chọn rồi huống hồ bây giờ chỉ 10 ạ) .  Đối với ngành sư phạm nên 1-5 nv đầu.",trung lập,False,,
cmt_education009_0041_r05,education_009,Ngọc Khoa dm kiếm được cái clip đi spam hoài luôn,rác,True,,
cmt_education_007_0047,education_007,"Sao cứ phải tranh luận mãi nhỉ , các bv chỉ tuyển Bsnt , ck1,ck2 thôi , cò ts và ths dành cho công tác giảng dạy là ok",trung lập,False,,
cmt_education_009_0222,education_009,Có xứng đáng chuẩn quốc gia không????????nói không với tiêu cực và bệnh thành tích trong thi cử??????????,tiêu cực,False,,
cmt_education017_0028_r01,education_017,Thanh Tâm cái này tụi 2k9 ms dính,trung lập,False,,
cmt_education013_0009_r04,education_013,Thì ko khắc phục ko giảm án chung đủ .,trung lập,False,,
cmt_education_040_0058,education_040,địt cái bộ lồn giao dịch thất bại nhưng vẫn trừ tiền đéo hoàn lại cho học sinh,rác,True,,
cmt_education018_0060_r15,education_018,"trường rác xây dựng mà lại có thằng bông tuyết này cơ à =)) gpa m chắc cc ăn đc bố m ngồi đấy mà cào phím, bố m cay trường nhưng đ trượt môn",trung lập,False,,
cmt_education011_0009_r05,education_011,Nguyễn Sinh chắc nhiều người biết thằng này ăn nhiều nên họ mới hách cam thôi chứ một lần ai biết,trung lập,False,,
cmt_education017_0006_r18,education_017,"Bùi Thắng chỉ vì họ áp lực hơn mình không có nghĩa nỗi khổ, khó khăn của mình không đáng được quan tâm. Nếu ai cũng nghĩ vậy thì cảm xúc không được giải toả đâu.",trung lập,False,,
cmt_education_002_0029,education_002,Quan tâm,trung lập,False,,
cmt_education_018_0006,education_018,Đừng thành chung cư là được,trung lập,False,,
cmt_education007_0013_r01,education_007,"Nghiêm Văn Mạnh 
THẠC SĨ:  Có thể thi  NGAY KHI  tốt nghiệp bác sĩ đa khoa. 

CKI  thi sau khi: 
- Tốt nghiệp bác sĩ đa khoa
- Phải thực hành lâm sàng ÍT NHẤT 12 tháng tại bệnh viện
- Thi  chứng chỉ hành nghề (CCHN)
Nhiều ngành còn cần thêm tối thiểu một năm kinh nghiệm sau CCHN. Tính ra gần 3 NĂM MỚI ĐỦ ĐK THI CKI

VẬY ĐỦ HIỂU RỒI kakaka",tiêu cực,False,,
cmt_education004_0001_r13,education_004,"Giàng A Say thôi ông im mẹ đi, chủ tịch nước vi phạm còn bị bế nữa là",tiêu cực,False,,
cmt_education_004_0055,education_004,Tuyệt vời!!!,tích cực,False,,
cmt_education_009_0129,education_009,E sẽ học chị cách nói chuyện với con,tích cực,False,,
cmt_education_020_0282,education_020,Nói có điên ko 😀,rác,True,,
cmt_education_009_0231,education_009,"Dm cai con mat l ay ma lm giao vien ak, gd hay lm chuyen nay den cg di. Cho con di ay cg an du 231 cai tat nhu vay xem no lm the nao",tiêu cực,False,,
cmt_education018_0104_r01,education_018,Đùng cái thành cái bệnh viện,trung lập,False,,
cmt_education_011_0518,education_011,"Lãnh đạo về trồng rau nuôi gà còn nhân viên nữ nhẹ thì lý thân  ,toang thì ly hôn :",tiêu cực,False,,
cmt_education_037_0194,education_037,Dẹp luôn xét học bạ đi ạ. Chứ giờ muốn học bạ đẹp dễ lắm... ko thể đánh giá hết thực lực hs trong cái học bạ đó.,tích cực,False,,
cmt_education013_0006_r05,education_013,Đoàn Dự Bit thì giờ đã là tỷ phú USD,rác,True,,
cmt_education020_0004_r11,education_020,"Đỗ Đức Dũng nhưng ra đề môn dễ môn khó,khối A đề Lí Hoá dễ mà 1 số trg xét chung thang điểm",tiêu cực,False,,
cmt_education_018_0263,education_018,Làm xong chỗ này chắc 1000 năm,trung lập,False,,
cmt_education020_0001_r24,education_020,"Người tham gia ẩn danh 407 hả, mình phải thấy bị dính độc hại thì mới gọi bạn là người toxic được chứ. Mình hiện tại trông bạn vẫn dễ thương mà.",trung lập,False,,
cmt_education_007_0225,education_007,Chắc phải ck 3 mới bằng được 🤭,tiêu cực,False,,
cmt_education007_0031_r05,education_007,"Công Thành Nguyễn Nguyen Tuan Anh bạn đang nói đầu vào hay đầu ra ? Mình vừa có Ths, vừa có Ck1. Ths mình làm luận văn tốt nghiệp, Ck1 mình thi tổng kết khoảng 15 môn, xong tốt nghiệp lâm sàng hỏi thi bệnh án và lý thuyết, cũng áp lực học hành lắm. Chuyên 2 ở YD Huế là vừa thi tốt nghiệp, lâm sàng bệnh án, vừa bảo vệ luận văn; hệ ngoại còn bốc bệnh án mổ.",ý kiến riêng,False,,
cmt_education_015_0050,education_015,Có KOLs làm truyền thông có liên đới ko??,ý kiến riêng,False,,
cmt_education_020_0097,education_020,Đúng vậy khó là như thế nào,rác,True,,
cmt_education011_0004_r30,education_011,Nguyễn Kiều Trinh vâng đây là Nam Định thưa bạn. Quê mình Hưng Yên ngay sát Hà Nội chưa có cái phòng xịn full gỗ thịt thế kia.,trung lập,False,,
cmt_education_011_0496,education_011,Ăn tạp quá tạp. Gặp mấy bà mà .. với ổng đó thì cũng chả ra gì.,tiêu cực,False,,
cmt_education011_0033_r01,education_011,Trang Nguyễn kiểu tự nguyện trao đổi để đạt mục đích,ý kiến riêng,False,,
cmt_education_005_0012,education_005,Buồn cho tương lai đất việt…,tiêu cực,False,,
cmt_education018_0025_r01,education_018,Hoang Viet đất lại nóng rồi b,rác,True,,
cmt_education007_0011_r01,education_007,"Nguyễn Phong gì v cha , ts họ vẫn nghiên cứu học thuật dựa trên bệnh nhân tại bệnh viện , tương đương lâm sàng đấy thôii",trung lập,False,,
cmt_education_037_0200,education_037,"Bỏ cũng đc mà plz báo sớm sớm để tụi nhỏ có lộ trình phân phối thời gian, công sức cho hợp lý chứ đừng sát nút mới hô to ạ 🥹",ý kiến riêng,False,,
cmt_education007_0016_r01,education_007,"Tran Dau Quoc chuyên khoa 2 quản lý bệnh viện về lĩnh vực quản lý thôi  ,   không phải chuyên khoa 2 chuyên môn nhe bạn",trung lập,False,,
cmt_education005_0001_r02,education_005,Hip Hip cái nào cũng kiện hết.,tiêu cực,False,,
cmt_education020_0004_r07,education_020,Ngọc Huyền cái này cũng tuỳ trường á bạn. Có trường xét chung hết.,trung lập,False,,
cmt_education011_0006_r18,education_011,Phong Lâm có tiền thì là chủ tịch thôi. Cổ phần góp nhiều hơn,trung lập,False,,
cmt_education011_0001_r11,education_011,"Lê Thanh cảm ơn thông tin ạ, tại đó h chỉ biết trường công thôi nên kh nghe tới chủ tịch trường kkkk",trung lập,False,,
cmt_education_039_0035_r02,education_039,"Marjorie Lyra cổ đông năm nay nhiều á, ko chê dc đâu :-)",trung lập,False,,
cmt_education017_0002_r16,education_017,Thùy Vân tớ sẽ đi bán thuốc trợ tim,trung lập,False,,
cmt_education_020_0204,education_020,Hay nhỉ https://okf168.com,rác,True,,
cmt_education020_0003_r05,education_020,Thoa Chu này kì thi đại học tuyển chọn đề như vậy có gì đâu mà than la thế ta,tích cực,False,,
cmt_education018_0010_r16,education_018,"Le Khanh Duy nghĩ cái lớn hơn đi bác, có phải đi lm thêm hết đâu, trả lương cho các e nó lại thấp 20-25k/h (khôn lắm cơ) mà việc quan trọng nhất của sv là học tập chứ có phải làm thêm đâu. Ra đó nhà trường sẽ có hệ thống ktx cho các e, rồi quán xá, chợ búa, siêu thị, chi phí giảm hơn khi sống nội đô và không khí trong lành hơn, cũng như giảm tải cho nội đô",trung lập,False,,
cmt_education017_0041_r01,education_017,Lê Kim Bình nghỉ ra lắm trò,rác,True,,
cmt_education_040_0163,education_040,Pham Ha Ngoc Han M chet=)),rác,True,,
cmt_education_039_0026,education_039,Con em trong trường hợp này,rác,True,,
cmt_education_037_0004_r05,education_037,Phuong Trang và chưa kể một số PH lo lót điểm cho con nữa,tiêu cực,False,,
cmt_education_037_0002_r37,education_037,Nguyễn Zen hồi xưa mình đi học lớp chuyên hóa. Điểm tổng kết hóa cuối năm 12 là 9.5 nếu so với bạn học cơ bản hóa thì đổi ra chắc mình phải bằng 15 điểm của bạn đó. Vậy công bằng ở chỗ nào.,trung lập,False,,
cmt_education_007_0044,education_007,"Dễ mà, Bộ Y Tế siết lại không cấp chứng chỉ hành nghề chuyên khoa cho dân nghiên cứu Ths, TS trừ khi họ có chứng chỉ CK1 CK2, còn muốn Ths TS thì đi làm nghiên cứu. Chẳng có gì phàn nàn.",ý kiến riêng,False,,
cmt_education_007_0249,education_007,Ừ ! Thì xếp trên cũng được !!!,tích cực,False,,
cmt_education009_0018_r03,education_009,"Tôi rất đồng tình với bạn. Tốt nhất nen dẹp ngay các đội sao hay cờ đỏ gì đó. Còn các Ban học tập, Ban ky luật... nữa. Toàn là để giúp việc cho giáo viên thôi.",tiêu cực,False,,
cmt_education017_0002_r30,education_017,Dang Huong Vinh bạn nhảy đâu giữa chừng thế,rác,True,,
cmt_education_020_0326,education_020,"slogan bgd: ""luôn luôn lắng nghe góp ý, lâu lâu mới hiểu và sửa đổi""",tiêu cực,False,,
cmt_education_007_0078,education_007,"Phát biểu tại phiên họp, Chủ nhiệm Ủy ban Văn hóa và Xã hội Nguyễn Đắc Vinh nhấn mạnh, trong hệ thống giáo dục quốc dân cần phân định rõ ràng giữa đào tạo học vị và đào tạo thực hành đặc thù. Theo ông, các trình độ thạc sĩ và tiến sĩ thuộc hệ thống đào tạo để công nhận học vị, có chương trình, tiêu chuẩn và quy định riêng.

Các chương trình bác sĩ nội trú, CK I và CK II được thừa nhận là đào tạo thực hành chuyên sâu của ngành y, mang tính đặc thù, nhưng không thuộc hệ thống đào tạo sau đại học để cấp học vị.

Trong ngành y vẫn đào tạo thạc sĩ, tiến sĩ và các chức danh học thuật như phó giáo sư, giáo sư theo đúng quy định hiện hành, theo các yêu cầu chung. Theo ông Vinh, với nghiên cứu sinh, nghiên cứu tổng quan và thực hiện luận án là nền tảng căn bản.

""Tôi vẫn giữ quan điểm hai hệ thống đào tạo cần được rõ ràng. Nếu lấy yêu cầu đặc thù của một ngành để điều chỉnh cho khung chung, điều đó có thể làm phá vỡ hệ thống giáo dục.

Nghề nào cũng rất cao quý. Không bao giờ nói bác sĩ chuyên khoa II không giỏi bằng tiến sĩ. Nhưng về chính sách, hoàn toàn có quy định bác sĩ chuyên khoa II được hưởng chính sách như tiến sĩ"" - ông Vinh nói và nhấn mạnh quan điểm, không thể xếp bác sĩ chuyên khoa I, II là tiến sĩ.

Về phía ngành giáo dục, Bộ trưởng Nguyễn Kim Sơn cũng khẳng định quan điểm, đây là 2 hệ thống tách bạch: Đào tạo thạc sĩ, tiến sĩ là trình độ học vấn trong thang đào tạo Quốc gia; đào tạo BS CK I, II nội trú, là đào tạo tăng cường năng lực và kỹ năng nghề chuyên sâu rất đặc thù của lĩnh vực y tế.

Về việc liên thông, Bộ trưởng cho rằng, luật hiện nay quy định, các chương trình đào tạo liên thông, ví dụ đào tạo bác sĩ chuyên khoa có các môn học, các tín chỉ tương đồng đào tạo thạc sĩ, tiến sĩ được công nhận, rút ngắn quá trình đào tạo ở bậc kia và ngược lại.

“Trong tự chủ đại học, quyền được xem xét công nhận chứng chỉ tương đương do cơ sở giáo dục đại học quyết định, không cần đến cấp Bộ” – Bộ trưởng khẳng định.",trung lập,False,,
cmt_education_017_0207,education_017,Quá tuyệt biết điểm xong phát k muốn thi nữa luôn =))),tích cực,False,,
cmt_education_037_0331,education_037,Võ Như :))),rác,True,,
cmt_education_037_0002_r11,education_037,"Nguyễn Zen thi là công bằng nhất, biết bao nhiêu đứa hsxs rồi thi 3 môn chuyên ngành chỉ được 15-16 điểm, xét học bạ dễ tiêu cực,các trường chạy thành tích nhiều đứa hsxs nhưng những câu tiếng Anh cơ bản nhất cũng ko biết",tiêu cực,False,,
cmt_education_038_0044,education_038,Thu Trang cô Trang này :))) cố lên nhớ,rác,True,,
cmt_education_009_0147,education_009,"Ỏ cấp 1 nên bỏ việc cò đỏ chấm thi đua giữa các lớp. Điều này chỉ làm tăng thêm tính xấu cho các cháu, tính xoi mói, đố kỵ, ghen ghét, bệnh chạy đua thành tích bằng cách dìm người khác, lớp khác xuống, moi móc khuyết điểm của nhau chẳng hay ho gì. Các cháu còn nhỏ nên để tuổi thơ trong sáng hồn nhiên...",trung lập,False,,
cmt_education_007_0282,education_007,"Cái gì cũng có tính lịch sử của nó, một số trường Bác sĩ chuyên tu chỉ được học CK 1, sau đó có thể học  CK 2 còn Bác sĩ chính quy mới được thi và học Thạc sĩ; còn Bác sĩ nội trú trước đây mỗi chuyên ngành chỉ lấy vài người thì mới được gọi là tinh hoa còn bây giờ lấy mấy chục người thì hết tính quý giá đó rồi, chỉ là do điều kiện sau khi ra trường có học luôn hay không thôi. Bộ giáo dục giữ ý kiến như vậy là có cái lý của họ.",trung lập,False,,
cmt_education_007_0287,education_007,"Dở rồi cho người ko làm chuyên môn , quản lý và và quản lý đào tạo là hỏng rồi . Không thấu hiểu không trải nghiệm thì dở rồi u ơ rồi",tiêu cực,False,,
cmt_education_017_0674,education_017,"Bỏ luôn kỳ thi tốt nghiệp THPT, để trường tự quyết định tổ chức kỳ thi.",rác,True,,
cmt_education017_0006_r07,education_017,Lý Thảo mấy cuộc thi khác có lâu rồi ạ,rác,True,,
cmt_education_018_0058,education_018,Hà Nội đang ít trường cấp 3,rác,True,,
cmt_education007_0004_r02,education_007,Tien Huynh ai là người dạy bs đó không phải Ts hả,tích cực,False,,
cmt_education015_0011_r01,education_015,Phan An có con gái 3x mấy năm trước còn ủng hộ tiền cho nó mà,tiêu cực,False,,
cmt_education_017_0227,education_017,lấy đâu ra đủ máy nhỉ,tiêu cực,False,,
cmt_education011_0002_r01,education_011,Webtretho vẫn còn huyện Hải Hậu à báo,trung lập,False,,
cmt_education_020_0190,education_020,Sự ngụy biện đáng xấu hổ,tiêu cực,False,,
cmt_education_040_0124,education_040,Quá chuẩn Bộ ơi,tích cực,False,,
cmt_education_018_0264,education_018,Cho về Xuân Hòa - Phú Thọ quê tôi cùng trường Sư Phạm 2 😁,trung lập,False,,
cmt_education_011_0169,education_011,Rồi có chuyện hay rồi,rác,True,,
cmt_education_018_0139,education_018,Bao nhiêu được gọi là nhỏ ạ,trung lập,False,,
cmt_education_015_0099,education_015,Chính thức mạnh tay,tích cực,False,,
cmt_education007_0003_r25,education_007,Nguyen Xuan Dai nếu bộ trưởng Y tế có trọng lượng hơn chút thì chuyên khoa cấp 1 tương đương tiến sỹ rồi.,tích cực,False,,
cmt_education020_0004_r13,education_020,Nguyễn Thu Hồng học bạ có đẹp mấy mà thi ĐH ko đậu thì làm gì?,trung lập,False,,
cmt_education_040_0067,education_040,Đồng quan điểm,tích cực,False,,
cmt_education018_0002_r01,education_018,"Nguyễn Minh giờ chắc ko xây nữa đâu, Trung tâm thương mại có bán được hàng mấy đâu￼, nếu cứ cố xây thì lại như Trung Quốc, giờ toàn trung tâm thương mại vắng như chùa bà đanh￼",trung lập,False,,
cmt_education_009_0140,education_009,cô trao quyền đươc đánh được khiển soát các bạm khác cho một số bạmđeer cô còn rảnh đi làm viêc cá nhân đi buôn chuyên mâc cho bọn trẻ tri lẫn nhau lên bao lực hoc đường có cơ hội xuất hiên,tiêu cực,False,,
cmt_education011_0051_r01,education_011,"Thấy mệt mệt giáo viên cũng tuỳ người , nhiều cô còn hơn cả gái nghành",tiêu cực,False,,
cmt_education_009_0255,education_009,Trường có danh hiệu mà Sao lại có loại giáo viên bạo lực như vậy phải sử lý ngay,tiêu cực,False,,
cmt_education_009_0055,education_009,"Đề nghị hội phụ huynh học sinh chia làm hai nhóm. Một nửa lớp đứng trước cửa nhà cô giáo, một nửa còn lại đưng trước cửa nhà ông bà già cô giáo.... đồng thanh xin cảm ơn cô giáo về 231 cái tát vào mặt khiến thằng bé nhập viện.... trả thù với báo án làm cái gì??? Cảm ơn cô giáo như vậy khoảng tuần lễ hoặc đến khi cháu bé ra viện là được rồi.",tiêu cực,False,,
cmt_education_005_0118,education_005,cuối kỳ  thấy nhiều phụ huynh phàn nàn. Nhà trường cấm không tặng quà thầy cô .nhưng tổng kết học kỳ khoản chi nhiều tiền nhất là khoản mừng 20-11.vậy thầy cô không nhận thì số tiền ấy đi đâu,trung lập,False,,
cmt_education020_0001_r45,education_020,Người tham gia ẩn danh 456 :v kém v anh học lại mà thi thua em nữa,tiêu cực,False,,
cmt_education_019_0019,education_019,Nực cười,tiêu cực,False,,
cmt_education015_0009_r14,education_015,Trường Atp khi nào nhận ra cái ngu của mình thì quay lại đây nói chuyện 🙂 còn k thì cứ ôm cái ngu xuống mồ luôn :),tiêu cực,False,,
cmt_education_020_0136,education_020,quá khó chứ k phải khó nua,tiêu cực,False,,
cmt_education_011_0019,education_011,Phòng như phòng tổng thống thế kia cơ mà,trung lập,False,,
cmt_education_005_0183,education_005,"Chắc không học thêm, bị đì rồi.",tiêu cực,False,,
cmt_education_037_0232,education_037,Bỏ hết . Thi bằng đgnl và thpt,rác,True,,
cmt_education007_0004_r07,education_007,"Tien Huynh ai dạy ra bs vậy bạn. Muốn dạy dc sv thì mình phải ít nhất là Thạc sỹ, dạy sau đại học là Ts, PGS.",trung lập,False,,
cmt_education_018_0142,education_018,Chắc trừ cd ra :))),trung lập,False,,
cmt_education_017_0281,education_017,may mắn khi đã qua thi thpt..,rác,True,,
cmt_education018_0002_r04,education_018,Hoàng Nam phải có anh lớn gõ đầu thì mới chịu chuyển,trung lập,False,,
cmt_education_037_0084,education_037,Bỏ gấp đi. Mấy ông đưa ra có hỏi ý kiến k ? Giờ bỏ lại hỏi ý với kiến !,tích cực,False,,
cmt_education017_0009_r05,education_017,Phạm Ngọc Ba có gì mà không công bằng nói nghe xem,tiêu cực,False,,
cmt_education017_0002_r12,education_017,Ni Nguyen hãy nhìn 2k7 :)),rác,True,,
cmt_education_020_0236,education_020,Quan trọng là cái lúc dạy chương trình cho các trường có dạy và giải đề theo mô tuýp như vậy chưa đã… trước đó đã học như vậy rồi nếu khó hơn hoặc dễ hơn thì còn liên hệ được… vô thi chơi nguyên cái đề kiểu này rồi bắt làm sao mà làm nổi,trung lập,False,,
cmt_education009_0081_r04,education_009,Huyền Trang gà tin k? Hay là tin vịt,rác,True,,
cmt_education_009_0285,education_009,Moi sap dat chuan dat chuan oy chac con nhiu e nhap vien duoi viec co giao day di,tiêu cực,False,,
cmt_education009_0021_r01,education_009,Lại vơ đũa cả nắm. Biết Việt Nam có mấy triệu giáo viên k bạn. B biết đc mấy vụ tiêu cực thế này. Tính % đi,trung lập,False,,
cmt_education_011_0217,education_011,"Mất việc. Mất vk con 
Mất tất cả",tiêu cực,False,,
cmt_education_020_0089,education_020,Muộn màng là từ lúc.....,trung lập,False,,
cmt_education018_0017_r17,education_018,"Su a e thấy cũng từ quê lên hn học r sống a nhỉ,hay là chỗ tốt lên là k muốn bọn e chung. Bạn e nó cũng học ở quê với ở tỉnh khác e hỏi nó bảo k có nhiều đâu a ạ, lương thig thấp, vui chơi giải trí cũng k có. Ở trên đây vừa học làm lương cao, ch kể ô nào học tốt khôn khéo tạo mối qhe đi làm đúng chuyên ngành lúc còn đg học thế có tốt hơn ở cáu quê k. Nói như a sao a k về quê làm đi",trung lập,False,,
cmt_education_009_0186,education_009,"Đọc diễn biến câu chuyện, cổ họng nghẹn đắng, tức tối. Tới đoạn cô giáo bồi thêm cái cuối, đứa trẻ ngã gục. Không khác gì trong phim khi xử tử 1 người.",tiêu cực,False,,
cmt_education_017_0320,education_017,Sau đó mỗi em 1 xe cứu thương,tiêu cực,False,,
cmt_education_017_0401,education_017,😁😁😁 được thế thì tốt quá,rác,True,,
cmt_education_037_0043_r01,education_037,"Thuan Nguyen thôi :)) bạn đi học là biết, nhà trường chạy thành tích k à :))",ý kiến riêng,False,,
cmt_education_017_0498,education_017,Nếu thực thi thì con tôi lại trở thành chuột bạch hic,tiêu cực,False,,
cmt_education007_0010_r03,education_007,"Hoàng Duy bạn oi tiến sĩ y học đứng lớp dạy Bs chuyên khoa 2 đó bạn , chớ chuyên khoa 2 không được đứng lớp dạy tiến sĩ y học đâu nhe bạn , tiến sĩ vừa dạy Bs chuyên khoa 2 vừa khám bệnh là người ta giới lắm Tiến sĩ là bậc thầy dạy Bs chuyên khoa 2 ,  Bs chuyên khoa 2 là học trò của Tiến sĩ y học đó bạn",tiêu cực,False,,
cmt_education018_0006_r24,education_018,"Toàn Nguyễn thế ông không nghĩ là sinh viên, người lao động ở đâu có nhiều thì các công ty, hàng quán sẽ mọc dần lên ở đấy à ? Bởi vậy trung tâm tp lớn mới ngày càng tắc nghẽn đấy",trung lập,False,,
cmt_education011_0002_r10,education_011,Phạm Mai Linh coi rồi ổng ấy ấy với con mẹ mày mà .. mày check xem kĩ ghê,tiêu cực,False,,
cmt_education011_0006_r01,education_011,"Đặng Vinh bạn chuẩn , thấy các cô toàn mời trước , k lẻ thầy từ chối",tiêu cực,False,,
cmt_education018_0018_r01,education_018,Bùi Bẩy mấy cái bệnh viện lớn chuyển đi rộng ngay. Tôi thấy cái bệnh viện tim gần ga hà nội quá chật trội khổ sở,trung lập,False,,
cmt_education_020_0013,education_020,"cho các bác vào phòng làm thực hành luôn , xem các bác làm như thế nào?!",ý kiến riêng,False,,
cmt_education004_0001_r06,education_004,.,rác,True,,
cmt_education_011_0025,education_011,Bắt góc camera nét như vậy mà vẫn sờ soạng nhau thì chỉ có thể là cố tình lấy làm tư liệu thôi.,tiêu cực,False,,
cmt_education_037_0096,education_037,"Giữ nguyên như cũ ,vẫn xét  học bạ, và kg giới hạn nguyên vọng ah",tiêu cực,False,,
cmt_education007_0002_r11,education_007,Văn Hưng Vũ,tích cực,False,,
cmt_education_007_0187,education_007,ths còn hợp lý chứ ts thì có cái nịt !,tiêu cực,False,,
cmt_education_007_0361,education_007,"Bộ trưởng giáo dục nhắc tới CK3, là khi nào đào tạo ạ?",trung lập,False,,
cmt_education020_0065_r03,education_020,Nguyễn Thị Dương Liễu cần gì học nhiều.Chỉ cần xem Thời Sự VTV nhiều là được.,rác,True,,
cmt_education020_0005_r06,education_020,Suong Nguyen,rác,True,,
cmt_education011_0002_r11,education_011,Hoàng Mỹ Thuận nó che lại để con kia súc bình xăng cho nó áh,tiêu cực,False,,
cmt_education018_0038_r01,education_018,aigisugai1 đi mạnh luôn ấy chứ,trung lập,False,,
cmt_education017_0004_r01,education_017,Khánh Hân đảm bảo không chỉnh sửa :),tiêu cực,False,,
cmt_education011_0005_r01,education_011,Khuôn Epoxy ThànhTân,tiêu cực,False,,
cmt_education007_0046_r01,education_007,Ngoan Nguyen Nhảm nhí,tiêu cực,False,,
cmt_education_011_0218,education_011,Khát nước phải,tiêu cực,False,,
cmt_education_007_0347,education_007,Chân thành Cám ơn TG. Tôi đang tìm hiểu về vấn đề nây. Đã thông.,tích cực,False,,
cmt_education_039_0097_r04,education_039,Nhung Dang vậy bạn gọi lại hoặc tìm đường lên tận trường hỏi cho lẹ vậy.,trung lập,False,,
cmt_education_009_0207,education_009,Cả xã hội người lớn đang phải làm cừu thì trẻ em cũng làm cừu non thôi. Cô giáo vừa là thủ phạm cũng là nạn nhân😣,trung lập,False,,
cmt_education_005_0228,education_005,"Tui là gv về hưu , xưa nay chỉ có gv thêm điểm cho hs chứ ko có chuyện hạ điểm HS kiểu này.",tiêu cực,False,,
cmt_education015_0020_r01,education_015,"Không có gì là đúng, sai tuyệt đối. Sau đó là mang lịch sử ra đòi xét lại thì bỏ mẹ. Thôi dẹp luôn đi ,cho nhà nó lành.",tiêu cực,False,,
cmt_education015_0004_r02,education_015,Đỗ Tùng Lâm Huỳnh Văn Nghệ,trung lập,False,,
cmt_education_005_0239,education_005,Tự nhiên đi đạp chén cơm của mình vậy cô 😏,tiêu cực,False,,
cmt_education018_0006_r01,education_018,Cấn Tường Vy đợi đến lúc đó chắc ra trường rồi;),trung lập,False,,
cmt_education007_0003_r27,education_007,Lê Ngọc Hải chả mong ck 1 như ts mà mong mỏi các ybs và nhân viên y tế được đánh giá đúng mà thôi,ý kiến riêng,False,,
cmt_education_037_0190,education_037,Bỏ là hợp lí nhất.,tích cực,False,,
cmt_education_017_0008,education_017,Thôi cụ ạ. Khổ các cháu đã áp lực lắm rồi. Thi học kì thì được. Đừng đùa với cuộc đời các cháu,tiêu cực,False,,
cmt_education007_0002_r02,education_007,"Không tạo nghiệp đời không nể làm gì có chuyện không có tiếng nói. Bộ tự quản chuyện của mình được mà, đến bệnh viện tự chủ tài chính mà vẫn phải xin phép mà :))))",trung lập,False,,
cmt_education020_0010_r01,education_020,Vũ Mạnh Thắng bh đề ngoài chương trình rồi mà bạn,tiêu cực,False,,
cmt_education_018_0054,education_018,Như vậy mới giảm tắc đường,trung lập,False,,
cmt_education_020_0028,education_020,Thương các con 2k 7,rác,True,,
cmt_education_040_0191_r01,education_040,Hương Thảo thi chắc liệt luôn khỏi tốt nghiệp,tiêu cực,False,,
cmt_education011_0004_r44,education_011,"Vuong Lv bởi phòng xịn , riêng biệt nên kích thích gì đấy?",trung lập,False,,
cmt_education011_0004_r02,education_011,"Vuong Lv 🫢🫢🫢 li*m láp đồ, cô nào cũng ngon, có cả HS nữa mà, xem bên Tin nóng 24/7",tiêu cực,False,,
cmt_education011_0026_r01,education_011,"Thầy ,cô kiểu này hỏi tại sao trò khg yêu và đẻ sớm",tiêu cực,False,,
cmt_education_011_0022,education_011,"Một chữ là thầy,nữa chữ cũng là thầy.Nữ chửa cũng là thầy.",trung lập,False,,
cmt_education007_0003_r10,education_007,Lương Tiểu Mai chắc là không học y nên không hiểu gì cả,tiêu cực,False,,
cmt_education_011_0219,education_011,Thầy ni là bên môn khối giống kkkk,tiêu cực,False,,
cmt_education007_0002_r14,education_007,"Dương Phạm bạn hạ thấp người ta quá rồi, lý thuyết của ổng bảo lật đổ lý thuyết y học hiện  đại nghiên cứu cả trăm năm luôn, khai sinh ra lý thuyết mới thì giáo sư tiến sĩ đã là cái gì :)) loại người này thì đọc được 3 cái thuyết âm mưu xong tin sái cổ, tưởng mình ""thức tỉnh"", còn đám bs bây giờ đang u mê hết :))",tiêu cực,False,,
cmt_education_011_0366,education_011,Xh giờ đáng sợ thật. Môi trường Giáo Dục còn vậy,tiêu cực,False,,
cmt_education_007_0212,education_007,"tiến sỹ chỉ là sao nầy ,còn lúc ra trường bs sỹ loại giỏi mới cho thi nội trú, không chắc gì tiến sĩ lúc ra trường cũng đạt loại giỏi",ý kiến riêng,False,,
cmt_education_017_0318,education_017,Xin bgd,rác,True,,
cmt_education015_0009_r24,education_015,Lê Bíchh Thảo cai~ ko lai thi an va.😂,rác,True,,
cmt_education011_0004_r38,education_011,"Nguyễn Kiều Trinh trường ở Hà Nội hiện đại hơn ở tỉnh rất nhiều bạn ạ. Mình ở ngoại thành Hà Nội còn cảm nhận các trường chỗ ngoại thành này đã đủ khác bọt với trường ở quê mình, chị em mình ở Hưng Yên mà đâu đã được như các trường ngoại thành (mà Hưng Yên còn ngay gần Hà Nội). Đó là lý do mà người ta cũng bám trụ ngoài này nhiều ạ. Không nói về chất lượng giáo dục mà riêng về cơ sở vật chất nó là một sự khác biệt không nhỏ. Nam Định còn vất vả lắm. Chồng mình người Nam Định mình cũng có về có vào trường cấp 1-2 ở quê ck rồi.",trung lập,False,,
cmt_education007_0001_r13,education_007,"Nguyễn Đăng Phiến tôi xin chia sẻ thêm rằng: Về mặt nguyên tắc thì BYT có quy định BSCK1,BSCK2 sẽ được học thêm chứng chỉ tin học x 3-6 tháng gì đấy rồi thi lấy chứng chỉ...sau đó được xét tuyển thành BS chính và sẽ được tăng ngạch lương một chút.Còn Ths và TS thì cũng đi học thi lấy thêm chứng chỉ tin học...rồi xếp hạng nghiên cứu viên chính,cũng sẽ tăng hệ số ngạch lương lên một chút...Thế nhưng không phải ai là BSCK1,,BSCK2,Ths,Ts cũng đến lượt,phải xếp hàng...gọi đích danh tên theo chỉ tiêuo/o của từng cơ quan,từng năm...việc này lại dưới quyền của ông TPTC cán bộ,ai hay ai nhanh thì đến lượt,có vị chờ đến khi về hưu chưa đến lượt...chịu thiệt cả đời...",ý kiến riêng,False,,
cmt_education_037_0283_r01,education_037,Võ Cao Minh Huy thấy chữ BỎ ghi in hoa nhấn mạnh zay có khi bỏ thiệt á pà 🤣🤣,trung lập,False,,
cmt_education020_0001_r18,education_020,"Người tham gia ẩn danh 679 mà ý bạn là quan điểm nào của mình mục nát nhỉ, bạn có thể nêu rõ để mình tự nhìn nhận lại bản thân được không",trung lập,False,,
cmt_education_011_0477,education_011,Mấy cô giáo nhân cách bẩn thế,tiêu cực,False,,
cmt_education005_0011_r01,education_005,Dan Dan để hs thấp điểm. Ba mẹ sốt ruột rồi cho đi học kèm cô á,tiêu cực,False,,
cmt_education_017_0368,education_017,"Có 1 giải pháp hiệu quả ít tốn kém là kiểm soát dạy đại học , cao đẳng và nghề thay vì tập teung vào THPT.",rác,True,,
cmt_education_017_0181,education_017,mạng đơ thì lại thiệt cho hs ! lại hết nc mắt thôi,tiêu cực,False,,
cmt_education_011_0195,education_011,Chắc là thầy quên phòng camera của đôls thủ!,tiêu cực,False,,
cmt_education005_0016_r01,education_005,Nga Nguyễn Thị Thanh kể cũng hài 😜,rác,True,,
cmt_education020_0004_r21,education_020,TienTuyen Cao lại chạy học bạ thôi. Nếu học mà ko thi thì nhiều hs sẽ học đối phó làm ảnh hưởng đến hs khác,trung lập,False,,
cmt_education_002_0004,education_002,"Mời xem toàn văn dự thảo và góp ý theo email tại diễn đàn Xây dựng chính sách, pháp luật",rác,True,,
cmt_education_007_0321,education_007,"Có lẽ đã đến lúc hai bộ GIÁO DỤC và Y TẾ nên ngồi lại với nhau và đưa các văn bằng của mình ""lên bàn cân"" xem có thể coi cái nào tương đương với cái nào, để dễ thực hiện chế độ chính sách đối với người học. Nói là ""tương đương"" thôi, chứ về học thuật tất nhiên là có khác nhau rồi.",trung lập,False,,
cmt_education013_0019_r10,education_013,"Nguyen Nhung vài bữa ở trong đó nhận đc tin. Tầm 1 tháng nữa family = 0. Là giống a Quyết, lo mà nhả ra ngay",tiêu cực,False,,
cmt_education020_0002_r02,education_020,Anonymous participant 856 bùn hiuu..,ý kiến riêng,False,,
cmt_education_011_0412,education_011,Ôi thôi chec . biến phòng làm việc của nhà trường thành thiên đường hưởng lạc. Ảnh hưởng đến thế hệ học sinh trong quá trình phát triển về nhân cách. 1 khi dục vọng lên ngôi thì cái tồi sẽ xuất hiện.,tiêu cực,False,,
cmt_education020_0007_r06,education_020,"Meo Meo tui thấy đúng ý tui luôn. Cách đây 15 năm thi đại học 7-8đ vào trường top rồi. Giờ điểm gì cứ 9-10đ, đề khó thì mặt bằng điểm sàn chung cũng thấp xuống mà.",tích cực,False,,
cmt_education_007_0338,education_007,Đạo đức xuống cấp thì chẳng thể thay đổi được giống như hàng lỗi,tiêu cực,False,,
cmt_education_017_0322,education_017,Chu Dũng toang r ông giáo ạ,rác,True,,
cmt_education017_0005_r16,education_017,Đặng Tiến Mạnh ko đồng ý . Thi là để phân hoá   chứ ko thi thì dốt cũng như giỏi. Xã hội ko ganh đua là XH chế. t,tiêu cực,False,,
cmt_education_009_0199,education_009,Nó thể hiện chế độ xh ở vn đó ạ. Giáo dục thế nào thì có những đứa cán bộ thế đó.,tiêu cực,False,,
cmt_education007_0005_r02,education_007,"Tuyen Nguyen lương ít thì ăn ít,trước j vẫn thiệt nhưng chưa ai bỏ nghề mà chỉ ở chỗ này sang chỗ khác . Thầy hiếu có nói rồi bs giỏi có ai nghèo đâu.",trung lập,False,,
cmt_education_017_0074,education_017,Làm xong nó sảng luôn :(,trung lập,False,,
cmt_education_040_0244_r01,education_040,Maii Linhh hh ts nx r đs,rác,True,,
cmt_education_017_0557,education_017,"Í là 2027 là lần thi đầu tiên phải ko 
Dị thì chúc 2k10 ổn",trung lập,False,,
cmt_education007_0053_r10,education_007,"Quốc Khang Nguyễn thì vẫn là hệ thống bsnt->bsck sâu chứ kpck1,ck2 và b muốn hành nghề ở mĩ b bắt buộc p hc bsnt (k nhầm là do luật mĩ quy định), trường hợp khác có thể lấy bằng ths/ts+gphn ở mĩ được nhưng hình như tgian đào tạo dài hơn thì phải.",trung lập,False,,
cmt_education007_0001_r01,education_007,Chiaseyhoc.vn ông ý hiểu vấn đề chắc đó .,trung lập,False,,
cmt_education_011_0545,education_011,"Thầy Nghiêm trên phim đã bước ra ngoài đời thực, đạo diễn đã ko lừa chúng ta😅",tiêu cực,False,,
cmt_education020_0007_r05,education_020,"Hoa Hoang không những 4 trang giấy bình thường mà là 4 mặt giấy in trên hổ giấy a3 chữ nhỏ dầy đặc chữ, nhìn thôi đã thấy hoa mắt rồi. Khổ cho các con thi khối A01 và D01 quá. Lớp con tôi có 1 bạn vì học rất giỏi Tiếng anh phổ thông nên chủ quan không học Ielts và cũng không thi ĐGNL. Sau khi đi thi về gặp đề này đã bị sốc, mẹ cháu bảo nhà em 2 ngày sau thi như nhà có đám, con đóng cửa khóc trong phòng, mẹ cũng sốc quá nghỉ làm cũng ở trong phòng khóc suốt 😢",ý kiến riêng,False,,
cmt_education013_0006_r04,education_013,"Michael Richard đổ vào bđs, đáo hạn nhiều lần, rồi k đáo đc nữa nó vỡ, chứ ông ấy vất vào bitcoin thì giờ có mà x3,x4 tài sản rồi😁",rác,True,,
cmt_education_009_0228,education_009,Con co giáo nay de cho hoc sinh tát lại và duỗi khỏi ngành giáo dục la tốt nhất,tiêu cực,False,,
cmt_education007_0003_r03,education_007,"Phạm Tấn một số rất ít thạc sỹ làm giảng viên, có văn bằng giảng dạy  thì mới làm thầy thôi. Còn lại thì thạc sỹ vs ck1 làm lâm sàng thì như nhau cả thôi, nhưng mà mới học xong ck1 tay nghề chắc chắn oke hơn học xong thạc sỹ đấy. Vì người ta đã từng làm bệnh viện có chứng nhận thời gian thực hành mới cho thi ck1. Còn thạc sỹ thì không cần thời gian làm việc, ra trường là học được luôn. Xét về làm việc tại bệnh viện( chiếm phần lớn), chắc chắn 2 ông thạc sĩ và ck1, ông ck1 là ok hơn",trung lập,False,,
cmt_education_040_0142_r01,education_040,Lk Tumaii hình như thi bằng máy tính thây,trung lập,False,,
cmt_education_017_0379,education_017,Thôi làm ơn đừng thí điểm với học sinh được không ạ  😐😐😐...,tiêu cực,False,,
cmt_education015_0002_r21,education_015,Đỗ Hoàng Minh nói chuyện với đầu đất đau đầu thật.. cái m nói là công chức.. thế dân ai cũng làm à hay đi làm cty tư nhân nước ngoài,tiêu cực,False,,
cmt_education_017_0394,education_017,Thi xong ra nhảy luôn là đẹp 🐧,rác,True,,
cmt_education_017_0611,education_017,Thi xog e 44 luôn ạ.. áp lực quá,tiêu cực,False,,
cmt_education_007_0061,education_007,Chừ bộ giáo dục đề xuất tăng lương cho y tế thù hợp lý nhất nik,tích cực,False,,
cmt_education020_0001_r17,education_020,"Người tham gia ẩn danh 679 có, phải có người có quan điểm mục nát thì bạn mới có cơ hội so sánh và thượng đẳng chứ :)) nếu ai cũng giỏi thì sao bạn có cơ hội ngang hàng với lớp tinh anh? À không, là lớp phổ thông mới đúng.",trung lập,False,,
cmt_education_037_0006,education_037,"xét học bạn không công bằng cho nhóm trường chuyên và trường không chuyên, ở trường chuyên đề ktra thường khó hơn trường không chuyên, do đó điểm các con không thể bằng các bạn trường khác, xét học bạ thiệt thòi cho các con quá.",ý kiến riêng,False,,
cmt_education_004_0163,education_004,Cứ tham đi rồi sẽ phải trả lại hết...,tiêu cực,False,,
cmt_education_007_0236,education_007,"Không xếp là đúng, phải xếp cao hơn!",tích cực,False,,
cmt_education_040_0109,education_040,Duma ra trường r ms thêm,rác,True,,
cmt_education011_0003_r09,education_011,Huyền Tùng ib coi,rác,True,,
cmt_education004_0067_r01,education_004,Nguyễn Đức Huân buồn của du lịch. Cựu sinh viên ngại ko giám nhận trường cũ 🤣,rác,True,,
cmt_education020_0002_r02,education_020,"Trần Đông Anh làm như bạn thì bọn có tiền auto vào trường top rồi còn đâu , còn gì là công bằng nữa , mỗi tấm vé đều là số phận của cả 1 hay thậm chí là hy vọng thoát nghèo của cả 1 gia đình , trường tự tuyển theo tiêu chí riêng thì có mà loạn",ý kiến riêng,False,,
cmt_education_020_0010,education_020,"Tâm thư này gửi bác Tổ Lắm cùng BGG nói đến thi cử là hai chữ áp lực k thể thiếu với bất kỳ ai với mọi thời đại trong XH nhung với thời đại đất nước đổi mới hội nhập quốc tế Al lên ngôi thì tụi nhỏ ngày nay áp lực rất cao là người mẹ của 2k7 tôi rất đau lòng cho con trẻ ngày nay k có tuổi thơ mới nhớ là da phải học ở lớp ở trường rồi con tôi phải học tiếng Anh ở Trung tâm, hỏi nhỏ bé cũng ít học thêm sau này lên cấp ba lắm k lại bạn bè lên cũng đi học tùy k học thêm xong về nhà t gian chỉ cảm đầu vào bài vở đến khuya học thì sách này sách kia thay đổi đến chóng mặt luôn rồi thi 9len 10 covit học có mấy chữ cũng xách đầu đi thi cặp ba sách này sách kia trương trình GG thay đổi,thi tốt nghiệp thì đề khó k biết thi đánh giá kk học tập hay đánh gục thì sinh.
. chứng kiến con học tới 3h sáng rồi trưa về ăn với cơm để còn thời gian học chiều rồi chính con đã đạt kỳ vọng vào bản thân mình còn hơn cha mẹ và thầy cô nhưng rồi trái quá kỳ thi này con đã thất vọng bị BGG đánh bại và đầu hàng vô ĐK..Cai cảm giác đón con đi thi về thương, xót cho con k đảm hỏi cơn lam được k mà hỏi cơn có lắm xong bài kịp thời gian không ngày thứ hai thi tiếng Anh k đảm hỏi luôn con về chạy vô phòng nằm muốn khóc nhưng k khóc nổi vì đã bị BGG đánh bại thật rồi mẹ thì gắng kìm nén cảm xúc động viên mình đã vượt qua rồi tới đau hãy tới đó cảnh công này khép lại thì có cảnh công khác mở ra vấp chỗ nào đúng lên chỗ đó nhưng sáo khoá lắp được vì chúng đã kỳ vọng quá cao lên........ xót xa....
.ai cũng là con người ai cũng lắm cha, mẹ ai mà k có cảm xúc và cái cảm xúc của mình cũng sẽ là cảm xúc của biết bao người lam cha mẹ khác cũng thương xót cho con em mình đã trải qua một trận chiến k cân sức phải k",trung lập,False,,
cmt_education017_0049_r01,education_017,"Tài Trần Mở đề mục rữa cõi lòng, nhận kết quả hồn xiêu phách tán 🙂 . Quá nhiều cú shock trong thời gian ngắn",trung lập,False,,
cmt_education018_0060_r29,education_018,Trương Nam Me2 k68 Bảo Châu múc nó cho t,rác,True,,
cmt_education011_0002_r05,education_011,Người tham gia ẩn danh 503 j mà 1 bà. Mấy bà liền đó :)),tiêu cực,False,,
cmt_education018_0003_r14,education_018,Đoàn Ngọc Ánh trc mắt đất khu vực đó sẽ đẩy ra cao đã. còn vấn đề kia thì phải đợi thực tế về cug cầu,trung lập,False,,
cmt_education_037_0181,education_037,"Tôi thấy xét học bạ là bình thường và cũng công bằng. Con tôi đang học lớp chuyên, mỗi điểm mà cháu và các bạn nhận được đều là thực lực. Tại sao lại bỏ xét học bạ. Hiện giờ đang có nhiều phương thức tuyển sinh để chọn, ai thấy phương thức nào phù hợp thì chọn phương thức đó. Chẳng hạn lớp con tôi đang học, dù có mua điểm để vào thì cũng phải cân nhắc có trụ lại nổi không.",tiêu cực,False,,
cmt_education_009_0162,education_009,"An Nguyen  a đọc bài này đi nha. Bài này nhắc vc mình phải dạy con tư duy phản biện, biết bảo vệ cái đúng đấu tranh cái sai, quan trọng lắm a ơi.",tích cực,False,,
cmt_education_011_0068,education_011,Ủa chuẩn mực mà,rác,True,,
cmt_education011_0001_r02,education_011,Tôi cũng xem hình và clip. Tôi thấy hình như học có những hành động lạ như lời bình luận của tôi.,trung lập,False,,
cmt_education_007_0217,education_007,Chuẩn,tích cực,False,,
cmt_education_004_0074,education_004,Chả bõ số tiền phải đi tù .phí cả đời làm sếp,tiêu cực,False,,
cmt_education018_0012_r03,education_018,Mạnh Hùng thế bạn đã bốc mộ cho cha mẹ bạn rồi ah,trung lập,False,,
cmt_education007_0026_r03,education_007,Yen Nguyen vì thế mới có TSBSCK2...hoặc ThsBsCK1...,trung lập,False,,
cmt_education017_0018_r07,education_017,"Chương Huỳnh cháu thi thực hành tin tại trường, máy đơ lên đơ xuống đây chú. Đấy mới chỉ là gõ mấy cái văn bản thôi đấy ạ.",tiêu cực,False,,
cmt_education_038_0132,education_038,Dương ^^,rác,True,,
cmt_education007_0006_r04,education_007,"Xuanhai Be vậy ck1, ck2 cũng phải xong trình độ bs, thậm chí phải có cchn rồi mới được học. Nếu xét riêng mặt này thì học ck1 mất công hơn ít nhất 1 năm so vs ths rồi",trung lập,False,,
cmt_education013_0006_r03,education_013,Ngọc Tú đổ vào bsd hay bitcoin thì nó vẫn ở đấy chứ đi đâu mà hết,rác,True,,
cmt_education020_0006_r02,education_020,Kim Thu Nguyen Thi vài hôm nữa xem điểm thi các e hs vùng núi xem các bác Bộ nói giề,tích cực,False,,
cmt_education011_0006_r19,education_011,Phong Lâm là người bỏ tiền ra xây trường . Còn hiệu trưởng là làm thuê cho ông ta . Hiểu đơn giản là thế,trung lập,False,,
cmt_education_005_0011,education_005,Cái kết khi ko đi học thêm cô do cô dạy.,tiêu cực,False,,
cmt_education_011_0515,education_011,Đạo đức suy đồi. Ngành giáo dục mà cứ thế này thì dạy thế hệ con trẻ thế nào,tiêu cực,False,,
cmt_education_020_0192,education_020,biến đổi khôn lường ko ai đoán đc và sẽ ko thể ngờ đc,trung lập,False,,
cmt_education_009_0077,education_009,Loại giáo viên này ko phân biệt đúng sai thì lấy tư cách gì đứng trên bục giảng đuổi khỏi ngành nhanh còn kịp,tiêu cực,False,,
cmt_education_017_0670,education_017,Nộp xog có thể ngất luôn tại chỗ,rác,True,,
cmt_education007_0031_r13,education_007,Nguyễn Trí Thức ts miền nam ko rõ chứ miền bắc học thật và khổ thật lại còn tốn kém,tiêu cực,False,,
cmt_education_037_0090,education_037,Bỏ ngay và luôn đi ạ,tích cực,False,,
cmt_education_018_0243,education_018,qh xong để thổi giá,trung lập,False,,
cmt_education_011_0108,education_011,Sống dưới chế độ Thiên đườngthì cái xã hội nó cũng giống như cái nồi cháo heo.,tiêu cực,False,,
cmt_education_017_0209,education_017,"Cháu tôi học môn tin học khi thi đúng máy tậm tạch, nếu kỳ thi quốc gia mà đúng máy bị trục trặc hay là chậm, lỗi, thì coi như hỏng à, làm ơn đừng tốn kém và thí điểm như vậy nữa",tiêu cực,False,,
cmt_education_020_0123,education_020,thương cho 2k7 quá,tiêu cực,False,,
cmt_education_016_0010,education_016,"Đối với ngành đào tạo sư phạm tại sao Bộ GD không nâng cao điều kiện đầu vào mà lại hạn chế NV ,những  thí sinh yêu nghề và quyết tâm vào sư phạm nếu bị giới hạn NV quá bất công cho các con",tiêu cực,False,,
cmt_education_016_0065,education_016,"Mong BGD cho thêm số  lượng  Nguyện vọng cho thí sinh, 10 nguyện vọng hơi ít.",ý kiến riêng,False,,
cmt_education_037_0261,education_037,Đổi lia lịa,tiêu cực,False,,
cmt_education020_0003_r06,education_020,"Nhân Si vượt khả năng tư duy của một đứa trẻ mới 16, 17 tuổi",trung lập,False,,
cmt_education018_0017_r03,education_018,Hoàng Hoàng Bùi các cháu nó lại ko thích ở ký túc,trung lập,False,,
cmt_education007_0003_r17,education_007,Phạm Tấn Không sợ kẻ thù mạnh....,tích cực,False,,
cmt_education_011_0314,education_011,văn phòng dâm dục,tiêu cực,False,,
cmt_education_020_0156,education_020,Mả tiên sư thằng giáo sư ra đề,tiêu cực,False,,
cmt_education005_0054_r01,education_005,"Mỹ Dung mừng gì đang kiếm bằng chứng là mấy đứa ko đi học thêm thì điểm sẽ thấp, ai dè thi xong đứa nào cũng điểm cao như nhau, vậy thì sao ép phụ huynh cho con đi học thêm đc 🤭🤭🤭",tiêu cực,False,,
cmt_education_037_0263,education_037,Nếu quyết bỏ xét HB thì quyết ngay cho 2k8 tập trung các môn chính kg cần nỗ lực mấy môn phụ cho mất thời gian.,ý kiến riêng,False,,
cmt_education020_0005_r05,education_020,Dang Khanh Van bạn là GV hay giáo sư mình không cần biết nhưng học là phải vào trọng tâm vậy bộ ra SGK  để làm gì hay ra sách để ban kiếm lợi nhuận,tiêu cực,False,,
cmt_education_005_0274,education_005,Duyên Nguyễn Kỳ chuyện j cũng xảy ra đc 🥲,rác,True,,
cmt_education_004_0094,education_004,"Ăn đâu ko ăn, ăn đúng A80 thì cụ đi chân lạnh toát rồi.",tiêu cực,False,,
cmt_education_007_0274,education_007,"Vậy bây giờ trả nhiệm vụ, chức năng cho đúng thù hình đi. K cần tương đương, bằng hay kém làm gì. Vì thứ bác sĩ bọn tui cần là yên ổn làm việc, kiếm tiền nuôi gia đình. 
1. Bên lăn lộn lâm sàng, cầm tay chỉ việc thì được làm chuyên môn trong và ngoại viện. Được mở pk làm chuyên môn
2.Bên học thuật nghiên cứu, k được làm chuyên môn trực tiếp, làm đúng cái mình giỏi là nghiên cứu đề tài thôi. Vì lúc đi học và tốt nghiệp các bạn ấy ngồi nhà bấm máy tính, thống kê, nghiên cứu số liệu mà. Lúc người khác điều trị, phẫu thuật cho bao nhiêu người thì các bạn ấy lăn lộn đi lấy số liệu và nghiên cứu mà. Nhìn con số thống kê có mổ được k? Nhìn con số nó có tăng nhạy cảm lâm sàng không? Nên đừng làm chuyên môn thuần túy. Không đc mở pk
3. Ngành Y mình nên diện rộng phổ biến về đặc thù các loại bsi. Tránh bị đánh đồng. Còn bác nào vừa giỏi học thuật vừa giỏi chuyên môn lâm sàng, muốn có cả 2 cơ hội thì có thể học chuyển đổi
Vì sao các bác muốn tương đương, vì dân họ k biết bác sĩ chuyên khoa 1,2 là cái gì. Dân trí chỉ biết thạc sĩ, tiến sĩc là họ giỏi. Nên mở pk ra nó bị thiệt thòi. Cứ thử phân định rạch ròi chức năng, nhiệm vụ liên quan đặc thù xem. 
Tôi cá là chả bác sĩ nào cần đòi ngang bằng làm cái gì. K thèm quan tâm luôn. Mà có khi chả mấy bác tha thiết nghiên cứu nữa ấy. Rồi thử sau vài thế hệ xem còn mấy người còn theo đuổi cái bằng thạc sĩ với tiến sĩ của mấy ông giáo dục. Các ông có thấy các bác làm lâm sàng cố vật lộn lấy bằng thạc sĩ, tiến sĩ vì dân trí và không công bằng trong xã hội giữa các định danh này k?",tiêu cực,False,,
cmt_education015_0006_r10,education_015,Tuan Trinh Dinh mình xin video vs b ơi,rác,True,,
cmt_education_037_0184_r11,education_037,"Minh Trí Hồ còn về cái khả năng tiếp thu, ko phải ai cũng có thể trở lại vs nhịp học bình thường sau 1 kì thi khó khăn vs những kiến thức rất xa vời thptqg. Việc mà t cmt giữ lại học bạ, xét tuyển cùng các tiêu chí phụ đã nói chính là để có con đường cứu cánh cho những bạn thất bại trong kì thi, có hiểu chưa ? Nghĩ sao mà đi thi ai cũng giỏi, ai cũng có giải, ai cũng đc tuyển thẳng ? Thể thì từ giải quốc gia thành giải ao làng cmnr. T từng thi và t biết năng lực của mỗi ng đều khác nhau và bản thân t ko giỏi giang gì, chỉ ở mức trung bình khá. Để đến đc kì thi hsgqg thì cũng đã phải có giải hsg cấp tỉnh các thứ, thế rồi đến lúc thi QG ko có giải thì coi như mất trắng à ? Mình chỉ nói đến vậy thôi",ý kiến riêng,False,,
cmt_education007_0001_r15,education_007,Trai Đẹp Nhà Tui thế à chắc bạn là TS rồi.rõ ràng mình là con dê lại cứ bắt ng khác công nhận mình là con voi cơ bạn thấy sao?,trung lập,False,,
cmt_education018_0003_r02,education_018,Hồng Phúc Lê Trần thế hệ tương lai của đất nước em mà bác chê loạn 😂😂🤣,trung lập,False,,
cmt_education018_0006_r26,education_018,Dương Dũng sau này ra ven ngoài thì giá bên ngoài nơi đó lại tăng theo thôi bác ạ. giờ nội đô giờ quá đông chật rồi không tải được nên mới vậy,trung lập,False,,
cmt_education_009_0262,education_009,"May con giao vien ...bay h he con minh co hoc them,phu huynh co qua cap cho tui no thi no,thuong con minh.con o? No tru dap ,du tro.",tiêu cực,False,,
cmt_education_011_0027,education_011,Phòng hiệu trưởng .mà đồ dùng còn hơn vua chúa ngày sưa .tiền đâu ra mà sắm nhiều vậy,tiêu cực,False,,
cmt_education011_0006_r01,education_011,"Nguyen Thai Hoc 🚫Fb là  thầy Nguyễn Văn Đạt lên bài đính chính toàn bộ video là sai sự thật rồi mn
Còn Chối bỏ có đăng toàn bộ sự thật ở Trang ổng kìa",tiêu cực,False,,
cmt_education018_0003_r16,education_018,Đoàn Ngọc Ánh bình cũ rượu mới để tăng giá ngoại ô thôi,trung lập,False,,
cmt_education018_0002_r01,education_018,"Trần Anh thì sinh viên nó phải dạt ra gần trường nó ở, số lượng sinh viên đâu có ít, tự nhiên nói đến chuyện ra trường đi làm, ko hiểu chuyện à",trung lập,False,,
cmt_education_019_0016,education_019,Loại này mà giáo viên gì. Thối nát,tiêu cực,False,,
cmt_education_037_0162,education_037,"Bỏ đi bỏ đi, mình lên dh roi",tích cực,False,,
cmt_education_018_0037,education_018,Chuẩn ạ! Tăng mở trường công lập cấp 3 cho giảm gánh nặng học hành các cháu. Ơn Đảng rất nhiều ạ!,trung lập,False,,
cmt_education_037_0251,education_037,ĐỒNG Ý BỎ.,tích cực,False,,
cmt_education_037_0132,education_037,Bỏ xet học bạ là hợp lý,tích cực,False,,
cmt_education_020_0166,education_020,"Câu lý giải với kết thúc mở, mở ra cho người nghe thêm nhiều câu hỏi cần nhận được lý giải thoả đáng",trung lập,False,,
cmt_education005_0003_r01,education_005,Những em này chắc ko đi học thêm ?,trung lập,False,,
cmt_education020_0006_r01,education_020,"Tien Tran thương chúng nó quá, vớ vẩn rớt tốt nghiệp k chừng",trung lập,False,,
cmt_education017_0003_r04,education_017,Ngọc Huyềnn con mình 2k11 đây,rác,True,,
cmt_education020_0010_r15,education_020,Vy Thị Vĩnh viết đúng chính tả đi rồi cmt. Con học giỏi thế mà k bảo mẹ sửa chính tả à? Dốt chứ k phải rốt,rác,True,,
cmt_education_007_0042,education_007,“ khôn” như bộ Dục nên loay hoay cải cách 40 năm để bây giờ mất phương hướng,tiêu cực,False,,
cmt_education_038_0118,education_038,Orio Icey Hòa Lê ye ye chúng ta sẽ k bị thất nghiệp,tích cực,False,,
cmt_education_007_0175,education_007,Tại sao cứ phải so sánh. Nếu giống nhau sao gọi tên khác nhau. Đơn giản vậy thôi,trung lập,False,,
cmt_education_011_0346,education_011,Cả nhà xm sai rồi . đó là ho GĐ kinh Doanh thôi,trung lập,False,,
cmt_education011_0001_r14,education_011,"🫢🫢🫢 li*m láp đứng trước cam đồ ,có cả học sinh nữa mà,vừa xem bên Tin nóng 24/7",trung lập,False,,
cmt_education011_0004_r32,education_011,Nguyễn Hòa ở tỉnh thì càng dễ to và đẹp hơn HN c ạ. Ở HN đất chật hơn nhiều. Ông này còn thuộc diện Chủ tịch nữa. Chứ ko chỉ là hiệu trưởng.,ý kiến riêng,False,,
cmt_education007_0026_r03,education_007,Nhất Đặng câu chuyện này là của những thập niên trước. Nay thì ngược lại rồi bác ạh,trung lập,False,,
cmt_education018_0005_r01,education_018,Mỹ Duyên không sao chúng ta vẫn có hust mag,trung lập,False,,
cmt_education007_0019_r01,education_007,Mệt mỏi,tiêu cực,False,,
cmt_education011_0003_r11,education_011,Kg 1 cô thoi nhưng nhiều lần tóc ngắn đó bạn,tiêu cực,False,,
cmt_education007_0001_r06,education_007,Trai Đẹp Nhà Tui 2 bộ không thống nhất đươc với nhau thì còn mệt. Chuyển qua bộ giáo dục quản thì có khả năng được công nhận,trung lập,False,,
cmt_education_017_0695,education_017,Thi xong ra cổng là chạy qua chợ mua đồ nghề luôn khỏi chờ.,tiêu cực,False,,
cmt_education_039_0001_r12,education_039,Bella Le là phía nhà trường thì báo đậu còn bên web bộ thì là trượt đấy ạ,trung lập,False,,
cmt_education_011_0345,education_011,Biết co camera rồi mà vẫn thích pham luật vậy nên sự tôi gấp đôi,tiêu cực,False,,
cmt_education020_0002_r17,education_020,Hén Lọng các ông lắm được mời ra đề nhưng học sinh thì khác chứ học sinh lắm được như các ông thì đâu cần thi tot nghiệp mà là người ra đề luôn rồi,tích cực,False,,
cmt_education_011_0423,education_011,Tôi hi vọng điều đó là sự thật!,tích cực,False,,
cmt_education_017_0641,education_017,"Chết ngay tại chỗ luôn, cảm ơn nha đi thi về xong đỡ phải thấp thỏm lo cgi 🥰",tiêu cực,False,,
cmt_education007_0031_r06,education_007,Nguyen Tuan Anh bao năm nay Thạc sĩ chỉ xét tuyển chứ có thi cử gì đâu. CkI thi rụng như lá mùa thu kìa,tiêu cực,False,,
cmt_education009_0030_r03,education_009,Lê Ngọc Mai  tạo phốt ms nổi đc 😂,rác,True,,
cmt_education011_0053_r01,education_011,Minh Hoà Kim yêu quái,rác,True,,
cmt_education_018_0121,education_018,Nhường cho cấp 3 là đúng,trung lập,False,,
cmt_education017_0006_r04,education_017,"Nguyễn Kelvin ý này hay nè, đoạn nào chưa hiểu còn tua lại đc luôn. Học sinh rất chủ động trong việc học. Mà t thấy nhiều bài học đc lập trình giảng rất dễ hiểu nhé, nhất là môn tiếng anh, từ mới học rất nhanh thuộc",tích cực,False,,
cmt_education007_0001_r01,education_007,Và rồi sao,trung lập,False,,
cmt_education_040_0013,education_040,Cần cung cấp cho GV tin học các tài khoản pro ứng dụng AI,ý kiến riêng,False,,
cmt_education009_0041_r02,education_009,Ngọc Khoa dm kiếm được cái clip đi spam hoài luôn,rác,True,,
cmt_education_017_0109,education_017,+1 vé đại học trăm mâm =)))),rác,True,,
cmt_education_002_0017,education_002,,rác,True,,
cmt_education_011_0584,education_011,Thầy số hường hàu ăn ngập mồm 🤣🤣🤣🤣,rác,True,,
cmt_education020_0034_r03,education_020,Cao Phat HV 2013 thì s =))),rác,True,,
cmt_education_005_0083,education_005,Lí do vì sao cô ấy làm như vậy ạ?,trung lập,False,,
cmt_education_040_0145,education_040,Hồng Hải Rồi xong rồi 🤣🤣 Sướng nha. Môn chính luôn,tích cực,False,,
cmt_education_018_0211,education_018,"Nói thẳng là mấy thằng học trường nhỏ lẻ là mấy thằng học vì cái mác sinh viên thủ đô. Cứ học xong cấp 3, tư tưởng lúc nào cũng phải học ở hà nội thì nó mới chất được. Cho dù các các bộ ban ngành có di dời đi thì cũng không ảnh hưởng lắm tới việc các cháu nhảy vào nội đô học được cả. (Cái này hơi í kiến cá nhân chút) nên di dời các đại học, trường đại học lớn ra khỏi nội đô, ví dụ như di dời dần xuống mạn hà nam, không thì sang các khu vực ít các trường học và dân cư thưa hơn các quận, huyện khác như đống đa, long biên,… Các cháu đã học thì xác định là lên tp hết từ giỏi đến mấy thằng học lực yếu, kém. 10 thằng ở quê thì 7thằng xác định chắc chắn ở hà nội, 1 thằng đi cty, 1 thằng học nghề, 1 thằng đi xuất khẩu thế thôi",rác,True,,
cmt_education018_0006_r25,education_018,Dương Dũng chỗ nào có sv thì giá mọi thứ lại tăng thôi nhưng sv thì ít có cơ hội kiếm việc làm thêm.,trung lập,False,,
cmt_education013_0009_r07,education_013,"Phúc Nguyễn Hồng ô quyết là khắc phục thừa luôn đó, nên mới dc về sớm vậy, chứ ô này ko khắc phục nghìn nào e là khó về sớm",trung lập,False,,
cmt_education_017_0415,education_017,Thế là không còn câu đọc đề xé đề ra về nữa,trung lập,False,,
cmt_education018_0002_r04,education_018,Lan La ý là giải tỏa xong rồi lại bán đất vàng cho các tập đoàn lớn á,trung lập,False,,
cmt_education_037_0028,education_037,"thấy vẫn thi tuyển sinh 10 như mấy năm trc vẫn công bằng hơn . Lỡ trên lớp vài đứa là học sinh cưng của thầy cô hay tụi nó chép phao trog lúc thi ở trường nên điểm cao , vậy ko xứng đáng vs các e nỗ lực tht sự . Hoặc khi thi vào 10 các e học sinh muốn làm lại muốn thay đổi bản thân vì C2 học hành sa sút thì BGD xét như thế chẳng khác nào khiến học sinh nhục chí hơn , đối với hình thức xét học bạ thì tính công bằng rất thấp .Nên thi minh bạch để xét tuyển đúng thực lực của từng em học sinh ạ",ý kiến riêng,False,,
cmt_education_009_0194,education_009,"Em cũng đồng ý với chị. Nếu 23 bạn kia không tát thì cớ sự đâu nên nỗi. Vì sao k có 1 tập thể biết bảo vệ bạn mình, biết đâu đúng sai",tiêu cực,False,,
cmt_education_017_0176,education_017,"Thật ra thì coi như làm quen trước cũng được mà, tại lên đại học một số môn cũng thi kiểu vậy ấy, làm trên máy tính xong biết kết quả luôn đỡ phải lo lắng chờ đợi =))",tích cực,False,,
cmt_education_009_0242,education_009,"Đừng vì lợi ích riêng mà che giấu sự thật. 
Con sâu làm rầu nồi canh, tiếc gì? đổ đi thôi. 
Hay hiệu trưởng cho toàn thể  giáo viên trường đưa cô ấy ra mà tát.",tiêu cực,False,,
cmt_education007_0002_r04,education_007,Chiaseyhoc.vn Doctoral đã là TS rồi. Còn tranh cãi chi nữa.,trung lập,False,,
cmt_education_005_0270,education_005,"Học sinh tiểu học thôi mà cô đối xử kiểu đó, ác vừa thôi chứ",tiêu cực,False,,
cmt_education_017_0236,education_017,Thật hả tưởng đùa thôi,trung lập,False,,
cmt_education_018_0170,education_018,Nao Asuna cho ấy về QO đi đỡ phải bắt bus 😭,trung lập,False,,
cmt_education007_0006_r02,education_007,"Nông Dân Cách nhìn riêng tui 
Khi trình bày lý thuyết nên mời BSTS sẽ truyền tải kiến thức người nghe dễ hiểu .
 Trên lâm sàng thì CK2 sẽ làm tốt hơn .
Tóm lại một BS vừa giỏi lý thuyết vừa giỏi thực hành mới giỏi toàn diện .",trung lập,False,,
cmt_education_007_0308,education_007,"Theo mình hiểu:
-Bộ GD&ĐT cấp bằng về kiến thức, về nghiên cứu: Thạc sĩ, Tiến sĩ.
-Bộ Y Tế cấp chứng chỉ về thực hành chuyên môn như CK1, CK2.
Ở các phòng khám tư nhân, mình thấy có ghi Thạc sĩ, bác sĩ Nguyễn Văn A hay Thạc sĩ, Bác sĩ CK2 Trần Văn B. Mình không học y cũng hiểu việc này.
Và thấy 2 việc này đâu mâu thuẫn gì nhau mà sao thấy mọi người làm phức tạp lên nhỉ? 
Hay là mình hiểu sai????",trung lập,False,,
cmt_education005_0003_r04,education_005,"Đặng Yến HD Xét học bạ là cách xét rất vớ vẩn, vì không kiểm soát đc việc cho điểm.",trung lập,False,,
cmt_education_015_0071,education_015,Khi giải thể xong còn nhiều hậu quả phải khắc phục lắm,tiêu cực,False,,
cmt_education007_0004_r02,education_007,"Binh Nguyen Bạn nói đúng. Nghề Y chỉ cần một danh xưng thôi là đủ: Bác sĩ và phải là Bác sĩ có tâm và có tài
Học càng cao càng tốt. Nhưng cái nghề này có đặc trưng riêng là phải kinh nghiệm và lòng thấu hiểu
Đem học vị ra ""khè” bệnh nhân để làm gì. Theo tui, ai muốn học cứ học , học cao bao nhiêu cũng được nhưng trên danh xưng với bệnh nhân, trên các toa thuốc thì chỉ cần ghi hai chữ BÁC SĨ thôi là đủ",tích cực,False,,
cmt_education018_0010_r02,education_018,"Trọng Minh b nói điều ai cũng biết. Nhưng hồi trc chuyển hết ra ngoại thành thì ở đâu? Nên nhớ việc di chuyển này là khoảng 1 tr người đấy từ sinh viên, giáo viên, rồi người dân làm các dịch vụ liên quan. Để mà di chuyển phải xây các khu tái định cư xung quanh trường. Giờ khi HN có các đô thị vệ tinh xung quanh rồi mới có thể triển khai đc việc này",trung lập,False,,
cmt_education_037_0002_r48,education_037,"Lê Phương Thảo chẳng biết công bằng không nhưng chính tôi thấy 2 bé kia con của khách và con của chị họ đều được hsxs mà thi 3 môn chuyên ngành 1 bé 15 điểm,1 bé 18 điểm, nếu xét học bạ thì tận 29-30 điểm",tiêu cực,False,,
cmt_education_018_0035,education_018,Chuẩn luôn rồi,trung lập,False,,
cmt_education007_0006_r05,education_007,Nguyễn Thị Tuyết Hồng cô nói đúng quá ạ,trung lập,False,,
cmt_education_001_0001,education_001,"Bộ Giáo dục và Đào tạo vừa ban hành Quyết định số 1034/QĐ-BGDĐT về việc hủy kết quả đạt giải Nhất Cuộc thi nghiên cứu khoa học, kỹ thuật cấp quốc gia dành cho học sinh Trung học Cơ sở và Trung học Phổ thông năm 2024 - 2025.

Theo Quyết định, Bộ Giáo dục và Đào tạo hủy kết quả đạt giải Nhất và thu hồi giải thưởng, giấy chứng nhận đạt giải của dự án ""Hệ thống phân loại rác thông minh tích hợp trí tuệ nhân tạo và cảm biến âm thanh"", lĩnh vực Hệ thống nhúng, đơn vị dự thi Sở Giáo dục và Đào tạo tỉnh Hưng Yên.

Bộ Giáo dục và Đào tạo yêu cầu Sở Giáo dục và Đào tạo tỉnh Hưng Yên có trách nhiệm xử lý nghiêm tập thể, cá nhân vi phạm quy định hiện hành và báo cáo về Bộ Giáo dục và Đào tạo.

Được biết, dự án đạt giải Nhất của Sở Giáo dục và Đào tạo tỉnh Hưng Yên là 1 trong 12 giải Nhất được trao cho các dự án tham cuộc thi năm nay.

Theo điều 4 của Thông tư 06/2024 ban hành quy chế Cuộc thi nghiên cứu khoa học, kỹ thuật cấp quốc gia dành cho học sinh Trung học cơ sở và Trung học phổ thông, Bộ Giáo dục và Đào tạo quy định: ""Bảo đảm tính trung thực trong nghiên cứu khoa học; không gian lận, sao chép trái phép, giả mạo; không sử dụng hoặc trình bày nội dung, kết quả nghiên cứu của người khác như là kết quả nghiên cứu của mình""./.",trung lập,False,,
cmt_education017_0001_r23,education_017,VTV7 2k10 lại có thử thách nữa ạ. Nếu đang thi rớt mạng thì biết làm thế nào ạ,tiêu cực,False,,
cmt_education018_0011_r14,education_018,"Tiệm Tháng Năm sv nội đô ra là được rồi, lớn rồi tự lập được, nhường chỗ cho các em nhỏ học tập vì chưa đủ khả năng tự lập",tích cực,False,,
cmt_education_037_0065,education_037,Bỏ là phải rồi để có chất lượng,tích cực,False,,
cmt_education011_0006_r06,education_011,Phong Lâm Choénn cả học sinh còn quayy lại luôn mà sợ thật vừa xem ở Báo Xã Hội 24h,rác,True,,
cmt_education007_0012_r01,education_007,"Thu Hien MD Doctor of medicine là Tiến sỹ y khoa ở Mỹ , không phải là bác sĩ đa khoa như VN vì MD là bậc sau đại học , không phải đào tạo từ THPT như VN đâu ? Sinh viên học MD có người đã có bằng tiến sĩ hoặc Master. Trợ lý bác sỹ PA đã là thạc sỹ rồi .",tích cực,False,,
cmt_education007_0003_r03,education_007,"Tư Mã ......vâng ý kiến của bạn rất thực tế ! Ngành y thì từ cổ đến kim nguyên bản vẫn không thay đổi chi rứa cả ! Dạ dầy thì vẫn là nơi chứa thức ăn mà người ta ăn vào còn phổi thì ....xưa nay vẫn hít không khí vào rồi thở nó ra không mất tiền mà vẫn được hít thở 24/24/7 nên có thể coi ngành y là ngành ít biến động theo thời gian của lịch sử loài người ! Mỗi thời kỳ lịch sử khác nhau thì các thầy thuốc , bác sĩ lại viết ra lý thuyết khác nhau làm tăng số lượng và khối lượng kiến thức giảng dạy cho sinh viên đồng thời lại có hàng loạt kiến thức của các nhà nghiên cứu khoa học tân ....tiến ...tiến sĩ , giáo sư in bán hàng ngàn hàng chục ngàn bản và mỗi vị lại tự sướng tung ra nhiều đầu sách ...thế là tình trạng nhiễu loạn sách y học sách y khoa , sách y dược cứ như dòng lũ thi nhau chảy vào các trường cả trong luồng lẫn ngoài cổng trường ...chẳng khác gì ngành giáo dục hiện nay nhìu đầu ....ách quá khiến chính phủ phải chỉ đạo chỉ dùng 1 bộ sách giáo khoa cho học sinh phổ thông thôi ! ....hi...hi.... ! Nếu cơ thể con người của ngành y vãn nguyên bản như khi loài người thời mới xuất hiện trên trái đất thì ....lấy đâu ra lắm phát minh hay phát kiến hay sáng tạo ra nhiều như bươm bướn còn giáo sư tiến sĩ thì đông hơn quân Nguyên từ các lò ấp tiến sĩ , giáo sư vẫn đang hoạt động hết công .. sức chắc chắn còn có thể đông gấp bội lần quân Nguyên ?....! Thế ni thì mừng hay lo cho vận nước , mệnh dân ?....! Trước đây người ta yêu ngành y giờ mới thấy những gì mắt thấy tai nghe ....mà nghẹn lòng ngao ngán ...nỗi ...?....",trung lập,False,,
cmt_education_009_0180,education_009,"Chắc cô vốn dĩ có ""uy"" lắm nên các em không dám trái lệnh, bảo tát bạn là răm rắp làm theo. Buồn cho cả lớp.",tiêu cực,False,,
cmt_education_007_0161,education_007,"Bsnt giỏi thật , nhưng tương đương Ts thì hơi quá😂",tiêu cực,False,,
cmt_education_037_0068,education_037,v thì xét học bạ 4 năm hsg hết=))),tiêu cực,False,,
cmt_education_004_0064,education_004,ơ sao bảo chi trả 2 lần mà,trung lập,False,,
cmt_education_018_0162,education_018,"Bách khoa đâu có nhỏ mà cũng bị di dời nhỉ, đi hết các khu nhà bk chắc mỏi chân",trung lập,False,,
cmt_education_009_0073,education_009,Cô giáo k đủ tư cách tốt nhất vào kho. Lúc nào cũng chỉ vì thành tich trong thì thối hơn cứt,tiêu cực,False,,
cmt_education_004_0006,education_004,"Hoan hô, phải làm quyết liệt như thế mới an dân được 🥳",tích cực,False,,
cmt_education002_0001_r01,education_002,Bảo Ngọc em đợi thông báo nhé,trung lập,False,,
cmt_education018_0006_r15,education_018,Dương Dũng Bài phân tích quá chuẩn 👍👍👍,rác,True,,
cmt_education_007_0317,education_007,Bạn có đủ tiền không để được học vị tiến sĩ y khoa hahaha,tiêu cực,False,,
cmt_education020_0006_r21,education_020,"Nguyễn Hương thế mà cũng nói được, có con đi thi thì mới biết áp lực hơn cả thi tốt nghiệp",tiêu cực,False,,
cmt_education_011_0529,education_011,Đạo đức quá suy đồi! Vậy dạy học sinh thế nào đây,tiêu cực,False,,
cmt_education017_0003_r10,education_017,Phú Phan có nha b,rác,True,,
cmt_education_011_0241,education_011,Đạo tạo ra chân dài bám dim,tiêu cực,False,,
cmt_education018_0006_r10,education_018,Ít cơ hội việc làm,trung lập,False,,
cmt_education_020_0291,education_020,Học thật thi thật 😆,tích cực,False,,
cmt_education011_0051_r04,education_011,"Thấy mệt mệt 
hơn chục cô giáo và cả HS mặc đồng phục mà ,cứ cãi, sợ thật, vừa xem bên Tin nóng 24/7",tiêu cực,False,,
cmt_education_018_0149,education_018,UTC chim cút,trung lập,False,,
cmt_education018_0011_r11,education_018,Nguyễn Thành Long có khi họ đi xa lại thích ấy chứ =)),trung lập,False,,
cmt_education_013_0012,education_013,"Nếu mà Công ty mà ko đưa hl chắc làm ăn được lắm, yên lắm",tiêu cực,False,,
cmt_education_005_0186,education_005,Còn nhiều vấn nạn tiêu cực chưa khui ra thôi,tiêu cực,False,,
cmt_education_040_0021,education_040,Ủn hộ cao,tích cực,False,,
cmt_education007_0010_r02,education_007,"Hoàng Duy BSCK2 nghiên cứu sâu về chuyên khoa của họ đồng thời chú trọng lâm sàng, điều trị và cũng tham gia giảng dạy về lâm sàng và điều trị nha. TS thì thường chú trọng về nghiên cứu khoa học, giảng dạy về mặt lý thuyết đồng thời tham gia đào tạo học viên ""sau đại học"", vì thế thường thì TS thường đạt học hàm PGS, GS còn BSCK2 có vẻ ""khó hơn"".",trung lập,False,,
cmt_education_017_0424,education_017,Nên làm vậy.,tích cực,False,,
cmt_education_017_0175,education_017,"Nhìn bài thi: sốc tập 1
Làm bài thi: sốc tập 2
Nộp bài thi, biết điểm: ngất bà luôn cho nhanh",tiêu cực,False,,
cmt_education015_0003_r14,education_015,Doanh Thi Quynh Anh /  Đúng vậy bn,rác,True,,
cmt_education004_0001_r46,education_004,Nhung Giang tag tên trường vào bạn ơi,rác,True,,
cmt_education_020_0016,education_020,Em chỉ mong BGD hạ điểm thi ĐH cho 2k7,ý kiến riêng,False,,
cmt_education_037_0069,education_037,"Chuẩn ạ, học bạ có thể mua được nên không biết được năng lực của mỗi người ra sao đâu ạ",tích cực,False,,
cmt_education_040_0154,education_040,Quang Thành ôi cntt vẫn là chân ái :)),rác,True,,
cmt_education_018_0201,education_018,3 trường dọc chùa láng vào gồng,trung lập,False,,
cmt_education_017_0635,education_017,Như thi bằng lxe,trung lập,False,,
cmt_education011_0050_r03,education_011,Thấy mệt mệt  jo hiện đại thì hại  tiền của  quý phụ huynh như năm nay giảm đc ít tiền học phí thì tăng cái khác,tiêu cực,False,,
cmt_education_020_0110,education_020,Tuyệt vời 🍀🍀🍀,tích cực,False,,
cmt_education007_0004_r24,education_007,Binh Nguyenbs trước 75 được đào tạo khác hơn bây giờ,trung lập,False,,
cmt_education_007_0032,education_007,"dân y tế đọc mới hiểu chuyên 1, chuyên 2 chứ cứ truyền thông mãi thế này thì người dân sẽ có tâm lý so sánh chuyên 1 ko bằng ths, chuyên 2 ko bằng ts",ý kiến riêng,False,,
cmt_education_017_0339,education_017,"Thôi ngay, thôi ngay",tiêu cực,False,,
cmt_education_007_0174,education_007,Quá hợp lý luôn! người biết chuyện và có tìm hiểu thì không có noi nào trên quá đất này có một đê xuất quái đán như vậy!,tích cực,False,,
cmt_education005_0004_r01,education_005,Trần Hà chuẩn luôn,rác,True,,
cmt_education_015_0084,education_015,Chừng nào tới fullbright,trung lập,False,,
cmt_education_005_0240,education_005,Trên đời này chuyện gì cũng sảy ra,trung lập,False,,
cmt_education_037_0002_r12,education_037,Nhung Nguyên tuỳ theo trường chứ ko phải trường nào cũng công bằng đâu.,trung lập,False,,
cmt_education_037_0287,education_037,"Mấy ông suy nghĩ tính toán tầm nhìn cho được 20 năm trở lên, đổi xoành xoạch chỉ tội các con 🙂‍↕️",tiêu cực,False,,
cmt_education007_0007_r01,education_007,"Bụi Trần tìm hiểu kỹ rồi hả phán, thế giới có chuyên khoa Việt Nam mới làm theo nhé.",tích cực,False,,
cmt_education_037_0047,education_037,Ủng hộ ủng hộ 😂,tích cực,False,,
cmt_education_011_0331,education_011,"Ko xóa khỏi ngành ,con cái ai học trường này cũng là mối lo cho ph",tiêu cực,False,,
cmt_education_013_0028,education_013,Mấy thăằng này nên nằm ghế & tiêm hết cho sạch XH,tiêu cực,False,,
cmt_education011_0012_r04,education_011,Phạm Thiện  bảo sao giờ làm hiệu trưởng   Khác eo gì vua đi ô tô 🚗 nhà  biệt thự,tiêu cực,False,,
cmt_education005_0011_r02,education_005,Vũ Hà Lam mày có bị thần kinh không hả đồ ngu. Comment ngu như con bò. Học sinh họ cố gắng học tập mà lại dám sữa bài cho điểm kém thử hỏi sau này còn ai phấn đấu. Rồi còn đâu là tương lai của học sinh. Công bằng nằm ở đâu khi bài sữa đúng thành Sai. Không biết mày có làm trong nghành giáo không để làm đơn xem xét lại lớp mày dạy và phát ngôn của người đứng lớp,tiêu cực,False,,
cmt_education_011_0621,education_011,có video đâu mà tin,trung lập,False,,
cmt_education_038_0081,education_038,Tuyển biên chế tiếng Anh,trung lập,False,,
cmt_education_020_0113,education_020,Ca 1 tương lai cua cac con la do cac ông bgd lam tan nat hêt,tiêu cực,False,,
cmt_education_020_0095,education_020,Bác nào làm đc cho ở lại ko cho về hết,rác,True,,
cmt_education018_0010_r10,education_018,"Mưa Chiều Thu làm quy hoạch mà tư duy như b thì VN dừng ở năm 2000, éo thể phát triển như bgio. Bài toán chuyển trường ĐH mà dễ ăn như b nghĩ thì đã chuyển mọe từ 10 năm trc roài. T phân tích cho để hiểu cái j cần có trc, cái j cần có sau, giao thông cơ sở hạ tầng - dân sinh nhà ở - trường học, bệnh viện - dịch vụ, văn hóa thể thao du lịch. Nói để hiểu làm cái j cũng phải có quy trình, chứ đừng khơi khơi nói j cũng đc. Dễ thì vào mà làm đi",rác,True,,
cmt_education_039_0001,education_039,"khổ quâ tr oi e đậu uth với 1100+ mà mãi vẫn k thấy thông báo đậu, web trường thì lúc trước tra có tên nhưng hqua đến nay k còn tra thấy luôn🥲mấy trg khác đã nhập học hết r khi nào em mới đc nhập học vậy...web bộ k xác nhận đc thì làm sao em dám đóng liền mười mấy triệu cho trường ạ???",tiêu cực,False,,
cmt_education_037_0166,education_037,Bỏ thôi cho công bằng,tích cực,False,,
cmt_education007_0003_r17,education_007,"Lương Tiểu Mai chế sai rồi, chính mô hình đào tạo y tế hiện tại thì Bs nội trú và Bs chuyên khảo mới có kinh nghiệm lâm sàng nhiều nhất đó chế. Còn tIến sỹ chỉ là nghiên cứu và ít kinh nghiệm lâm sàng kìa.",tích cực,False,,
cmt_education020_0003_r04,education_020,Phạm Thanh Sơn quá chán về ngành giáo dục,rác,True,,
cmt_education020_0003_r06,education_020,Dương Mạnh Long vì bộ chỉ đạo khi ra đề và ôn thi.😂. Đang bàn về việc giữa nói và làm cơ mà,trung lập,False,,
cmt_education_017_0226,education_017,hot liền,rác,True,,
cmt_education_018_0063,education_018,Ra là đúng,trung lập,False,,
cmt_education020_0002_r02,education_020,Vịnh Nghi coi lại nha hợp pháp hoá hc thêm á tại sgk không thể tự ôn như mọi năm,ý kiến riêng,False,,
cmt_education_018_0255,education_018,Nghe cứ quen quen ! Mấy cây trồng ở Hòa Lạc sắp thành cổ thụ rùi.,trung lập,False,,
cmt_education_007_0357,education_007,"Về kinh nghiệm thực hành khám chữa bệnh, đặc biệt là phẫu thuật, bác sĩ Mỹ nói chung có giỏi hơn bác sĩ Việt Nam?",trung lập,False,,
cmt_education_011_0106,education_011,bởi vậy học sinh bây giờ tụi nó mất dạy và dô giáo dục tại vì nhà trường bận bịu làm chuyện đó còn không thì dạy hết tiết thì hết trách nhiệm không cần tụi nó làm cái gì,tiêu cực,False,,
cmt_education_037_0009_r11,education_037,"Liên Phạm đúng rồi con mình cũng cố gắng để hoc bạ dep
Con mình có bỏ dong tiền nào đâu
Như số người nói lấy tiền mua
Tôi đồng ý với bạn",tích cực,False,,
cmt_education017_0002_r08,education_017,Hoang Phuong Linh Lan Phuong 😭😭,trung lập,False,,
cmt_education_017_0034,education_017,"rcm các bé 2k9 2k10 lên web DOL academy í, trên đấy nhiều đề phết, chữa cũng kĩ, lên đấy vừa luyện đề lấy kiến thức vừa tập luyện trước cái cảm giác thi trên máy 🤡🤡",tích cực,False,,
cmt_education015_0009_r03,education_015,"Đinh Huệ B qua mấy trg Vin, TH, Sakura,...vv đầy",rác,True,,
cmt_education_016_0067,education_016,"Em nghĩ là nên giảm hoặc bỏ phần điểm + dân tộc đi ạ, vì + 1 hoặc 2đ khi xét tuyển thật sự là con số quá lớn ko công bằng ạ, nhiều bạn nhà ở thủ đô vẫn có mác dân tộc nên đc cộng điểm, chứ có phải khó khăn gì đâu ạ",tiêu cực,False,,
cmt_education_019_0002,education_019,"Ngày 10/3, Sở Giáo dục và Đào tạo Thanh Hóa công bố kết luận vụ hàng loạt học sinh bị sửa điểm kiểm tra học kỳ I tại trường THPT Tô Hiến Thành.

Theo đó, từ ngày 4 đến 16/1, hệ thống quản lý điểm VnEdu ghi nhận 1.299 lượt nhập, và chỉnh sửa điểm ở 8 môn thi, với học sinh 29 lớp. Trong đó, có 566 lượt điểm tăng, 733 lượt giảm so với dữ liệu cũ. Ngoài ra, hệ thống ghi nhận nhiều đầu điểm được xóa đi, nhập lại.

Thời điểm này, một cô giáo dạy Ngữ văn bị tố tự ý sửa điểm thi của 126 học sinh khối 11 và 12 khi nhập dữ liệu. Phần lớn bài thi được nâng 1-3 điểm so với kết quả bài làm.

Trường xác định việc này xuất hiện ở nhiều lớp và nhiều môn. Sau khi yêu cầu rà soát, các giáo viên thực hiện tiếp 519 lượt nhập và sửa điểm, với 19 lớp. Trong số này, có 287 lượt tăng điểm, còn lại giảm.

Theo Sở, 39 giáo viên liên quan sự việc. Đối chiếu ngẫu nhiên điểm giữa kỳ và cuối kỳ I cho thấy dữ liệu hiện tại khớp với bài làm thực tế. Cơ quan này kết luận việc các giáo viên sửa điểm không làm ảnh hưởng đến kết quả học tập của học sinh.

Giải trình, giáo viên cho biết sai lệch do họ nhập nhầm cột điểm, thứ tự học sinh hoặc chưa nắm rõ quy tắc làm tròn. Với một số trường hợp khác, đoàn kiểm tra cho biết chưa đủ cơ sở để xác định nguyên nhân.

Sở Giáo dục và Đào tạo cũng chỉ ra trường THPT Tô Hiến Thành chưa quy định rõ hạn cập nhật điểm, chưa phổ biến, tập huấn đầy đủ việc này với giáo viên, phụ huynh, học sinh. Việc kiểm tra, giám sát nội bộ còn hạn chế nên không phát hiện và chấn chỉnh các sai sót kịp thời.

Trước đó, cơ quan công an cho biết vào cuộc xác minh, hiện chưa công bố kết quả.

THPT Tô Hiến Thành là một trong 6 trường THPT công lập trên địa bàn thành phố Thanh Hóa cũ (nay là phường Hạc Thành). Năm học 2025–2026, trường có 30 lớp với khoảng 1.255 học sinh.

Nguồn: VNE",rác,True,,
cmt_education_009_0265,education_009,hửu danh vô thực còn nguy gấp bội phần.! muốn ém  ???mà ko chịu trau dổi thực tài thực đức lại thích vinh vang khoe mẽ......................hiệu trưởng  tồi..đền danh dự và thương tổn dẽ đâu..,tiêu cực,False,,
cmt_education017_0008_r03,education_017,Lê Kiều Chinh cái này có gì đâu chọn dáp án r nộp mà biết điểm luôn có gì phụ huynh vã ngãy sau thi thôi chả có gì còn tiền hơn trên giấy nhiều,tích cực,False,,
cmt_education_037_0223,education_037,Bỏ nhanh ko hỏng hết !,tích cực,False,,
cmt_education_037_0107,education_037,xét nv thì ko công bằng voi nhung em ko học thêm cac Cô Thầy o trong lop,tiêu cực,False,,
cmt_education020_0002_r07,education_020,Thảo My đến cô mai phương còn cỡ đó thì năm nay ai làm được 9 anh k còn là người nữa r 😭🙏,tiêu cực,False,,
cmt_education016_0067_r02,education_016,"Chu Đăng Quang Bây giờ các trường tự tổ chức thi Đánh Giá Năng Lực, Đánh Giá Tư Duy, Công AN tổ chức thi và QUân đội cũng có ý tưởng vậy...
Tại sao Bộ Giáo dục và Đào tạo không đứng ra tổ chức để các trường tuyển chọn dựa vào điểm thi đó và bỏ luôn kỳ thi tốt nghiệp đi!
Như vậy có đỡ tốn tiền của dân không?",ý kiến riêng,False,,
cmt_education_009_0306,education_009,Chuẩn xhcn là phải như thế .,tiêu cực,False,,
cmt_education_037_0009_r12,education_037,"Đoàn Huấn bạn có con đang học PTTH không , nếu có bạn hỏi con bạn xem thì bạn biết mâu thuẫn thế nào khi mình nỗ lực hết mình nhé",ý kiến riêng,False,,
cmt_education017_0006_r28,education_017,"Lý Thảo Lên ĐH cũng vậy thôi chị, làm xong là biết điểm luôn =))",tích cực,False,,
cmt_education_018_0192,education_018,số 1 đại cồ việt ngồi khóc,trung lập,False,,
cmt_education_020_0041,education_020,thương 2k7 Quá 😭❤️,rác,True,,
cmt_education_013_0030,education_013,Xã hội giờ nòi ra toàn quỷ đội lốt. Sợ thật . Có tài mà k có đức,tiêu cực,False,,
cmt_education013_0005_r02,education_013,"Hoàng Mỹ Hươngg tôi cũng đọc thành 7 tỷ, hoá ra hơn 7k tỷ..",trung lập,False,,
cmt_education018_0013_r02,education_018,Phạm Kỳ Nhân thế bà bán nc chè lại bận miết,trung lập,False,,
cmt_education_037_0171,education_037,Chuẩn !tuy đã hơi muộn!  Bỏ xét tuyển cũng góp phần giảm tình trạng gv dụ học học thêm điểm cao học bạ !,tích cực,False,,
cmt_education_009_0134,education_009,mô hình chế độ công an trị đã được  hình thành từ trong trường học,tiêu cực,False,,
cmt_education018_0011_r07,education_018,Tiệm Tháng Năm sinh viên tỉnh lẻ bao năm họ phải đi thuê nhà thì k khóc. Bọn nội đô đi có tí đã kêu. Xa thì thuê nhà mà ở,trung lập,False,,
cmt_education_004_0093,education_004,ông nào ăn chặn vụ này chắc đang toát mồ hôi lạnh :))),tiêu cực,False,,
cmt_education_005_0065,education_005,Khốn nạn đến thế là cùng. chủ yếu ko học thêm cô,tiêu cực,False,,
cmt_education018_0013_r03,education_018,Đất tổ mà bác nói thees mất q điểm tê,trung lập,False,,
cmt_education_020_0250,education_020,Học thật thi thật tạch thật 🥲🥲🥲,tiêu cực,False,,
cmt_education_015_0045,education_015,khuôn viên dưới Nhà Bè hơi chất nha,rác,True,,
cmt_education007_0048_r01,education_007,Trần Văn Sơn bỏ cái ck đi đúng ko a hahaa,trung lập,False,,
cmt_education018_0060_r18,education_018,"Sinh viên năm 4 real chuẩn này,toàn hs trg chửi trg thôi t cx del phải ngoại lệ😂",trung lập,False,,
cmt_education_009_0032,education_009,Vào con nhà mình thì con mụ cô giáo này xác định là phải có vài cái răng tạm biệt cái mồm,tiêu cực,False,,
cmt_education_005_0123,education_005,Ai sai thì cứ xử lý nghiêm khắc đúng theo luật,tích cực,False,,
cmt_education_004_0106,education_004,"Không biết tin trên có đúng không, nếu đúng thì cũng xứng đáng và đúng người đúng tội mà",ý kiến riêng,False,,
cmt_education_037_0332,education_037,Bỏ xét học bạ là công bằng nhất.,tích cực,False,,
cmt_education_015_0100,education_015,dân ta giờ Tỉnh hết rồi. k lùa dc gà nữa rồi.,tiêu cực,False,,
cmt_education005_0003_r03,education_005,Gas Khánh đồng quan điểm,tiêu cực,False,,
cmt_education014_0001_r01,education_014,Trịnh Hduong,tích cực,False,,
cmt_education011_0019_r01,education_011,Người tham gia ẩn danh 146 came chứ sao,tiêu cực,False,,
cmt_education009_0081_r06,education_009,cấp 2 miềng có ai bị tát ?,rác,True,,
cmt_education_009_0014,education_009,đm phạt kiểu này bật thì nói hs vô lễ bật đánh lại giáo viên. mà ko đánh thì bản thân đi viện tâm lý đéo dám đi học luôn. danh giới mong manh vcl,tiêu cực,False,,
cmt_education009_0046_r04,education_009,"Phương Trần  phải đấu tranh cho con ngay từ trong gia đình thôi em ạ. Vì các ông bà thường theo quan điểm xưa "" người lớn luôn đúng - trẻ con là phải nghe lời mới ngoan""",ý kiến riêng,False,,
cmt_education018_0001_r04,education_018,thích gặm cỏ non,trung lập,False,,
cmt_education011_0020_r01,education_011,Hồng Diệu Choénn cả học sinh còn quayy lại luôn mà sợ thật vừa xem ở Báo Xã Hội 24h,tiêu cực,False,,
cmt_education020_0002_r11,education_020,Trần Đông Anh Nghe có vẻ khó thay đổi,tích cực,False,,
cmt_education011_0020_r04,education_011,Hồng Diệu trường tư bạn.,rác,True,,
cmt_education_011_0130,education_011,Ôi!phải quỳ lậy thầy luôn,tiêu cực,False,,
cmt_education_017_0357,education_017,HÀ NỘI từ chối tham gia cuộc chơi trên máy tính!!!!!,tiêu cực,False,,
cmt_education_011_0036,education_011,Mỗi ngày một cô chắc toàn cô có ck quả này chuẩn bị bỏ sớm,tiêu cực,False,,
